# https://github.com/mikedh/trimesh
v -15.46020889 -12.68786526 -1.50000000
v -15.30334568 -12.87663078 -1.50000000
v -15.14417648 -13.06345654 -1.50000000
v -15.60952568 -12.50362968 -1.25000000
v -15.30334568 -12.87663078 -1.25000000
v -15.30834103 -12.87061882 -1.25000000
v -15.28811932 -12.85039711 -1.25000000
v -15.20811939 -12.82896137 -1.25000000
v -15.14417648 -13.06345654 -1.25000000
v -15.10682201 -13.10622787 -1.25000000
v -15.06955528 -13.06896114 -1.25000000
v -15.04811954 -12.98896122 -1.25000000
v -15.12811947 -12.85039711 -1.25000000
v -15.06955528 -12.90896130 -1.25000000
v -16.49178696 -11.31463623 -1.50000000
v -16.35169601 -11.51616383 -1.50000000
v -16.89707184 -10.69995213 -1.50000000
v -17.27945709 -10.07076740 -1.50000000
v -17.02710342 -10.49179363 -1.50000000
v -17.15457153 -10.28205490 -1.50000000
v -16.62939262 -11.11140442 -1.50000000
v -16.76449394 -10.90649986 -1.50000000
v -16.06414986 -11.91398621 -1.50000000
v -15.76692867 -12.30463219 -1.50000000
v -15.91673851 -12.11022091 -1.50000000
v -16.20914459 -11.71595669 -1.50000000
v -15.61474419 -12.49718952 -1.50000000
v -15.26094341 -11.31828690 -1.50000000
v -15.12090111 -11.50471020 -1.50000000
v -15.66719723 -10.74890423 -1.50000000
v -16.05221748 -10.16495514 -1.50000000
v -15.79792309 -10.55583477 -1.50000000
v -15.92626953 -10.36117458 -1.50000000
v -15.53411102 -10.94035530 -1.50000000
v -15.39868641 -11.13015938 -1.50000000
v -16.26033974 -11.61714077 -1.25000000
v -16.27160835 -11.62841034 -1.25000000
v -17.13524818 -10.31385136 -1.25000000
v -16.96902847 -10.58476067 -1.25000000
v -17.02710342 -10.49179363 -1.25000000
v -16.91423988 -10.52997112 -1.25000000
v -16.89280319 -10.44997120 -1.25000000
v -16.91423988 -10.36997128 -1.25000000
v -17.13280296 -10.31140709 -1.25000000
v -17.05280304 -10.28997135 -1.25000000
v -16.97280312 -10.31140709 -1.25000000
v -16.62939262 -11.11140442 -1.25000000
v -16.71623802 -10.97968674 -1.25000000
v -16.70939255 -10.97284031 -1.25000000
v -16.62939262 -10.95140457 -1.25000000
v -16.54115105 -11.24172783 -1.25000000
v -16.49082756 -11.19140434 -1.25000000
v -16.46939278 -11.11140442 -1.25000000
v -16.49082756 -11.03140450 -1.25000000
v -16.54939270 -10.97284031 -1.25000000
v -16.08778191 -11.88171101 -1.25000000
v -15.78633881 -12.24331474 -1.25000000
v -15.80206203 -12.25903797 -1.25000000
v -15.76692867 -12.30463219 -1.25000000
v -15.70633888 -12.22187901 -1.25000000
v -15.62633896 -12.24331474 -1.25000000
v -16.20914459 -11.71595669 -1.25000000
v -16.18033981 -11.59570503 -1.25000000
v -16.10033989 -11.61714077 -1.25000000
v -16.04177666 -11.83570480 -1.25000000
v -16.02033997 -11.75570488 -1.25000000
v -16.04177666 -11.67570496 -1.25000000
v -15.61474419 -12.49718952 -1.25000000
v -15.56777477 -12.46187878 -1.25000000
v -15.54633904 -12.38187885 -1.25000000
v -15.56777477 -12.30187893 -1.25000000
v -15.26094341 -11.31828690 -1.14999998
v -15.12090111 -11.50471020 -1.14999998
v -15.66719723 -10.74890423 -1.14999998
v -16.05221748 -10.16495514 -1.14999998
v -15.79792309 -10.55583477 -1.14999998
v -15.92626953 -10.36117458 -1.14999998
v -15.53411102 -10.94035530 -1.14999998
v -15.39868641 -11.13015938 -1.14999998
v -13.06345654 -15.14417648 -1.50000000
v -12.87663078 -15.30334568 -1.50000000
v -12.68786526 -15.46020889 -1.50000000
v -13.10622787 -15.10682201 -1.25000000
v -13.06345654 -15.14417648 -1.25000000
v -13.06896114 -15.06955528 -1.25000000
v -12.98896122 -15.04811954 -1.25000000
v -12.87663078 -15.30334568 -1.25000000
v -12.87061882 -15.30834103 -1.25000000
v -12.85039711 -15.28811932 -1.25000000
v -12.82896137 -15.20811939 -1.25000000
v -12.90896130 -15.06955528 -1.25000000
v -12.85039711 -15.12811947 -1.25000000
v -12.50362968 -15.60952568 -1.25000000
v -11.51616383 -16.35169601 -1.50000000
v -11.31463623 -16.49178696 -1.50000000
v -12.30463219 -15.76692867 -1.50000000
v -11.91398621 -16.06414986 -1.50000000
v -12.11022091 -15.91673851 -1.50000000
v -12.49718952 -15.61474419 -1.50000000
v -11.71595669 -16.20914459 -1.50000000
v -11.50471020 -15.12090111 -1.50000000
v -11.31828690 -15.26094341 -1.50000000
v -10.69995213 -16.89707184 -1.50000000
v -11.11140442 -16.62939262 -1.50000000
v -10.90649986 -16.76449394 -1.50000000
v -10.49179363 -17.02710342 -1.50000000
v -10.07076740 -17.27945709 -1.50000000
v -10.28205490 -17.15457153 -1.50000000
v -10.74890423 -15.66719723 -1.50000000
v -11.13015938 -15.39868641 -1.50000000
v -10.94035530 -15.53411102 -1.50000000
v -10.55583477 -15.79792309 -1.50000000
v -10.36117458 -15.92626953 -1.50000000
v -10.16495514 -16.05221748 -1.50000000
v -11.61714077 -16.26033974 -1.25000000
v -11.62841034 -16.27160835 -1.25000000
v -12.24331474 -15.78633881 -1.25000000
v -12.25903797 -15.80206203 -1.25000000
v -12.30463219 -15.76692867 -1.25000000
v -12.22187901 -15.70633888 -1.25000000
v -12.24331474 -15.62633896 -1.25000000
v -11.88171101 -16.08778191 -1.25000000
v -12.49718952 -15.61474419 -1.25000000
v -12.46187878 -15.56777477 -1.25000000
v -12.38187885 -15.54633904 -1.25000000
v -12.30187893 -15.56777477 -1.25000000
v -11.83570480 -16.04177666 -1.25000000
v -11.75570488 -16.02033997 -1.25000000
v -11.71595669 -16.20914459 -1.25000000
v -11.59570503 -16.18033981 -1.25000000
v -11.61714077 -16.10033989 -1.25000000
v -11.67570496 -16.04177666 -1.25000000
v -11.50471020 -15.12090111 -1.14999998
v -11.31828690 -15.26094341 -1.14999998
v -11.11140442 -16.62939262 -1.25000000
v -10.97968674 -16.71623802 -1.25000000
v -10.97284031 -16.70939255 -1.25000000
v -10.95140457 -16.62939262 -1.25000000
v -11.24172783 -16.54115105 -1.25000000
v -11.19140434 -16.49082756 -1.25000000
v -11.11140442 -16.46939278 -1.25000000
v -11.03140450 -16.49082756 -1.25000000
v -10.97284031 -16.54939270 -1.25000000
v -10.58476067 -16.96902847 -1.25000000
v -10.49179363 -17.02710342 -1.25000000
v -10.52997112 -16.91423988 -1.25000000
v -10.31385136 -17.13524818 -1.25000000
v -10.44997120 -16.89280319 -1.25000000
v -10.36997128 -16.91423988 -1.25000000
v -10.31140709 -17.13280296 -1.25000000
v -10.28997135 -17.05280304 -1.25000000
v -10.31140709 -16.97280312 -1.25000000
v -10.74890423 -15.66719723 -1.14999998
v -11.13015938 -15.39868641 -1.14999998
v -10.94035530 -15.53411102 -1.14999998
v -10.55583477 -15.79792309 -1.14999998
v -10.36117458 -15.92626953 -1.14999998
v -10.16495514 -16.05221748 -1.14999998
v -14.48494148 -13.79081059 -1.50000000
v -13.79081059 -14.48494148 -1.50000000
v -14.14213562 -14.14213562 -1.50000000
v -14.31461620 -13.96752453 -1.50000000
v -13.96752453 -14.31461620 -1.50000000
v -14.98272800 -13.24831581 -1.50000000
v -14.81902218 -13.43117905 -1.50000000
v -14.65308571 -13.61201954 -1.50000000
v -14.23359108 -12.58589935 -1.50000000
v -14.07807159 -12.75961971 -1.50000000
v -13.92043114 -12.93141937 -1.50000000
v -13.76069450 -13.10127068 -1.50000000
v -13.61201954 -14.65308571 -1.50000000
v -13.43117905 -14.81902218 -1.50000000
v -13.24831581 -14.98272800 -1.50000000
v -13.10127068 -13.76069450 -1.50000000
v -12.93141937 -13.92043114 -1.50000000
v -12.75961971 -14.07807159 -1.50000000
v -12.58589935 -14.23359108 -1.50000000
v -13.59888554 -13.26914883 -1.50000000
v -13.26914883 -13.59888554 -1.50000000
v -13.43502903 -13.43502903 -1.50000000
v -14.14213562 -14.14213562 -1.25000000
v -14.25074673 -14.03218269 -1.25000000
v -14.22213554 -14.00357151 -1.25000000
v -14.14213562 -13.98213577 -1.25000000
v -14.03218269 -14.25074673 -1.25000000
v -14.00357151 -14.22213554 -1.25000000
v -13.98213577 -14.14213562 -1.25000000
v -14.06213570 -14.00357151 -1.25000000
v -14.00357151 -14.06213570 -1.25000000
v -14.79086494 -13.46186543 -1.25000000
v -14.76644993 -13.43745041 -1.25000000
v -14.65308571 -13.61201954 -1.25000000
v -14.58077717 -13.68890667 -1.25000000
v -14.54788589 -13.65601444 -1.25000000
v -14.54788589 -13.49601460 -1.25000000
v -14.52645016 -13.57601452 -1.25000000
v -14.68645000 -13.41601467 -1.25000000
v -14.60645008 -13.43745041 -1.25000000
v -14.23359108 -12.58589935 -1.14999998
v -14.07807159 -12.75961971 -1.14999998
v -13.92043114 -12.93141937 -1.14999998
v -13.76069450 -13.10127068 -1.14999998
v -13.46186543 -14.79086494 -1.25000000
v -13.68890667 -14.58077717 -1.25000000
v -13.61201954 -14.65308571 -1.25000000
v -13.65601444 -14.54788589 -1.25000000
v -13.49601460 -14.54788589 -1.25000000
v -13.57601452 -14.52645016 -1.25000000
v -13.43745041 -14.76644993 -1.25000000
v -13.41601467 -14.68645000 -1.25000000
v -13.43745041 -14.60645008 -1.25000000
v -13.10127068 -13.76069450 -1.14999998
v -12.93141937 -13.92043114 -1.14999998
v -12.75961971 -14.07807159 -1.14999998
v -12.58589935 -14.23359108 -1.14999998
v -13.59888554 -13.26914883 -1.14999998
v -13.26914883 -13.59888554 -1.14999998
v -13.43502903 -13.43502903 -1.14999998
v -14.53817844 -12.23279953 -1.50000000
v -14.38696766 -12.41028404 -1.50000000
v -14.68719864 -12.05347252 -1.50000000
v -14.97858238 -11.68940067 -1.50000000
v -14.83400726 -11.87233067 -1.50000000
v -14.53817844 -12.23279953 -1.14999998
v -14.38696766 -12.41028404 -1.14999998
v -14.68719864 -12.05347252 -1.14999998
v -14.97858238 -11.68940067 -1.14999998
v -14.83400726 -11.87233067 -1.14999998
v -12.41028404 -14.38696766 -1.50000000
v -12.23279953 -14.53817844 -1.50000000
v -12.05347252 -14.68719864 -1.50000000
v -11.87233067 -14.83400726 -1.50000000
v -11.68940067 -14.97858238 -1.50000000
v -12.41028404 -14.38696766 -1.14999998
v -12.23279953 -14.53817844 -1.14999998
v -12.05347252 -14.68719864 -1.14999998
v -11.87233067 -14.83400726 -1.14999998
v -11.68940067 -14.97858238 -1.14999998
v -17.52140236 -9.64367580 -1.50000000
v -17.63842583 -9.42793465 -1.50000000
v -17.97348976 -8.77232456 -1.50000000
v -17.86448669 -8.99222660 -1.50000000
v -17.75279236 -9.21077442 -1.50000000
v -18.18335915 -8.32859135 -1.50000000
v -18.47759056 -7.65366888 -1.50000000
v -18.28419495 -8.10482597 -1.50000000
v -18.38227654 -7.87984085 -1.50000000
v -18.07978630 -8.55110168 -1.50000000
v -17.52140236 -9.64367580 -1.25000000
v -17.52713013 -9.63311386 -1.25000000
v -17.89097214 -8.93879223 -1.25000000
v -17.86448669 -8.99222660 -1.25000000
v -17.82013130 -8.91981030 -1.25000000
v -17.74771881 -9.22040749 -1.25000000
v -17.74013138 -9.21837425 -1.25000000
v -17.75279236 -9.21077442 -1.25000000
v -17.68156624 -9.15981007 -1.25000000
v -17.66012955 -9.07981014 -1.25000000
v -17.74013138 -8.94124603 -1.25000000
v -17.68156624 -8.99981022 -1.25000000
v -18.18335915 -8.32859135 -1.25000000
v -18.22755051 -8.23052788 -1.25000000
v -18.16286278 -8.21319485 -1.25000000
v -18.53631210 -7.50940323 -1.25000000
v -18.47759056 -7.65366888 -1.25000000
v -18.41700554 -7.79743481 -1.25000000
v -18.39759064 -7.79223251 -1.25000000
v -18.33902740 -7.73366880 -1.25000000
v -18.39759064 -7.51510477 -1.25000000
v -18.31759071 -7.65366888 -1.25000000
v -18.33902740 -7.57366848 -1.25000000
v -18.09640884 -8.51538849 -1.25000000
v -18.08286285 -8.51175880 -1.25000000
v -18.02429962 -8.45319462 -1.25000000
v -18.00286293 -8.37319469 -1.25000000
v -18.02429962 -8.29319477 -1.25000000
v -18.08286285 -8.23463058 -1.25000000
v -18.83088112 -6.73779726 -1.50000000
v -18.91214561 -6.50620604 -1.50000000
v -18.99056435 -6.27363491 -1.50000000
v -19.06612015 -6.04011917 -1.50000000
v -19.13880730 -5.80569363 -1.50000000
v -19.27552223 -5.33425522 -1.50000000
v -19.20861053 -5.57039356 -1.50000000
v -19.33952904 -5.09731340 -1.50000000
v -18.65985680 -7.19790077 -1.50000000
v -18.57012177 -7.42634392 -1.50000000
v -18.74678040 -6.96837378 -1.50000000
v -17.55371094 -7.27098513 -1.50000000
v -17.64161491 -7.05502653 -1.50000000
v -17.88933754 -6.40090704 -1.50000000
v -17.72686386 -6.83800554 -1.50000000
v -17.80944061 -6.61995506 -1.50000000
v -18.18186569 -5.51540899 -1.50000000
v -18.31174469 -5.06754255 -1.50000000
v -18.24818039 -5.29187393 -1.50000000
v -18.04103470 -5.95995283 -1.50000000
v -17.96653938 -6.18089533 -1.50000000
v -18.11281395 -5.73811293 -1.50000000
v -18.81675529 -6.77652359 -1.25000000
v -18.76382637 -6.76234102 -1.25000000
v -18.99056435 -6.27363491 -1.25000000
v -18.97246933 -6.32730103 -1.25000000
v -18.94112968 -6.31890392 -1.25000000
v -18.88256645 -6.26033974 -1.25000000
v -19.06612015 -6.04011917 -1.25000000
v -19.06833267 -6.03298759 -1.25000000
v -19.02112961 -6.02033997 -1.25000000
v -18.94112968 -6.04177570 -1.25000000
v -18.86112976 -6.18033981 -1.25000000
v -18.88256645 -6.10033989 -1.25000000
v -19.27552223 -5.33425522 -1.25000000
v -19.20861053 -5.57039356 -1.25000000
v -19.20653152 -5.57740164 -1.25000000
v -19.16910553 -5.56737328 -1.25000000
v -19.11054039 -5.50880909 -1.25000000
v -19.08910561 -5.42880917 -1.25000000
v -19.11054039 -5.34880877 -1.25000000
v -19.29022408 -5.27982712 -1.25000000
v -19.24910545 -5.26880884 -1.25000000
v -19.16910553 -5.29024506 -1.25000000
v -18.47759056 -7.49366856 -1.25000000
v -18.68382645 -7.06090498 -1.25000000
v -18.70916557 -7.06769514 -1.25000000
v -18.74678040 -6.96837378 -1.25000000
v -18.62526321 -7.00234127 -1.25000000
v -18.60382652 -6.92234135 -1.25000000
v -18.68382645 -6.78377724 -1.25000000
v -18.62526321 -6.84234095 -1.25000000
v -17.55371094 -7.27098513 -1.14999998
v -17.64161491 -7.05502653 -1.14999998
v -17.88933754 -6.40090704 -1.14999998
v -17.72686386 -6.83800554 -1.14999998
v -17.80944061 -6.61995506 -1.14999998
v -18.18186569 -5.51540899 -1.14999998
v -18.31174469 -5.06754255 -1.14999998
v -18.24818039 -5.29187393 -1.14999998
v -18.04103470 -5.95995283 -1.14999998
v -17.96653938 -6.18089533 -1.14999998
v -18.11281395 -5.73811293 -1.14999998
v -17.40173912 -9.85796356 -1.50000000
v -16.29684448 -9.76795197 -1.50000000
v -16.41548347 -9.56722927 -1.50000000
v -16.64533234 -9.16149139 -1.50000000
v -16.75650406 -8.95653820 -1.50000000
v -16.86515236 -8.75023556 -1.50000000
v -16.53165245 -9.36506557 -1.50000000
v -16.97126198 -8.54261494 -1.50000000
v -17.07481575 -8.33370876 -1.50000000
v -17.27419090 -7.91216183 -1.50000000
v -17.36998558 -7.69958496 -1.50000000
v -17.17579651 -8.12354660 -1.50000000
v -16.17574883 -9.96720409 -1.50000000
v -17.40173912 -9.85796356 -1.25000000
v -17.36992073 -9.91098881 -1.25000000
v -17.37108994 -9.91130257 -1.25000000
v -17.31135559 -9.85242462 -1.25000000
v -17.28992081 -9.77242470 -1.25000000
v -17.31135559 -9.69242477 -1.25000000
v -17.44992065 -9.61242485 -1.25000000
v -17.36992073 -9.63386059 -1.25000000
v -16.29684448 -9.76795197 -1.14999998
v -16.41548347 -9.56722927 -1.14999998
v -16.64533234 -9.16149139 -1.14999998
v -16.75650406 -8.95653820 -1.14999998
v -16.86515236 -8.75023556 -1.14999998
v -16.53165245 -9.36506557 -1.14999998
v -16.97126198 -8.54261494 -1.14999998
v -17.07481575 -8.33370876 -1.14999998
v -17.27419090 -7.91216183 -1.14999998
v -17.36998558 -7.69958496 -1.14999998
v -17.17579651 -8.12354660 -1.14999998
v -16.17574883 -9.96720409 -1.14999998
v -17.46316338 -7.48584890 -1.50000000
v -17.46316338 -7.48584890 -1.14999998
v -19.40062523 -4.85960340 -1.50000000
v -19.45879936 -4.62116194 -1.50000000
v -19.51404190 -4.38202477 -1.50000000
v -19.56634712 -4.14222765 -1.50000000
v -19.61570549 -3.90180635 -1.50000000
v -19.70555305 -3.41923785 -1.50000000
v -19.74602890 -3.17716289 -1.50000000
v -19.66210938 -3.66079783 -1.50000000
v -19.78352928 -2.93460941 -1.50000000
v -19.81805229 -2.69161415 -1.50000000
v -18.75872612 -3.01830482 -1.50000000
v -18.79435349 -2.78787899 -1.50000000
v -18.82715034 -2.55703354 -1.50000000
v -18.48585892 -4.39010429 -1.50000000
v -18.37255287 -4.84244776 -1.50000000
v -18.43059349 -4.61662340 -1.50000000
v -18.53833961 -4.16292334 -1.50000000
v -18.58802986 -3.93511605 -1.50000000
v -18.63492012 -3.70671606 -1.50000000
v -18.67900467 -3.47775793 -1.50000000
v -18.72027588 -3.24827600 -1.50000000
v -19.41052437 -4.81902695 -1.25000000
v -19.45879936 -4.62116194 -1.25000000
v -19.48255539 -4.51832771 -1.25000000
v -19.44739914 -4.50890732 -1.25000000
v -19.58456993 -4.05346394 -1.25000000
v -19.53570557 -4.04037046 -1.25000000
v -19.61570549 -3.90180635 -1.25000000
v -19.53570557 -3.76324248 -1.25000000
v -19.47714233 -3.98180652 -1.25000000
v -19.45570564 -3.90180635 -1.25000000
v -19.47714233 -3.82180643 -1.25000000
v -19.36739922 -4.80747128 -1.25000000
v -19.30883408 -4.74890709 -1.25000000
v -19.30883408 -4.58890724 -1.25000000
v -19.28739929 -4.66890717 -1.25000000
v -19.36739922 -4.53034306 -1.25000000
v -19.72851181 -3.28192234 -1.25000000
v -19.74602890 -3.17716289 -1.25000000
v -19.61570549 -3.74180651 -1.25000000
v -19.64500046 -3.74965596 -1.25000000
v -19.67376709 -3.26725340 -1.25000000
v -19.61520195 -3.20868921 -1.25000000
v -19.59376717 -3.12868929 -1.25000000
v -19.77728653 -2.97499132 -1.25000000
v -19.75376701 -2.96868920 -1.25000000
v -19.84215546 -2.50559950 -1.25000000
v -19.61520195 -3.04868937 -1.25000000
v -19.67376709 -2.99012518 -1.25000000
v -18.75872612 -3.01830482 -1.14999998
v -18.79435349 -2.78787899 -1.14999998
v -18.82715034 -2.55703354 -1.14999998
v -18.48585892 -4.39010429 -1.14999998
v -18.37255287 -4.84244776 -1.14999998
v -18.43059349 -4.61662340 -1.14999998
v -18.53833961 -4.16292334 -1.14999998
v -18.58802986 -3.93511605 -1.14999998
v -18.63492012 -3.70671606 -1.14999998
v -18.67900467 -3.47775793 -1.14999998
v -18.72027588 -3.24827600 -1.14999998
v -19.84959030 -2.44821358 -1.50000000
v -19.87813950 -2.20444417 -1.50000000
v -19.90369415 -1.96034276 -1.50000000
v -19.92625237 -1.71594620 -1.50000000
v -19.94580841 -1.47129130 -1.50000000
v -18.85711098 -2.32580280 -1.50000000
v -18.88423157 -2.09422183 -1.50000000
v -18.90851021 -1.86232567 -1.50000000
v -18.92993927 -1.63014889 -1.50000000
v -18.94851875 -1.39772666 -1.50000000
v -19.96236229 -1.22641468 -1.50000000
v -19.97590828 -0.98135346 -1.50000000
v -19.98644829 -0.73614448 -1.50000000
v -19.99397659 -0.49082458 -1.50000000
v -19.99849319 -0.24543077 -1.50000000
v -18.96424484 -1.16509402 -1.50000000
v -18.97711372 -0.93228579 -1.50000000
v -18.98712540 -0.69933724 -1.50000000
v -18.99427795 -0.46628335 -1.50000000
v -18.99856949 -0.23315923 -1.50000000
v -19.84959030 -2.44821358 -1.25000000
v -19.86137009 -2.19074798 -1.25000000
v -19.87813950 -2.20444417 -1.25000000
v -19.87907600 -2.19549274 -1.25000000
v -19.78136826 -2.48931193 -1.25000000
v -19.72280502 -2.43074799 -1.25000000
v -19.70136833 -2.35074806 -1.25000000
v -19.78136826 -2.21218395 -1.25000000
v -19.72280502 -2.27074790 -1.25000000
v -19.92535210 -1.72570002 -1.25000000
v -19.92625237 -1.71594620 -1.25000000
v -19.85834694 -1.70774603 -1.25000000
v -19.79978180 -1.64918196 -1.25000000
v -19.77834702 -1.56918192 -1.25000000
v -19.94580841 -1.47129130 -1.25000000
v -19.93834686 -1.40918195 -1.25000000
v -19.94980049 -1.41225088 -1.25000000
v -19.85834694 -1.43061781 -1.25000000
v -19.79978180 -1.48918188 -1.25000000
v -18.85711098 -2.32580280 -1.14999998
v -18.88423157 -2.09422183 -1.14999998
v -18.90851021 -1.86232567 -1.14999998
v -18.92993927 -1.63014889 -1.14999998
v -18.94851875 -1.39772666 -1.14999998
v -19.97754478 -0.94331086 -1.25000000
v -19.90458107 -0.92376035 -1.25000000
v -19.84601593 -0.86519629 -1.25000000
v -19.98644829 -0.73614448 -1.25000000
v -19.98458099 -0.62519634 -1.25000000
v -19.98980904 -0.62659740 -1.25000000
v -19.84601593 -0.70519632 -1.25000000
v -19.90458107 -0.64663225 -1.25000000
v -19.82458115 -0.78519630 -1.25000000
v -19.99901962 -0.15973736 -1.25000000
v -19.92000008 -0.13856407 -1.25000000
v -19.86143684 -0.08000000 -1.25000000
v -18.96424484 -1.16509402 -1.14999998
v -18.97711372 -0.93228579 -1.14999998
v -18.98712540 -0.69933724 -1.14999998
v -18.99427795 -0.46628335 -1.14999998
v -18.99856949 -0.23315923 -1.14999998
v -9.64367580 -17.52140236 -1.50000000
v -9.42793465 -17.63842583 -1.50000000
v -9.21077442 -17.75279236 -1.50000000
v -8.99222660 -17.86448669 -1.50000000
v -8.77232456 -17.97348976 -1.50000000
v -8.32859135 -18.18335915 -1.50000000
v -8.55110168 -18.07978630 -1.50000000
v -8.10482597 -18.28419495 -1.50000000
v -7.87984085 -18.38227654 -1.50000000
v -7.65366888 -18.47759056 -1.50000000
v -9.64367580 -17.52140236 -1.25000000
v -9.63311386 -17.52713013 -1.25000000
v -9.22040749 -17.74771881 -1.25000000
v -9.21837425 -17.74013138 -1.25000000
v -9.21077442 -17.75279236 -1.25000000
v -9.15981007 -17.68156624 -1.25000000
v -9.07981014 -17.66012955 -1.25000000
v -8.99222660 -17.86448669 -1.25000000
v -8.93879223 -17.89097214 -1.25000000
v -8.91981030 -17.82013130 -1.25000000
v -8.99981022 -17.68156624 -1.25000000
v -8.94124603 -17.74013138 -1.25000000
v -8.32859135 -18.18335915 -1.25000000
v -8.23052788 -18.22755051 -1.25000000
v -8.21319485 -18.16286278 -1.25000000
v -8.51538849 -18.09640884 -1.25000000
v -8.51175880 -18.08286285 -1.25000000
v -8.45319462 -18.02429962 -1.25000000
v -8.37319469 -18.00286293 -1.25000000
v -8.29319477 -18.02429962 -1.25000000
v -8.23463058 -18.08286285 -1.25000000
v -7.65366888 -18.47759056 -1.25000000
v -7.50940323 -18.53631210 -1.25000000
v -7.79743481 -18.41700554 -1.25000000
v -7.79223251 -18.39759064 -1.25000000
v -7.73366880 -18.33902740 -1.25000000
v -7.65366888 -18.31759071 -1.25000000
v -7.51510477 -18.39759064 -1.25000000
v -7.57366848 -18.33902740 -1.25000000
v -9.85796356 -17.40173912 -1.50000000
v -9.76795197 -16.29684448 -1.50000000
v -9.56722927 -16.41548347 -1.50000000
v -9.16149139 -16.64533234 -1.50000000
v -9.36506557 -16.53165245 -1.50000000
v -8.95653820 -16.75650406 -1.50000000
v -8.75023556 -16.86515236 -1.50000000
v -9.96720409 -16.17574883 -1.50000000
v -8.54261494 -16.97126198 -1.50000000
v -8.33370876 -17.07481575 -1.50000000
v -7.91216183 -17.27419090 -1.50000000
v -8.12354660 -17.17579651 -1.50000000
v -7.69958496 -17.36998558 -1.50000000
v -9.91098881 -17.36992073 -1.25000000
v -9.91130257 -17.37108994 -1.25000000
v -9.85796356 -17.40173912 -1.25000000
v -9.85242462 -17.31135559 -1.25000000
v -9.77242470 -17.28992081 -1.25000000
v -9.69242477 -17.31135559 -1.25000000
v -9.61242485 -17.44992065 -1.25000000
v -9.63386059 -17.36992073 -1.25000000
v -9.76795197 -16.29684448 -1.14999998
v -9.56722927 -16.41548347 -1.14999998
v -9.16149139 -16.64533234 -1.14999998
v -9.36506557 -16.53165245 -1.14999998
v -8.95653820 -16.75650406 -1.14999998
v -8.75023556 -16.86515236 -1.14999998
v -9.96720409 -16.17574883 -1.14999998
v -8.54261494 -16.97126198 -1.14999998
v -8.33370876 -17.07481575 -1.14999998
v -7.91216183 -17.27419090 -1.14999998
v -8.12354660 -17.17579651 -1.14999998
v -7.69958496 -17.36998558 -1.14999998
v -6.73779726 -18.83088112 -1.50000000
v -6.50620604 -18.91214561 -1.50000000
v -6.27363491 -18.99056435 -1.50000000
v -7.42634392 -18.57012177 -1.50000000
v -7.19790077 -18.65985680 -1.50000000
v -6.96837378 -18.74678040 -1.50000000
v -7.27098513 -17.55371094 -1.50000000
v -7.05502653 -17.64161491 -1.50000000
v -6.83800554 -17.72686386 -1.50000000
v -6.61995506 -17.80944061 -1.50000000
v -6.40090704 -17.88933754 -1.50000000
v -6.04011917 -19.06612015 -1.50000000
v -5.80569363 -19.13880730 -1.50000000
v -5.57039356 -19.20861053 -1.50000000
v -5.33425522 -19.27552223 -1.50000000
v -5.09731340 -19.33952904 -1.50000000
v -6.18089533 -17.96653938 -1.50000000
v -5.95995283 -18.04103470 -1.50000000
v -5.73811293 -18.11281395 -1.50000000
v -5.51540899 -18.18186569 -1.50000000
v -5.29187393 -18.24818039 -1.50000000
v -5.06754255 -18.31174469 -1.50000000
v -6.77652359 -18.81675529 -1.25000000
v -6.76234102 -18.76382637 -1.25000000
v -6.27363491 -18.99056435 -1.25000000
v -6.32730103 -18.97246933 -1.25000000
v -6.31890392 -18.94112968 -1.25000000
v -6.26033974 -18.88256645 -1.25000000
v -7.49366856 -18.47759056 -1.25000000
v -7.06090498 -18.68382645 -1.25000000
v -7.06769514 -18.70916557 -1.25000000
v -6.96837378 -18.74678040 -1.25000000
v -7.00234127 -18.62526321 -1.25000000
v -6.92234135 -18.60382652 -1.25000000
v -6.84234095 -18.62526321 -1.25000000
v -6.78377724 -18.68382645 -1.25000000
v -7.27098513 -17.55371094 -1.14999998
v -7.05502653 -17.64161491 -1.14999998
v -6.83800554 -17.72686386 -1.14999998
v -6.61995506 -17.80944061 -1.14999998
v -6.40090704 -17.88933754 -1.14999998
v -6.04011917 -19.06612015 -1.25000000
v -6.03298759 -19.06833267 -1.25000000
v -6.18033981 -18.86112976 -1.25000000
v -6.10033989 -18.88256645 -1.25000000
v -6.02033997 -19.02112961 -1.25000000
v -6.04177570 -18.94112968 -1.25000000
v -5.57039356 -19.20861053 -1.25000000
v -5.57740164 -19.20653152 -1.25000000
v -5.56737328 -19.16910553 -1.25000000
v -5.50880909 -19.11054039 -1.25000000
v -5.33425522 -19.27552223 -1.25000000
v -5.42880917 -19.08910561 -1.25000000
v -5.34880877 -19.11054039 -1.25000000
v -5.27982712 -19.29022408 -1.25000000
v -5.26880884 -19.24910545 -1.25000000
v -5.29024506 -19.16910553 -1.25000000
v -6.18089533 -17.96653938 -1.14999998
v -5.95995283 -18.04103470 -1.14999998
v -5.73811293 -18.11281395 -1.14999998
v -5.51540899 -18.18186569 -1.14999998
v -5.29187393 -18.24818039 -1.14999998
v -5.06754255 -18.31174469 -1.14999998
v -7.48584890 -17.46316338 -1.50000000
v -7.48584890 -17.46316338 -1.14999998
v -4.85960340 -19.40062523 -1.50000000
v -4.62116194 -19.45879936 -1.50000000
v -4.38202477 -19.51404190 -1.50000000
v -4.14222765 -19.56634712 -1.50000000
v -3.90180635 -19.61570549 -1.50000000
v -4.84244776 -18.37255287 -1.50000000
v -4.39010429 -18.48585892 -1.50000000
v -4.61662340 -18.43059349 -1.50000000
v -4.16292334 -18.53833961 -1.50000000
v -3.93511605 -18.58802986 -1.50000000
v -3.66079783 -19.66210938 -1.50000000
v -3.41923785 -19.70555305 -1.50000000
v -3.17716289 -19.74602890 -1.50000000
v -2.93460941 -19.78352928 -1.50000000
v -2.69161415 -19.81805229 -1.50000000
v -3.01830482 -18.75872612 -1.50000000
v -2.78787899 -18.79435349 -1.50000000
v -2.55703354 -18.82715034 -1.50000000
v -3.70671606 -18.63492012 -1.50000000
v -3.47775793 -18.67900467 -1.50000000
v -3.24827600 -18.72027588 -1.50000000
v -4.81902695 -19.41052437 -1.25000000
v -4.62116194 -19.45879936 -1.25000000
v -4.51832771 -19.48255539 -1.25000000
v -4.50890732 -19.44739914 -1.25000000
v -4.80747128 -19.36739922 -1.25000000
v -4.74890709 -19.30883408 -1.25000000
v -4.66890717 -19.28739929 -1.25000000
v -4.58890724 -19.30883408 -1.25000000
v -4.53034306 -19.36739922 -1.25000000
v -4.05346394 -19.58456993 -1.25000000
v -4.04037046 -19.53570557 -1.25000000
v -3.98180652 -19.47714233 -1.25000000
v -3.90180635 -19.61570549 -1.25000000
v -3.76324248 -19.53570557 -1.25000000
v -3.90180635 -19.45570564 -1.25000000
v -3.82180643 -19.47714233 -1.25000000
v -4.84244776 -18.37255287 -1.14999998
v -4.39010429 -18.48585892 -1.14999998
v -4.61662340 -18.43059349 -1.14999998
v -4.16292334 -18.53833961 -1.14999998
v -3.93511605 -18.58802986 -1.14999998
v -3.74180651 -19.61570549 -1.25000000
v -3.74965596 -19.64500046 -1.25000000
v -3.28192234 -19.72851181 -1.25000000
v -3.17716289 -19.74602890 -1.25000000
v -3.26725340 -19.67376709 -1.25000000
v -3.20868921 -19.61520195 -1.25000000
v -3.12868929 -19.59376717 -1.25000000
v -2.97499132 -19.77728653 -1.25000000
v -2.96868920 -19.75376701 -1.25000000
v -3.04868937 -19.61520195 -1.25000000
v -2.99012518 -19.67376709 -1.25000000
v -2.50559950 -19.84215546 -1.25000000
v -3.01830482 -18.75872612 -1.14999998
v -2.78787899 -18.79435349 -1.14999998
v -2.55703354 -18.82715034 -1.14999998
v -3.70671606 -18.63492012 -1.14999998
v -3.47775793 -18.67900467 -1.14999998
v -3.24827600 -18.72027588 -1.14999998
v -2.44821358 -19.84959030 -1.50000000
v -2.20444417 -19.87813950 -1.50000000
v -1.96034276 -19.90369415 -1.50000000
v -2.32580280 -18.85711098 -1.50000000
v -2.09422183 -18.88423157 -1.50000000
v -1.71594620 -19.92625237 -1.50000000
v -1.47129130 -19.94580841 -1.50000000
v -1.86232567 -18.90851021 -1.50000000
v -1.63014889 -18.92993927 -1.50000000
v -1.39772666 -18.94851875 -1.50000000
v -1.22641468 -19.96236229 -1.50000000
v -0.98135346 -19.97590828 -1.50000000
v -0.73614448 -19.98644829 -1.50000000
v -1.16509402 -18.96424484 -1.50000000
v -0.93228579 -18.97711372 -1.50000000
v -0.69933724 -18.98712540 -1.50000000
v -0.49082458 -19.99397659 -1.50000000
v -0.24543077 -19.99849319 -1.50000000
v -0.46628335 -18.99427795 -1.50000000
v -0.23315923 -18.99856949 -1.50000000
v -2.44821358 -19.84959030 -1.25000000
v -2.48931193 -19.78136826 -1.25000000
v -2.43074799 -19.72280502 -1.25000000
v -2.35074806 -19.70136833 -1.25000000
v -2.19074798 -19.86137009 -1.25000000
v -2.20444417 -19.87813950 -1.25000000
v -2.19549274 -19.87907600 -1.25000000
v -2.27074790 -19.72280502 -1.25000000
v -2.21218395 -19.78136826 -1.25000000
v -1.72570002 -19.92535210 -1.25000000
v -1.71594620 -19.92625237 -1.25000000
v -1.70774603 -19.85834694 -1.25000000
v -1.64918196 -19.79978180 -1.25000000
v -1.56918192 -19.77834702 -1.25000000
v -1.47129130 -19.94580841 -1.25000000
v -1.40918195 -19.93834686 -1.25000000
v -1.41225088 -19.94980049 -1.25000000
v -1.43061781 -19.85834694 -1.25000000
v -1.48918188 -19.79978180 -1.25000000
v -2.32580280 -18.85711098 -1.14999998
v -2.09422183 -18.88423157 -1.14999998
v -1.86232567 -18.90851021 -1.14999998
v -1.63014889 -18.92993927 -1.14999998
v -1.39772666 -18.94851875 -1.14999998
v -0.94331086 -19.97754478 -1.25000000
v -0.92376035 -19.90458107 -1.25000000
v -0.86519629 -19.84601593 -1.25000000
v -0.78519630 -19.82458115 -1.25000000
v -0.73614448 -19.98644829 -1.25000000
v -0.70519632 -19.84601593 -1.25000000
v -0.62519634 -19.98458099 -1.25000000
v -0.62659740 -19.98980904 -1.25000000
v -0.64663225 -19.90458107 -1.25000000
v -0.15973736 -19.99901962 -1.25000000
v -0.13856407 -19.92000008 -1.25000000
v -0.08000000 -19.86143684 -1.25000000
v -0.00000000 -20.00000000 -1.25000000
v -0.00000000 -19.84000015 -1.25000000
v -1.16509402 -18.96424484 -1.14999998
v -0.93228579 -18.97711372 -1.14999998
v -0.69933724 -18.98712540 -1.14999998
v -0.46628335 -18.99427795 -1.14999998
v -0.23315923 -18.99856949 -1.14999998
v -15.60952568 -12.50362968 1.25000000
v -15.30334568 -12.87663078 1.25000000
v -15.30834103 -12.87061882 1.25000000
v -15.28811932 -12.85039711 1.25000000
v -15.20811939 -12.82896137 1.25000000
v -15.14417648 -13.06345654 1.25000000
v -15.10682201 -13.10622787 1.25000000
v -15.06955528 -13.06896114 1.25000000
v -15.04811954 -12.98896122 1.25000000
v -15.12811947 -12.85039711 1.25000000
v -15.06955528 -12.90896130 1.25000000
v -15.46020889 -12.68786526 1.50000000
v -15.30334568 -12.87663078 1.50000000
v -15.14417648 -13.06345654 1.50000000
v -16.26033974 -11.61714077 1.25000000
v -16.27160835 -11.62841034 1.25000000
v -17.13524818 -10.31385136 1.25000000
v -16.96902847 -10.58476067 1.25000000
v -17.02710342 -10.49179363 1.25000000
v -16.91423988 -10.52997112 1.25000000
v -16.89280319 -10.44997120 1.25000000
v -16.91423988 -10.36997128 1.25000000
v -17.13280296 -10.31140709 1.25000000
v -17.05280304 -10.28997135 1.25000000
v -16.97280312 -10.31140709 1.25000000
v -16.62939262 -11.11140442 1.25000000
v -16.71623802 -10.97968674 1.25000000
v -16.70939255 -10.97284031 1.25000000
v -16.62939262 -10.95140457 1.25000000
v -16.54115105 -11.24172783 1.25000000
v -16.49082756 -11.19140434 1.25000000
v -16.46939278 -11.11140442 1.25000000
v -16.49082756 -11.03140450 1.25000000
v -16.54939270 -10.97284031 1.25000000
v -15.26094341 -11.31828690 1.14999998
v -15.12090111 -11.50471020 1.14999998
v -16.08778191 -11.88171101 1.25000000
v -15.78633881 -12.24331474 1.25000000
v -15.80206203 -12.25903797 1.25000000
v -15.76692867 -12.30463219 1.25000000
v -15.70633888 -12.22187901 1.25000000
v -15.62633896 -12.24331474 1.25000000
v -16.20914459 -11.71595669 1.25000000
v -16.18033981 -11.59570503 1.25000000
v -16.10033989 -11.61714077 1.25000000
v -16.04177666 -11.83570480 1.25000000
v -16.02033997 -11.75570488 1.25000000
v -16.04177666 -11.67570496 1.25000000
v -15.61474419 -12.49718952 1.25000000
v -15.56777477 -12.46187878 1.25000000
v -15.54633904 -12.38187885 1.25000000
v -15.56777477 -12.30187893 1.25000000
v -15.66719723 -10.74890423 1.14999998
v -16.05221748 -10.16495514 1.14999998
v -15.79792309 -10.55583477 1.14999998
v -15.92626953 -10.36117458 1.14999998
v -15.53411102 -10.94035530 1.14999998
v -15.39868641 -11.13015938 1.14999998
v -16.49178696 -11.31463623 1.50000000
v -16.35169601 -11.51616383 1.50000000
v -16.89707184 -10.69995213 1.50000000
v -17.27945709 -10.07076740 1.50000000
v -17.02710342 -10.49179363 1.50000000
v -17.15457153 -10.28205490 1.50000000
v -16.62939262 -11.11140442 1.50000000
v -16.76449394 -10.90649986 1.50000000
v -16.06414986 -11.91398621 1.50000000
v -15.76692867 -12.30463219 1.50000000
v -15.91673851 -12.11022091 1.50000000
v -16.20914459 -11.71595669 1.50000000
v -15.61474419 -12.49718952 1.50000000
v -15.26094341 -11.31828690 1.50000000
v -15.12090111 -11.50471020 1.50000000
v -15.66719723 -10.74890423 1.50000000
v -16.05221748 -10.16495514 1.50000000
v -15.79792309 -10.55583477 1.50000000
v -15.92626953 -10.36117458 1.50000000
v -15.53411102 -10.94035530 1.50000000
v -15.39868641 -11.13015938 1.50000000
v -13.10622787 -15.10682201 1.25000000
v -13.06345654 -15.14417648 1.25000000
v -13.06896114 -15.06955528 1.25000000
v -12.98896122 -15.04811954 1.25000000
v -12.87663078 -15.30334568 1.25000000
v -12.87061882 -15.30834103 1.25000000
v -12.85039711 -15.28811932 1.25000000
v -12.82896137 -15.20811939 1.25000000
v -12.90896130 -15.06955528 1.25000000
v -12.85039711 -15.12811947 1.25000000
v -12.50362968 -15.60952568 1.25000000
v -13.06345654 -15.14417648 1.50000000
v -12.87663078 -15.30334568 1.50000000
v -12.68786526 -15.46020889 1.50000000
v -11.61714077 -16.26033974 1.25000000
v -11.62841034 -16.27160835 1.25000000
v -11.50471020 -15.12090111 1.14999998
v -11.31828690 -15.26094341 1.14999998
v -12.24331474 -15.78633881 1.25000000
v -12.25903797 -15.80206203 1.25000000
v -12.30463219 -15.76692867 1.25000000
v -12.22187901 -15.70633888 1.25000000
v -12.24331474 -15.62633896 1.25000000
v -11.88171101 -16.08778191 1.25000000
v -12.49718952 -15.61474419 1.25000000
v -12.46187878 -15.56777477 1.25000000
v -12.38187885 -15.54633904 1.25000000
v -12.30187893 -15.56777477 1.25000000
v -11.83570480 -16.04177666 1.25000000
v -11.75570488 -16.02033997 1.25000000
v -11.71595669 -16.20914459 1.25000000
v -11.59570503 -16.18033981 1.25000000
v -11.61714077 -16.10033989 1.25000000
v -11.67570496 -16.04177666 1.25000000
v -11.11140442 -16.62939262 1.25000000
v -10.97968674 -16.71623802 1.25000000
v -10.97284031 -16.70939255 1.25000000
v -10.95140457 -16.62939262 1.25000000
v -11.24172783 -16.54115105 1.25000000
v -11.19140434 -16.49082756 1.25000000
v -11.11140442 -16.46939278 1.25000000
v -11.03140450 -16.49082756 1.25000000
v -10.97284031 -16.54939270 1.25000000
v -10.58476067 -16.96902847 1.25000000
v -10.49179363 -17.02710342 1.25000000
v -10.52997112 -16.91423988 1.25000000
v -10.31385136 -17.13524818 1.25000000
v -10.44997120 -16.89280319 1.25000000
v -10.36997128 -16.91423988 1.25000000
v -10.31140709 -17.13280296 1.25000000
v -10.28997135 -17.05280304 1.25000000
v -10.31140709 -16.97280312 1.25000000
v -10.74890423 -15.66719723 1.14999998
v -11.13015938 -15.39868641 1.14999998
v -10.94035530 -15.53411102 1.14999998
v -10.55583477 -15.79792309 1.14999998
v -10.36117458 -15.92626953 1.14999998
v -10.16495514 -16.05221748 1.14999998
v -11.51616383 -16.35169601 1.50000000
v -11.31463623 -16.49178696 1.50000000
v -12.30463219 -15.76692867 1.50000000
v -11.91398621 -16.06414986 1.50000000
v -12.11022091 -15.91673851 1.50000000
v -12.49718952 -15.61474419 1.50000000
v -11.71595669 -16.20914459 1.50000000
v -11.50471020 -15.12090111 1.50000000
v -11.31828690 -15.26094341 1.50000000
v -10.69995213 -16.89707184 1.50000000
v -11.11140442 -16.62939262 1.50000000
v -10.90649986 -16.76449394 1.50000000
v -10.49179363 -17.02710342 1.50000000
v -10.07076740 -17.27945709 1.50000000
v -10.28205490 -17.15457153 1.50000000
v -10.74890423 -15.66719723 1.50000000
v -11.13015938 -15.39868641 1.50000000
v -10.94035530 -15.53411102 1.50000000
v -10.55583477 -15.79792309 1.50000000
v -10.36117458 -15.92626953 1.50000000
v -10.16495514 -16.05221748 1.50000000
v -14.14213562 -14.14213562 1.25000000
v -14.25074673 -14.03218269 1.25000000
v -14.22213554 -14.00357151 1.25000000
v -14.14213562 -13.98213577 1.25000000
v -14.03218269 -14.25074673 1.25000000
v -14.00357151 -14.22213554 1.25000000
v -13.98213577 -14.14213562 1.25000000
v -14.06213570 -14.00357151 1.25000000
v -14.00357151 -14.06213570 1.25000000
v -14.23359108 -12.58589935 1.14999998
v -14.07807159 -12.75961971 1.14999998
v -13.92043114 -12.93141937 1.14999998
v -13.76069450 -13.10127068 1.14999998
v -14.79086494 -13.46186543 1.25000000
v -14.76644993 -13.43745041 1.25000000
v -14.65308571 -13.61201954 1.25000000
v -14.58077717 -13.68890667 1.25000000
v -14.54788589 -13.65601444 1.25000000
v -14.54788589 -13.49601460 1.25000000
v -14.52645016 -13.57601452 1.25000000
v -14.68645000 -13.41601467 1.25000000
v -14.60645008 -13.43745041 1.25000000
v -13.10127068 -13.76069450 1.14999998
v -12.93141937 -13.92043114 1.14999998
v -12.75961971 -14.07807159 1.14999998
v -12.58589935 -14.23359108 1.14999998
v -13.46186543 -14.79086494 1.25000000
v -13.68890667 -14.58077717 1.25000000
v -13.61201954 -14.65308571 1.25000000
v -13.65601444 -14.54788589 1.25000000
v -13.49601460 -14.54788589 1.25000000
v -13.57601452 -14.52645016 1.25000000
v -13.43745041 -14.76644993 1.25000000
v -13.41601467 -14.68645000 1.25000000
v -13.43745041 -14.60645008 1.25000000
v -13.59888554 -13.26914883 1.14999998
v -13.26914883 -13.59888554 1.14999998
v -13.43502903 -13.43502903 1.14999998
v -14.48494148 -13.79081059 1.50000000
v -13.79081059 -14.48494148 1.50000000
v -14.14213562 -14.14213562 1.50000000
v -14.31461620 -13.96752453 1.50000000
v -13.96752453 -14.31461620 1.50000000
v -14.98272800 -13.24831581 1.50000000
v -14.81902218 -13.43117905 1.50000000
v -14.65308571 -13.61201954 1.50000000
v -14.23359108 -12.58589935 1.50000000
v -14.07807159 -12.75961971 1.50000000
v -13.92043114 -12.93141937 1.50000000
v -13.76069450 -13.10127068 1.50000000
v -13.61201954 -14.65308571 1.50000000
v -13.43117905 -14.81902218 1.50000000
v -13.24831581 -14.98272800 1.50000000
v -13.10127068 -13.76069450 1.50000000
v -12.93141937 -13.92043114 1.50000000
v -12.75961971 -14.07807159 1.50000000
v -12.58589935 -14.23359108 1.50000000
v -13.59888554 -13.26914883 1.50000000
v -13.26914883 -13.59888554 1.50000000
v -13.43502903 -13.43502903 1.50000000
v -14.53817844 -12.23279953 1.14999998
v -14.38696766 -12.41028404 1.14999998
v -14.68719864 -12.05347252 1.14999998
v -14.97858238 -11.68940067 1.14999998
v -14.83400726 -11.87233067 1.14999998
v -14.53817844 -12.23279953 1.50000000
v -14.38696766 -12.41028404 1.50000000
v -14.68719864 -12.05347252 1.50000000
v -14.97858238 -11.68940067 1.50000000
v -14.83400726 -11.87233067 1.50000000
v -12.41028404 -14.38696766 1.14999998
v -12.23279953 -14.53817844 1.14999998
v -12.05347252 -14.68719864 1.14999998
v -11.87233067 -14.83400726 1.14999998
v -11.68940067 -14.97858238 1.14999998
v -12.41028404 -14.38696766 1.50000000
v -12.23279953 -14.53817844 1.50000000
v -12.05347252 -14.68719864 1.50000000
v -11.87233067 -14.83400726 1.50000000
v -11.68940067 -14.97858238 1.50000000
v -17.52140236 -9.64367580 1.25000000
v -17.52713013 -9.63311386 1.25000000
v -17.89097214 -8.93879223 1.25000000
v -17.86448669 -8.99222660 1.25000000
v -17.82013130 -8.91981030 1.25000000
v -17.74771881 -9.22040749 1.25000000
v -17.74013138 -9.21837425 1.25000000
v -17.75279236 -9.21077442 1.25000000
v -17.68156624 -9.15981007 1.25000000
v -17.66012955 -9.07981014 1.25000000
v -17.74013138 -8.94124603 1.25000000
v -17.68156624 -8.99981022 1.25000000
v -18.18335915 -8.32859135 1.25000000
v -18.22755051 -8.23052788 1.25000000
v -18.16286278 -8.21319485 1.25000000
v -18.53631210 -7.50940323 1.25000000
v -18.47759056 -7.65366888 1.25000000
v -18.41700554 -7.79743481 1.25000000
v -18.39759064 -7.79223251 1.25000000
v -18.33902740 -7.73366880 1.25000000
v -18.39759064 -7.51510477 1.25000000
v -18.31759071 -7.65366888 1.25000000
v -18.33902740 -7.57366848 1.25000000
v -18.09640884 -8.51538849 1.25000000
v -18.08286285 -8.51175880 1.25000000
v -18.02429962 -8.45319462 1.25000000
v -18.00286293 -8.37319469 1.25000000
v -18.02429962 -8.29319477 1.25000000
v -18.08286285 -8.23463058 1.25000000
v -17.52140236 -9.64367580 1.50000000
v -17.63842583 -9.42793465 1.50000000
v -17.97348976 -8.77232456 1.50000000
v -17.86448669 -8.99222660 1.50000000
v -17.75279236 -9.21077442 1.50000000
v -18.18335915 -8.32859135 1.50000000
v -18.47759056 -7.65366888 1.50000000
v -18.28419495 -8.10482597 1.50000000
v -18.38227654 -7.87984085 1.50000000
v -18.07978630 -8.55110168 1.50000000
v -18.81675529 -6.77652359 1.25000000
v -18.76382637 -6.76234102 1.25000000
v -18.99056435 -6.27363491 1.25000000
v -18.97246933 -6.32730103 1.25000000
v -18.94112968 -6.31890392 1.25000000
v -18.88256645 -6.26033974 1.25000000
v -19.06612015 -6.04011917 1.25000000
v -19.06833267 -6.03298759 1.25000000
v -19.02112961 -6.02033997 1.25000000
v -18.94112968 -6.04177570 1.25000000
v -18.86112976 -6.18033981 1.25000000
v -18.88256645 -6.10033989 1.25000000
v -19.27552223 -5.33425522 1.25000000
v -19.20861053 -5.57039356 1.25000000
v -19.20653152 -5.57740164 1.25000000
v -19.16910553 -5.56737328 1.25000000
v -19.11054039 -5.50880909 1.25000000
v -19.08910561 -5.42880917 1.25000000
v -19.11054039 -5.34880877 1.25000000
v -19.29022408 -5.27982712 1.25000000
v -19.24910545 -5.26880884 1.25000000
v -19.16910553 -5.29024506 1.25000000
v -17.55371094 -7.27098513 1.14999998
v -17.64161491 -7.05502653 1.14999998
v -17.88933754 -6.40090704 1.14999998
v -17.72686386 -6.83800554 1.14999998
v -17.80944061 -6.61995506 1.14999998
v -18.47759056 -7.49366856 1.25000000
v -18.68382645 -7.06090498 1.25000000
v -18.70916557 -7.06769514 1.25000000
v -18.74678040 -6.96837378 1.25000000
v -18.62526321 -7.00234127 1.25000000
v -18.60382652 -6.92234135 1.25000000
v -18.68382645 -6.78377724 1.25000000
v -18.62526321 -6.84234095 1.25000000
v -18.18186569 -5.51540899 1.14999998
v -18.31174469 -5.06754255 1.14999998
v -18.24818039 -5.29187393 1.14999998
v -18.04103470 -5.95995283 1.14999998
v -17.96653938 -6.18089533 1.14999998
v -18.11281395 -5.73811293 1.14999998
v -18.83088112 -6.73779726 1.50000000
v -18.91214561 -6.50620604 1.50000000
v -18.99056435 -6.27363491 1.50000000
v -19.06612015 -6.04011917 1.50000000
v -19.13880730 -5.80569363 1.50000000
v -19.27552223 -5.33425522 1.50000000
v -19.20861053 -5.57039356 1.50000000
v -19.33952904 -5.09731340 1.50000000
v -18.65985680 -7.19790077 1.50000000
v -18.57012177 -7.42634392 1.50000000
v -18.74678040 -6.96837378 1.50000000
v -17.55371094 -7.27098513 1.50000000
v -17.64161491 -7.05502653 1.50000000
v -17.88933754 -6.40090704 1.50000000
v -17.72686386 -6.83800554 1.50000000
v -17.80944061 -6.61995506 1.50000000
v -18.18186569 -5.51540899 1.50000000
v -18.31174469 -5.06754255 1.50000000
v -18.24818039 -5.29187393 1.50000000
v -18.04103470 -5.95995283 1.50000000
v -17.96653938 -6.18089533 1.50000000
v -18.11281395 -5.73811293 1.50000000
v -16.29684448 -9.76795197 1.14999998
v -16.41548347 -9.56722927 1.14999998
v -16.64533234 -9.16149139 1.14999998
v -16.75650406 -8.95653820 1.14999998
v -16.86515236 -8.75023556 1.14999998
v -16.53165245 -9.36506557 1.14999998
v -17.40173912 -9.85796356 1.25000000
v -17.36992073 -9.91098881 1.25000000
v -17.37108994 -9.91130257 1.25000000
v -17.31135559 -9.85242462 1.25000000
v -17.28992081 -9.77242470 1.25000000
v -17.31135559 -9.69242477 1.25000000
v -17.44992065 -9.61242485 1.25000000
v -17.36992073 -9.63386059 1.25000000
v -16.97126198 -8.54261494 1.14999998
v -17.07481575 -8.33370876 1.14999998
v -17.27419090 -7.91216183 1.14999998
v -17.36998558 -7.69958496 1.14999998
v -17.17579651 -8.12354660 1.14999998
v -16.17574883 -9.96720409 1.14999998
v -17.40173912 -9.85796356 1.50000000
v -16.29684448 -9.76795197 1.50000000
v -16.41548347 -9.56722927 1.50000000
v -16.64533234 -9.16149139 1.50000000
v -16.75650406 -8.95653820 1.50000000
v -16.86515236 -8.75023556 1.50000000
v -16.53165245 -9.36506557 1.50000000
v -16.97126198 -8.54261494 1.50000000
v -17.07481575 -8.33370876 1.50000000
v -17.27419090 -7.91216183 1.50000000
v -17.36998558 -7.69958496 1.50000000
v -17.17579651 -8.12354660 1.50000000
v -16.17574883 -9.96720409 1.50000000
v -17.46316338 -7.48584890 1.14999998
v -17.46316338 -7.48584890 1.50000000
v -19.41052437 -4.81902695 1.25000000
v -19.45879936 -4.62116194 1.25000000
v -19.48255539 -4.51832771 1.25000000
v -19.44739914 -4.50890732 1.25000000
v -19.58456993 -4.05346394 1.25000000
v -19.53570557 -4.04037046 1.25000000
v -19.61570549 -3.90180635 1.25000000
v -19.53570557 -3.76324248 1.25000000
v -19.47714233 -3.98180652 1.25000000
v -19.45570564 -3.90180635 1.25000000
v -19.47714233 -3.82180643 1.25000000
v -19.36739922 -4.80747128 1.25000000
v -19.30883408 -4.74890709 1.25000000
v -19.30883408 -4.58890724 1.25000000
v -19.28739929 -4.66890717 1.25000000
v -19.36739922 -4.53034306 1.25000000
v -18.75872612 -3.01830482 1.14999998
v -18.79435349 -2.78787899 1.14999998
v -18.82715034 -2.55703354 1.14999998
v -19.72851181 -3.28192234 1.25000000
v -19.74602890 -3.17716289 1.25000000
v -19.61570549 -3.74180651 1.25000000
v -19.64500046 -3.74965596 1.25000000
v -19.67376709 -3.26725340 1.25000000
v -19.61520195 -3.20868921 1.25000000
v -19.59376717 -3.12868929 1.25000000
v -19.77728653 -2.97499132 1.25000000
v -19.75376701 -2.96868920 1.25000000
v -19.84215546 -2.50559950 1.25000000
v -19.61520195 -3.04868937 1.25000000
v -19.67376709 -2.99012518 1.25000000
v -18.48585892 -4.39010429 1.14999998
v -18.37255287 -4.84244776 1.14999998
v -18.43059349 -4.61662340 1.14999998
v -18.53833961 -4.16292334 1.14999998
v -18.58802986 -3.93511605 1.14999998
v -18.63492012 -3.70671606 1.14999998
v -18.67900467 -3.47775793 1.14999998
v -18.72027588 -3.24827600 1.14999998
v -19.40062523 -4.85960340 1.50000000
v -19.45879936 -4.62116194 1.50000000
v -19.51404190 -4.38202477 1.50000000
v -19.56634712 -4.14222765 1.50000000
v -19.61570549 -3.90180635 1.50000000
v -19.70555305 -3.41923785 1.50000000
v -19.74602890 -3.17716289 1.50000000
v -19.66210938 -3.66079783 1.50000000
v -19.78352928 -2.93460941 1.50000000
v -19.81805229 -2.69161415 1.50000000
v -18.75872612 -3.01830482 1.50000000
v -18.79435349 -2.78787899 1.50000000
v -18.82715034 -2.55703354 1.50000000
v -18.48585892 -4.39010429 1.50000000
v -18.37255287 -4.84244776 1.50000000
v -18.43059349 -4.61662340 1.50000000
v -18.53833961 -4.16292334 1.50000000
v -18.58802986 -3.93511605 1.50000000
v -18.63492012 -3.70671606 1.50000000
v -18.67900467 -3.47775793 1.50000000
v -18.72027588 -3.24827600 1.50000000
v -18.85711098 -2.32580280 1.14999998
v -18.88423157 -2.09422183 1.14999998
v -18.90851021 -1.86232567 1.14999998
v -18.92993927 -1.63014889 1.14999998
v -18.94851875 -1.39772666 1.14999998
v -19.84959030 -2.44821358 1.25000000
v -19.86137009 -2.19074798 1.25000000
v -19.87813950 -2.20444417 1.25000000
v -19.87907600 -2.19549274 1.25000000
v -19.78136826 -2.48931193 1.25000000
v -19.72280502 -2.43074799 1.25000000
v -19.70136833 -2.35074806 1.25000000
v -19.78136826 -2.21218395 1.25000000
v -19.72280502 -2.27074790 1.25000000
v -19.92535210 -1.72570002 1.25000000
v -19.92625237 -1.71594620 1.25000000
v -19.85834694 -1.70774603 1.25000000
v -19.79978180 -1.64918196 1.25000000
v -19.77834702 -1.56918192 1.25000000
v -19.94580841 -1.47129130 1.25000000
v -19.93834686 -1.40918195 1.25000000
v -19.94980049 -1.41225088 1.25000000
v -19.85834694 -1.43061781 1.25000000
v -19.79978180 -1.48918188 1.25000000
v -18.96424484 -1.16509402 1.14999998
v -18.97711372 -0.93228579 1.14999998
v -18.98712540 -0.69933724 1.14999998
v -18.99427795 -0.46628335 1.14999998
v -18.99856949 -0.23315923 1.14999998
v -19.97754478 -0.94331086 1.25000000
v -19.90458107 -0.92376035 1.25000000
v -19.84601593 -0.86519629 1.25000000
v -19.98644829 -0.73614448 1.25000000
v -19.98458099 -0.62519634 1.25000000
v -19.98980904 -0.62659740 1.25000000
v -19.84601593 -0.70519632 1.25000000
v -19.90458107 -0.64663225 1.25000000
v -19.82458115 -0.78519630 1.25000000
v -19.99901962 -0.15973736 1.25000000
v -19.92000008 -0.13856407 1.25000000
v -19.86143684 -0.08000000 1.25000000
v -19.84959030 -2.44821358 1.50000000
v -19.87813950 -2.20444417 1.50000000
v -19.90369415 -1.96034276 1.50000000
v -19.92625237 -1.71594620 1.50000000
v -19.94580841 -1.47129130 1.50000000
v -18.85711098 -2.32580280 1.50000000
v -18.88423157 -2.09422183 1.50000000
v -18.90851021 -1.86232567 1.50000000
v -18.92993927 -1.63014889 1.50000000
v -18.94851875 -1.39772666 1.50000000
v -19.96236229 -1.22641468 1.50000000
v -19.97590828 -0.98135346 1.50000000
v -19.98644829 -0.73614448 1.50000000
v -19.99397659 -0.49082458 1.50000000
v -19.99849319 -0.24543077 1.50000000
v -18.96424484 -1.16509402 1.50000000
v -18.97711372 -0.93228579 1.50000000
v -18.98712540 -0.69933724 1.50000000
v -18.99427795 -0.46628335 1.50000000
v -18.99856949 -0.23315923 1.50000000
v -9.64367580 -17.52140236 1.25000000
v -9.63311386 -17.52713013 1.25000000
v -9.22040749 -17.74771881 1.25000000
v -9.21837425 -17.74013138 1.25000000
v -9.21077442 -17.75279236 1.25000000
v -9.15981007 -17.68156624 1.25000000
v -9.07981014 -17.66012955 1.25000000
v -8.99222660 -17.86448669 1.25000000
v -8.93879223 -17.89097214 1.25000000
v -8.91981030 -17.82013130 1.25000000
v -8.99981022 -17.68156624 1.25000000
v -8.94124603 -17.74013138 1.25000000
v -8.32859135 -18.18335915 1.25000000
v -8.23052788 -18.22755051 1.25000000
v -8.21319485 -18.16286278 1.25000000
v -8.51538849 -18.09640884 1.25000000
v -8.51175880 -18.08286285 1.25000000
v -8.45319462 -18.02429962 1.25000000
v -8.37319469 -18.00286293 1.25000000
v -8.29319477 -18.02429962 1.25000000
v -8.23463058 -18.08286285 1.25000000
v -7.65366888 -18.47759056 1.25000000
v -7.50940323 -18.53631210 1.25000000
v -7.79743481 -18.41700554 1.25000000
v -7.79223251 -18.39759064 1.25000000
v -7.73366880 -18.33902740 1.25000000
v -7.65366888 -18.31759071 1.25000000
v -7.51510477 -18.39759064 1.25000000
v -7.57366848 -18.33902740 1.25000000
v -9.64367580 -17.52140236 1.50000000
v -9.42793465 -17.63842583 1.50000000
v -9.21077442 -17.75279236 1.50000000
v -8.99222660 -17.86448669 1.50000000
v -8.77232456 -17.97348976 1.50000000
v -8.32859135 -18.18335915 1.50000000
v -8.55110168 -18.07978630 1.50000000
v -8.10482597 -18.28419495 1.50000000
v -7.87984085 -18.38227654 1.50000000
v -7.65366888 -18.47759056 1.50000000
v -9.76795197 -16.29684448 1.14999998
v -9.56722927 -16.41548347 1.14999998
v -9.16149139 -16.64533234 1.14999998
v -9.36506557 -16.53165245 1.14999998
v -8.95653820 -16.75650406 1.14999998
v -8.75023556 -16.86515236 1.14999998
v -9.91098881 -17.36992073 1.25000000
v -9.91130257 -17.37108994 1.25000000
v -9.85796356 -17.40173912 1.25000000
v -9.85242462 -17.31135559 1.25000000
v -9.77242470 -17.28992081 1.25000000
v -9.69242477 -17.31135559 1.25000000
v -9.61242485 -17.44992065 1.25000000
v -9.63386059 -17.36992073 1.25000000
v -9.96720409 -16.17574883 1.14999998
v -8.54261494 -16.97126198 1.14999998
v -8.33370876 -17.07481575 1.14999998
v -7.91216183 -17.27419090 1.14999998
v -8.12354660 -17.17579651 1.14999998
v -7.69958496 -17.36998558 1.14999998
v -9.85796356 -17.40173912 1.50000000
v -9.76795197 -16.29684448 1.50000000
v -9.56722927 -16.41548347 1.50000000
v -9.16149139 -16.64533234 1.50000000
v -9.36506557 -16.53165245 1.50000000
v -8.95653820 -16.75650406 1.50000000
v -8.75023556 -16.86515236 1.50000000
v -9.96720409 -16.17574883 1.50000000
v -8.54261494 -16.97126198 1.50000000
v -8.33370876 -17.07481575 1.50000000
v -7.91216183 -17.27419090 1.50000000
v -8.12354660 -17.17579651 1.50000000
v -7.69958496 -17.36998558 1.50000000
v -6.77652359 -18.81675529 1.25000000
v -6.76234102 -18.76382637 1.25000000
v -6.27363491 -18.99056435 1.25000000
v -6.32730103 -18.97246933 1.25000000
v -6.31890392 -18.94112968 1.25000000
v -6.26033974 -18.88256645 1.25000000
v -7.27098513 -17.55371094 1.14999998
v -7.05502653 -17.64161491 1.14999998
v -6.83800554 -17.72686386 1.14999998
v -6.61995506 -17.80944061 1.14999998
v -6.40090704 -17.88933754 1.14999998
v -7.49366856 -18.47759056 1.25000000
v -7.06090498 -18.68382645 1.25000000
v -7.06769514 -18.70916557 1.25000000
v -6.96837378 -18.74678040 1.25000000
v -7.00234127 -18.62526321 1.25000000
v -6.92234135 -18.60382652 1.25000000
v -6.84234095 -18.62526321 1.25000000
v -6.78377724 -18.68382645 1.25000000
v -6.04011917 -19.06612015 1.25000000
v -6.03298759 -19.06833267 1.25000000
v -6.18033981 -18.86112976 1.25000000
v -6.10033989 -18.88256645 1.25000000
v -6.02033997 -19.02112961 1.25000000
v -6.04177570 -18.94112968 1.25000000
v -5.57039356 -19.20861053 1.25000000
v -5.57740164 -19.20653152 1.25000000
v -5.56737328 -19.16910553 1.25000000
v -5.50880909 -19.11054039 1.25000000
v -5.33425522 -19.27552223 1.25000000
v -5.42880917 -19.08910561 1.25000000
v -5.34880877 -19.11054039 1.25000000
v -5.27982712 -19.29022408 1.25000000
v -5.26880884 -19.24910545 1.25000000
v -5.29024506 -19.16910553 1.25000000
v -6.18089533 -17.96653938 1.14999998
v -5.95995283 -18.04103470 1.14999998
v -5.73811293 -18.11281395 1.14999998
v -5.51540899 -18.18186569 1.14999998
v -5.29187393 -18.24818039 1.14999998
v -5.06754255 -18.31174469 1.14999998
v -6.73779726 -18.83088112 1.50000000
v -6.50620604 -18.91214561 1.50000000
v -6.27363491 -18.99056435 1.50000000
v -7.42634392 -18.57012177 1.50000000
v -7.19790077 -18.65985680 1.50000000
v -6.96837378 -18.74678040 1.50000000
v -7.27098513 -17.55371094 1.50000000
v -7.05502653 -17.64161491 1.50000000
v -6.83800554 -17.72686386 1.50000000
v -6.61995506 -17.80944061 1.50000000
v -6.40090704 -17.88933754 1.50000000
v -6.04011917 -19.06612015 1.50000000
v -5.80569363 -19.13880730 1.50000000
v -5.57039356 -19.20861053 1.50000000
v -5.33425522 -19.27552223 1.50000000
v -5.09731340 -19.33952904 1.50000000
v -6.18089533 -17.96653938 1.50000000
v -5.95995283 -18.04103470 1.50000000
v -5.73811293 -18.11281395 1.50000000
v -5.51540899 -18.18186569 1.50000000
v -5.29187393 -18.24818039 1.50000000
v -5.06754255 -18.31174469 1.50000000
v -7.48584890 -17.46316338 1.14999998
v -7.48584890 -17.46316338 1.50000000
v -4.81902695 -19.41052437 1.25000000
v -4.62116194 -19.45879936 1.25000000
v -4.51832771 -19.48255539 1.25000000
v -4.50890732 -19.44739914 1.25000000
v -4.80747128 -19.36739922 1.25000000
v -4.74890709 -19.30883408 1.25000000
v -4.66890717 -19.28739929 1.25000000
v -4.58890724 -19.30883408 1.25000000
v -4.53034306 -19.36739922 1.25000000
v -4.05346394 -19.58456993 1.25000000
v -4.04037046 -19.53570557 1.25000000
v -3.98180652 -19.47714233 1.25000000
v -3.90180635 -19.61570549 1.25000000
v -3.76324248 -19.53570557 1.25000000
v -3.90180635 -19.45570564 1.25000000
v -3.82180643 -19.47714233 1.25000000
v -4.84244776 -18.37255287 1.14999998
v -4.39010429 -18.48585892 1.14999998
v -4.61662340 -18.43059349 1.14999998
v -4.16292334 -18.53833961 1.14999998
v -3.93511605 -18.58802986 1.14999998
v -3.01830482 -18.75872612 1.14999998
v -2.78787899 -18.79435349 1.14999998
v -2.55703354 -18.82715034 1.14999998
v -3.74180651 -19.61570549 1.25000000
v -3.74965596 -19.64500046 1.25000000
v -3.28192234 -19.72851181 1.25000000
v -3.17716289 -19.74602890 1.25000000
v -3.26725340 -19.67376709 1.25000000
v -3.20868921 -19.61520195 1.25000000
v -3.12868929 -19.59376717 1.25000000
v -2.97499132 -19.77728653 1.25000000
v -2.96868920 -19.75376701 1.25000000
v -3.04868937 -19.61520195 1.25000000
v -2.99012518 -19.67376709 1.25000000
v -2.50559950 -19.84215546 1.25000000
v -3.70671606 -18.63492012 1.14999998
v -3.47775793 -18.67900467 1.14999998
v -3.24827600 -18.72027588 1.14999998
v -4.85960340 -19.40062523 1.50000000
v -4.62116194 -19.45879936 1.50000000
v -4.38202477 -19.51404190 1.50000000
v -4.14222765 -19.56634712 1.50000000
v -3.90180635 -19.61570549 1.50000000
v -4.84244776 -18.37255287 1.50000000
v -4.39010429 -18.48585892 1.50000000
v -4.61662340 -18.43059349 1.50000000
v -4.16292334 -18.53833961 1.50000000
v -3.93511605 -18.58802986 1.50000000
v -3.66079783 -19.66210938 1.50000000
v -3.41923785 -19.70555305 1.50000000
v -3.17716289 -19.74602890 1.50000000
v -2.93460941 -19.78352928 1.50000000
v -2.69161415 -19.81805229 1.50000000
v -3.01830482 -18.75872612 1.50000000
v -2.78787899 -18.79435349 1.50000000
v -2.55703354 -18.82715034 1.50000000
v -3.70671606 -18.63492012 1.50000000
v -3.47775793 -18.67900467 1.50000000
v -3.24827600 -18.72027588 1.50000000
v -2.32580280 -18.85711098 1.14999998
v -2.09422183 -18.88423157 1.14999998
v -1.86232567 -18.90851021 1.14999998
v -1.63014889 -18.92993927 1.14999998
v -1.39772666 -18.94851875 1.14999998
v -2.44821358 -19.84959030 1.25000000
v -2.48931193 -19.78136826 1.25000000
v -2.43074799 -19.72280502 1.25000000
v -2.35074806 -19.70136833 1.25000000
v -2.19074798 -19.86137009 1.25000000
v -2.20444417 -19.87813950 1.25000000
v -2.19549274 -19.87907600 1.25000000
v -2.27074790 -19.72280502 1.25000000
v -2.21218395 -19.78136826 1.25000000
v -1.72570002 -19.92535210 1.25000000
v -1.71594620 -19.92625237 1.25000000
v -1.70774603 -19.85834694 1.25000000
v -1.64918196 -19.79978180 1.25000000
v -1.56918192 -19.77834702 1.25000000
v -1.47129130 -19.94580841 1.25000000
v -1.40918195 -19.93834686 1.25000000
v -1.41225088 -19.94980049 1.25000000
v -1.43061781 -19.85834694 1.25000000
v -1.48918188 -19.79978180 1.25000000
v -1.16509402 -18.96424484 1.14999998
v -0.93228579 -18.97711372 1.14999998
v -0.69933724 -18.98712540 1.14999998
v -0.46628335 -18.99427795 1.14999998
v -0.23315923 -18.99856949 1.14999998
v -0.94331086 -19.97754478 1.25000000
v -0.92376035 -19.90458107 1.25000000
v -0.86519629 -19.84601593 1.25000000
v -0.78519630 -19.82458115 1.25000000
v -0.73614448 -19.98644829 1.25000000
v -0.70519632 -19.84601593 1.25000000
v -0.62519634 -19.98458099 1.25000000
v -0.62659740 -19.98980904 1.25000000
v -0.64663225 -19.90458107 1.25000000
v -0.15973736 -19.99901962 1.25000000
v -0.13856407 -19.92000008 1.25000000
v -0.08000000 -19.86143684 1.25000000
v -0.00000000 -19.84000015 1.25000000
v -2.44821358 -19.84959030 1.50000000
v -2.20444417 -19.87813950 1.50000000
v -1.96034276 -19.90369415 1.50000000
v -2.32580280 -18.85711098 1.50000000
v -2.09422183 -18.88423157 1.50000000
v -1.71594620 -19.92625237 1.50000000
v -1.47129130 -19.94580841 1.50000000
v -1.86232567 -18.90851021 1.50000000
v -1.63014889 -18.92993927 1.50000000
v -1.39772666 -18.94851875 1.50000000
v -1.22641468 -19.96236229 1.50000000
v -0.98135346 -19.97590828 1.50000000
v -0.73614448 -19.98644829 1.50000000
v -1.16509402 -18.96424484 1.50000000
v -0.93228579 -18.97711372 1.50000000
v -0.69933724 -18.98712540 1.50000000
v -0.49082458 -19.99397659 1.50000000
v -0.24543077 -19.99849319 1.50000000
v -0.46628335 -18.99427795 1.50000000
v -0.23315923 -18.99856949 1.50000000
v -20.00000000 0.00000000 -1.50000000
v -19.99849319 0.24543077 -1.50000000
v -19.99397659 0.49082458 -1.50000000
v -19.98644829 0.73614448 -1.50000000
v -19.97590828 0.98135346 -1.50000000
v -19.96236229 1.22641468 -1.50000000
v -19.00000000 0.00000000 -1.50000000
v -18.99856949 0.23315923 -1.50000000
v -18.99427795 0.46628335 -1.50000000
v -18.98712540 0.69933724 -1.50000000
v -18.97711372 0.93228579 -1.50000000
v -18.96424484 1.16509402 -1.50000000
v -19.94580841 1.47129130 -1.50000000
v -19.92625237 1.71594620 -1.50000000
v -19.90369415 1.96034276 -1.50000000
v -19.87813950 2.20444417 -1.50000000
v -19.84959030 2.44821358 -1.50000000
v -18.94851875 1.39772666 -1.50000000
v -18.92993927 1.63014889 -1.50000000
v -18.90851021 1.86232567 -1.50000000
v -18.88423157 2.09422183 -1.50000000
v -18.85711098 2.32580280 -1.50000000
v -20.00000000 0.00000000 -1.25000000
v -19.92000008 0.13856407 -1.25000000
v -19.86143684 0.08000000 -1.25000000
v -19.99901962 0.15973736 -1.25000000
v -19.84000015 0.00000000 -1.25000000
v -19.98458099 0.62519634 -1.25000000
v -19.98980904 0.62659740 -1.25000000
v -19.98644829 0.73614448 -1.25000000
v -19.90458107 0.64663225 -1.25000000
v -19.84601593 0.70519632 -1.25000000
v -19.90458107 0.92376035 -1.25000000
v -19.84601593 0.86519629 -1.25000000
v -19.82458115 0.78519630 -1.25000000
v -19.97754478 0.94331086 -1.25000000
v -19.00000000 0.00000000 -1.14999998
v -18.99856949 0.23315923 -1.14999998
v -18.99427795 0.46628335 -1.14999998
v -18.98712540 0.69933724 -1.14999998
v -18.97711372 0.93228579 -1.14999998
v -18.96424484 1.16509402 -1.14999998
v -19.93834686 1.40918195 -1.25000000
v -19.94980049 1.41225088 -1.25000000
v -19.94580841 1.47129130 -1.25000000
v -19.85834694 1.43061781 -1.25000000
v -19.79978180 1.48918188 -1.25000000
v -19.92625237 1.71594620 -1.25000000
v -19.85834694 1.70774603 -1.25000000
v -19.92535210 1.72570002 -1.25000000
v -19.77834702 1.56918192 -1.25000000
v -19.79978180 1.64918196 -1.25000000
v -19.86137009 2.19074798 -1.25000000
v -19.87813950 2.20444417 -1.25000000
v -19.87907600 2.19549274 -1.25000000
v -19.84959030 2.44821358 -1.25000000
v -19.78136826 2.21218395 -1.25000000
v -19.72280502 2.27074790 -1.25000000
v -19.78136826 2.48931193 -1.25000000
v -19.70136833 2.35074806 -1.25000000
v -19.72280502 2.43074799 -1.25000000
v -18.94851875 1.39772666 -1.14999998
v -18.92993927 1.63014889 -1.14999998
v -18.90851021 1.86232567 -1.14999998
v -18.88423157 2.09422183 -1.14999998
v -18.85711098 2.32580280 -1.14999998
v -19.81805229 2.69161415 -1.50000000
v -19.78352928 2.93460941 -1.50000000
v -19.74602890 3.17716289 -1.50000000
v -19.70555305 3.41923785 -1.50000000
v -19.66210938 3.66079783 -1.50000000
v -18.82715034 2.55703354 -1.50000000
v -18.79435349 2.78787899 -1.50000000
v -18.75872612 3.01830482 -1.50000000
v -19.61570549 3.90180635 -1.50000000
v -19.56634712 4.14222765 -1.50000000
v -19.51404190 4.38202477 -1.50000000
v -19.45879936 4.62116194 -1.50000000
v -19.40062523 4.85960340 -1.50000000
v -18.72027588 3.24827600 -1.50000000
v -18.67900467 3.47775793 -1.50000000
v -18.63492012 3.70671606 -1.50000000
v -18.58802986 3.93511605 -1.50000000
v -18.53833961 4.16292334 -1.50000000
v -18.48585892 4.39010429 -1.50000000
v -18.43059349 4.61662340 -1.50000000
v -18.37255287 4.84244776 -1.50000000
v -19.84215546 2.50559950 -1.25000000
v -19.75376701 2.96868920 -1.25000000
v -19.77728653 2.97499132 -1.25000000
v -19.67376709 2.99012518 -1.25000000
v -19.61520195 3.04868937 -1.25000000
v -19.74602890 3.17716289 -1.25000000
v -19.72851181 3.28192234 -1.25000000
v -19.67376709 3.26725340 -1.25000000
v -19.61520195 3.20868921 -1.25000000
v -19.59376717 3.12868929 -1.25000000
v -19.61570549 3.74180651 -1.25000000
v -19.64500046 3.74965596 -1.25000000
v -18.82715034 2.55703354 -1.14999998
v -18.79435349 2.78787899 -1.14999998
v -18.75872612 3.01830482 -1.14999998
v -19.61570549 3.90180635 -1.25000000
v -19.53570557 3.76324248 -1.25000000
v -19.58456993 4.05346394 -1.25000000
v -19.53570557 4.04037046 -1.25000000
v -19.47714233 3.82180643 -1.25000000
v -19.45570564 3.90180635 -1.25000000
v -19.47714233 3.98180652 -1.25000000
v -19.48255539 4.51832771 -1.25000000
v -19.44739914 4.50890732 -1.25000000
v -19.45879936 4.62116194 -1.25000000
v -19.41052437 4.81902695 -1.25000000
v -19.36739922 4.53034306 -1.25000000
v -19.30883408 4.58890724 -1.25000000
v -19.28739929 4.66890717 -1.25000000
v -19.30883408 4.74890709 -1.25000000
v -19.36739922 4.80747128 -1.25000000
v -18.72027588 3.24827600 -1.14999998
v -18.67900467 3.47775793 -1.14999998
v -18.63492012 3.70671606 -1.14999998
v -18.58802986 3.93511605 -1.14999998
v -18.53833961 4.16292334 -1.14999998
v -18.48585892 4.39010429 -1.14999998
v -18.43059349 4.61662340 -1.14999998
v -18.37255287 4.84244776 -1.14999998
v -19.33952904 5.09731340 -1.50000000
v -19.27552223 5.33425522 -1.50000000
v -19.20861053 5.57039356 -1.50000000
v -19.13880730 5.80569363 -1.50000000
v -19.06612015 6.04011917 -1.50000000
v -18.99056435 6.27363491 -1.50000000
v -18.91214561 6.50620604 -1.50000000
v -18.83088112 6.73779726 -1.50000000
v -18.31174469 5.06754255 -1.50000000
v -18.24818039 5.29187393 -1.50000000
v -18.18186569 5.51540899 -1.50000000
v -18.11281395 5.73811293 -1.50000000
v -18.04103470 5.95995283 -1.50000000
v -17.96653938 6.18089533 -1.50000000
v -18.74678040 6.96837378 -1.50000000
v -18.65985680 7.19790077 -1.50000000
v -18.57012177 7.42634392 -1.50000000
v -17.88933754 6.40090704 -1.50000000
v -17.80944061 6.61995506 -1.50000000
v -17.72686386 6.83800554 -1.50000000
v -17.64161491 7.05502653 -1.50000000
v -17.55371094 7.27098513 -1.50000000
v -19.29022408 5.27982712 -1.25000000
v -19.24910545 5.26880884 -1.25000000
v -19.16910553 5.29024506 -1.25000000
v -19.27552223 5.33425522 -1.25000000
v -19.11054039 5.34880877 -1.25000000
v -19.08910561 5.42880917 -1.25000000
v -19.20861053 5.57039356 -1.25000000
v -19.20653152 5.57740164 -1.25000000
v -19.16910553 5.56737328 -1.25000000
v -19.11054039 5.50880909 -1.25000000
v -19.06612015 6.04011917 -1.25000000
v -19.06833267 6.03298759 -1.25000000
v -19.02112961 6.02033997 -1.25000000
v -18.94112968 6.04177570 -1.25000000
v -18.88256645 6.10033989 -1.25000000
v -18.86112976 6.18033981 -1.25000000
v -18.99056435 6.27363491 -1.25000000
v -18.97246933 6.32730103 -1.25000000
v -18.94112968 6.31890392 -1.25000000
v -18.88256645 6.26033974 -1.25000000
v -18.81675529 6.77652359 -1.25000000
v -18.76382637 6.76234102 -1.25000000
v -18.31174469 5.06754255 -1.14999998
v -18.24818039 5.29187393 -1.14999998
v -18.18186569 5.51540899 -1.14999998
v -18.11281395 5.73811293 -1.14999998
v -18.04103470 5.95995283 -1.14999998
v -17.96653938 6.18089533 -1.14999998
v -18.68382645 6.78377724 -1.25000000
v -18.62526321 6.84234095 -1.25000000
v -18.74678040 6.96837378 -1.25000000
v -18.60382652 6.92234135 -1.25000000
v -18.62526321 7.00234127 -1.25000000
v -18.68382645 7.06090498 -1.25000000
v -18.70916557 7.06769514 -1.25000000
v -18.47759056 7.49366856 -1.25000000
v -17.88933754 6.40090704 -1.14999998
v -17.80944061 6.61995506 -1.14999998
v -17.72686386 6.83800554 -1.14999998
v -17.64161491 7.05502653 -1.14999998
v -17.55371094 7.27098513 -1.14999998
v -18.47759056 7.65366888 -1.50000000
v -18.38227654 7.87984085 -1.50000000
v -18.28419495 8.10482597 -1.50000000
v -18.18335915 8.32859135 -1.50000000
v -18.07978630 8.55110168 -1.50000000
v -17.97348976 8.77232456 -1.50000000
v -17.86448669 8.99222660 -1.50000000
v -17.75279236 9.21077442 -1.50000000
v -17.63842583 9.42793465 -1.50000000
v -17.52140236 9.64367580 -1.50000000
v -18.53631210 7.50940323 -1.25000000
v -18.47759056 7.65366888 -1.25000000
v -18.39759064 7.51510477 -1.25000000
v -18.33902740 7.57366848 -1.25000000
v -18.31759071 7.65366888 -1.25000000
v -18.41700554 7.79743481 -1.25000000
v -18.39759064 7.79223251 -1.25000000
v -18.33902740 7.73366880 -1.25000000
v -18.22755051 8.23052788 -1.25000000
v -18.16286278 8.21319485 -1.25000000
v -18.18335915 8.32859135 -1.25000000
v -18.08286285 8.23463058 -1.25000000
v -18.02429962 8.29319477 -1.25000000
v -18.00286293 8.37319469 -1.25000000
v -18.09640884 8.51538849 -1.25000000
v -18.08286285 8.51175880 -1.25000000
v -18.02429962 8.45319462 -1.25000000
v -17.89097214 8.93879223 -1.25000000
v -17.82013130 8.91981030 -1.25000000
v -17.86448669 8.99222660 -1.25000000
v -17.74013138 8.94124603 -1.25000000
v -17.68156624 8.99981022 -1.25000000
v -17.74013138 9.21837425 -1.25000000
v -17.75279236 9.21077442 -1.25000000
v -17.66012955 9.07981014 -1.25000000
v -17.68156624 9.15981007 -1.25000000
v -17.74771881 9.22040749 -1.25000000
v -17.52140236 9.64367580 -1.25000000
v -17.52713013 9.63311386 -1.25000000
v -17.46316338 7.48584890 -1.50000000
v -17.46316338 7.48584890 -1.14999998
v -17.36998558 7.69958496 -1.50000000
v -17.27419090 7.91216183 -1.50000000
v -17.17579651 8.12354660 -1.50000000
v -17.07481575 8.33370876 -1.50000000
v -16.97126198 8.54261494 -1.50000000
v -17.40173912 9.85796356 -1.50000000
v -16.86515236 8.75023556 -1.50000000
v -16.75650406 8.95653820 -1.50000000
v -16.64533234 9.16149139 -1.50000000
v -16.53165245 9.36506557 -1.50000000
v -16.41548347 9.56722927 -1.50000000
v -16.29684448 9.76795197 -1.50000000
v -16.17574883 9.96720409 -1.50000000
v -17.36998558 7.69958496 -1.14999998
v -17.27419090 7.91216183 -1.14999998
v -17.17579651 8.12354660 -1.14999998
v -17.07481575 8.33370876 -1.14999998
v -16.97126198 8.54261494 -1.14999998
v -17.44992065 9.61242485 -1.25000000
v -17.36992073 9.63386059 -1.25000000
v -17.40173912 9.85796356 -1.25000000
v -17.36992073 9.91098881 -1.25000000
v -17.37108994 9.91130257 -1.25000000
v -17.31135559 9.69242477 -1.25000000
v -17.28992081 9.77242470 -1.25000000
v -17.31135559 9.85242462 -1.25000000
v -16.86515236 8.75023556 -1.14999998
v -16.75650406 8.95653820 -1.14999998
v -16.64533234 9.16149139 -1.14999998
v -16.53165245 9.36506557 -1.14999998
v -16.41548347 9.56722927 -1.14999998
v -16.29684448 9.76795197 -1.14999998
v -16.17574883 9.96720409 -1.14999998
v -17.27945709 10.07076740 -1.50000000
v -17.15457153 10.28205490 -1.50000000
v -17.02710342 10.49179363 -1.50000000
v -16.89707184 10.69995213 -1.50000000
v -16.76449394 10.90649986 -1.50000000
v -16.62939262 11.11140442 -1.50000000
v -16.49178696 11.31463623 -1.50000000
v -16.35169601 11.51616383 -1.50000000
v -16.05221748 10.16495514 -1.50000000
v -15.92626953 10.36117458 -1.50000000
v -15.79792309 10.55583477 -1.50000000
v -15.66719723 10.74890423 -1.50000000
v -15.53411102 10.94035530 -1.50000000
v -15.39868641 11.13015938 -1.50000000
v -16.20914459 11.71595669 -1.50000000
v -16.06414986 11.91398621 -1.50000000
v -15.91673851 12.11022091 -1.50000000
v -15.76692867 12.30463219 -1.50000000
v -15.26094341 11.31828690 -1.50000000
v -15.12090111 11.50471020 -1.50000000
v -15.61474419 12.49718952 -1.50000000
v -17.13280296 10.31140709 -1.25000000
v -17.05280304 10.28997135 -1.25000000
v -16.97280312 10.31140709 -1.25000000
v -17.13524818 10.31385136 -1.25000000
v -16.91423988 10.36997128 -1.25000000
v -16.89280319 10.44997120 -1.25000000
v -17.02710342 10.49179363 -1.25000000
v -16.96902847 10.58476067 -1.25000000
v -16.91423988 10.52997112 -1.25000000
v -16.70939255 10.97284031 -1.25000000
v -16.71623802 10.97968674 -1.25000000
v -16.62939262 10.95140457 -1.25000000
v -16.62939262 11.11140442 -1.25000000
v -16.54939270 10.97284031 -1.25000000
v -16.49082756 11.03140450 -1.25000000
v -16.54115105 11.24172783 -1.25000000
v -16.49082756 11.19140434 -1.25000000
v -16.46939278 11.11140442 -1.25000000
v -16.26033974 11.61714077 -1.25000000
v -16.27160835 11.62841034 -1.25000000
v -16.05221748 10.16495514 -1.14999998
v -15.92626953 10.36117458 -1.14999998
v -15.79792309 10.55583477 -1.14999998
v -15.66719723 10.74890423 -1.14999998
v -15.53411102 10.94035530 -1.14999998
v -15.39868641 11.13015938 -1.14999998
v -16.18033981 11.59570503 -1.25000000
v -16.20914459 11.71595669 -1.25000000
v -16.10033989 11.61714077 -1.25000000
v -16.04177666 11.67570496 -1.25000000
v -16.02033997 11.75570488 -1.25000000
v -16.04177666 11.83570480 -1.25000000
v -16.08778191 11.88171101 -1.25000000
v -15.78633881 12.24331474 -1.25000000
v -15.80206203 12.25903797 -1.25000000
v -15.70633888 12.22187901 -1.25000000
v -15.76692867 12.30463219 -1.25000000
v -15.62633896 12.24331474 -1.25000000
v -15.56777477 12.30187893 -1.25000000
v -15.61474419 12.49718952 -1.25000000
v -15.56777477 12.46187878 -1.25000000
v -15.54633904 12.38187885 -1.25000000
v -15.26094341 11.31828690 -1.14999998
v -15.12090111 11.50471020 -1.14999998
v -15.46020889 12.68786526 -1.50000000
v -15.30334568 12.87663078 -1.50000000
v -15.14417648 13.06345654 -1.50000000
v -15.60952568 12.50362968 -1.25000000
v -15.28811932 12.85039711 -1.25000000
v -15.30334568 12.87663078 -1.25000000
v -15.30834103 12.87061882 -1.25000000
v -15.20811939 12.82896137 -1.25000000
v -15.12811947 12.85039711 -1.25000000
v -15.06955528 12.90896130 -1.25000000
v -15.14417648 13.06345654 -1.25000000
v -15.10682201 13.10622787 -1.25000000
v -15.04811954 12.98896122 -1.25000000
v -15.06955528 13.06896114 -1.25000000
v -14.97858238 11.68940067 -1.50000000
v -14.83400726 11.87233067 -1.50000000
v -14.68719864 12.05347252 -1.50000000
v -14.53817844 12.23279953 -1.50000000
v -14.38696766 12.41028404 -1.50000000
v -14.97858238 11.68940067 -1.14999998
v -14.83400726 11.87233067 -1.14999998
v -14.68719864 12.05347252 -1.14999998
v -14.53817844 12.23279953 -1.14999998
v -14.38696766 12.41028404 -1.14999998
v -14.98272800 13.24831581 -1.50000000
v -14.81902218 13.43117905 -1.50000000
v -14.65308571 13.61201954 -1.50000000
v -14.23359108 12.58589935 -1.50000000
v -14.07807159 12.75961971 -1.50000000
v -13.92043114 12.93141937 -1.50000000
v -13.76069450 13.10127068 -1.50000000
v -14.48494148 13.79081059 -1.50000000
v -14.31461620 13.96752453 -1.50000000
v -14.14213562 14.14213562 -1.50000000
v -13.96752453 14.31461620 -1.50000000
v -13.79081059 14.48494148 -1.50000000
v -13.59888554 13.26914883 -1.50000000
v -13.43502903 13.43502903 -1.50000000
v -13.26914883 13.59888554 -1.50000000
v -13.61201954 14.65308571 -1.50000000
v -13.43117905 14.81902218 -1.50000000
v -13.24831581 14.98272800 -1.50000000
v -13.10127068 13.76069450 -1.50000000
v -12.93141937 13.92043114 -1.50000000
v -12.75961971 14.07807159 -1.50000000
v -12.58589935 14.23359108 -1.50000000
v -14.76644993 13.43745041 -1.25000000
v -14.79086494 13.46186543 -1.25000000
v -14.68645000 13.41601467 -1.25000000
v -14.60645008 13.43745041 -1.25000000
v -14.54788589 13.49601460 -1.25000000
v -14.65308571 13.61201954 -1.25000000
v -14.54788589 13.65601444 -1.25000000
v -14.58077717 13.68890667 -1.25000000
v -14.52645016 13.57601452 -1.25000000
v -14.23359108 12.58589935 -1.14999998
v -14.07807159 12.75961971 -1.14999998
v -13.92043114 12.93141937 -1.14999998
v -13.76069450 13.10127068 -1.14999998
v -14.22213554 14.00357151 -1.25000000
v -14.25074673 14.03218269 -1.25000000
v -14.14213562 13.98213577 -1.25000000
v -14.14213562 14.14213562 -1.25000000
v -14.06213570 14.00357151 -1.25000000
v -14.00357151 14.06213570 -1.25000000
v -13.98213577 14.14213562 -1.25000000
v -14.03218269 14.25074673 -1.25000000
v -14.00357151 14.22213554 -1.25000000
v -13.59888554 13.26914883 -1.14999998
v -13.43502903 13.43502903 -1.14999998
v -13.26914883 13.59888554 -1.14999998
v -13.68890667 14.58077717 -1.25000000
v -13.65601444 14.54788589 -1.25000000
v -13.61201954 14.65308571 -1.25000000
v -13.57601452 14.52645016 -1.25000000
v -13.49601460 14.54788589 -1.25000000
v -13.46186543 14.79086494 -1.25000000
v -13.43745041 14.60645008 -1.25000000
v -13.41601467 14.68645000 -1.25000000
v -13.43745041 14.76644993 -1.25000000
v -13.10127068 13.76069450 -1.14999998
v -12.93141937 13.92043114 -1.14999998
v -12.75961971 14.07807159 -1.14999998
v -12.58589935 14.23359108 -1.14999998
v -12.41028404 14.38696766 -1.50000000
v -12.23279953 14.53817844 -1.50000000
v -12.05347252 14.68719864 -1.50000000
v -11.87233067 14.83400726 -1.50000000
v -11.68940067 14.97858238 -1.50000000
v -12.41028404 14.38696766 -1.14999998
v -12.23279953 14.53817844 -1.14999998
v -12.05347252 14.68719864 -1.14999998
v -11.87233067 14.83400726 -1.14999998
v -11.68940067 14.97858238 -1.14999998
v -13.06345654 15.14417648 -1.50000000
v -12.87663078 15.30334568 -1.50000000
v -12.68786526 15.46020889 -1.50000000
v -13.06896114 15.06955528 -1.25000000
v -13.10622787 15.10682201 -1.25000000
v -13.06345654 15.14417648 -1.25000000
v -12.98896122 15.04811954 -1.25000000
v -12.90896130 15.06955528 -1.25000000
v -12.85039711 15.12811947 -1.25000000
v -12.82896137 15.20811939 -1.25000000
v -12.87663078 15.30334568 -1.25000000
v -12.87061882 15.30834103 -1.25000000
v -12.85039711 15.28811932 -1.25000000
v -12.50362968 15.60952568 -1.25000000
v -12.49718952 15.61474419 -1.50000000
v -12.30463219 15.76692867 -1.50000000
v -12.11022091 15.91673851 -1.50000000
v -11.91398621 16.06414986 -1.50000000
v -11.50471020 15.12090111 -1.50000000
v -11.31828690 15.26094341 -1.50000000
v -11.71595669 16.20914459 -1.50000000
v -11.51616383 16.35169601 -1.50000000
v -11.31463623 16.49178696 -1.50000000
v -11.13015938 15.39868641 -1.50000000
v -10.94035530 15.53411102 -1.50000000
v -10.74890423 15.66719723 -1.50000000
v -10.55583477 15.79792309 -1.50000000
v -10.36117458 15.92626953 -1.50000000
v -10.16495514 16.05221748 -1.50000000
v -11.11140442 16.62939262 -1.50000000
v -10.90649986 16.76449394 -1.50000000
v -10.69995213 16.89707184 -1.50000000
v -10.49179363 17.02710342 -1.50000000
v -10.28205490 17.15457153 -1.50000000
v -10.07076740 17.27945709 -1.50000000
v -12.46187878 15.56777477 -1.25000000
v -12.49718952 15.61474419 -1.25000000
v -12.38187885 15.54633904 -1.25000000
v -12.30187893 15.56777477 -1.25000000
v -12.30463219 15.76692867 -1.25000000
v -12.24331474 15.62633896 -1.25000000
v -12.22187901 15.70633888 -1.25000000
v -12.24331474 15.78633881 -1.25000000
v -12.25903797 15.80206203 -1.25000000
v -11.88171101 16.08778191 -1.25000000
v -11.83570480 16.04177666 -1.25000000
v -11.75570488 16.02033997 -1.25000000
v -11.67570496 16.04177666 -1.25000000
v -11.71595669 16.20914459 -1.25000000
v -11.61714077 16.10033989 -1.25000000
v -11.59570503 16.18033981 -1.25000000
v -11.50471020 15.12090111 -1.14999998
v -11.31828690 15.26094341 -1.14999998
v -11.61714077 16.26033974 -1.25000000
v -11.62841034 16.27160835 -1.25000000
v -11.13015938 15.39868641 -1.14999998
v -10.94035530 15.53411102 -1.14999998
v -10.74890423 15.66719723 -1.14999998
v -10.55583477 15.79792309 -1.14999998
v -10.36117458 15.92626953 -1.14999998
v -10.16495514 16.05221748 -1.14999998
v -11.24172783 16.54115105 -1.25000000
v -11.19140434 16.49082756 -1.25000000
v -11.11140442 16.46939278 -1.25000000
v -11.03140450 16.49082756 -1.25000000
v -10.97284031 16.54939270 -1.25000000
v -11.11140442 16.62939262 -1.25000000
v -10.95140457 16.62939262 -1.25000000
v -10.97968674 16.71623802 -1.25000000
v -10.97284031 16.70939255 -1.25000000
v -10.58476067 16.96902847 -1.25000000
v -10.52997112 16.91423988 -1.25000000
v -10.49179363 17.02710342 -1.25000000
v -10.44997120 16.89280319 -1.25000000
v -10.36997128 16.91423988 -1.25000000
v -10.31385136 17.13524818 -1.25000000
v -10.31140709 16.97280312 -1.25000000
v -10.28997135 17.05280304 -1.25000000
v -10.31140709 17.13280296 -1.25000000
v -9.96720409 16.17574883 -1.50000000
v -9.76795197 16.29684448 -1.50000000
v -9.56722927 16.41548347 -1.50000000
v -9.85796356 17.40173912 -1.50000000
v -9.36506557 16.53165245 -1.50000000
v -9.16149139 16.64533234 -1.50000000
v -8.95653820 16.75650406 -1.50000000
v -8.75023556 16.86515236 -1.50000000
v -8.54261494 16.97126198 -1.50000000
v -8.33370876 17.07481575 -1.50000000
v -8.12354660 17.17579651 -1.50000000
v -7.91216183 17.27419090 -1.50000000
v -7.69958496 17.36998558 -1.50000000
v -9.96720409 16.17574883 -1.14999998
v -9.85242462 17.31135559 -1.25000000
v -9.91098881 17.36992073 -1.25000000
v -9.91130257 17.37108994 -1.25000000
v -9.85796356 17.40173912 -1.25000000
v -9.77242470 17.28992081 -1.25000000
v -9.69242477 17.31135559 -1.25000000
v -9.63386059 17.36992073 -1.25000000
v -9.61242485 17.44992065 -1.25000000
v -9.76795197 16.29684448 -1.14999998
v -9.56722927 16.41548347 -1.14999998
v -9.36506557 16.53165245 -1.14999998
v -9.16149139 16.64533234 -1.14999998
v -8.95653820 16.75650406 -1.14999998
v -8.75023556 16.86515236 -1.14999998
v -8.54261494 16.97126198 -1.14999998
v -8.33370876 17.07481575 -1.14999998
v -8.12354660 17.17579651 -1.14999998
v -7.91216183 17.27419090 -1.14999998
v -7.69958496 17.36998558 -1.14999998
v -9.64367580 17.52140236 -1.50000000
v -9.42793465 17.63842583 -1.50000000
v -9.21077442 17.75279236 -1.50000000
v -8.99222660 17.86448669 -1.50000000
v -8.77232456 17.97348976 -1.50000000
v -8.55110168 18.07978630 -1.50000000
v -8.32859135 18.18335915 -1.50000000
v -8.10482597 18.28419495 -1.50000000
v -7.87984085 18.38227654 -1.50000000
v -7.65366888 18.47759056 -1.50000000
v -9.64367580 17.52140236 -1.25000000
v -9.63311386 17.52713013 -1.25000000
v -9.22040749 17.74771881 -1.25000000
v -9.15981007 17.68156624 -1.25000000
v -9.21837425 17.74013138 -1.25000000
v -9.21077442 17.75279236 -1.25000000
v -9.07981014 17.66012955 -1.25000000
v -8.99981022 17.68156624 -1.25000000
v -8.94124603 17.74013138 -1.25000000
v -8.99222660 17.86448669 -1.25000000
v -8.91981030 17.82013130 -1.25000000
v -8.93879223 17.89097214 -1.25000000
v -8.45319462 18.02429962 -1.25000000
v -8.51175880 18.08286285 -1.25000000
v -8.51538849 18.09640884 -1.25000000
v -8.37319469 18.00286293 -1.25000000
v -8.29319477 18.02429962 -1.25000000
v -8.23463058 18.08286285 -1.25000000
v -8.32859135 18.18335915 -1.25000000
v -8.21319485 18.16286278 -1.25000000
v -8.23052788 18.22755051 -1.25000000
v -7.79223251 18.39759064 -1.25000000
v -7.79743481 18.41700554 -1.25000000
v -7.73366880 18.33902740 -1.25000000
v -7.65366888 18.31759071 -1.25000000
v -7.57366848 18.33902740 -1.25000000
v -7.51510477 18.39759064 -1.25000000
v -7.65366888 18.47759056 -1.25000000
v -7.50940323 18.53631210 -1.25000000
v -7.48584890 17.46316338 -1.50000000
v -7.48584890 17.46316338 -1.14999998
v -7.27098513 17.55371094 -1.50000000
v -7.05502653 17.64161491 -1.50000000
v -7.42634392 18.57012177 -1.50000000
v -7.19790077 18.65985680 -1.50000000
v -6.96837378 18.74678040 -1.50000000
v -6.83800554 17.72686386 -1.50000000
v -6.61995506 17.80944061 -1.50000000
v -6.40090704 17.88933754 -1.50000000
v -6.73779726 18.83088112 -1.50000000
v -6.50620604 18.91214561 -1.50000000
v -6.27363491 18.99056435 -1.50000000
v -6.18089533 17.96653938 -1.50000000
v -5.95995283 18.04103470 -1.50000000
v -5.73811293 18.11281395 -1.50000000
v -5.51540899 18.18186569 -1.50000000
v -5.29187393 18.24818039 -1.50000000
v -5.06754255 18.31174469 -1.50000000
v -6.04011917 19.06612015 -1.50000000
v -5.80569363 19.13880730 -1.50000000
v -5.57039356 19.20861053 -1.50000000
v -5.33425522 19.27552223 -1.50000000
v -5.09731340 19.33952904 -1.50000000
v -7.49366856 18.47759056 -1.25000000
v -7.06090498 18.68382645 -1.25000000
v -7.06769514 18.70916557 -1.25000000
v -7.00234127 18.62526321 -1.25000000
v -6.96837378 18.74678040 -1.25000000
v -6.92234135 18.60382652 -1.25000000
v -6.84234095 18.62526321 -1.25000000
v -6.78377724 18.68382645 -1.25000000
v -7.27098513 17.55371094 -1.14999998
v -7.05502653 17.64161491 -1.14999998
v -6.83800554 17.72686386 -1.14999998
v -6.61995506 17.80944061 -1.14999998
v -6.40090704 17.88933754 -1.14999998
v -6.76234102 18.76382637 -1.25000000
v -6.77652359 18.81675529 -1.25000000
v -6.26033974 18.88256645 -1.25000000
v -6.31890392 18.94112968 -1.25000000
v -6.32730103 18.97246933 -1.25000000
v -6.27363491 18.99056435 -1.25000000
v -6.18089533 17.96653938 -1.14999998
v -5.95995283 18.04103470 -1.14999998
v -5.73811293 18.11281395 -1.14999998
v -5.51540899 18.18186569 -1.14999998
v -5.29187393 18.24818039 -1.14999998
v -5.06754255 18.31174469 -1.14999998
v -6.18033981 18.86112976 -1.25000000
v -6.10033989 18.88256645 -1.25000000
v -6.04177570 18.94112968 -1.25000000
v -6.02033997 19.02112961 -1.25000000
v -6.04011917 19.06612015 -1.25000000
v -6.03298759 19.06833267 -1.25000000
v -5.56737328 19.16910553 -1.25000000
v -5.57039356 19.20861053 -1.25000000
v -5.57740164 19.20653152 -1.25000000
v -5.50880909 19.11054039 -1.25000000
v -5.42880917 19.08910561 -1.25000000
v -5.34880877 19.11054039 -1.25000000
v -5.33425522 19.27552223 -1.25000000
v -5.29024506 19.16910553 -1.25000000
v -5.27982712 19.29022408 -1.25000000
v -5.26880884 19.24910545 -1.25000000
v -4.84244776 18.37255287 -1.50000000
v -4.61662340 18.43059349 -1.50000000
v -4.39010429 18.48585892 -1.50000000
v -4.16292334 18.53833961 -1.50000000
v -3.93511605 18.58802986 -1.50000000
v -4.85960340 19.40062523 -1.50000000
v -4.62116194 19.45879936 -1.50000000
v -4.38202477 19.51404190 -1.50000000
v -4.14222765 19.56634712 -1.50000000
v -3.90180635 19.61570549 -1.50000000
v -3.70671606 18.63492012 -1.50000000
v -3.47775793 18.67900467 -1.50000000
v -3.24827600 18.72027588 -1.50000000
v -3.66079783 19.66210938 -1.50000000
v -3.41923785 19.70555305 -1.50000000
v -3.17716289 19.74602890 -1.50000000
v -3.01830482 18.75872612 -1.50000000
v -2.78787899 18.79435349 -1.50000000
v -2.55703354 18.82715034 -1.50000000
v -2.93460941 19.78352928 -1.50000000
v -2.69161415 19.81805229 -1.50000000
v -4.84244776 18.37255287 -1.14999998
v -4.61662340 18.43059349 -1.14999998
v -4.39010429 18.48585892 -1.14999998
v -4.16292334 18.53833961 -1.14999998
v -3.93511605 18.58802986 -1.14999998
v -4.80747128 19.36739922 -1.25000000
v -4.74890709 19.30883408 -1.25000000
v -4.66890717 19.28739929 -1.25000000
v -4.58890724 19.30883408 -1.25000000
v -4.53034306 19.36739922 -1.25000000
v -4.81902695 19.41052437 -1.25000000
v -4.62116194 19.45879936 -1.25000000
v -4.50890732 19.44739914 -1.25000000
v -4.51832771 19.48255539 -1.25000000
v -3.98180652 19.47714233 -1.25000000
v -4.04037046 19.53570557 -1.25000000
v -4.05346394 19.58456993 -1.25000000
v -3.90180635 19.45570564 -1.25000000
v -3.82180643 19.47714233 -1.25000000
v -3.90180635 19.61570549 -1.25000000
v -3.76324248 19.53570557 -1.25000000
v -3.70671606 18.63492012 -1.14999998
v -3.47775793 18.67900467 -1.14999998
v -3.24827600 18.72027588 -1.14999998
v -3.74180651 19.61570549 -1.25000000
v -3.74965596 19.64500046 -1.25000000
v -3.26725340 19.67376709 -1.25000000
v -3.20868921 19.61520195 -1.25000000
v -3.12868929 19.59376717 -1.25000000
v -3.28192234 19.72851181 -1.25000000
v -3.17716289 19.74602890 -1.25000000
v -3.04868937 19.61520195 -1.25000000
v -2.99012518 19.67376709 -1.25000000
v -2.97499132 19.77728653 -1.25000000
v -2.96868920 19.75376701 -1.25000000
v -2.50559950 19.84215546 -1.25000000
v -3.01830482 18.75872612 -1.14999998
v -2.78787899 18.79435349 -1.14999998
v -2.55703354 18.82715034 -1.14999998
v -2.32580280 18.85711098 -1.50000000
v -2.09422183 18.88423157 -1.50000000
v -2.44821358 19.84959030 -1.50000000
v -2.20444417 19.87813950 -1.50000000
v -1.96034276 19.90369415 -1.50000000
v -1.86232567 18.90851021 -1.50000000
v -1.63014889 18.92993927 -1.50000000
v -1.39772666 18.94851875 -1.50000000
v -1.71594620 19.92625237 -1.50000000
v -1.47129130 19.94580841 -1.50000000
v -1.16509402 18.96424484 -1.50000000
v -0.93228579 18.97711372 -1.50000000
v -0.69933724 18.98712540 -1.50000000
v -1.22641468 19.96236229 -1.50000000
v -0.98135346 19.97590828 -1.50000000
v -0.73614448 19.98644829 -1.50000000
v -0.46628335 18.99427795 -1.50000000
v -0.23315923 18.99856949 -1.50000000
v -0.49082458 19.99397659 -1.50000000
v -0.24543077 19.99849319 -1.50000000
v -2.43074799 19.72280502 -1.25000000
v -2.48931193 19.78136826 -1.25000000
v -2.35074806 19.70136833 -1.25000000
v -2.44821358 19.84959030 -1.25000000
v -2.27074790 19.72280502 -1.25000000
v -2.21218395 19.78136826 -1.25000000
v -2.19074798 19.86137009 -1.25000000
v -2.20444417 19.87813950 -1.25000000
v -2.19549274 19.87907600 -1.25000000
v -1.72570002 19.92535210 -1.25000000
v -1.64918196 19.79978180 -1.25000000
v -1.56918192 19.77834702 -1.25000000
v -1.70774603 19.85834694 -1.25000000
v -1.71594620 19.92625237 -1.25000000
v -1.48918188 19.79978180 -1.25000000
v -1.43061781 19.85834694 -1.25000000
v -1.47129130 19.94580841 -1.25000000
v -1.40918195 19.93834686 -1.25000000
v -1.41225088 19.94980049 -1.25000000
v -2.32580280 18.85711098 -1.14999998
v -2.09422183 18.88423157 -1.14999998
v -1.86232567 18.90851021 -1.14999998
v -1.63014889 18.92993927 -1.14999998
v -1.39772666 18.94851875 -1.14999998
v -0.94331086 19.97754478 -1.25000000
v -0.78519630 19.82458115 -1.25000000
v -0.92376035 19.90458107 -1.25000000
v -0.86519629 19.84601593 -1.25000000
v -0.70519632 19.84601593 -1.25000000
v -0.73614448 19.98644829 -1.25000000
v -0.64663225 19.90458107 -1.25000000
v -0.62519634 19.98458099 -1.25000000
v -0.62659740 19.98980904 -1.25000000
v -0.15973736 19.99901962 -1.25000000
v -0.13856407 19.92000008 -1.25000000
v -0.08000000 19.86143684 -1.25000000
v -1.16509402 18.96424484 -1.14999998
v -0.93228579 18.97711372 -1.14999998
v -0.69933724 18.98712540 -1.14999998
v -0.46628335 18.99427795 -1.14999998
v -0.23315923 18.99856949 -1.14999998
v -19.00000000 0.00000000 1.14999998
v -18.99856949 0.23315923 1.14999998
v -18.99427795 0.46628335 1.14999998
v -18.98712540 0.69933724 1.14999998
v -18.97711372 0.93228579 1.14999998
v -18.96424484 1.16509402 1.14999998
v -20.00000000 0.00000000 1.25000000
v -19.92000008 0.13856407 1.25000000
v -19.86143684 0.08000000 1.25000000
v -19.99901962 0.15973736 1.25000000
v -19.84000015 0.00000000 1.25000000
v -19.98458099 0.62519634 1.25000000
v -19.98980904 0.62659740 1.25000000
v -19.98644829 0.73614448 1.25000000
v -19.90458107 0.64663225 1.25000000
v -19.84601593 0.70519632 1.25000000
v -19.90458107 0.92376035 1.25000000
v -19.84601593 0.86519629 1.25000000
v -19.82458115 0.78519630 1.25000000
v -19.97754478 0.94331086 1.25000000
v -18.94851875 1.39772666 1.14999998
v -18.92993927 1.63014889 1.14999998
v -18.90851021 1.86232567 1.14999998
v -18.88423157 2.09422183 1.14999998
v -18.85711098 2.32580280 1.14999998
v -19.93834686 1.40918195 1.25000000
v -19.94980049 1.41225088 1.25000000
v -19.94580841 1.47129130 1.25000000
v -19.85834694 1.43061781 1.25000000
v -19.79978180 1.48918188 1.25000000
v -19.92625237 1.71594620 1.25000000
v -19.85834694 1.70774603 1.25000000
v -19.92535210 1.72570002 1.25000000
v -19.77834702 1.56918192 1.25000000
v -19.79978180 1.64918196 1.25000000
v -19.86137009 2.19074798 1.25000000
v -19.87813950 2.20444417 1.25000000
v -19.87907600 2.19549274 1.25000000
v -19.84959030 2.44821358 1.25000000
v -19.78136826 2.21218395 1.25000000
v -19.72280502 2.27074790 1.25000000
v -19.78136826 2.48931193 1.25000000
v -19.70136833 2.35074806 1.25000000
v -19.72280502 2.43074799 1.25000000
v -20.00000000 0.00000000 1.50000000
v -19.99849319 0.24543077 1.50000000
v -19.99397659 0.49082458 1.50000000
v -19.98644829 0.73614448 1.50000000
v -19.97590828 0.98135346 1.50000000
v -19.96236229 1.22641468 1.50000000
v -19.00000000 0.00000000 1.50000000
v -18.99856949 0.23315923 1.50000000
v -18.99427795 0.46628335 1.50000000
v -18.98712540 0.69933724 1.50000000
v -18.97711372 0.93228579 1.50000000
v -18.96424484 1.16509402 1.50000000
v -19.94580841 1.47129130 1.50000000
v -19.92625237 1.71594620 1.50000000
v -19.90369415 1.96034276 1.50000000
v -19.87813950 2.20444417 1.50000000
v -19.84959030 2.44821358 1.50000000
v -18.94851875 1.39772666 1.50000000
v -18.92993927 1.63014889 1.50000000
v -18.90851021 1.86232567 1.50000000
v -18.88423157 2.09422183 1.50000000
v -18.85711098 2.32580280 1.50000000
v -18.82715034 2.55703354 1.14999998
v -18.79435349 2.78787899 1.14999998
v -18.75872612 3.01830482 1.14999998
v -19.84215546 2.50559950 1.25000000
v -19.75376701 2.96868920 1.25000000
v -19.77728653 2.97499132 1.25000000
v -19.67376709 2.99012518 1.25000000
v -19.61520195 3.04868937 1.25000000
v -19.74602890 3.17716289 1.25000000
v -19.72851181 3.28192234 1.25000000
v -19.67376709 3.26725340 1.25000000
v -19.61520195 3.20868921 1.25000000
v -19.59376717 3.12868929 1.25000000
v -19.61570549 3.74180651 1.25000000
v -19.64500046 3.74965596 1.25000000
v -19.61570549 3.90180635 1.25000000
v -19.53570557 3.76324248 1.25000000
v -19.58456993 4.05346394 1.25000000
v -19.53570557 4.04037046 1.25000000
v -19.47714233 3.82180643 1.25000000
v -19.45570564 3.90180635 1.25000000
v -19.47714233 3.98180652 1.25000000
v -19.48255539 4.51832771 1.25000000
v -19.44739914 4.50890732 1.25000000
v -19.45879936 4.62116194 1.25000000
v -19.41052437 4.81902695 1.25000000
v -19.36739922 4.53034306 1.25000000
v -19.30883408 4.58890724 1.25000000
v -19.28739929 4.66890717 1.25000000
v -19.30883408 4.74890709 1.25000000
v -19.36739922 4.80747128 1.25000000
v -18.72027588 3.24827600 1.14999998
v -18.67900467 3.47775793 1.14999998
v -18.63492012 3.70671606 1.14999998
v -18.58802986 3.93511605 1.14999998
v -18.53833961 4.16292334 1.14999998
v -18.48585892 4.39010429 1.14999998
v -18.43059349 4.61662340 1.14999998
v -18.37255287 4.84244776 1.14999998
v -19.81805229 2.69161415 1.50000000
v -19.78352928 2.93460941 1.50000000
v -19.74602890 3.17716289 1.50000000
v -19.70555305 3.41923785 1.50000000
v -19.66210938 3.66079783 1.50000000
v -18.82715034 2.55703354 1.50000000
v -18.79435349 2.78787899 1.50000000
v -18.75872612 3.01830482 1.50000000
v -19.61570549 3.90180635 1.50000000
v -19.56634712 4.14222765 1.50000000
v -19.51404190 4.38202477 1.50000000
v -19.45879936 4.62116194 1.50000000
v -19.40062523 4.85960340 1.50000000
v -18.72027588 3.24827600 1.50000000
v -18.67900467 3.47775793 1.50000000
v -18.63492012 3.70671606 1.50000000
v -18.58802986 3.93511605 1.50000000
v -18.53833961 4.16292334 1.50000000
v -18.48585892 4.39010429 1.50000000
v -18.43059349 4.61662340 1.50000000
v -18.37255287 4.84244776 1.50000000
v -19.29022408 5.27982712 1.25000000
v -19.24910545 5.26880884 1.25000000
v -19.16910553 5.29024506 1.25000000
v -19.27552223 5.33425522 1.25000000
v -19.11054039 5.34880877 1.25000000
v -19.08910561 5.42880917 1.25000000
v -19.20861053 5.57039356 1.25000000
v -19.20653152 5.57740164 1.25000000
v -19.16910553 5.56737328 1.25000000
v -19.11054039 5.50880909 1.25000000
v -19.06612015 6.04011917 1.25000000
v -19.06833267 6.03298759 1.25000000
v -19.02112961 6.02033997 1.25000000
v -18.94112968 6.04177570 1.25000000
v -18.88256645 6.10033989 1.25000000
v -18.86112976 6.18033981 1.25000000
v -18.99056435 6.27363491 1.25000000
v -18.97246933 6.32730103 1.25000000
v -18.94112968 6.31890392 1.25000000
v -18.88256645 6.26033974 1.25000000
v -18.81675529 6.77652359 1.25000000
v -18.76382637 6.76234102 1.25000000
v -18.31174469 5.06754255 1.14999998
v -18.24818039 5.29187393 1.14999998
v -18.18186569 5.51540899 1.14999998
v -18.11281395 5.73811293 1.14999998
v -18.04103470 5.95995283 1.14999998
v -17.96653938 6.18089533 1.14999998
v -17.88933754 6.40090704 1.14999998
v -17.80944061 6.61995506 1.14999998
v -17.72686386 6.83800554 1.14999998
v -17.64161491 7.05502653 1.14999998
v -17.55371094 7.27098513 1.14999998
v -18.68382645 6.78377724 1.25000000
v -18.62526321 6.84234095 1.25000000
v -18.74678040 6.96837378 1.25000000
v -18.60382652 6.92234135 1.25000000
v -18.62526321 7.00234127 1.25000000
v -18.68382645 7.06090498 1.25000000
v -18.70916557 7.06769514 1.25000000
v -18.47759056 7.49366856 1.25000000
v -19.33952904 5.09731340 1.50000000
v -19.27552223 5.33425522 1.50000000
v -19.20861053 5.57039356 1.50000000
v -19.13880730 5.80569363 1.50000000
v -19.06612015 6.04011917 1.50000000
v -18.99056435 6.27363491 1.50000000
v -18.91214561 6.50620604 1.50000000
v -18.83088112 6.73779726 1.50000000
v -18.31174469 5.06754255 1.50000000
v -18.24818039 5.29187393 1.50000000
v -18.18186569 5.51540899 1.50000000
v -18.11281395 5.73811293 1.50000000
v -18.04103470 5.95995283 1.50000000
v -17.96653938 6.18089533 1.50000000
v -18.74678040 6.96837378 1.50000000
v -18.65985680 7.19790077 1.50000000
v -18.57012177 7.42634392 1.50000000
v -17.88933754 6.40090704 1.50000000
v -17.80944061 6.61995506 1.50000000
v -17.72686386 6.83800554 1.50000000
v -17.64161491 7.05502653 1.50000000
v -17.55371094 7.27098513 1.50000000
v -18.53631210 7.50940323 1.25000000
v -18.47759056 7.65366888 1.25000000
v -18.39759064 7.51510477 1.25000000
v -18.33902740 7.57366848 1.25000000
v -18.31759071 7.65366888 1.25000000
v -18.41700554 7.79743481 1.25000000
v -18.39759064 7.79223251 1.25000000
v -18.33902740 7.73366880 1.25000000
v -18.22755051 8.23052788 1.25000000
v -18.16286278 8.21319485 1.25000000
v -18.18335915 8.32859135 1.25000000
v -18.08286285 8.23463058 1.25000000
v -18.02429962 8.29319477 1.25000000
v -18.00286293 8.37319469 1.25000000
v -18.09640884 8.51538849 1.25000000
v -18.08286285 8.51175880 1.25000000
v -18.02429962 8.45319462 1.25000000
v -17.89097214 8.93879223 1.25000000
v -17.82013130 8.91981030 1.25000000
v -17.86448669 8.99222660 1.25000000
v -17.74013138 8.94124603 1.25000000
v -17.68156624 8.99981022 1.25000000
v -17.74013138 9.21837425 1.25000000
v -17.75279236 9.21077442 1.25000000
v -17.66012955 9.07981014 1.25000000
v -17.68156624 9.15981007 1.25000000
v -17.74771881 9.22040749 1.25000000
v -17.52140236 9.64367580 1.25000000
v -17.52713013 9.63311386 1.25000000
v -18.47759056 7.65366888 1.50000000
v -18.38227654 7.87984085 1.50000000
v -18.28419495 8.10482597 1.50000000
v -18.18335915 8.32859135 1.50000000
v -18.07978630 8.55110168 1.50000000
v -17.97348976 8.77232456 1.50000000
v -17.86448669 8.99222660 1.50000000
v -17.75279236 9.21077442 1.50000000
v -17.63842583 9.42793465 1.50000000
v -17.52140236 9.64367580 1.50000000
v -17.46316338 7.48584890 1.14999998
v -17.46316338 7.48584890 1.50000000
v -17.36998558 7.69958496 1.14999998
v -17.27419090 7.91216183 1.14999998
v -17.17579651 8.12354660 1.14999998
v -17.07481575 8.33370876 1.14999998
v -16.97126198 8.54261494 1.14999998
v -16.86515236 8.75023556 1.14999998
v -16.75650406 8.95653820 1.14999998
v -16.64533234 9.16149139 1.14999998
v -16.53165245 9.36506557 1.14999998
v -16.41548347 9.56722927 1.14999998
v -16.29684448 9.76795197 1.14999998
v -17.44992065 9.61242485 1.25000000
v -17.36992073 9.63386059 1.25000000
v -17.40173912 9.85796356 1.25000000
v -17.36992073 9.91098881 1.25000000
v -17.37108994 9.91130257 1.25000000
v -17.31135559 9.69242477 1.25000000
v -17.28992081 9.77242470 1.25000000
v -17.31135559 9.85242462 1.25000000
v -16.17574883 9.96720409 1.14999998
v -17.36998558 7.69958496 1.50000000
v -17.27419090 7.91216183 1.50000000
v -17.17579651 8.12354660 1.50000000
v -17.07481575 8.33370876 1.50000000
v -16.97126198 8.54261494 1.50000000
v -17.40173912 9.85796356 1.50000000
v -16.86515236 8.75023556 1.50000000
v -16.75650406 8.95653820 1.50000000
v -16.64533234 9.16149139 1.50000000
v -16.53165245 9.36506557 1.50000000
v -16.41548347 9.56722927 1.50000000
v -16.29684448 9.76795197 1.50000000
v -16.17574883 9.96720409 1.50000000
v -17.13280296 10.31140709 1.25000000
v -17.05280304 10.28997135 1.25000000
v -16.97280312 10.31140709 1.25000000
v -17.13524818 10.31385136 1.25000000
v -16.91423988 10.36997128 1.25000000
v -16.89280319 10.44997120 1.25000000
v -17.02710342 10.49179363 1.25000000
v -16.96902847 10.58476067 1.25000000
v -16.91423988 10.52997112 1.25000000
v -16.70939255 10.97284031 1.25000000
v -16.71623802 10.97968674 1.25000000
v -16.62939262 10.95140457 1.25000000
v -16.62939262 11.11140442 1.25000000
v -16.54939270 10.97284031 1.25000000
v -16.49082756 11.03140450 1.25000000
v -16.54115105 11.24172783 1.25000000
v -16.49082756 11.19140434 1.25000000
v -16.46939278 11.11140442 1.25000000
v -16.26033974 11.61714077 1.25000000
v -16.27160835 11.62841034 1.25000000
v -16.05221748 10.16495514 1.14999998
v -15.92626953 10.36117458 1.14999998
v -15.79792309 10.55583477 1.14999998
v -15.66719723 10.74890423 1.14999998
v -15.53411102 10.94035530 1.14999998
v -15.39868641 11.13015938 1.14999998
v -15.26094341 11.31828690 1.14999998
v -15.12090111 11.50471020 1.14999998
v -16.18033981 11.59570503 1.25000000
v -16.20914459 11.71595669 1.25000000
v -16.10033989 11.61714077 1.25000000
v -16.04177666 11.67570496 1.25000000
v -16.02033997 11.75570488 1.25000000
v -16.04177666 11.83570480 1.25000000
v -16.08778191 11.88171101 1.25000000
v -15.78633881 12.24331474 1.25000000
v -15.80206203 12.25903797 1.25000000
v -15.70633888 12.22187901 1.25000000
v -15.76692867 12.30463219 1.25000000
v -15.62633896 12.24331474 1.25000000
v -15.56777477 12.30187893 1.25000000
v -15.61474419 12.49718952 1.25000000
v -15.56777477 12.46187878 1.25000000
v -15.54633904 12.38187885 1.25000000
v -17.27945709 10.07076740 1.50000000
v -17.15457153 10.28205490 1.50000000
v -17.02710342 10.49179363 1.50000000
v -16.89707184 10.69995213 1.50000000
v -16.76449394 10.90649986 1.50000000
v -16.62939262 11.11140442 1.50000000
v -16.49178696 11.31463623 1.50000000
v -16.35169601 11.51616383 1.50000000
v -16.05221748 10.16495514 1.50000000
v -15.92626953 10.36117458 1.50000000
v -15.79792309 10.55583477 1.50000000
v -15.66719723 10.74890423 1.50000000
v -15.53411102 10.94035530 1.50000000
v -15.39868641 11.13015938 1.50000000
v -16.20914459 11.71595669 1.50000000
v -16.06414986 11.91398621 1.50000000
v -15.91673851 12.11022091 1.50000000
v -15.76692867 12.30463219 1.50000000
v -15.26094341 11.31828690 1.50000000
v -15.12090111 11.50471020 1.50000000
v -15.61474419 12.49718952 1.50000000
v -15.60952568 12.50362968 1.25000000
v -15.28811932 12.85039711 1.25000000
v -15.30334568 12.87663078 1.25000000
v -15.30834103 12.87061882 1.25000000
v -15.20811939 12.82896137 1.25000000
v -15.12811947 12.85039711 1.25000000
v -15.06955528 12.90896130 1.25000000
v -15.14417648 13.06345654 1.25000000
v -15.10682201 13.10622787 1.25000000
v -15.04811954 12.98896122 1.25000000
v -15.06955528 13.06896114 1.25000000
v -15.46020889 12.68786526 1.50000000
v -15.30334568 12.87663078 1.50000000
v -15.14417648 13.06345654 1.50000000
v -14.97858238 11.68940067 1.14999998
v -14.83400726 11.87233067 1.14999998
v -14.68719864 12.05347252 1.14999998
v -14.53817844 12.23279953 1.14999998
v -14.38696766 12.41028404 1.14999998
v -14.97858238 11.68940067 1.50000000
v -14.83400726 11.87233067 1.50000000
v -14.68719864 12.05347252 1.50000000
v -14.53817844 12.23279953 1.50000000
v -14.38696766 12.41028404 1.50000000
v -14.23359108 12.58589935 1.14999998
v -14.07807159 12.75961971 1.14999998
v -13.92043114 12.93141937 1.14999998
v -13.76069450 13.10127068 1.14999998
v -14.76644993 13.43745041 1.25000000
v -14.79086494 13.46186543 1.25000000
v -14.68645000 13.41601467 1.25000000
v -14.60645008 13.43745041 1.25000000
v -14.54788589 13.49601460 1.25000000
v -14.65308571 13.61201954 1.25000000
v -14.54788589 13.65601444 1.25000000
v -14.58077717 13.68890667 1.25000000
v -14.52645016 13.57601452 1.25000000
v -14.22213554 14.00357151 1.25000000
v -14.25074673 14.03218269 1.25000000
v -14.14213562 13.98213577 1.25000000
v -14.14213562 14.14213562 1.25000000
v -14.06213570 14.00357151 1.25000000
v -14.00357151 14.06213570 1.25000000
v -13.98213577 14.14213562 1.25000000
v -14.03218269 14.25074673 1.25000000
v -14.00357151 14.22213554 1.25000000
v -13.59888554 13.26914883 1.14999998
v -13.43502903 13.43502903 1.14999998
v -13.26914883 13.59888554 1.14999998
v -13.10127068 13.76069450 1.14999998
v -12.93141937 13.92043114 1.14999998
v -12.75961971 14.07807159 1.14999998
v -12.58589935 14.23359108 1.14999998
v -13.68890667 14.58077717 1.25000000
v -13.65601444 14.54788589 1.25000000
v -13.61201954 14.65308571 1.25000000
v -13.57601452 14.52645016 1.25000000
v -13.49601460 14.54788589 1.25000000
v -13.46186543 14.79086494 1.25000000
v -13.43745041 14.60645008 1.25000000
v -13.41601467 14.68645000 1.25000000
v -13.43745041 14.76644993 1.25000000
v -14.98272800 13.24831581 1.50000000
v -14.81902218 13.43117905 1.50000000
v -14.65308571 13.61201954 1.50000000
v -14.23359108 12.58589935 1.50000000
v -14.07807159 12.75961971 1.50000000
v -13.92043114 12.93141937 1.50000000
v -13.76069450 13.10127068 1.50000000
v -14.48494148 13.79081059 1.50000000
v -14.31461620 13.96752453 1.50000000
v -14.14213562 14.14213562 1.50000000
v -13.96752453 14.31461620 1.50000000
v -13.79081059 14.48494148 1.50000000
v -13.59888554 13.26914883 1.50000000
v -13.43502903 13.43502903 1.50000000
v -13.26914883 13.59888554 1.50000000
v -13.61201954 14.65308571 1.50000000
v -13.43117905 14.81902218 1.50000000
v -13.24831581 14.98272800 1.50000000
v -13.10127068 13.76069450 1.50000000
v -12.93141937 13.92043114 1.50000000
v -12.75961971 14.07807159 1.50000000
v -12.58589935 14.23359108 1.50000000
v -12.41028404 14.38696766 1.14999998
v -12.23279953 14.53817844 1.14999998
v -12.05347252 14.68719864 1.14999998
v -11.87233067 14.83400726 1.14999998
v -11.68940067 14.97858238 1.14999998
v -12.41028404 14.38696766 1.50000000
v -12.23279953 14.53817844 1.50000000
v -12.05347252 14.68719864 1.50000000
v -11.87233067 14.83400726 1.50000000
v -11.68940067 14.97858238 1.50000000
v -13.06896114 15.06955528 1.25000000
v -13.10622787 15.10682201 1.25000000
v -13.06345654 15.14417648 1.25000000
v -12.98896122 15.04811954 1.25000000
v -12.90896130 15.06955528 1.25000000
v -12.85039711 15.12811947 1.25000000
v -12.82896137 15.20811939 1.25000000
v -12.87663078 15.30334568 1.25000000
v -12.87061882 15.30834103 1.25000000
v -12.85039711 15.28811932 1.25000000
v -12.50362968 15.60952568 1.25000000
v -13.06345654 15.14417648 1.50000000
v -12.87663078 15.30334568 1.50000000
v -12.68786526 15.46020889 1.50000000
v -11.50471020 15.12090111 1.14999998
v -11.31828690 15.26094341 1.14999998
v -12.46187878 15.56777477 1.25000000
v -12.49718952 15.61474419 1.25000000
v -12.38187885 15.54633904 1.25000000
v -12.30187893 15.56777477 1.25000000
v -12.30463219 15.76692867 1.25000000
v -12.24331474 15.62633896 1.25000000
v -12.22187901 15.70633888 1.25000000
v -12.24331474 15.78633881 1.25000000
v -12.25903797 15.80206203 1.25000000
v -11.88171101 16.08778191 1.25000000
v -11.83570480 16.04177666 1.25000000
v -11.75570488 16.02033997 1.25000000
v -11.67570496 16.04177666 1.25000000
v -11.71595669 16.20914459 1.25000000
v -11.61714077 16.10033989 1.25000000
v -11.59570503 16.18033981 1.25000000
v -11.61714077 16.26033974 1.25000000
v -11.62841034 16.27160835 1.25000000
v -11.13015938 15.39868641 1.14999998
v -10.94035530 15.53411102 1.14999998
v -10.74890423 15.66719723 1.14999998
v -10.55583477 15.79792309 1.14999998
v -10.36117458 15.92626953 1.14999998
v -10.16495514 16.05221748 1.14999998
v -11.24172783 16.54115105 1.25000000
v -11.19140434 16.49082756 1.25000000
v -11.11140442 16.46939278 1.25000000
v -11.03140450 16.49082756 1.25000000
v -10.97284031 16.54939270 1.25000000
v -11.11140442 16.62939262 1.25000000
v -10.95140457 16.62939262 1.25000000
v -10.97968674 16.71623802 1.25000000
v -10.97284031 16.70939255 1.25000000
v -10.58476067 16.96902847 1.25000000
v -10.52997112 16.91423988 1.25000000
v -10.49179363 17.02710342 1.25000000
v -10.44997120 16.89280319 1.25000000
v -10.36997128 16.91423988 1.25000000
v -10.31385136 17.13524818 1.25000000
v -10.31140709 16.97280312 1.25000000
v -10.28997135 17.05280304 1.25000000
v -10.31140709 17.13280296 1.25000000
v -12.49718952 15.61474419 1.50000000
v -12.30463219 15.76692867 1.50000000
v -12.11022091 15.91673851 1.50000000
v -11.91398621 16.06414986 1.50000000
v -11.50471020 15.12090111 1.50000000
v -11.31828690 15.26094341 1.50000000
v -11.71595669 16.20914459 1.50000000
v -11.51616383 16.35169601 1.50000000
v -11.31463623 16.49178696 1.50000000
v -11.13015938 15.39868641 1.50000000
v -10.94035530 15.53411102 1.50000000
v -10.74890423 15.66719723 1.50000000
v -10.55583477 15.79792309 1.50000000
v -10.36117458 15.92626953 1.50000000
v -10.16495514 16.05221748 1.50000000
v -11.11140442 16.62939262 1.50000000
v -10.90649986 16.76449394 1.50000000
v -10.69995213 16.89707184 1.50000000
v -10.49179363 17.02710342 1.50000000
v -10.28205490 17.15457153 1.50000000
v -10.07076740 17.27945709 1.50000000
v -9.96720409 16.17574883 1.14999998
v -9.76795197 16.29684448 1.14999998
v -9.56722927 16.41548347 1.14999998
v -9.36506557 16.53165245 1.14999998
v -9.16149139 16.64533234 1.14999998
v -8.95653820 16.75650406 1.14999998
v -8.75023556 16.86515236 1.14999998
v -9.85242462 17.31135559 1.25000000
v -9.91098881 17.36992073 1.25000000
v -9.91130257 17.37108994 1.25000000
v -9.85796356 17.40173912 1.25000000
v -9.77242470 17.28992081 1.25000000
v -9.69242477 17.31135559 1.25000000
v -9.63386059 17.36992073 1.25000000
v -9.61242485 17.44992065 1.25000000
v -8.54261494 16.97126198 1.14999998
v -8.33370876 17.07481575 1.14999998
v -8.12354660 17.17579651 1.14999998
v -7.91216183 17.27419090 1.14999998
v -7.69958496 17.36998558 1.14999998
v -9.96720409 16.17574883 1.50000000
v -9.76795197 16.29684448 1.50000000
v -9.56722927 16.41548347 1.50000000
v -9.85796356 17.40173912 1.50000000
v -9.36506557 16.53165245 1.50000000
v -9.16149139 16.64533234 1.50000000
v -8.95653820 16.75650406 1.50000000
v -8.75023556 16.86515236 1.50000000
v -8.54261494 16.97126198 1.50000000
v -8.33370876 17.07481575 1.50000000
v -8.12354660 17.17579651 1.50000000
v -7.91216183 17.27419090 1.50000000
v -7.69958496 17.36998558 1.50000000
v -9.64367580 17.52140236 1.25000000
v -9.63311386 17.52713013 1.25000000
v -9.22040749 17.74771881 1.25000000
v -9.15981007 17.68156624 1.25000000
v -9.21837425 17.74013138 1.25000000
v -9.21077442 17.75279236 1.25000000
v -9.07981014 17.66012955 1.25000000
v -8.99981022 17.68156624 1.25000000
v -8.94124603 17.74013138 1.25000000
v -8.99222660 17.86448669 1.25000000
v -8.91981030 17.82013130 1.25000000
v -8.93879223 17.89097214 1.25000000
v -8.45319462 18.02429962 1.25000000
v -8.51175880 18.08286285 1.25000000
v -8.51538849 18.09640884 1.25000000
v -8.37319469 18.00286293 1.25000000
v -8.29319477 18.02429962 1.25000000
v -8.23463058 18.08286285 1.25000000
v -8.32859135 18.18335915 1.25000000
v -8.21319485 18.16286278 1.25000000
v -8.23052788 18.22755051 1.25000000
v -7.79223251 18.39759064 1.25000000
v -7.79743481 18.41700554 1.25000000
v -7.73366880 18.33902740 1.25000000
v -7.65366888 18.31759071 1.25000000
v -7.57366848 18.33902740 1.25000000
v -7.51510477 18.39759064 1.25000000
v -7.65366888 18.47759056 1.25000000
v -7.50940323 18.53631210 1.25000000
v -9.64367580 17.52140236 1.50000000
v -9.42793465 17.63842583 1.50000000
v -9.21077442 17.75279236 1.50000000
v -8.99222660 17.86448669 1.50000000
v -8.77232456 17.97348976 1.50000000
v -8.55110168 18.07978630 1.50000000
v -8.32859135 18.18335915 1.50000000
v -8.10482597 18.28419495 1.50000000
v -7.87984085 18.38227654 1.50000000
v -7.65366888 18.47759056 1.50000000
v -7.48584890 17.46316338 1.14999998
v -7.48584890 17.46316338 1.50000000
v -7.27098513 17.55371094 1.14999998
v -7.05502653 17.64161491 1.14999998
v -6.83800554 17.72686386 1.14999998
v -6.61995506 17.80944061 1.14999998
v -6.40090704 17.88933754 1.14999998
v -7.49366856 18.47759056 1.25000000
v -7.06090498 18.68382645 1.25000000
v -7.06769514 18.70916557 1.25000000
v -7.00234127 18.62526321 1.25000000
v -6.96837378 18.74678040 1.25000000
v -6.92234135 18.60382652 1.25000000
v -6.84234095 18.62526321 1.25000000
v -6.78377724 18.68382645 1.25000000
v -6.76234102 18.76382637 1.25000000
v -6.77652359 18.81675529 1.25000000
v -6.26033974 18.88256645 1.25000000
v -6.31890392 18.94112968 1.25000000
v -6.32730103 18.97246933 1.25000000
v -6.27363491 18.99056435 1.25000000
v -6.18089533 17.96653938 1.14999998
v -5.95995283 18.04103470 1.14999998
v -5.73811293 18.11281395 1.14999998
v -5.51540899 18.18186569 1.14999998
v -5.29187393 18.24818039 1.14999998
v -5.06754255 18.31174469 1.14999998
v -6.18033981 18.86112976 1.25000000
v -6.10033989 18.88256645 1.25000000
v -6.04177570 18.94112968 1.25000000
v -6.02033997 19.02112961 1.25000000
v -6.04011917 19.06612015 1.25000000
v -6.03298759 19.06833267 1.25000000
v -5.56737328 19.16910553 1.25000000
v -5.57039356 19.20861053 1.25000000
v -5.57740164 19.20653152 1.25000000
v -5.50880909 19.11054039 1.25000000
v -5.42880917 19.08910561 1.25000000
v -5.34880877 19.11054039 1.25000000
v -5.33425522 19.27552223 1.25000000
v -5.29024506 19.16910553 1.25000000
v -5.27982712 19.29022408 1.25000000
v -5.26880884 19.24910545 1.25000000
v -7.27098513 17.55371094 1.50000000
v -7.05502653 17.64161491 1.50000000
v -7.42634392 18.57012177 1.50000000
v -7.19790077 18.65985680 1.50000000
v -6.96837378 18.74678040 1.50000000
v -6.83800554 17.72686386 1.50000000
v -6.61995506 17.80944061 1.50000000
v -6.40090704 17.88933754 1.50000000
v -6.73779726 18.83088112 1.50000000
v -6.50620604 18.91214561 1.50000000
v -6.27363491 18.99056435 1.50000000
v -6.18089533 17.96653938 1.50000000
v -5.95995283 18.04103470 1.50000000
v -5.73811293 18.11281395 1.50000000
v -5.51540899 18.18186569 1.50000000
v -5.29187393 18.24818039 1.50000000
v -5.06754255 18.31174469 1.50000000
v -6.04011917 19.06612015 1.50000000
v -5.80569363 19.13880730 1.50000000
v -5.57039356 19.20861053 1.50000000
v -5.33425522 19.27552223 1.50000000
v -5.09731340 19.33952904 1.50000000
v -4.84244776 18.37255287 1.14999998
v -4.61662340 18.43059349 1.14999998
v -4.39010429 18.48585892 1.14999998
v -4.16292334 18.53833961 1.14999998
v -3.93511605 18.58802986 1.14999998
v -4.80747128 19.36739922 1.25000000
v -4.74890709 19.30883408 1.25000000
v -4.66890717 19.28739929 1.25000000
v -4.58890724 19.30883408 1.25000000
v -4.53034306 19.36739922 1.25000000
v -4.81902695 19.41052437 1.25000000
v -4.62116194 19.45879936 1.25000000
v -4.50890732 19.44739914 1.25000000
v -4.51832771 19.48255539 1.25000000
v -3.98180652 19.47714233 1.25000000
v -4.04037046 19.53570557 1.25000000
v -4.05346394 19.58456993 1.25000000
v -3.90180635 19.45570564 1.25000000
v -3.82180643 19.47714233 1.25000000
v -3.90180635 19.61570549 1.25000000
v -3.76324248 19.53570557 1.25000000
v -3.70671606 18.63492012 1.14999998
v -3.47775793 18.67900467 1.14999998
v -3.24827600 18.72027588 1.14999998
v -3.01830482 18.75872612 1.14999998
v -2.78787899 18.79435349 1.14999998
v -2.55703354 18.82715034 1.14999998
v -3.74180651 19.61570549 1.25000000
v -3.74965596 19.64500046 1.25000000
v -3.26725340 19.67376709 1.25000000
v -3.20868921 19.61520195 1.25000000
v -3.12868929 19.59376717 1.25000000
v -3.28192234 19.72851181 1.25000000
v -3.17716289 19.74602890 1.25000000
v -3.04868937 19.61520195 1.25000000
v -2.99012518 19.67376709 1.25000000
v -2.97499132 19.77728653 1.25000000
v -2.96868920 19.75376701 1.25000000
v -2.50559950 19.84215546 1.25000000
v -4.84244776 18.37255287 1.50000000
v -4.61662340 18.43059349 1.50000000
v -4.39010429 18.48585892 1.50000000
v -4.16292334 18.53833961 1.50000000
v -3.93511605 18.58802986 1.50000000
v -4.85960340 19.40062523 1.50000000
v -4.62116194 19.45879936 1.50000000
v -4.38202477 19.51404190 1.50000000
v -4.14222765 19.56634712 1.50000000
v -3.90180635 19.61570549 1.50000000
v -3.70671606 18.63492012 1.50000000
v -3.47775793 18.67900467 1.50000000
v -3.24827600 18.72027588 1.50000000
v -3.66079783 19.66210938 1.50000000
v -3.41923785 19.70555305 1.50000000
v -3.17716289 19.74602890 1.50000000
v -3.01830482 18.75872612 1.50000000
v -2.78787899 18.79435349 1.50000000
v -2.55703354 18.82715034 1.50000000
v -2.93460941 19.78352928 1.50000000
v -2.69161415 19.81805229 1.50000000
v -2.32580280 18.85711098 1.14999998
v -2.09422183 18.88423157 1.14999998
v -1.86232567 18.90851021 1.14999998
v -1.63014889 18.92993927 1.14999998
v -1.39772666 18.94851875 1.14999998
v -2.43074799 19.72280502 1.25000000
v -2.48931193 19.78136826 1.25000000
v -2.35074806 19.70136833 1.25000000
v -2.44821358 19.84959030 1.25000000
v -2.27074790 19.72280502 1.25000000
v -2.21218395 19.78136826 1.25000000
v -2.19074798 19.86137009 1.25000000
v -2.20444417 19.87813950 1.25000000
v -2.19549274 19.87907600 1.25000000
v -1.72570002 19.92535210 1.25000000
v -1.64918196 19.79978180 1.25000000
v -1.56918192 19.77834702 1.25000000
v -1.70774603 19.85834694 1.25000000
v -1.71594620 19.92625237 1.25000000
v -1.48918188 19.79978180 1.25000000
v -1.43061781 19.85834694 1.25000000
v -1.47129130 19.94580841 1.25000000
v -1.40918195 19.93834686 1.25000000
v -1.41225088 19.94980049 1.25000000
v -1.16509402 18.96424484 1.14999998
v -0.93228579 18.97711372 1.14999998
v -0.69933724 18.98712540 1.14999998
v -0.46628335 18.99427795 1.14999998
v -0.23315923 18.99856949 1.14999998
v -0.94331086 19.97754478 1.25000000
v -0.78519630 19.82458115 1.25000000
v -0.92376035 19.90458107 1.25000000
v -0.86519629 19.84601593 1.25000000
v -0.70519632 19.84601593 1.25000000
v -0.73614448 19.98644829 1.25000000
v -0.64663225 19.90458107 1.25000000
v -0.62519634 19.98458099 1.25000000
v -0.62659740 19.98980904 1.25000000
v -0.15973736 19.99901962 1.25000000
v -0.13856407 19.92000008 1.25000000
v -0.08000000 19.86143684 1.25000000
v -2.32580280 18.85711098 1.50000000
v -2.09422183 18.88423157 1.50000000
v -2.44821358 19.84959030 1.50000000
v -2.20444417 19.87813950 1.50000000
v -1.96034276 19.90369415 1.50000000
v -1.86232567 18.90851021 1.50000000
v -1.63014889 18.92993927 1.50000000
v -1.39772666 18.94851875 1.50000000
v -1.71594620 19.92625237 1.50000000
v -1.47129130 19.94580841 1.50000000
v -1.16509402 18.96424484 1.50000000
v -0.93228579 18.97711372 1.50000000
v -0.69933724 18.98712540 1.50000000
v -1.22641468 19.96236229 1.50000000
v -0.98135346 19.97590828 1.50000000
v -0.73614448 19.98644829 1.50000000
v -0.46628335 18.99427795 1.50000000
v -0.23315923 18.99856949 1.50000000
v -0.49082458 19.99397659 1.50000000
v -0.24543077 19.99849319 1.50000000
v 0.00000000 -20.00000000 -1.50000000
v 0.24543077 -19.99849319 -1.50000000
v 0.49082458 -19.99397659 -1.50000000
v 0.00000000 -19.00000000 -1.50000000
v 0.23315923 -18.99856949 -1.50000000
v 0.46628335 -18.99427795 -1.50000000
v 0.73614448 -19.98644829 -1.50000000
v 0.98135346 -19.97590828 -1.50000000
v 1.22641468 -19.96236229 -1.50000000
v 0.69933724 -18.98712540 -1.50000000
v 0.93228579 -18.97711372 -1.50000000
v 1.16509402 -18.96424484 -1.50000000
v 1.47129130 -19.94580841 -1.50000000
v 1.71594620 -19.92625237 -1.50000000
v 1.39772666 -18.94851875 -1.50000000
v 1.63014889 -18.92993927 -1.50000000
v 1.86232567 -18.90851021 -1.50000000
v 1.96034276 -19.90369415 -1.50000000
v 2.20444417 -19.87813950 -1.50000000
v 2.44821358 -19.84959030 -1.50000000
v 2.09422183 -18.88423157 -1.50000000
v 2.32580280 -18.85711098 -1.50000000
v 0.08000000 -19.86143684 -1.25000000
v 0.13856407 -19.92000008 -1.25000000
v 0.15973736 -19.99901962 -1.25000000
v 0.62519634 -19.98458099 -1.25000000
v 0.62659740 -19.98980904 -1.25000000
v 0.64663225 -19.90458107 -1.25000000
v 0.73614448 -19.98644829 -1.25000000
v 0.70519632 -19.84601593 -1.25000000
v 0.86519629 -19.84601593 -1.25000000
v 0.92376035 -19.90458107 -1.25000000
v 0.78519630 -19.82458115 -1.25000000
v 0.94331086 -19.97754478 -1.25000000
v 0.00000000 -19.00000000 -1.14999998
v 0.23315923 -18.99856949 -1.14999998
v 0.46628335 -18.99427795 -1.14999998
v 0.69933724 -18.98712540 -1.14999998
v 0.93228579 -18.97711372 -1.14999998
v 1.16509402 -18.96424484 -1.14999998
v 1.40918195 -19.93834686 -1.25000000
v 1.41225088 -19.94980049 -1.25000000
v 1.47129130 -19.94580841 -1.25000000
v 1.43061781 -19.85834694 -1.25000000
v 1.48918188 -19.79978180 -1.25000000
v 1.71594620 -19.92625237 -1.25000000
v 1.70774603 -19.85834694 -1.25000000
v 1.56918192 -19.77834702 -1.25000000
v 1.64918196 -19.79978180 -1.25000000
v 1.72570002 -19.92535210 -1.25000000
v 2.19074798 -19.86137009 -1.25000000
v 2.20444417 -19.87813950 -1.25000000
v 2.19549274 -19.87907600 -1.25000000
v 2.21218395 -19.78136826 -1.25000000
v 2.27074790 -19.72280502 -1.25000000
v 2.44821358 -19.84959030 -1.25000000
v 2.35074806 -19.70136833 -1.25000000
v 2.48931193 -19.78136826 -1.25000000
v 2.43074799 -19.72280502 -1.25000000
v 1.39772666 -18.94851875 -1.14999998
v 1.63014889 -18.92993927 -1.14999998
v 1.86232567 -18.90851021 -1.14999998
v 2.09422183 -18.88423157 -1.14999998
v 2.32580280 -18.85711098 -1.14999998
v 2.69161415 -19.81805229 -1.50000000
v 2.93460941 -19.78352928 -1.50000000
v 2.55703354 -18.82715034 -1.50000000
v 2.78787899 -18.79435349 -1.50000000
v 3.01830482 -18.75872612 -1.50000000
v 3.17716289 -19.74602890 -1.50000000
v 3.41923785 -19.70555305 -1.50000000
v 3.66079783 -19.66210938 -1.50000000
v 3.24827600 -18.72027588 -1.50000000
v 3.47775793 -18.67900467 -1.50000000
v 3.70671606 -18.63492012 -1.50000000
v 3.90180635 -19.61570549 -1.50000000
v 4.14222765 -19.56634712 -1.50000000
v 4.38202477 -19.51404190 -1.50000000
v 4.62116194 -19.45879936 -1.50000000
v 4.85960340 -19.40062523 -1.50000000
v 3.93511605 -18.58802986 -1.50000000
v 4.16292334 -18.53833961 -1.50000000
v 4.39010429 -18.48585892 -1.50000000
v 4.61662340 -18.43059349 -1.50000000
v 4.84244776 -18.37255287 -1.50000000
v 2.50559950 -19.84215546 -1.25000000
v 2.96868920 -19.75376701 -1.25000000
v 2.97499132 -19.77728653 -1.25000000
v 2.99012518 -19.67376709 -1.25000000
v 3.04868937 -19.61520195 -1.25000000
v 3.17716289 -19.74602890 -1.25000000
v 3.28192234 -19.72851181 -1.25000000
v 3.12868929 -19.59376717 -1.25000000
v 3.20868921 -19.61520195 -1.25000000
v 3.26725340 -19.67376709 -1.25000000
v 3.74180651 -19.61570549 -1.25000000
v 3.74965596 -19.64500046 -1.25000000
v 2.55703354 -18.82715034 -1.14999998
v 2.78787899 -18.79435349 -1.14999998
v 3.01830482 -18.75872612 -1.14999998
v 3.24827600 -18.72027588 -1.14999998
v 3.47775793 -18.67900467 -1.14999998
v 3.70671606 -18.63492012 -1.14999998
v 3.76324248 -19.53570557 -1.25000000
v 3.90180635 -19.61570549 -1.25000000
v 3.82180643 -19.47714233 -1.25000000
v 3.90180635 -19.45570564 -1.25000000
v 4.05346394 -19.58456993 -1.25000000
v 4.04037046 -19.53570557 -1.25000000
v 3.98180652 -19.47714233 -1.25000000
v 4.51832771 -19.48255539 -1.25000000
v 4.50890732 -19.44739914 -1.25000000
v 4.62116194 -19.45879936 -1.25000000
v 4.81902695 -19.41052437 -1.25000000
v 4.53034306 -19.36739922 -1.25000000
v 4.58890724 -19.30883408 -1.25000000
v 4.66890717 -19.28739929 -1.25000000
v 4.74890709 -19.30883408 -1.25000000
v 4.80747128 -19.36739922 -1.25000000
v 3.93511605 -18.58802986 -1.14999998
v 4.16292334 -18.53833961 -1.14999998
v 4.39010429 -18.48585892 -1.14999998
v 4.61662340 -18.43059349 -1.14999998
v 4.84244776 -18.37255287 -1.14999998
v 5.09731340 -19.33952904 -1.50000000
v 5.33425522 -19.27552223 -1.50000000
v 5.57039356 -19.20861053 -1.50000000
v 5.80569363 -19.13880730 -1.50000000
v 6.04011917 -19.06612015 -1.50000000
v 5.06754255 -18.31174469 -1.50000000
v 5.29187393 -18.24818039 -1.50000000
v 5.51540899 -18.18186569 -1.50000000
v 5.73811293 -18.11281395 -1.50000000
v 5.95995283 -18.04103470 -1.50000000
v 6.18089533 -17.96653938 -1.50000000
v 6.27363491 -18.99056435 -1.50000000
v 6.50620604 -18.91214561 -1.50000000
v 6.73779726 -18.83088112 -1.50000000
v 6.40090704 -17.88933754 -1.50000000
v 6.61995506 -17.80944061 -1.50000000
v 6.83800554 -17.72686386 -1.50000000
v 6.96837378 -18.74678040 -1.50000000
v 7.19790077 -18.65985680 -1.50000000
v 7.42634392 -18.57012177 -1.50000000
v 7.05502653 -17.64161491 -1.50000000
v 7.27098513 -17.55371094 -1.50000000
v 5.26880884 -19.24910545 -1.25000000
v 5.27982712 -19.29022408 -1.25000000
v 5.29024506 -19.16910553 -1.25000000
v 5.33425522 -19.27552223 -1.25000000
v 5.34880877 -19.11054039 -1.25000000
v 5.42880917 -19.08910561 -1.25000000
v 5.50880909 -19.11054039 -1.25000000
v 5.57039356 -19.20861053 -1.25000000
v 5.57740164 -19.20653152 -1.25000000
v 5.56737328 -19.16910553 -1.25000000
v 6.04011917 -19.06612015 -1.25000000
v 6.03298759 -19.06833267 -1.25000000
v 6.02033997 -19.02112961 -1.25000000
v 6.04177570 -18.94112968 -1.25000000
v 6.10033989 -18.88256645 -1.25000000
v 6.18033981 -18.86112976 -1.25000000
v 5.06754255 -18.31174469 -1.14999998
v 5.29187393 -18.24818039 -1.14999998
v 5.51540899 -18.18186569 -1.14999998
v 5.73811293 -18.11281395 -1.14999998
v 5.95995283 -18.04103470 -1.14999998
v 6.18089533 -17.96653938 -1.14999998
v 6.27363491 -18.99056435 -1.25000000
v 6.32730103 -18.97246933 -1.25000000
v 6.31890392 -18.94112968 -1.25000000
v 6.26033974 -18.88256645 -1.25000000
v 6.77652359 -18.81675529 -1.25000000
v 6.76234102 -18.76382637 -1.25000000
v 6.78377724 -18.68382645 -1.25000000
v 6.84234095 -18.62526321 -1.25000000
v 6.92234135 -18.60382652 -1.25000000
v 6.96837378 -18.74678040 -1.25000000
v 7.00234127 -18.62526321 -1.25000000
v 7.06090498 -18.68382645 -1.25000000
v 7.06769514 -18.70916557 -1.25000000
v 7.49366856 -18.47759056 -1.25000000
v 6.40090704 -17.88933754 -1.14999998
v 6.61995506 -17.80944061 -1.14999998
v 6.83800554 -17.72686386 -1.14999998
v 7.05502653 -17.64161491 -1.14999998
v 7.27098513 -17.55371094 -1.14999998
v 7.48584890 -17.46316338 -1.50000000
v 7.48584890 -17.46316338 -1.14999998
v 7.65366888 -18.47759056 -1.50000000
v 7.87984085 -18.38227654 -1.50000000
v 8.10482597 -18.28419495 -1.50000000
v 8.32859135 -18.18335915 -1.50000000
v 8.55110168 -18.07978630 -1.50000000
v 8.77232456 -17.97348976 -1.50000000
v 8.99222660 -17.86448669 -1.50000000
v 9.21077442 -17.75279236 -1.50000000
v 9.42793465 -17.63842583 -1.50000000
v 9.64367580 -17.52140236 -1.50000000
v 7.50940323 -18.53631210 -1.25000000
v 7.65366888 -18.47759056 -1.25000000
v 7.51510477 -18.39759064 -1.25000000
v 7.57366848 -18.33902740 -1.25000000
v 7.65366888 -18.31759071 -1.25000000
v 7.73366880 -18.33902740 -1.25000000
v 7.79743481 -18.41700554 -1.25000000
v 7.79223251 -18.39759064 -1.25000000
v 8.23052788 -18.22755051 -1.25000000
v 8.21319485 -18.16286278 -1.25000000
v 8.32859135 -18.18335915 -1.25000000
v 8.23463058 -18.08286285 -1.25000000
v 8.29319477 -18.02429962 -1.25000000
v 8.37319469 -18.00286293 -1.25000000
v 8.51538849 -18.09640884 -1.25000000
v 8.51175880 -18.08286285 -1.25000000
v 8.45319462 -18.02429962 -1.25000000
v 8.93879223 -17.89097214 -1.25000000
v 8.91981030 -17.82013130 -1.25000000
v 8.99222660 -17.86448669 -1.25000000
v 8.94124603 -17.74013138 -1.25000000
v 8.99981022 -17.68156624 -1.25000000
v 9.07981014 -17.66012955 -1.25000000
v 9.21837425 -17.74013138 -1.25000000
v 9.21077442 -17.75279236 -1.25000000
v 9.15981007 -17.68156624 -1.25000000
v 9.22040749 -17.74771881 -1.25000000
v 9.64367580 -17.52140236 -1.25000000
v 9.63311386 -17.52713013 -1.25000000
v 7.69958496 -17.36998558 -1.50000000
v 7.91216183 -17.27419090 -1.50000000
v 8.12354660 -17.17579651 -1.50000000
v 8.33370876 -17.07481575 -1.50000000
v 8.54261494 -16.97126198 -1.50000000
v 8.75023556 -16.86515236 -1.50000000
v 8.95653820 -16.75650406 -1.50000000
v 9.16149139 -16.64533234 -1.50000000
v 9.36506557 -16.53165245 -1.50000000
v 9.85796356 -17.40173912 -1.50000000
v 9.56722927 -16.41548347 -1.50000000
v 9.76795197 -16.29684448 -1.50000000
v 9.96720409 -16.17574883 -1.50000000
v 7.69958496 -17.36998558 -1.14999998
v 7.91216183 -17.27419090 -1.14999998
v 8.12354660 -17.17579651 -1.14999998
v 8.33370876 -17.07481575 -1.14999998
v 8.54261494 -16.97126198 -1.14999998
v 9.61242485 -17.44992065 -1.25000000
v 9.63386059 -17.36992073 -1.25000000
v 9.69242477 -17.31135559 -1.25000000
v 9.77242470 -17.28992081 -1.25000000
v 9.85796356 -17.40173912 -1.25000000
v 9.91098881 -17.36992073 -1.25000000
v 9.91130257 -17.37108994 -1.25000000
v 9.85242462 -17.31135559 -1.25000000
v 8.75023556 -16.86515236 -1.14999998
v 8.95653820 -16.75650406 -1.14999998
v 9.16149139 -16.64533234 -1.14999998
v 9.36506557 -16.53165245 -1.14999998
v 9.56722927 -16.41548347 -1.14999998
v 9.76795197 -16.29684448 -1.14999998
v 9.96720409 -16.17574883 -1.14999998
v 10.07076740 -17.27945709 -1.50000000
v 10.28205490 -17.15457153 -1.50000000
v 10.49179363 -17.02710342 -1.50000000
v 10.69995213 -16.89707184 -1.50000000
v 10.90649986 -16.76449394 -1.50000000
v 11.11140442 -16.62939262 -1.50000000
v 10.16495514 -16.05221748 -1.50000000
v 10.36117458 -15.92626953 -1.50000000
v 10.55583477 -15.79792309 -1.50000000
v 10.74890423 -15.66719723 -1.50000000
v 10.94035530 -15.53411102 -1.50000000
v 11.13015938 -15.39868641 -1.50000000
v 11.31463623 -16.49178696 -1.50000000
v 11.51616383 -16.35169601 -1.50000000
v 11.71595669 -16.20914459 -1.50000000
v 11.31828690 -15.26094341 -1.50000000
v 11.50471020 -15.12090111 -1.50000000
v 11.91398621 -16.06414986 -1.50000000
v 12.11022091 -15.91673851 -1.50000000
v 12.30463219 -15.76692867 -1.50000000
v 12.49718952 -15.61474419 -1.50000000
v 10.31140709 -17.13280296 -1.25000000
v 10.28997135 -17.05280304 -1.25000000
v 10.31140709 -16.97280312 -1.25000000
v 10.31385136 -17.13524818 -1.25000000
v 10.36997128 -16.91423988 -1.25000000
v 10.44997120 -16.89280319 -1.25000000
v 10.49179363 -17.02710342 -1.25000000
v 10.52997112 -16.91423988 -1.25000000
v 10.58476067 -16.96902847 -1.25000000
v 10.97284031 -16.70939255 -1.25000000
v 10.97968674 -16.71623802 -1.25000000
v 10.95140457 -16.62939262 -1.25000000
v 11.11140442 -16.62939262 -1.25000000
v 10.97284031 -16.54939270 -1.25000000
v 11.03140450 -16.49082756 -1.25000000
v 11.11140442 -16.46939278 -1.25000000
v 11.19140434 -16.49082756 -1.25000000
v 11.24172783 -16.54115105 -1.25000000
v 10.16495514 -16.05221748 -1.14999998
v 10.36117458 -15.92626953 -1.14999998
v 10.55583477 -15.79792309 -1.14999998
v 10.74890423 -15.66719723 -1.14999998
v 10.94035530 -15.53411102 -1.14999998
v 11.13015938 -15.39868641 -1.14999998
v 11.61714077 -16.26033974 -1.25000000
v 11.62841034 -16.27160835 -1.25000000
v 11.59570503 -16.18033981 -1.25000000
v 11.61714077 -16.10033989 -1.25000000
v 11.71595669 -16.20914459 -1.25000000
v 11.67570496 -16.04177666 -1.25000000
v 11.75570488 -16.02033997 -1.25000000
v 11.83570480 -16.04177666 -1.25000000
v 11.88171101 -16.08778191 -1.25000000
v 12.24331474 -15.78633881 -1.25000000
v 12.25903797 -15.80206203 -1.25000000
v 12.22187901 -15.70633888 -1.25000000
v 12.24331474 -15.62633896 -1.25000000
v 12.30463219 -15.76692867 -1.25000000
v 12.30187893 -15.56777477 -1.25000000
v 12.38187885 -15.54633904 -1.25000000
v 12.49718952 -15.61474419 -1.25000000
v 12.46187878 -15.56777477 -1.25000000
v 11.31828690 -15.26094341 -1.14999998
v 11.50471020 -15.12090111 -1.14999998
v 12.68786526 -15.46020889 -1.50000000
v 12.87663078 -15.30334568 -1.50000000
v 13.06345654 -15.14417648 -1.50000000
v 12.50362968 -15.60952568 -1.25000000
v 12.85039711 -15.28811932 -1.25000000
v 12.87663078 -15.30334568 -1.25000000
v 12.87061882 -15.30834103 -1.25000000
v 12.82896137 -15.20811939 -1.25000000
v 12.85039711 -15.12811947 -1.25000000
v 12.90896130 -15.06955528 -1.25000000
v 12.98896122 -15.04811954 -1.25000000
v 13.06345654 -15.14417648 -1.25000000
v 13.10622787 -15.10682201 -1.25000000
v 13.06896114 -15.06955528 -1.25000000
v 11.68940067 -14.97858238 -1.50000000
v 11.87233067 -14.83400726 -1.50000000
v 12.05347252 -14.68719864 -1.50000000
v 12.23279953 -14.53817844 -1.50000000
v 12.41028404 -14.38696766 -1.50000000
v 11.68940067 -14.97858238 -1.14999998
v 11.87233067 -14.83400726 -1.14999998
v 12.05347252 -14.68719864 -1.14999998
v 12.23279953 -14.53817844 -1.14999998
v 12.41028404 -14.38696766 -1.14999998
v 12.58589935 -14.23359108 -1.50000000
v 12.75961971 -14.07807159 -1.50000000
v 12.93141937 -13.92043114 -1.50000000
v 13.10127068 -13.76069450 -1.50000000
v 13.24831581 -14.98272800 -1.50000000
v 13.43117905 -14.81902218 -1.50000000
v 13.61201954 -14.65308571 -1.50000000
v 13.26914883 -13.59888554 -1.50000000
v 13.43502903 -13.43502903 -1.50000000
v 13.59888554 -13.26914883 -1.50000000
v 13.79081059 -14.48494148 -1.50000000
v 13.96752453 -14.31461620 -1.50000000
v 14.14213562 -14.14213562 -1.50000000
v 14.31461620 -13.96752453 -1.50000000
v 14.48494148 -13.79081059 -1.50000000
v 13.76069450 -13.10127068 -1.50000000
v 13.92043114 -12.93141937 -1.50000000
v 14.07807159 -12.75961971 -1.50000000
v 14.23359108 -12.58589935 -1.50000000
v 14.65308571 -13.61201954 -1.50000000
v 14.81902218 -13.43117905 -1.50000000
v 14.98272800 -13.24831581 -1.50000000
v 13.43745041 -14.76644993 -1.25000000
v 13.41601467 -14.68645000 -1.25000000
v 13.43745041 -14.60645008 -1.25000000
v 13.46186543 -14.79086494 -1.25000000
v 13.49601460 -14.54788589 -1.25000000
v 13.57601452 -14.52645016 -1.25000000
v 13.61201954 -14.65308571 -1.25000000
v 13.65601444 -14.54788589 -1.25000000
v 13.68890667 -14.58077717 -1.25000000
v 12.58589935 -14.23359108 -1.14999998
v 12.75961971 -14.07807159 -1.14999998
v 12.93141937 -13.92043114 -1.14999998
v 13.10127068 -13.76069450 -1.14999998
v 13.26914883 -13.59888554 -1.14999998
v 13.43502903 -13.43502903 -1.14999998
v 13.59888554 -13.26914883 -1.14999998
v 14.00357151 -14.22213554 -1.25000000
v 14.03218269 -14.25074673 -1.25000000
v 13.98213577 -14.14213562 -1.25000000
v 14.00357151 -14.06213570 -1.25000000
v 14.06213570 -14.00357151 -1.25000000
v 14.14213562 -14.14213562 -1.25000000
v 14.14213562 -13.98213577 -1.25000000
v 14.25074673 -14.03218269 -1.25000000
v 14.22213554 -14.00357151 -1.25000000
v 14.52645016 -13.57601452 -1.25000000
v 14.58077717 -13.68890667 -1.25000000
v 14.54788589 -13.65601444 -1.25000000
v 14.65308571 -13.61201954 -1.25000000
v 14.54788589 -13.49601460 -1.25000000
v 14.60645008 -13.43745041 -1.25000000
v 14.68645000 -13.41601467 -1.25000000
v 14.79086494 -13.46186543 -1.25000000
v 14.76644993 -13.43745041 -1.25000000
v 13.76069450 -13.10127068 -1.14999998
v 13.92043114 -12.93141937 -1.14999998
v 14.07807159 -12.75961971 -1.14999998
v 14.23359108 -12.58589935 -1.14999998
v 14.38696766 -12.41028404 -1.50000000
v 14.53817844 -12.23279953 -1.50000000
v 14.68719864 -12.05347252 -1.50000000
v 14.83400726 -11.87233067 -1.50000000
v 14.97858238 -11.68940067 -1.50000000
v 14.38696766 -12.41028404 -1.14999998
v 14.53817844 -12.23279953 -1.14999998
v 14.68719864 -12.05347252 -1.14999998
v 14.83400726 -11.87233067 -1.14999998
v 14.97858238 -11.68940067 -1.14999998
v 15.14417648 -13.06345654 -1.50000000
v 15.30334568 -12.87663078 -1.50000000
v 15.46020889 -12.68786526 -1.50000000
v 15.06955528 -13.06896114 -1.25000000
v 15.04811954 -12.98896122 -1.25000000
v 15.10682201 -13.10622787 -1.25000000
v 15.14417648 -13.06345654 -1.25000000
v 15.06955528 -12.90896130 -1.25000000
v 15.12811947 -12.85039711 -1.25000000
v 15.20811939 -12.82896137 -1.25000000
v 15.30334568 -12.87663078 -1.25000000
v 15.30834103 -12.87061882 -1.25000000
v 15.28811932 -12.85039711 -1.25000000
v 15.60952568 -12.50362968 -1.25000000
v 15.61474419 -12.49718952 -1.50000000
v 15.12090111 -11.50471020 -1.50000000
v 15.26094341 -11.31828690 -1.50000000
v 15.76692867 -12.30463219 -1.50000000
v 15.91673851 -12.11022091 -1.50000000
v 16.06414986 -11.91398621 -1.50000000
v 16.20914459 -11.71595669 -1.50000000
v 15.39868641 -11.13015938 -1.50000000
v 15.53411102 -10.94035530 -1.50000000
v 15.66719723 -10.74890423 -1.50000000
v 15.79792309 -10.55583477 -1.50000000
v 15.92626953 -10.36117458 -1.50000000
v 16.05221748 -10.16495514 -1.50000000
v 16.35169601 -11.51616383 -1.50000000
v 16.49178696 -11.31463623 -1.50000000
v 16.62939262 -11.11140442 -1.50000000
v 16.76449394 -10.90649986 -1.50000000
v 16.89707184 -10.69995213 -1.50000000
v 17.02710342 -10.49179363 -1.50000000
v 17.15457153 -10.28205490 -1.50000000
v 17.27945709 -10.07076740 -1.50000000
v 15.54633904 -12.38187885 -1.25000000
v 15.56777477 -12.46187878 -1.25000000
v 15.61474419 -12.49718952 -1.25000000
v 15.56777477 -12.30187893 -1.25000000
v 15.62633896 -12.24331474 -1.25000000
v 15.76692867 -12.30463219 -1.25000000
v 15.70633888 -12.22187901 -1.25000000
v 15.78633881 -12.24331474 -1.25000000
v 15.80206203 -12.25903797 -1.25000000
v 16.08778191 -11.88171101 -1.25000000
v 16.04177666 -11.83570480 -1.25000000
v 16.02033997 -11.75570488 -1.25000000
v 16.04177666 -11.67570496 -1.25000000
v 16.10033989 -11.61714077 -1.25000000
v 16.20914459 -11.71595669 -1.25000000
v 16.18033981 -11.59570503 -1.25000000
v 15.12090111 -11.50471020 -1.14999998
v 15.26094341 -11.31828690 -1.14999998
v 15.39868641 -11.13015938 -1.14999998
v 15.53411102 -10.94035530 -1.14999998
v 15.66719723 -10.74890423 -1.14999998
v 15.79792309 -10.55583477 -1.14999998
v 15.92626953 -10.36117458 -1.14999998
v 16.05221748 -10.16495514 -1.14999998
v 16.26033974 -11.61714077 -1.25000000
v 16.27160835 -11.62841034 -1.25000000
v 16.46939278 -11.11140442 -1.25000000
v 16.49082756 -11.19140434 -1.25000000
v 16.54115105 -11.24172783 -1.25000000
v 16.49082756 -11.03140450 -1.25000000
v 16.54939270 -10.97284031 -1.25000000
v 16.62939262 -11.11140442 -1.25000000
v 16.62939262 -10.95140457 -1.25000000
v 16.71623802 -10.97968674 -1.25000000
v 16.70939255 -10.97284031 -1.25000000
v 16.91423988 -10.52997112 -1.25000000
v 16.96902847 -10.58476067 -1.25000000
v 17.02710342 -10.49179363 -1.25000000
v 16.89280319 -10.44997120 -1.25000000
v 16.91423988 -10.36997128 -1.25000000
v 17.13524818 -10.31385136 -1.25000000
v 16.97280312 -10.31140709 -1.25000000
v 17.05280304 -10.28997135 -1.25000000
v 17.13280296 -10.31140709 -1.25000000
v 16.17574883 -9.96720409 -1.50000000
v 16.29684448 -9.76795197 -1.50000000
v 16.41548347 -9.56722927 -1.50000000
v 16.53165245 -9.36506557 -1.50000000
v 16.64533234 -9.16149139 -1.50000000
v 16.75650406 -8.95653820 -1.50000000
v 16.86515236 -8.75023556 -1.50000000
v 17.40173912 -9.85796356 -1.50000000
v 16.97126198 -8.54261494 -1.50000000
v 17.07481575 -8.33370876 -1.50000000
v 17.17579651 -8.12354660 -1.50000000
v 17.27419090 -7.91216183 -1.50000000
v 17.36998558 -7.69958496 -1.50000000
v 16.17574883 -9.96720409 -1.14999998
v 17.31135559 -9.85242462 -1.25000000
v 17.28992081 -9.77242470 -1.25000000
v 17.31135559 -9.69242477 -1.25000000
v 17.36992073 -9.91098881 -1.25000000
v 17.37108994 -9.91130257 -1.25000000
v 17.40173912 -9.85796356 -1.25000000
v 17.36992073 -9.63386059 -1.25000000
v 17.44992065 -9.61242485 -1.25000000
v 16.29684448 -9.76795197 -1.14999998
v 16.41548347 -9.56722927 -1.14999998
v 16.53165245 -9.36506557 -1.14999998
v 16.64533234 -9.16149139 -1.14999998
v 16.75650406 -8.95653820 -1.14999998
v 16.86515236 -8.75023556 -1.14999998
v 16.97126198 -8.54261494 -1.14999998
v 17.07481575 -8.33370876 -1.14999998
v 17.17579651 -8.12354660 -1.14999998
v 17.27419090 -7.91216183 -1.14999998
v 17.36998558 -7.69958496 -1.14999998
v 17.46316338 -7.48584890 -1.50000000
v 17.46316338 -7.48584890 -1.14999998
v 17.52140236 -9.64367580 -1.50000000
v 17.63842583 -9.42793465 -1.50000000
v 17.75279236 -9.21077442 -1.50000000
v 17.86448669 -8.99222660 -1.50000000
v 17.97348976 -8.77232456 -1.50000000
v 18.07978630 -8.55110168 -1.50000000
v 18.18335915 -8.32859135 -1.50000000
v 18.28419495 -8.10482597 -1.50000000
v 18.38227654 -7.87984085 -1.50000000
v 18.47759056 -7.65366888 -1.50000000
v 17.52140236 -9.64367580 -1.25000000
v 17.52713013 -9.63311386 -1.25000000
v 17.74771881 -9.22040749 -1.25000000
v 17.68156624 -9.15981007 -1.25000000
v 17.66012955 -9.07981014 -1.25000000
v 17.74013138 -9.21837425 -1.25000000
v 17.75279236 -9.21077442 -1.25000000
v 17.68156624 -8.99981022 -1.25000000
v 17.74013138 -8.94124603 -1.25000000
v 17.86448669 -8.99222660 -1.25000000
v 17.82013130 -8.91981030 -1.25000000
v 17.89097214 -8.93879223 -1.25000000
v 18.02429962 -8.45319462 -1.25000000
v 18.08286285 -8.51175880 -1.25000000
v 18.09640884 -8.51538849 -1.25000000
v 18.00286293 -8.37319469 -1.25000000
v 18.02429962 -8.29319477 -1.25000000
v 18.08286285 -8.23463058 -1.25000000
v 18.18335915 -8.32859135 -1.25000000
v 18.16286278 -8.21319485 -1.25000000
v 18.22755051 -8.23052788 -1.25000000
v 18.33902740 -7.73366880 -1.25000000
v 18.39759064 -7.79223251 -1.25000000
v 18.41700554 -7.79743481 -1.25000000
v 18.31759071 -7.65366888 -1.25000000
v 18.33902740 -7.57366848 -1.25000000
v 18.39759064 -7.51510477 -1.25000000
v 18.47759056 -7.65366888 -1.25000000
v 18.53631210 -7.50940323 -1.25000000
v 17.55371094 -7.27098513 -1.50000000
v 17.64161491 -7.05502653 -1.50000000
v 17.72686386 -6.83800554 -1.50000000
v 17.80944061 -6.61995506 -1.50000000
v 17.88933754 -6.40090704 -1.50000000
v 18.57012177 -7.42634392 -1.50000000
v 18.65985680 -7.19790077 -1.50000000
v 18.74678040 -6.96837378 -1.50000000
v 17.96653938 -6.18089533 -1.50000000
v 18.04103470 -5.95995283 -1.50000000
v 18.11281395 -5.73811293 -1.50000000
v 18.18186569 -5.51540899 -1.50000000
v 18.24818039 -5.29187393 -1.50000000
v 18.31174469 -5.06754255 -1.50000000
v 18.83088112 -6.73779726 -1.50000000
v 18.91214561 -6.50620604 -1.50000000
v 18.99056435 -6.27363491 -1.50000000
v 19.06612015 -6.04011917 -1.50000000
v 19.13880730 -5.80569363 -1.50000000
v 19.20861053 -5.57039356 -1.50000000
v 19.27552223 -5.33425522 -1.50000000
v 19.33952904 -5.09731340 -1.50000000
v 18.47759056 -7.49366856 -1.25000000
v 18.68382645 -7.06090498 -1.25000000
v 18.70916557 -7.06769514 -1.25000000
v 18.62526321 -7.00234127 -1.25000000
v 18.60382652 -6.92234135 -1.25000000
v 18.74678040 -6.96837378 -1.25000000
v 18.62526321 -6.84234095 -1.25000000
v 18.68382645 -6.78377724 -1.25000000
v 17.55371094 -7.27098513 -1.14999998
v 17.64161491 -7.05502653 -1.14999998
v 17.72686386 -6.83800554 -1.14999998
v 17.80944061 -6.61995506 -1.14999998
v 17.88933754 -6.40090704 -1.14999998
v 17.96653938 -6.18089533 -1.14999998
v 18.04103470 -5.95995283 -1.14999998
v 18.11281395 -5.73811293 -1.14999998
v 18.18186569 -5.51540899 -1.14999998
v 18.24818039 -5.29187393 -1.14999998
v 18.31174469 -5.06754255 -1.14999998
v 18.76382637 -6.76234102 -1.25000000
v 18.81675529 -6.77652359 -1.25000000
v 18.88256645 -6.26033974 -1.25000000
v 18.94112968 -6.31890392 -1.25000000
v 18.97246933 -6.32730103 -1.25000000
v 18.99056435 -6.27363491 -1.25000000
v 18.86112976 -6.18033981 -1.25000000
v 18.88256645 -6.10033989 -1.25000000
v 18.94112968 -6.04177570 -1.25000000
v 19.02112961 -6.02033997 -1.25000000
v 19.06612015 -6.04011917 -1.25000000
v 19.06833267 -6.03298759 -1.25000000
v 19.11054039 -5.50880909 -1.25000000
v 19.16910553 -5.56737328 -1.25000000
v 19.20861053 -5.57039356 -1.25000000
v 19.20653152 -5.57740164 -1.25000000
v 19.08910561 -5.42880917 -1.25000000
v 19.11054039 -5.34880877 -1.25000000
v 19.27552223 -5.33425522 -1.25000000
v 19.16910553 -5.29024506 -1.25000000
v 19.24910545 -5.26880884 -1.25000000
v 19.29022408 -5.27982712 -1.25000000
v 18.37255287 -4.84244776 -1.50000000
v 18.43059349 -4.61662340 -1.50000000
v 18.48585892 -4.39010429 -1.50000000
v 18.53833961 -4.16292334 -1.50000000
v 18.58802986 -3.93511605 -1.50000000
v 18.63492012 -3.70671606 -1.50000000
v 18.67900467 -3.47775793 -1.50000000
v 18.72027588 -3.24827600 -1.50000000
v 19.40062523 -4.85960340 -1.50000000
v 19.45879936 -4.62116194 -1.50000000
v 19.51404190 -4.38202477 -1.50000000
v 19.56634712 -4.14222765 -1.50000000
v 19.61570549 -3.90180635 -1.50000000
v 18.75872612 -3.01830482 -1.50000000
v 18.79435349 -2.78787899 -1.50000000
v 18.82715034 -2.55703354 -1.50000000
v 19.66210938 -3.66079783 -1.50000000
v 19.70555305 -3.41923785 -1.50000000
v 19.74602890 -3.17716289 -1.50000000
v 19.78352928 -2.93460941 -1.50000000
v 19.81805229 -2.69161415 -1.50000000
v 18.37255287 -4.84244776 -1.14999998
v 18.43059349 -4.61662340 -1.14999998
v 18.48585892 -4.39010429 -1.14999998
v 18.53833961 -4.16292334 -1.14999998
v 18.58802986 -3.93511605 -1.14999998
v 18.63492012 -3.70671606 -1.14999998
v 18.67900467 -3.47775793 -1.14999998
v 18.72027588 -3.24827600 -1.14999998
v 19.36739922 -4.80747128 -1.25000000
v 19.30883408 -4.74890709 -1.25000000
v 19.28739929 -4.66890717 -1.25000000
v 19.30883408 -4.58890724 -1.25000000
v 19.36739922 -4.53034306 -1.25000000
v 19.41052437 -4.81902695 -1.25000000
v 19.45879936 -4.62116194 -1.25000000
v 19.44739914 -4.50890732 -1.25000000
v 19.48255539 -4.51832771 -1.25000000
v 19.47714233 -3.98180652 -1.25000000
v 19.45570564 -3.90180635 -1.25000000
v 19.47714233 -3.82180643 -1.25000000
v 19.53570557 -4.04037046 -1.25000000
v 19.58456993 -4.05346394 -1.25000000
v 19.53570557 -3.76324248 -1.25000000
v 19.61570549 -3.90180635 -1.25000000
v 19.61570549 -3.74180651 -1.25000000
v 19.64500046 -3.74965596 -1.25000000
v 19.59376717 -3.12868929 -1.25000000
v 19.61520195 -3.20868921 -1.25000000
v 19.67376709 -3.26725340 -1.25000000
v 19.72851181 -3.28192234 -1.25000000
v 19.74602890 -3.17716289 -1.25000000
v 19.61520195 -3.04868937 -1.25000000
v 19.67376709 -2.99012518 -1.25000000
v 19.77728653 -2.97499132 -1.25000000
v 19.75376701 -2.96868920 -1.25000000
v 19.84215546 -2.50559950 -1.25000000
v 18.75872612 -3.01830482 -1.14999998
v 18.79435349 -2.78787899 -1.14999998
v 18.82715034 -2.55703354 -1.14999998
v 18.85711098 -2.32580280 -1.50000000
v 18.88423157 -2.09422183 -1.50000000
v 18.90851021 -1.86232567 -1.50000000
v 18.92993927 -1.63014889 -1.50000000
v 18.94851875 -1.39772666 -1.50000000
v 19.84959030 -2.44821358 -1.50000000
v 19.87813950 -2.20444417 -1.50000000
v 19.90369415 -1.96034276 -1.50000000
v 19.92625237 -1.71594620 -1.50000000
v 19.94580841 -1.47129130 -1.50000000
v 18.96424484 -1.16509402 -1.50000000
v 18.97711372 -0.93228579 -1.50000000
v 18.98712540 -0.69933724 -1.50000000
v 18.99427795 -0.46628335 -1.50000000
v 18.99856949 -0.23315923 -1.50000000
v 19.96236229 -1.22641468 -1.50000000
v 19.97590828 -0.98135346 -1.50000000
v 19.98644829 -0.73614448 -1.50000000
v 19.99397659 -0.49082458 -1.50000000
v 19.99849319 -0.24543077 -1.50000000
v 19.72280502 -2.43074799 -1.25000000
v 19.70136833 -2.35074806 -1.25000000
v 19.78136826 -2.48931193 -1.25000000
v 19.72280502 -2.27074790 -1.25000000
v 19.78136826 -2.21218395 -1.25000000
v 19.84959030 -2.44821358 -1.25000000
v 19.86137009 -2.19074798 -1.25000000
v 19.87813950 -2.20444417 -1.25000000
v 19.87907600 -2.19549274 -1.25000000
v 19.79978180 -1.64918196 -1.25000000
v 19.77834702 -1.56918192 -1.25000000
v 19.92535210 -1.72570002 -1.25000000
v 19.85834694 -1.70774603 -1.25000000
v 19.92625237 -1.71594620 -1.25000000
v 19.79978180 -1.48918188 -1.25000000
v 19.85834694 -1.43061781 -1.25000000
v 19.94580841 -1.47129130 -1.25000000
v 19.93834686 -1.40918195 -1.25000000
v 19.94980049 -1.41225088 -1.25000000
v 18.85711098 -2.32580280 -1.14999998
v 18.88423157 -2.09422183 -1.14999998
v 18.90851021 -1.86232567 -1.14999998
v 18.92993927 -1.63014889 -1.14999998
v 18.94851875 -1.39772666 -1.14999998
v 19.97754478 -0.94331086 -1.25000000
v 19.82458115 -0.78519630 -1.25000000
v 19.84601593 -0.86519629 -1.25000000
v 19.90458107 -0.92376035 -1.25000000
v 19.84601593 -0.70519632 -1.25000000
v 19.90458107 -0.64663225 -1.25000000
v 19.98644829 -0.73614448 -1.25000000
v 19.98458099 -0.62519634 -1.25000000
v 19.98980904 -0.62659740 -1.25000000
v 19.99901962 -0.15973736 -1.25000000
v 19.86143684 -0.08000000 -1.25000000
v 19.92000008 -0.13856407 -1.25000000
v 18.96424484 -1.16509402 -1.14999998
v 18.97711372 -0.93228579 -1.14999998
v 18.98712540 -0.69933724 -1.14999998
v 18.99427795 -0.46628335 -1.14999998
v 18.99856949 -0.23315923 -1.14999998
v 0.00000000 -19.00000000 1.14999998
v 0.23315923 -18.99856949 1.14999998
v 0.46628335 -18.99427795 1.14999998
v 0.69933724 -18.98712540 1.14999998
v 0.93228579 -18.97711372 1.14999998
v 1.16509402 -18.96424484 1.14999998
v 0.00000000 -20.00000000 1.25000000
v 0.08000000 -19.86143684 1.25000000
v 0.13856407 -19.92000008 1.25000000
v 0.15973736 -19.99901962 1.25000000
v 0.62519634 -19.98458099 1.25000000
v 0.62659740 -19.98980904 1.25000000
v 0.64663225 -19.90458107 1.25000000
v 0.73614448 -19.98644829 1.25000000
v 0.70519632 -19.84601593 1.25000000
v 0.86519629 -19.84601593 1.25000000
v 0.92376035 -19.90458107 1.25000000
v 0.78519630 -19.82458115 1.25000000
v 0.94331086 -19.97754478 1.25000000
v 1.39772666 -18.94851875 1.14999998
v 1.63014889 -18.92993927 1.14999998
v 1.86232567 -18.90851021 1.14999998
v 2.09422183 -18.88423157 1.14999998
v 2.32580280 -18.85711098 1.14999998
v 1.40918195 -19.93834686 1.25000000
v 1.41225088 -19.94980049 1.25000000
v 1.47129130 -19.94580841 1.25000000
v 1.43061781 -19.85834694 1.25000000
v 1.48918188 -19.79978180 1.25000000
v 1.71594620 -19.92625237 1.25000000
v 1.70774603 -19.85834694 1.25000000
v 1.56918192 -19.77834702 1.25000000
v 1.64918196 -19.79978180 1.25000000
v 1.72570002 -19.92535210 1.25000000
v 2.19074798 -19.86137009 1.25000000
v 2.20444417 -19.87813950 1.25000000
v 2.19549274 -19.87907600 1.25000000
v 2.21218395 -19.78136826 1.25000000
v 2.27074790 -19.72280502 1.25000000
v 2.44821358 -19.84959030 1.25000000
v 2.35074806 -19.70136833 1.25000000
v 2.48931193 -19.78136826 1.25000000
v 2.43074799 -19.72280502 1.25000000
v 0.00000000 -20.00000000 1.50000000
v 0.24543077 -19.99849319 1.50000000
v 0.49082458 -19.99397659 1.50000000
v 0.00000000 -19.00000000 1.50000000
v 0.23315923 -18.99856949 1.50000000
v 0.46628335 -18.99427795 1.50000000
v 0.73614448 -19.98644829 1.50000000
v 0.98135346 -19.97590828 1.50000000
v 1.22641468 -19.96236229 1.50000000
v 0.69933724 -18.98712540 1.50000000
v 0.93228579 -18.97711372 1.50000000
v 1.16509402 -18.96424484 1.50000000
v 1.47129130 -19.94580841 1.50000000
v 1.71594620 -19.92625237 1.50000000
v 1.39772666 -18.94851875 1.50000000
v 1.63014889 -18.92993927 1.50000000
v 1.86232567 -18.90851021 1.50000000
v 1.96034276 -19.90369415 1.50000000
v 2.20444417 -19.87813950 1.50000000
v 2.44821358 -19.84959030 1.50000000
v 2.09422183 -18.88423157 1.50000000
v 2.32580280 -18.85711098 1.50000000
v 2.55703354 -18.82715034 1.14999998
v 2.78787899 -18.79435349 1.14999998
v 3.01830482 -18.75872612 1.14999998
v 2.50559950 -19.84215546 1.25000000
v 2.96868920 -19.75376701 1.25000000
v 2.97499132 -19.77728653 1.25000000
v 2.99012518 -19.67376709 1.25000000
v 3.04868937 -19.61520195 1.25000000
v 3.17716289 -19.74602890 1.25000000
v 3.28192234 -19.72851181 1.25000000
v 3.12868929 -19.59376717 1.25000000
v 3.20868921 -19.61520195 1.25000000
v 3.26725340 -19.67376709 1.25000000
v 3.74180651 -19.61570549 1.25000000
v 3.74965596 -19.64500046 1.25000000
v 3.24827600 -18.72027588 1.14999998
v 3.47775793 -18.67900467 1.14999998
v 3.70671606 -18.63492012 1.14999998
v 3.76324248 -19.53570557 1.25000000
v 3.90180635 -19.61570549 1.25000000
v 3.82180643 -19.47714233 1.25000000
v 3.90180635 -19.45570564 1.25000000
v 4.05346394 -19.58456993 1.25000000
v 4.04037046 -19.53570557 1.25000000
v 3.98180652 -19.47714233 1.25000000
v 4.51832771 -19.48255539 1.25000000
v 4.50890732 -19.44739914 1.25000000
v 4.62116194 -19.45879936 1.25000000
v 4.81902695 -19.41052437 1.25000000
v 4.53034306 -19.36739922 1.25000000
v 4.58890724 -19.30883408 1.25000000
v 4.66890717 -19.28739929 1.25000000
v 4.74890709 -19.30883408 1.25000000
v 4.80747128 -19.36739922 1.25000000
v 3.93511605 -18.58802986 1.14999998
v 4.16292334 -18.53833961 1.14999998
v 4.39010429 -18.48585892 1.14999998
v 4.61662340 -18.43059349 1.14999998
v 4.84244776 -18.37255287 1.14999998
v 2.69161415 -19.81805229 1.50000000
v 2.93460941 -19.78352928 1.50000000
v 2.55703354 -18.82715034 1.50000000
v 2.78787899 -18.79435349 1.50000000
v 3.01830482 -18.75872612 1.50000000
v 3.17716289 -19.74602890 1.50000000
v 3.41923785 -19.70555305 1.50000000
v 3.66079783 -19.66210938 1.50000000
v 3.24827600 -18.72027588 1.50000000
v 3.47775793 -18.67900467 1.50000000
v 3.70671606 -18.63492012 1.50000000
v 3.90180635 -19.61570549 1.50000000
v 4.14222765 -19.56634712 1.50000000
v 4.38202477 -19.51404190 1.50000000
v 4.62116194 -19.45879936 1.50000000
v 4.85960340 -19.40062523 1.50000000
v 3.93511605 -18.58802986 1.50000000
v 4.16292334 -18.53833961 1.50000000
v 4.39010429 -18.48585892 1.50000000
v 4.61662340 -18.43059349 1.50000000
v 4.84244776 -18.37255287 1.50000000
v 5.26880884 -19.24910545 1.25000000
v 5.27982712 -19.29022408 1.25000000
v 5.29024506 -19.16910553 1.25000000
v 5.33425522 -19.27552223 1.25000000
v 5.34880877 -19.11054039 1.25000000
v 5.42880917 -19.08910561 1.25000000
v 5.50880909 -19.11054039 1.25000000
v 5.57039356 -19.20861053 1.25000000
v 5.57740164 -19.20653152 1.25000000
v 5.56737328 -19.16910553 1.25000000
v 6.04011917 -19.06612015 1.25000000
v 6.03298759 -19.06833267 1.25000000
v 6.02033997 -19.02112961 1.25000000
v 6.04177570 -18.94112968 1.25000000
v 6.10033989 -18.88256645 1.25000000
v 6.18033981 -18.86112976 1.25000000
v 5.06754255 -18.31174469 1.14999998
v 5.29187393 -18.24818039 1.14999998
v 5.51540899 -18.18186569 1.14999998
v 5.73811293 -18.11281395 1.14999998
v 5.95995283 -18.04103470 1.14999998
v 6.18089533 -17.96653938 1.14999998
v 6.27363491 -18.99056435 1.25000000
v 6.32730103 -18.97246933 1.25000000
v 6.31890392 -18.94112968 1.25000000
v 6.26033974 -18.88256645 1.25000000
v 6.77652359 -18.81675529 1.25000000
v 6.76234102 -18.76382637 1.25000000
v 6.40090704 -17.88933754 1.14999998
v 6.61995506 -17.80944061 1.14999998
v 6.83800554 -17.72686386 1.14999998
v 7.05502653 -17.64161491 1.14999998
v 7.27098513 -17.55371094 1.14999998
v 6.78377724 -18.68382645 1.25000000
v 6.84234095 -18.62526321 1.25000000
v 6.92234135 -18.60382652 1.25000000
v 6.96837378 -18.74678040 1.25000000
v 7.00234127 -18.62526321 1.25000000
v 7.06090498 -18.68382645 1.25000000
v 7.06769514 -18.70916557 1.25000000
v 7.49366856 -18.47759056 1.25000000
v 5.09731340 -19.33952904 1.50000000
v 5.33425522 -19.27552223 1.50000000
v 5.57039356 -19.20861053 1.50000000
v 5.80569363 -19.13880730 1.50000000
v 6.04011917 -19.06612015 1.50000000
v 5.06754255 -18.31174469 1.50000000
v 5.29187393 -18.24818039 1.50000000
v 5.51540899 -18.18186569 1.50000000
v 5.73811293 -18.11281395 1.50000000
v 5.95995283 -18.04103470 1.50000000
v 6.18089533 -17.96653938 1.50000000
v 6.27363491 -18.99056435 1.50000000
v 6.50620604 -18.91214561 1.50000000
v 6.73779726 -18.83088112 1.50000000
v 6.40090704 -17.88933754 1.50000000
v 6.61995506 -17.80944061 1.50000000
v 6.83800554 -17.72686386 1.50000000
v 6.96837378 -18.74678040 1.50000000
v 7.19790077 -18.65985680 1.50000000
v 7.42634392 -18.57012177 1.50000000
v 7.05502653 -17.64161491 1.50000000
v 7.27098513 -17.55371094 1.50000000
v 7.48584890 -17.46316338 1.14999998
v 7.48584890 -17.46316338 1.50000000
v 7.50940323 -18.53631210 1.25000000
v 7.65366888 -18.47759056 1.25000000
v 7.51510477 -18.39759064 1.25000000
v 7.57366848 -18.33902740 1.25000000
v 7.65366888 -18.31759071 1.25000000
v 7.73366880 -18.33902740 1.25000000
v 7.79743481 -18.41700554 1.25000000
v 7.79223251 -18.39759064 1.25000000
v 8.23052788 -18.22755051 1.25000000
v 8.21319485 -18.16286278 1.25000000
v 8.32859135 -18.18335915 1.25000000
v 8.23463058 -18.08286285 1.25000000
v 8.29319477 -18.02429962 1.25000000
v 8.37319469 -18.00286293 1.25000000
v 8.51538849 -18.09640884 1.25000000
v 8.51175880 -18.08286285 1.25000000
v 8.45319462 -18.02429962 1.25000000
v 8.93879223 -17.89097214 1.25000000
v 8.91981030 -17.82013130 1.25000000
v 8.99222660 -17.86448669 1.25000000
v 8.94124603 -17.74013138 1.25000000
v 8.99981022 -17.68156624 1.25000000
v 9.07981014 -17.66012955 1.25000000
v 9.21837425 -17.74013138 1.25000000
v 9.21077442 -17.75279236 1.25000000
v 9.15981007 -17.68156624 1.25000000
v 9.22040749 -17.74771881 1.25000000
v 9.64367580 -17.52140236 1.25000000
v 9.63311386 -17.52713013 1.25000000
v 7.65366888 -18.47759056 1.50000000
v 7.87984085 -18.38227654 1.50000000
v 8.10482597 -18.28419495 1.50000000
v 8.32859135 -18.18335915 1.50000000
v 8.55110168 -18.07978630 1.50000000
v 8.77232456 -17.97348976 1.50000000
v 8.99222660 -17.86448669 1.50000000
v 9.21077442 -17.75279236 1.50000000
v 9.42793465 -17.63842583 1.50000000
v 9.64367580 -17.52140236 1.50000000
v 7.69958496 -17.36998558 1.14999998
v 7.91216183 -17.27419090 1.14999998
v 8.12354660 -17.17579651 1.14999998
v 8.33370876 -17.07481575 1.14999998
v 8.54261494 -16.97126198 1.14999998
v 8.75023556 -16.86515236 1.14999998
v 8.95653820 -16.75650406 1.14999998
v 9.16149139 -16.64533234 1.14999998
v 9.36506557 -16.53165245 1.14999998
v 9.56722927 -16.41548347 1.14999998
v 9.76795197 -16.29684448 1.14999998
v 9.61242485 -17.44992065 1.25000000
v 9.63386059 -17.36992073 1.25000000
v 9.69242477 -17.31135559 1.25000000
v 9.77242470 -17.28992081 1.25000000
v 9.85796356 -17.40173912 1.25000000
v 9.91098881 -17.36992073 1.25000000
v 9.91130257 -17.37108994 1.25000000
v 9.85242462 -17.31135559 1.25000000
v 9.96720409 -16.17574883 1.14999998
v 7.69958496 -17.36998558 1.50000000
v 7.91216183 -17.27419090 1.50000000
v 8.12354660 -17.17579651 1.50000000
v 8.33370876 -17.07481575 1.50000000
v 8.54261494 -16.97126198 1.50000000
v 8.75023556 -16.86515236 1.50000000
v 8.95653820 -16.75650406 1.50000000
v 9.16149139 -16.64533234 1.50000000
v 9.36506557 -16.53165245 1.50000000
v 9.85796356 -17.40173912 1.50000000
v 9.56722927 -16.41548347 1.50000000
v 9.76795197 -16.29684448 1.50000000
v 9.96720409 -16.17574883 1.50000000
v 10.31140709 -17.13280296 1.25000000
v 10.28997135 -17.05280304 1.25000000
v 10.31140709 -16.97280312 1.25000000
v 10.31385136 -17.13524818 1.25000000
v 10.36997128 -16.91423988 1.25000000
v 10.44997120 -16.89280319 1.25000000
v 10.49179363 -17.02710342 1.25000000
v 10.52997112 -16.91423988 1.25000000
v 10.58476067 -16.96902847 1.25000000
v 10.97284031 -16.70939255 1.25000000
v 10.97968674 -16.71623802 1.25000000
v 10.95140457 -16.62939262 1.25000000
v 11.11140442 -16.62939262 1.25000000
v 10.97284031 -16.54939270 1.25000000
v 11.03140450 -16.49082756 1.25000000
v 11.11140442 -16.46939278 1.25000000
v 11.19140434 -16.49082756 1.25000000
v 11.24172783 -16.54115105 1.25000000
v 10.16495514 -16.05221748 1.14999998
v 10.36117458 -15.92626953 1.14999998
v 10.55583477 -15.79792309 1.14999998
v 10.74890423 -15.66719723 1.14999998
v 10.94035530 -15.53411102 1.14999998
v 11.13015938 -15.39868641 1.14999998
v 11.61714077 -16.26033974 1.25000000
v 11.62841034 -16.27160835 1.25000000
v 11.31828690 -15.26094341 1.14999998
v 11.50471020 -15.12090111 1.14999998
v 11.59570503 -16.18033981 1.25000000
v 11.61714077 -16.10033989 1.25000000
v 11.71595669 -16.20914459 1.25000000
v 11.67570496 -16.04177666 1.25000000
v 11.75570488 -16.02033997 1.25000000
v 11.83570480 -16.04177666 1.25000000
v 11.88171101 -16.08778191 1.25000000
v 12.24331474 -15.78633881 1.25000000
v 12.25903797 -15.80206203 1.25000000
v 12.22187901 -15.70633888 1.25000000
v 12.24331474 -15.62633896 1.25000000
v 12.30463219 -15.76692867 1.25000000
v 12.30187893 -15.56777477 1.25000000
v 12.38187885 -15.54633904 1.25000000
v 12.49718952 -15.61474419 1.25000000
v 12.46187878 -15.56777477 1.25000000
v 10.07076740 -17.27945709 1.50000000
v 10.28205490 -17.15457153 1.50000000
v 10.49179363 -17.02710342 1.50000000
v 10.69995213 -16.89707184 1.50000000
v 10.90649986 -16.76449394 1.50000000
v 11.11140442 -16.62939262 1.50000000
v 10.16495514 -16.05221748 1.50000000
v 10.36117458 -15.92626953 1.50000000
v 10.55583477 -15.79792309 1.50000000
v 10.74890423 -15.66719723 1.50000000
v 10.94035530 -15.53411102 1.50000000
v 11.13015938 -15.39868641 1.50000000
v 11.31463623 -16.49178696 1.50000000
v 11.51616383 -16.35169601 1.50000000
v 11.71595669 -16.20914459 1.50000000
v 11.31828690 -15.26094341 1.50000000
v 11.50471020 -15.12090111 1.50000000
v 11.91398621 -16.06414986 1.50000000
v 12.11022091 -15.91673851 1.50000000
v 12.30463219 -15.76692867 1.50000000
v 12.49718952 -15.61474419 1.50000000
v 12.50362968 -15.60952568 1.25000000
v 12.85039711 -15.28811932 1.25000000
v 12.87663078 -15.30334568 1.25000000
v 12.87061882 -15.30834103 1.25000000
v 12.82896137 -15.20811939 1.25000000
v 12.85039711 -15.12811947 1.25000000
v 12.90896130 -15.06955528 1.25000000
v 12.98896122 -15.04811954 1.25000000
v 13.06345654 -15.14417648 1.25000000
v 13.10622787 -15.10682201 1.25000000
v 13.06896114 -15.06955528 1.25000000
v 12.68786526 -15.46020889 1.50000000
v 12.87663078 -15.30334568 1.50000000
v 13.06345654 -15.14417648 1.50000000
v 11.68940067 -14.97858238 1.14999998
v 11.87233067 -14.83400726 1.14999998
v 12.05347252 -14.68719864 1.14999998
v 12.23279953 -14.53817844 1.14999998
v 12.41028404 -14.38696766 1.14999998
v 11.68940067 -14.97858238 1.50000000
v 11.87233067 -14.83400726 1.50000000
v 12.05347252 -14.68719864 1.50000000
v 12.23279953 -14.53817844 1.50000000
v 12.41028404 -14.38696766 1.50000000
v 12.58589935 -14.23359108 1.14999998
v 12.75961971 -14.07807159 1.14999998
v 12.93141937 -13.92043114 1.14999998
v 13.10127068 -13.76069450 1.14999998
v 13.43745041 -14.76644993 1.25000000
v 13.41601467 -14.68645000 1.25000000
v 13.43745041 -14.60645008 1.25000000
v 13.46186543 -14.79086494 1.25000000
v 13.49601460 -14.54788589 1.25000000
v 13.57601452 -14.52645016 1.25000000
v 13.61201954 -14.65308571 1.25000000
v 13.65601444 -14.54788589 1.25000000
v 13.68890667 -14.58077717 1.25000000
v 13.26914883 -13.59888554 1.14999998
v 13.43502903 -13.43502903 1.14999998
v 13.59888554 -13.26914883 1.14999998
v 14.00357151 -14.22213554 1.25000000
v 14.03218269 -14.25074673 1.25000000
v 13.98213577 -14.14213562 1.25000000
v 14.00357151 -14.06213570 1.25000000
v 14.06213570 -14.00357151 1.25000000
v 14.14213562 -14.14213562 1.25000000
v 14.14213562 -13.98213577 1.25000000
v 14.25074673 -14.03218269 1.25000000
v 14.22213554 -14.00357151 1.25000000
v 13.76069450 -13.10127068 1.14999998
v 13.92043114 -12.93141937 1.14999998
v 14.07807159 -12.75961971 1.14999998
v 14.23359108 -12.58589935 1.14999998
v 14.52645016 -13.57601452 1.25000000
v 14.58077717 -13.68890667 1.25000000
v 14.54788589 -13.65601444 1.25000000
v 14.65308571 -13.61201954 1.25000000
v 14.54788589 -13.49601460 1.25000000
v 14.60645008 -13.43745041 1.25000000
v 14.68645000 -13.41601467 1.25000000
v 14.79086494 -13.46186543 1.25000000
v 14.76644993 -13.43745041 1.25000000
v 12.58589935 -14.23359108 1.50000000
v 12.75961971 -14.07807159 1.50000000
v 12.93141937 -13.92043114 1.50000000
v 13.10127068 -13.76069450 1.50000000
v 13.24831581 -14.98272800 1.50000000
v 13.43117905 -14.81902218 1.50000000
v 13.61201954 -14.65308571 1.50000000
v 13.26914883 -13.59888554 1.50000000
v 13.43502903 -13.43502903 1.50000000
v 13.59888554 -13.26914883 1.50000000
v 13.79081059 -14.48494148 1.50000000
v 13.96752453 -14.31461620 1.50000000
v 14.14213562 -14.14213562 1.50000000
v 14.31461620 -13.96752453 1.50000000
v 14.48494148 -13.79081059 1.50000000
v 13.76069450 -13.10127068 1.50000000
v 13.92043114 -12.93141937 1.50000000
v 14.07807159 -12.75961971 1.50000000
v 14.23359108 -12.58589935 1.50000000
v 14.65308571 -13.61201954 1.50000000
v 14.81902218 -13.43117905 1.50000000
v 14.98272800 -13.24831581 1.50000000
v 14.38696766 -12.41028404 1.14999998
v 14.53817844 -12.23279953 1.14999998
v 14.68719864 -12.05347252 1.14999998
v 14.83400726 -11.87233067 1.14999998
v 14.97858238 -11.68940067 1.14999998
v 14.38696766 -12.41028404 1.50000000
v 14.53817844 -12.23279953 1.50000000
v 14.68719864 -12.05347252 1.50000000
v 14.83400726 -11.87233067 1.50000000
v 14.97858238 -11.68940067 1.50000000
v 15.06955528 -13.06896114 1.25000000
v 15.04811954 -12.98896122 1.25000000
v 15.10682201 -13.10622787 1.25000000
v 15.14417648 -13.06345654 1.25000000
v 15.06955528 -12.90896130 1.25000000
v 15.12811947 -12.85039711 1.25000000
v 15.20811939 -12.82896137 1.25000000
v 15.30334568 -12.87663078 1.25000000
v 15.30834103 -12.87061882 1.25000000
v 15.28811932 -12.85039711 1.25000000
v 15.60952568 -12.50362968 1.25000000
v 15.14417648 -13.06345654 1.50000000
v 15.30334568 -12.87663078 1.50000000
v 15.46020889 -12.68786526 1.50000000
v 15.12090111 -11.50471020 1.14999998
v 15.26094341 -11.31828690 1.14999998
v 15.54633904 -12.38187885 1.25000000
v 15.56777477 -12.46187878 1.25000000
v 15.61474419 -12.49718952 1.25000000
v 15.56777477 -12.30187893 1.25000000
v 15.62633896 -12.24331474 1.25000000
v 15.76692867 -12.30463219 1.25000000
v 15.70633888 -12.22187901 1.25000000
v 15.78633881 -12.24331474 1.25000000
v 15.80206203 -12.25903797 1.25000000
v 16.08778191 -11.88171101 1.25000000
v 16.04177666 -11.83570480 1.25000000
v 16.02033997 -11.75570488 1.25000000
v 16.04177666 -11.67570496 1.25000000
v 16.10033989 -11.61714077 1.25000000
v 16.20914459 -11.71595669 1.25000000
v 16.18033981 -11.59570503 1.25000000
v 15.39868641 -11.13015938 1.14999998
v 15.53411102 -10.94035530 1.14999998
v 15.66719723 -10.74890423 1.14999998
v 15.79792309 -10.55583477 1.14999998
v 15.92626953 -10.36117458 1.14999998
v 16.05221748 -10.16495514 1.14999998
v 16.26033974 -11.61714077 1.25000000
v 16.27160835 -11.62841034 1.25000000
v 16.46939278 -11.11140442 1.25000000
v 16.49082756 -11.19140434 1.25000000
v 16.54115105 -11.24172783 1.25000000
v 16.49082756 -11.03140450 1.25000000
v 16.54939270 -10.97284031 1.25000000
v 16.62939262 -11.11140442 1.25000000
v 16.62939262 -10.95140457 1.25000000
v 16.71623802 -10.97968674 1.25000000
v 16.70939255 -10.97284031 1.25000000
v 16.91423988 -10.52997112 1.25000000
v 16.96902847 -10.58476067 1.25000000
v 17.02710342 -10.49179363 1.25000000
v 16.89280319 -10.44997120 1.25000000
v 16.91423988 -10.36997128 1.25000000
v 17.13524818 -10.31385136 1.25000000
v 16.97280312 -10.31140709 1.25000000
v 17.05280304 -10.28997135 1.25000000
v 17.13280296 -10.31140709 1.25000000
v 15.61474419 -12.49718952 1.50000000
v 15.12090111 -11.50471020 1.50000000
v 15.26094341 -11.31828690 1.50000000
v 15.76692867 -12.30463219 1.50000000
v 15.91673851 -12.11022091 1.50000000
v 16.06414986 -11.91398621 1.50000000
v 16.20914459 -11.71595669 1.50000000
v 15.39868641 -11.13015938 1.50000000
v 15.53411102 -10.94035530 1.50000000
v 15.66719723 -10.74890423 1.50000000
v 15.79792309 -10.55583477 1.50000000
v 15.92626953 -10.36117458 1.50000000
v 16.05221748 -10.16495514 1.50000000
v 16.35169601 -11.51616383 1.50000000
v 16.49178696 -11.31463623 1.50000000
v 16.62939262 -11.11140442 1.50000000
v 16.76449394 -10.90649986 1.50000000
v 16.89707184 -10.69995213 1.50000000
v 17.02710342 -10.49179363 1.50000000
v 17.15457153 -10.28205490 1.50000000
v 17.27945709 -10.07076740 1.50000000
v 16.17574883 -9.96720409 1.14999998
v 16.29684448 -9.76795197 1.14999998
v 16.41548347 -9.56722927 1.14999998
v 16.53165245 -9.36506557 1.14999998
v 16.64533234 -9.16149139 1.14999998
v 16.75650406 -8.95653820 1.14999998
v 16.86515236 -8.75023556 1.14999998
v 17.31135559 -9.85242462 1.25000000
v 17.28992081 -9.77242470 1.25000000
v 17.31135559 -9.69242477 1.25000000
v 17.36992073 -9.91098881 1.25000000
v 17.37108994 -9.91130257 1.25000000
v 17.40173912 -9.85796356 1.25000000
v 17.36992073 -9.63386059 1.25000000
v 17.44992065 -9.61242485 1.25000000
v 16.97126198 -8.54261494 1.14999998
v 17.07481575 -8.33370876 1.14999998
v 17.17579651 -8.12354660 1.14999998
v 17.27419090 -7.91216183 1.14999998
v 17.36998558 -7.69958496 1.14999998
v 16.17574883 -9.96720409 1.50000000
v 16.29684448 -9.76795197 1.50000000
v 16.41548347 -9.56722927 1.50000000
v 16.53165245 -9.36506557 1.50000000
v 16.64533234 -9.16149139 1.50000000
v 16.75650406 -8.95653820 1.50000000
v 16.86515236 -8.75023556 1.50000000
v 17.40173912 -9.85796356 1.50000000
v 16.97126198 -8.54261494 1.50000000
v 17.07481575 -8.33370876 1.50000000
v 17.17579651 -8.12354660 1.50000000
v 17.27419090 -7.91216183 1.50000000
v 17.36998558 -7.69958496 1.50000000
v 17.46316338 -7.48584890 1.14999998
v 17.46316338 -7.48584890 1.50000000
v 17.52140236 -9.64367580 1.25000000
v 17.52713013 -9.63311386 1.25000000
v 17.74771881 -9.22040749 1.25000000
v 17.68156624 -9.15981007 1.25000000
v 17.66012955 -9.07981014 1.25000000
v 17.74013138 -9.21837425 1.25000000
v 17.75279236 -9.21077442 1.25000000
v 17.68156624 -8.99981022 1.25000000
v 17.74013138 -8.94124603 1.25000000
v 17.86448669 -8.99222660 1.25000000
v 17.82013130 -8.91981030 1.25000000
v 17.89097214 -8.93879223 1.25000000
v 18.02429962 -8.45319462 1.25000000
v 18.08286285 -8.51175880 1.25000000
v 18.09640884 -8.51538849 1.25000000
v 18.00286293 -8.37319469 1.25000000
v 18.02429962 -8.29319477 1.25000000
v 18.08286285 -8.23463058 1.25000000
v 18.18335915 -8.32859135 1.25000000
v 18.16286278 -8.21319485 1.25000000
v 18.22755051 -8.23052788 1.25000000
v 18.33902740 -7.73366880 1.25000000
v 18.39759064 -7.79223251 1.25000000
v 18.41700554 -7.79743481 1.25000000
v 18.31759071 -7.65366888 1.25000000
v 18.33902740 -7.57366848 1.25000000
v 18.39759064 -7.51510477 1.25000000
v 18.47759056 -7.65366888 1.25000000
v 18.53631210 -7.50940323 1.25000000
v 17.52140236 -9.64367580 1.50000000
v 17.63842583 -9.42793465 1.50000000
v 17.75279236 -9.21077442 1.50000000
v 17.86448669 -8.99222660 1.50000000
v 17.97348976 -8.77232456 1.50000000
v 18.07978630 -8.55110168 1.50000000
v 18.18335915 -8.32859135 1.50000000
v 18.28419495 -8.10482597 1.50000000
v 18.38227654 -7.87984085 1.50000000
v 18.47759056 -7.65366888 1.50000000
v 17.55371094 -7.27098513 1.14999998
v 17.64161491 -7.05502653 1.14999998
v 17.72686386 -6.83800554 1.14999998
v 17.80944061 -6.61995506 1.14999998
v 17.88933754 -6.40090704 1.14999998
v 18.47759056 -7.49366856 1.25000000
v 18.68382645 -7.06090498 1.25000000
v 18.70916557 -7.06769514 1.25000000
v 18.62526321 -7.00234127 1.25000000
v 18.60382652 -6.92234135 1.25000000
v 18.74678040 -6.96837378 1.25000000
v 18.62526321 -6.84234095 1.25000000
v 18.68382645 -6.78377724 1.25000000
v 17.96653938 -6.18089533 1.14999998
v 18.04103470 -5.95995283 1.14999998
v 18.11281395 -5.73811293 1.14999998
v 18.18186569 -5.51540899 1.14999998
v 18.24818039 -5.29187393 1.14999998
v 18.31174469 -5.06754255 1.14999998
v 18.76382637 -6.76234102 1.25000000
v 18.81675529 -6.77652359 1.25000000
v 18.88256645 -6.26033974 1.25000000
v 18.94112968 -6.31890392 1.25000000
v 18.97246933 -6.32730103 1.25000000
v 18.99056435 -6.27363491 1.25000000
v 18.86112976 -6.18033981 1.25000000
v 18.88256645 -6.10033989 1.25000000
v 18.94112968 -6.04177570 1.25000000
v 19.02112961 -6.02033997 1.25000000
v 19.06612015 -6.04011917 1.25000000
v 19.06833267 -6.03298759 1.25000000
v 19.11054039 -5.50880909 1.25000000
v 19.16910553 -5.56737328 1.25000000
v 19.20861053 -5.57039356 1.25000000
v 19.20653152 -5.57740164 1.25000000
v 19.08910561 -5.42880917 1.25000000
v 19.11054039 -5.34880877 1.25000000
v 19.27552223 -5.33425522 1.25000000
v 19.16910553 -5.29024506 1.25000000
v 19.24910545 -5.26880884 1.25000000
v 19.29022408 -5.27982712 1.25000000
v 17.55371094 -7.27098513 1.50000000
v 17.64161491 -7.05502653 1.50000000
v 17.72686386 -6.83800554 1.50000000
v 17.80944061 -6.61995506 1.50000000
v 17.88933754 -6.40090704 1.50000000
v 18.57012177 -7.42634392 1.50000000
v 18.65985680 -7.19790077 1.50000000
v 18.74678040 -6.96837378 1.50000000
v 17.96653938 -6.18089533 1.50000000
v 18.04103470 -5.95995283 1.50000000
v 18.11281395 -5.73811293 1.50000000
v 18.18186569 -5.51540899 1.50000000
v 18.24818039 -5.29187393 1.50000000
v 18.31174469 -5.06754255 1.50000000
v 18.83088112 -6.73779726 1.50000000
v 18.91214561 -6.50620604 1.50000000
v 18.99056435 -6.27363491 1.50000000
v 19.06612015 -6.04011917 1.50000000
v 19.13880730 -5.80569363 1.50000000
v 19.20861053 -5.57039356 1.50000000
v 19.27552223 -5.33425522 1.50000000
v 19.33952904 -5.09731340 1.50000000
v 18.37255287 -4.84244776 1.14999998
v 18.43059349 -4.61662340 1.14999998
v 18.48585892 -4.39010429 1.14999998
v 18.53833961 -4.16292334 1.14999998
v 18.58802986 -3.93511605 1.14999998
v 18.63492012 -3.70671606 1.14999998
v 18.67900467 -3.47775793 1.14999998
v 18.72027588 -3.24827600 1.14999998
v 19.36739922 -4.80747128 1.25000000
v 19.30883408 -4.74890709 1.25000000
v 19.28739929 -4.66890717 1.25000000
v 19.30883408 -4.58890724 1.25000000
v 19.36739922 -4.53034306 1.25000000
v 19.41052437 -4.81902695 1.25000000
v 19.45879936 -4.62116194 1.25000000
v 19.44739914 -4.50890732 1.25000000
v 19.48255539 -4.51832771 1.25000000
v 19.47714233 -3.98180652 1.25000000
v 19.45570564 -3.90180635 1.25000000
v 19.47714233 -3.82180643 1.25000000
v 19.53570557 -4.04037046 1.25000000
v 19.58456993 -4.05346394 1.25000000
v 19.53570557 -3.76324248 1.25000000
v 19.61570549 -3.90180635 1.25000000
v 18.75872612 -3.01830482 1.14999998
v 18.79435349 -2.78787899 1.14999998
v 18.82715034 -2.55703354 1.14999998
v 19.61570549 -3.74180651 1.25000000
v 19.64500046 -3.74965596 1.25000000
v 19.59376717 -3.12868929 1.25000000
v 19.61520195 -3.20868921 1.25000000
v 19.67376709 -3.26725340 1.25000000
v 19.72851181 -3.28192234 1.25000000
v 19.74602890 -3.17716289 1.25000000
v 19.61520195 -3.04868937 1.25000000
v 19.67376709 -2.99012518 1.25000000
v 19.77728653 -2.97499132 1.25000000
v 19.75376701 -2.96868920 1.25000000
v 19.84215546 -2.50559950 1.25000000
v 18.37255287 -4.84244776 1.50000000
v 18.43059349 -4.61662340 1.50000000
v 18.48585892 -4.39010429 1.50000000
v 18.53833961 -4.16292334 1.50000000
v 18.58802986 -3.93511605 1.50000000
v 18.63492012 -3.70671606 1.50000000
v 18.67900467 -3.47775793 1.50000000
v 18.72027588 -3.24827600 1.50000000
v 19.40062523 -4.85960340 1.50000000
v 19.45879936 -4.62116194 1.50000000
v 19.51404190 -4.38202477 1.50000000
v 19.56634712 -4.14222765 1.50000000
v 19.61570549 -3.90180635 1.50000000
v 18.75872612 -3.01830482 1.50000000
v 18.79435349 -2.78787899 1.50000000
v 18.82715034 -2.55703354 1.50000000
v 19.66210938 -3.66079783 1.50000000
v 19.70555305 -3.41923785 1.50000000
v 19.74602890 -3.17716289 1.50000000
v 19.78352928 -2.93460941 1.50000000
v 19.81805229 -2.69161415 1.50000000
v 18.85711098 -2.32580280 1.14999998
v 18.88423157 -2.09422183 1.14999998
v 18.90851021 -1.86232567 1.14999998
v 18.92993927 -1.63014889 1.14999998
v 18.94851875 -1.39772666 1.14999998
v 19.72280502 -2.43074799 1.25000000
v 19.70136833 -2.35074806 1.25000000
v 19.78136826 -2.48931193 1.25000000
v 19.72280502 -2.27074790 1.25000000
v 19.78136826 -2.21218395 1.25000000
v 19.84959030 -2.44821358 1.25000000
v 19.86137009 -2.19074798 1.25000000
v 19.87813950 -2.20444417 1.25000000
v 19.87907600 -2.19549274 1.25000000
v 19.79978180 -1.64918196 1.25000000
v 19.77834702 -1.56918192 1.25000000
v 19.92535210 -1.72570002 1.25000000
v 19.85834694 -1.70774603 1.25000000
v 19.92625237 -1.71594620 1.25000000
v 19.79978180 -1.48918188 1.25000000
v 19.85834694 -1.43061781 1.25000000
v 19.94580841 -1.47129130 1.25000000
v 19.93834686 -1.40918195 1.25000000
v 19.94980049 -1.41225088 1.25000000
v 18.96424484 -1.16509402 1.14999998
v 18.97711372 -0.93228579 1.14999998
v 18.98712540 -0.69933724 1.14999998
v 18.99427795 -0.46628335 1.14999998
v 18.99856949 -0.23315923 1.14999998
v 19.97754478 -0.94331086 1.25000000
v 19.82458115 -0.78519630 1.25000000
v 19.84601593 -0.86519629 1.25000000
v 19.90458107 -0.92376035 1.25000000
v 19.84601593 -0.70519632 1.25000000
v 19.90458107 -0.64663225 1.25000000
v 19.98644829 -0.73614448 1.25000000
v 19.98458099 -0.62519634 1.25000000
v 19.98980904 -0.62659740 1.25000000
v 19.99901962 -0.15973736 1.25000000
v 19.86143684 -0.08000000 1.25000000
v 19.92000008 -0.13856407 1.25000000
v 18.85711098 -2.32580280 1.50000000
v 18.88423157 -2.09422183 1.50000000
v 18.90851021 -1.86232567 1.50000000
v 18.92993927 -1.63014889 1.50000000
v 18.94851875 -1.39772666 1.50000000
v 19.84959030 -2.44821358 1.50000000
v 19.87813950 -2.20444417 1.50000000
v 19.90369415 -1.96034276 1.50000000
v 19.92625237 -1.71594620 1.50000000
v 19.94580841 -1.47129130 1.50000000
v 18.96424484 -1.16509402 1.50000000
v 18.97711372 -0.93228579 1.50000000
v 18.98712540 -0.69933724 1.50000000
v 18.99427795 -0.46628335 1.50000000
v 18.99856949 -0.23315923 1.50000000
v 19.96236229 -1.22641468 1.50000000
v 19.97590828 -0.98135346 1.50000000
v 19.98644829 -0.73614448 1.50000000
v 19.99397659 -0.49082458 1.50000000
v 19.99849319 -0.24543077 1.50000000
v 0.00000000 19.00000000 -1.50000000
v 0.23315923 18.99856949 -1.50000000
v 0.46628335 18.99427795 -1.50000000
v 0.00000000 20.00000000 -1.50000000
v 0.24543077 19.99849319 -1.50000000
v 0.49082458 19.99397659 -1.50000000
v 0.69933724 18.98712540 -1.50000000
v 0.93228579 18.97711372 -1.50000000
v 1.16509402 18.96424484 -1.50000000
v 0.73614448 19.98644829 -1.50000000
v 0.98135346 19.97590828 -1.50000000
v 1.22641468 19.96236229 -1.50000000
v 1.39772666 18.94851875 -1.50000000
v 1.63014889 18.92993927 -1.50000000
v 1.86232567 18.90851021 -1.50000000
v 1.47129130 19.94580841 -1.50000000
v 1.71594620 19.92625237 -1.50000000
v 2.09422183 18.88423157 -1.50000000
v 2.32580280 18.85711098 -1.50000000
v 1.96034276 19.90369415 -1.50000000
v 2.20444417 19.87813950 -1.50000000
v 2.44821358 19.84959030 -1.50000000
v 0.00000000 19.84000015 -1.25000000
v 0.00000000 20.00000000 -1.25000000
v 0.08000000 19.86143684 -1.25000000
v 0.13856407 19.92000008 -1.25000000
v 0.15973736 19.99901962 -1.25000000
v 0.64663225 19.90458107 -1.25000000
v 0.62519634 19.98458099 -1.25000000
v 0.62659740 19.98980904 -1.25000000
v 0.70519632 19.84601593 -1.25000000
v 0.73614448 19.98644829 -1.25000000
v 0.78519630 19.82458115 -1.25000000
v 0.86519629 19.84601593 -1.25000000
v 0.92376035 19.90458107 -1.25000000
v 0.94331086 19.97754478 -1.25000000
v 0.00000000 19.00000000 -1.14999998
v 0.23315923 18.99856949 -1.14999998
v 0.46628335 18.99427795 -1.14999998
v 0.69933724 18.98712540 -1.14999998
v 0.93228579 18.97711372 -1.14999998
v 1.16509402 18.96424484 -1.14999998
v 1.48918188 19.79978180 -1.25000000
v 1.43061781 19.85834694 -1.25000000
v 1.40918195 19.93834686 -1.25000000
v 1.41225088 19.94980049 -1.25000000
v 1.47129130 19.94580841 -1.25000000
v 1.56918192 19.77834702 -1.25000000
v 1.64918196 19.79978180 -1.25000000
v 1.70774603 19.85834694 -1.25000000
v 1.71594620 19.92625237 -1.25000000
v 1.72570002 19.92535210 -1.25000000
v 2.21218395 19.78136826 -1.25000000
v 2.27074790 19.72280502 -1.25000000
v 2.19074798 19.86137009 -1.25000000
v 2.20444417 19.87813950 -1.25000000
v 2.19549274 19.87907600 -1.25000000
v 2.35074806 19.70136833 -1.25000000
v 2.43074799 19.72280502 -1.25000000
v 2.48931193 19.78136826 -1.25000000
v 2.44821358 19.84959030 -1.25000000
v 1.39772666 18.94851875 -1.14999998
v 1.63014889 18.92993927 -1.14999998
v 1.86232567 18.90851021 -1.14999998
v 2.09422183 18.88423157 -1.14999998
v 2.32580280 18.85711098 -1.14999998
v 3.24827600 18.72027588 -1.50000000
v 3.47775793 18.67900467 -1.50000000
v 3.70671606 18.63492012 -1.50000000
v 2.55703354 18.82715034 -1.50000000
v 2.78787899 18.79435349 -1.50000000
v 3.01830482 18.75872612 -1.50000000
v 2.69161415 19.81805229 -1.50000000
v 2.93460941 19.78352928 -1.50000000
v 3.17716289 19.74602890 -1.50000000
v 3.41923785 19.70555305 -1.50000000
v 3.66079783 19.66210938 -1.50000000
v 3.93511605 18.58802986 -1.50000000
v 4.16292334 18.53833961 -1.50000000
v 4.61662340 18.43059349 -1.50000000
v 4.39010429 18.48585892 -1.50000000
v 4.84244776 18.37255287 -1.50000000
v 3.90180635 19.61570549 -1.50000000
v 4.14222765 19.56634712 -1.50000000
v 4.38202477 19.51404190 -1.50000000
v 4.62116194 19.45879936 -1.50000000
v 4.85960340 19.40062523 -1.50000000
v 3.24827600 18.72027588 -1.14999998
v 3.47775793 18.67900467 -1.14999998
v 3.70671606 18.63492012 -1.14999998
v 2.50559950 19.84215546 -1.25000000
v 2.99012518 19.67376709 -1.25000000
v 3.04868937 19.61520195 -1.25000000
v 2.96868920 19.75376701 -1.25000000
v 2.97499132 19.77728653 -1.25000000
v 3.12868929 19.59376717 -1.25000000
v 3.20868921 19.61520195 -1.25000000
v 3.26725340 19.67376709 -1.25000000
v 3.17716289 19.74602890 -1.25000000
v 3.28192234 19.72851181 -1.25000000
v 3.74180651 19.61570549 -1.25000000
v 3.74965596 19.64500046 -1.25000000
v 2.55703354 18.82715034 -1.14999998
v 2.78787899 18.79435349 -1.14999998
v 3.01830482 18.75872612 -1.14999998
v 3.93511605 18.58802986 -1.14999998
v 4.16292334 18.53833961 -1.14999998
v 4.61662340 18.43059349 -1.14999998
v 4.39010429 18.48585892 -1.14999998
v 4.84244776 18.37255287 -1.14999998
v 3.82180643 19.47714233 -1.25000000
v 3.90180635 19.45570564 -1.25000000
v 3.76324248 19.53570557 -1.25000000
v 3.90180635 19.61570549 -1.25000000
v 3.98180652 19.47714233 -1.25000000
v 4.04037046 19.53570557 -1.25000000
v 4.05346394 19.58456993 -1.25000000
v 4.53034306 19.36739922 -1.25000000
v 4.58890724 19.30883408 -1.25000000
v 4.66890717 19.28739929 -1.25000000
v 4.74890709 19.30883408 -1.25000000
v 4.80747128 19.36739922 -1.25000000
v 4.50890732 19.44739914 -1.25000000
v 4.51832771 19.48255539 -1.25000000
v 4.62116194 19.45879936 -1.25000000
v 4.81902695 19.41052437 -1.25000000
v 7.48584890 17.46316338 -1.50000000
v 7.48584890 17.46316338 -1.14999998
v 5.06754255 18.31174469 -1.50000000
v 5.29187393 18.24818039 -1.50000000
v 5.51540899 18.18186569 -1.50000000
v 5.73811293 18.11281395 -1.50000000
v 5.95995283 18.04103470 -1.50000000
v 6.18089533 17.96653938 -1.50000000
v 5.09731340 19.33952904 -1.50000000
v 5.33425522 19.27552223 -1.50000000
v 5.57039356 19.20861053 -1.50000000
v 5.80569363 19.13880730 -1.50000000
v 6.04011917 19.06612015 -1.50000000
v 6.40090704 17.88933754 -1.50000000
v 6.61995506 17.80944061 -1.50000000
v 6.83800554 17.72686386 -1.50000000
v 7.05502653 17.64161491 -1.50000000
v 7.27098513 17.55371094 -1.50000000
v 6.96837378 18.74678040 -1.50000000
v 7.19790077 18.65985680 -1.50000000
v 7.42634392 18.57012177 -1.50000000
v 6.27363491 18.99056435 -1.50000000
v 6.50620604 18.91214561 -1.50000000
v 6.73779726 18.83088112 -1.50000000
v 5.06754255 18.31174469 -1.14999998
v 5.29187393 18.24818039 -1.14999998
v 5.51540899 18.18186569 -1.14999998
v 5.73811293 18.11281395 -1.14999998
v 5.95995283 18.04103470 -1.14999998
v 6.18089533 17.96653938 -1.14999998
v 5.29024506 19.16910553 -1.25000000
v 5.26880884 19.24910545 -1.25000000
v 5.27982712 19.29022408 -1.25000000
v 5.34880877 19.11054039 -1.25000000
v 5.42880917 19.08910561 -1.25000000
v 5.33425522 19.27552223 -1.25000000
v 5.50880909 19.11054039 -1.25000000
v 5.56737328 19.16910553 -1.25000000
v 5.57039356 19.20861053 -1.25000000
v 5.57740164 19.20653152 -1.25000000
v 6.04177570 18.94112968 -1.25000000
v 6.02033997 19.02112961 -1.25000000
v 6.10033989 18.88256645 -1.25000000
v 6.18033981 18.86112976 -1.25000000
v 6.04011917 19.06612015 -1.25000000
v 6.03298759 19.06833267 -1.25000000
v 6.78377724 18.68382645 -1.25000000
v 6.84234095 18.62526321 -1.25000000
v 6.92234135 18.60382652 -1.25000000
v 7.00234127 18.62526321 -1.25000000
v 6.96837378 18.74678040 -1.25000000
v 7.06090498 18.68382645 -1.25000000
v 7.06769514 18.70916557 -1.25000000
v 7.49366856 18.47759056 -1.25000000
v 6.40090704 17.88933754 -1.14999998
v 6.61995506 17.80944061 -1.14999998
v 6.83800554 17.72686386 -1.14999998
v 7.05502653 17.64161491 -1.14999998
v 7.27098513 17.55371094 -1.14999998
v 6.26033974 18.88256645 -1.25000000
v 6.31890392 18.94112968 -1.25000000
v 6.32730103 18.97246933 -1.25000000
v 6.27363491 18.99056435 -1.25000000
v 6.76234102 18.76382637 -1.25000000
v 6.77652359 18.81675529 -1.25000000
v 7.69958496 17.36998558 -1.50000000
v 8.12354660 17.17579651 -1.50000000
v 7.91216183 17.27419090 -1.50000000
v 8.33370876 17.07481575 -1.50000000
v 8.54261494 16.97126198 -1.50000000
v 9.96720409 16.17574883 -1.50000000
v 8.75023556 16.86515236 -1.50000000
v 8.95653820 16.75650406 -1.50000000
v 9.36506557 16.53165245 -1.50000000
v 9.16149139 16.64533234 -1.50000000
v 9.56722927 16.41548347 -1.50000000
v 9.76795197 16.29684448 -1.50000000
v 9.85796356 17.40173912 -1.50000000
v 7.69958496 17.36998558 -1.14999998
v 8.12354660 17.17579651 -1.14999998
v 7.91216183 17.27419090 -1.14999998
v 8.33370876 17.07481575 -1.14999998
v 8.54261494 16.97126198 -1.14999998
v 9.96720409 16.17574883 -1.14999998
v 9.63386059 17.36992073 -1.25000000
v 9.61242485 17.44992065 -1.25000000
v 9.69242477 17.31135559 -1.25000000
v 9.77242470 17.28992081 -1.25000000
v 9.85242462 17.31135559 -1.25000000
v 9.85796356 17.40173912 -1.25000000
v 9.91098881 17.36992073 -1.25000000
v 9.91130257 17.37108994 -1.25000000
v 8.75023556 16.86515236 -1.14999998
v 8.95653820 16.75650406 -1.14999998
v 9.36506557 16.53165245 -1.14999998
v 9.16149139 16.64533234 -1.14999998
v 9.56722927 16.41548347 -1.14999998
v 9.76795197 16.29684448 -1.14999998
v 7.65366888 18.47759056 -1.50000000
v 7.87984085 18.38227654 -1.50000000
v 8.10482597 18.28419495 -1.50000000
v 8.55110168 18.07978630 -1.50000000
v 8.32859135 18.18335915 -1.50000000
v 8.77232456 17.97348976 -1.50000000
v 8.99222660 17.86448669 -1.50000000
v 9.21077442 17.75279236 -1.50000000
v 9.42793465 17.63842583 -1.50000000
v 9.64367580 17.52140236 -1.50000000
v 7.57366848 18.33902740 -1.25000000
v 7.51510477 18.39759064 -1.25000000
v 7.65366888 18.31759071 -1.25000000
v 7.73366880 18.33902740 -1.25000000
v 7.79223251 18.39759064 -1.25000000
v 7.79743481 18.41700554 -1.25000000
v 7.50940323 18.53631210 -1.25000000
v 7.65366888 18.47759056 -1.25000000
v 8.23463058 18.08286285 -1.25000000
v 8.29319477 18.02429962 -1.25000000
v 8.37319469 18.00286293 -1.25000000
v 8.45319462 18.02429962 -1.25000000
v 8.51175880 18.08286285 -1.25000000
v 8.51538849 18.09640884 -1.25000000
v 8.21319485 18.16286278 -1.25000000
v 8.23052788 18.22755051 -1.25000000
v 8.32859135 18.18335915 -1.25000000
v 8.94124603 17.74013138 -1.25000000
v 8.99981022 17.68156624 -1.25000000
v 8.91981030 17.82013130 -1.25000000
v 8.93879223 17.89097214 -1.25000000
v 8.99222660 17.86448669 -1.25000000
v 9.07981014 17.66012955 -1.25000000
v 9.15981007 17.68156624 -1.25000000
v 9.21837425 17.74013138 -1.25000000
v 9.21077442 17.75279236 -1.25000000
v 9.22040749 17.74771881 -1.25000000
v 9.64367580 17.52140236 -1.25000000
v 9.63311386 17.52713013 -1.25000000
v 19.00000000 0.00000000 -1.50000000
v 18.99856949 0.23315923 -1.50000000
v 18.99427795 0.46628335 -1.50000000
v 18.98712540 0.69933724 -1.50000000
v 18.97711372 0.93228579 -1.50000000
v 18.96424484 1.16509402 -1.50000000
v 20.00000000 0.00000000 -1.50000000
v 19.99849319 0.24543077 -1.50000000
v 19.99397659 0.49082458 -1.50000000
v 19.98644829 0.73614448 -1.50000000
v 19.97590828 0.98135346 -1.50000000
v 19.96236229 1.22641468 -1.50000000
v 18.94851875 1.39772666 -1.50000000
v 18.92993927 1.63014889 -1.50000000
v 18.90851021 1.86232567 -1.50000000
v 18.88423157 2.09422183 -1.50000000
v 18.85711098 2.32580280 -1.50000000
v 19.94580841 1.47129130 -1.50000000
v 19.92625237 1.71594620 -1.50000000
v 19.90369415 1.96034276 -1.50000000
v 19.87813950 2.20444417 -1.50000000
v 19.84959030 2.44821358 -1.50000000
v 19.84000015 0.00000000 -1.25000000
v 19.86143684 0.08000000 -1.25000000
v 19.92000008 0.13856407 -1.25000000
v 20.00000000 0.00000000 -1.25000000
v 19.99901962 0.15973736 -1.25000000
v 19.82458115 0.78519630 -1.25000000
v 19.90458107 0.64663225 -1.25000000
v 19.84601593 0.70519632 -1.25000000
v 19.98458099 0.62519634 -1.25000000
v 19.98980904 0.62659740 -1.25000000
v 19.98644829 0.73614448 -1.25000000
v 19.84601593 0.86519629 -1.25000000
v 19.90458107 0.92376035 -1.25000000
v 19.97754478 0.94331086 -1.25000000
v 19.00000000 0.00000000 -1.14999998
v 18.99856949 0.23315923 -1.14999998
v 18.99427795 0.46628335 -1.14999998
v 18.98712540 0.69933724 -1.14999998
v 18.97711372 0.93228579 -1.14999998
v 18.96424484 1.16509402 -1.14999998
v 19.79978180 1.48918188 -1.25000000
v 19.85834694 1.43061781 -1.25000000
v 19.93834686 1.40918195 -1.25000000
v 19.94980049 1.41225088 -1.25000000
v 19.94580841 1.47129130 -1.25000000
v 19.77834702 1.56918192 -1.25000000
v 19.79978180 1.64918196 -1.25000000
v 19.85834694 1.70774603 -1.25000000
v 19.92625237 1.71594620 -1.25000000
v 19.92535210 1.72570002 -1.25000000
v 19.72280502 2.27074790 -1.25000000
v 19.78136826 2.21218395 -1.25000000
v 19.70136833 2.35074806 -1.25000000
v 19.72280502 2.43074799 -1.25000000
v 19.78136826 2.48931193 -1.25000000
v 19.86137009 2.19074798 -1.25000000
v 19.87813950 2.20444417 -1.25000000
v 19.87907600 2.19549274 -1.25000000
v 19.84959030 2.44821358 -1.25000000
v 18.94851875 1.39772666 -1.14999998
v 18.92993927 1.63014889 -1.14999998
v 18.90851021 1.86232567 -1.14999998
v 18.88423157 2.09422183 -1.14999998
v 18.85711098 2.32580280 -1.14999998
v 18.72027588 3.24827600 -1.50000000
v 18.67900467 3.47775793 -1.50000000
v 18.63492012 3.70671606 -1.50000000
v 18.58802986 3.93511605 -1.50000000
v 18.53833961 4.16292334 -1.50000000
v 18.43059349 4.61662340 -1.50000000
v 18.37255287 4.84244776 -1.50000000
v 18.48585892 4.39010429 -1.50000000
v 18.82715034 2.55703354 -1.50000000
v 18.79435349 2.78787899 -1.50000000
v 18.75872612 3.01830482 -1.50000000
v 19.81805229 2.69161415 -1.50000000
v 19.78352928 2.93460941 -1.50000000
v 19.66210938 3.66079783 -1.50000000
v 19.74602890 3.17716289 -1.50000000
v 19.70555305 3.41923785 -1.50000000
v 19.61570549 3.90180635 -1.50000000
v 19.56634712 4.14222765 -1.50000000
v 19.51404190 4.38202477 -1.50000000
v 19.45879936 4.62116194 -1.50000000
v 19.40062523 4.85960340 -1.50000000
v 18.72027588 3.24827600 -1.14999998
v 18.67900467 3.47775793 -1.14999998
v 18.63492012 3.70671606 -1.14999998
v 18.58802986 3.93511605 -1.14999998
v 18.53833961 4.16292334 -1.14999998
v 18.43059349 4.61662340 -1.14999998
v 18.37255287 4.84244776 -1.14999998
v 18.48585892 4.39010429 -1.14999998
v 19.67376709 2.99012518 -1.25000000
v 19.61520195 3.04868937 -1.25000000
v 19.84215546 2.50559950 -1.25000000
v 19.75376701 2.96868920 -1.25000000
v 19.77728653 2.97499132 -1.25000000
v 19.59376717 3.12868929 -1.25000000
v 19.61520195 3.20868921 -1.25000000
v 19.67376709 3.26725340 -1.25000000
v 19.61570549 3.74180651 -1.25000000
v 19.64500046 3.74965596 -1.25000000
v 19.74602890 3.17716289 -1.25000000
v 19.72851181 3.28192234 -1.25000000
v 18.82715034 2.55703354 -1.14999998
v 18.79435349 2.78787899 -1.14999998
v 18.75872612 3.01830482 -1.14999998
v 19.36739922 4.53034306 -1.25000000
v 19.28739929 4.66890717 -1.25000000
v 19.30883408 4.58890724 -1.25000000
v 19.30883408 4.74890709 -1.25000000
v 19.36739922 4.80747128 -1.25000000
v 19.47714233 3.82180643 -1.25000000
v 19.45570564 3.90180635 -1.25000000
v 19.47714233 3.98180652 -1.25000000
v 19.53570557 3.76324248 -1.25000000
v 19.61570549 3.90180635 -1.25000000
v 19.53570557 4.04037046 -1.25000000
v 19.58456993 4.05346394 -1.25000000
v 19.44739914 4.50890732 -1.25000000
v 19.48255539 4.51832771 -1.25000000
v 19.45879936 4.62116194 -1.25000000
v 19.41052437 4.81902695 -1.25000000
v 17.46316338 7.48584890 -1.50000000
v 17.46316338 7.48584890 -1.14999998
v 16.17574883 9.96720409 -1.50000000
v 17.17579651 8.12354660 -1.50000000
v 17.36998558 7.69958496 -1.50000000
v 17.27419090 7.91216183 -1.50000000
v 17.07481575 8.33370876 -1.50000000
v 16.97126198 8.54261494 -1.50000000
v 16.53165245 9.36506557 -1.50000000
v 16.86515236 8.75023556 -1.50000000
v 16.75650406 8.95653820 -1.50000000
v 16.64533234 9.16149139 -1.50000000
v 16.41548347 9.56722927 -1.50000000
v 16.29684448 9.76795197 -1.50000000
v 17.40173912 9.85796356 -1.50000000
v 16.17574883 9.96720409 -1.14999998
v 17.17579651 8.12354660 -1.14999998
v 17.36998558 7.69958496 -1.14999998
v 17.27419090 7.91216183 -1.14999998
v 17.07481575 8.33370876 -1.14999998
v 16.97126198 8.54261494 -1.14999998
v 17.36992073 9.63386059 -1.25000000
v 17.44992065 9.61242485 -1.25000000
v 17.31135559 9.69242477 -1.25000000
v 17.28992081 9.77242470 -1.25000000
v 17.31135559 9.85242462 -1.25000000
v 17.36992073 9.91098881 -1.25000000
v 17.37108994 9.91130257 -1.25000000
v 17.40173912 9.85796356 -1.25000000
v 16.53165245 9.36506557 -1.14999998
v 16.86515236 8.75023556 -1.14999998
v 16.75650406 8.95653820 -1.14999998
v 16.64533234 9.16149139 -1.14999998
v 16.41548347 9.56722927 -1.14999998
v 16.29684448 9.76795197 -1.14999998
v 18.11281395 5.73811293 -1.50000000
v 17.96653938 6.18089533 -1.50000000
v 18.04103470 5.95995283 -1.50000000
v 18.24818039 5.29187393 -1.50000000
v 18.31174469 5.06754255 -1.50000000
v 18.18186569 5.51540899 -1.50000000
v 17.80944061 6.61995506 -1.50000000
v 17.72686386 6.83800554 -1.50000000
v 17.88933754 6.40090704 -1.50000000
v 17.64161491 7.05502653 -1.50000000
v 17.55371094 7.27098513 -1.50000000
v 18.74678040 6.96837378 -1.50000000
v 18.57012177 7.42634392 -1.50000000
v 18.65985680 7.19790077 -1.50000000
v 19.33952904 5.09731340 -1.50000000
v 19.20861053 5.57039356 -1.50000000
v 19.27552223 5.33425522 -1.50000000
v 19.13880730 5.80569363 -1.50000000
v 19.06612015 6.04011917 -1.50000000
v 18.99056435 6.27363491 -1.50000000
v 18.91214561 6.50620604 -1.50000000
v 18.83088112 6.73779726 -1.50000000
v 18.11281395 5.73811293 -1.14999998
v 17.96653938 6.18089533 -1.14999998
v 18.04103470 5.95995283 -1.14999998
v 18.24818039 5.29187393 -1.14999998
v 18.31174469 5.06754255 -1.14999998
v 18.18186569 5.51540899 -1.14999998
v 18.62526321 6.84234095 -1.25000000
v 18.68382645 6.78377724 -1.25000000
v 18.60382652 6.92234135 -1.25000000
v 18.62526321 7.00234127 -1.25000000
v 18.74678040 6.96837378 -1.25000000
v 18.68382645 7.06090498 -1.25000000
v 18.70916557 7.06769514 -1.25000000
v 18.47759056 7.49366856 -1.25000000
v 17.80944061 6.61995506 -1.14999998
v 17.72686386 6.83800554 -1.14999998
v 17.88933754 6.40090704 -1.14999998
v 17.64161491 7.05502653 -1.14999998
v 17.55371094 7.27098513 -1.14999998
v 19.16910553 5.29024506 -1.25000000
v 19.24910545 5.26880884 -1.25000000
v 19.29022408 5.27982712 -1.25000000
v 19.11054039 5.34880877 -1.25000000
v 19.08910561 5.42880917 -1.25000000
v 19.11054039 5.50880909 -1.25000000
v 19.16910553 5.56737328 -1.25000000
v 19.20861053 5.57039356 -1.25000000
v 19.20653152 5.57740164 -1.25000000
v 19.27552223 5.33425522 -1.25000000
v 18.88256645 6.10033989 -1.25000000
v 18.86112976 6.18033981 -1.25000000
v 18.94112968 6.04177570 -1.25000000
v 19.02112961 6.02033997 -1.25000000
v 19.06612015 6.04011917 -1.25000000
v 19.06833267 6.03298759 -1.25000000
v 18.88256645 6.26033974 -1.25000000
v 18.94112968 6.31890392 -1.25000000
v 18.97246933 6.32730103 -1.25000000
v 18.99056435 6.27363491 -1.25000000
v 18.76382637 6.76234102 -1.25000000
v 18.81675529 6.77652359 -1.25000000
v 18.07978630 8.55110168 -1.50000000
v 18.38227654 7.87984085 -1.50000000
v 18.28419495 8.10482597 -1.50000000
v 18.47759056 7.65366888 -1.50000000
v 18.18335915 8.32859135 -1.50000000
v 17.75279236 9.21077442 -1.50000000
v 17.86448669 8.99222660 -1.50000000
v 17.97348976 8.77232456 -1.50000000
v 17.63842583 9.42793465 -1.50000000
v 17.52140236 9.64367580 -1.50000000
v 18.08286285 8.23463058 -1.25000000
v 18.02429962 8.29319477 -1.25000000
v 18.00286293 8.37319469 -1.25000000
v 18.02429962 8.45319462 -1.25000000
v 18.08286285 8.51175880 -1.25000000
v 18.09640884 8.51538849 -1.25000000
v 18.33902740 7.57366848 -1.25000000
v 18.31759071 7.65366888 -1.25000000
v 18.39759064 7.51510477 -1.25000000
v 18.33902740 7.73366880 -1.25000000
v 18.39759064 7.79223251 -1.25000000
v 18.41700554 7.79743481 -1.25000000
v 18.47759056 7.65366888 -1.25000000
v 18.53631210 7.50940323 -1.25000000
v 18.16286278 8.21319485 -1.25000000
v 18.22755051 8.23052788 -1.25000000
v 18.18335915 8.32859135 -1.25000000
v 17.68156624 8.99981022 -1.25000000
v 17.74013138 8.94124603 -1.25000000
v 17.66012955 9.07981014 -1.25000000
v 17.68156624 9.15981007 -1.25000000
v 17.74013138 9.21837425 -1.25000000
v 17.75279236 9.21077442 -1.25000000
v 17.74771881 9.22040749 -1.25000000
v 17.82013130 8.91981030 -1.25000000
v 17.86448669 8.99222660 -1.25000000
v 17.89097214 8.93879223 -1.25000000
v 17.52140236 9.64367580 -1.25000000
v 17.52713013 9.63311386 -1.25000000
v 11.68940067 14.97858238 -1.50000000
v 11.87233067 14.83400726 -1.50000000
v 12.05347252 14.68719864 -1.50000000
v 12.23279953 14.53817844 -1.50000000
v 12.41028404 14.38696766 -1.50000000
v 11.68940067 14.97858238 -1.14999998
v 11.87233067 14.83400726 -1.14999998
v 12.05347252 14.68719864 -1.14999998
v 12.23279953 14.53817844 -1.14999998
v 12.41028404 14.38696766 -1.14999998
v 14.83400726 11.87233067 -1.50000000
v 14.97858238 11.68940067 -1.50000000
v 14.68719864 12.05347252 -1.50000000
v 14.38696766 12.41028404 -1.50000000
v 14.53817844 12.23279953 -1.50000000
v 14.83400726 11.87233067 -1.14999998
v 14.97858238 11.68940067 -1.14999998
v 14.68719864 12.05347252 -1.14999998
v 14.38696766 12.41028404 -1.14999998
v 14.53817844 12.23279953 -1.14999998
v 13.43502903 13.43502903 -1.50000000
v 13.26914883 13.59888554 -1.50000000
v 13.59888554 13.26914883 -1.50000000
v 12.58589935 14.23359108 -1.50000000
v 12.75961971 14.07807159 -1.50000000
v 12.93141937 13.92043114 -1.50000000
v 13.10127068 13.76069450 -1.50000000
v 13.24831581 14.98272800 -1.50000000
v 13.43117905 14.81902218 -1.50000000
v 13.61201954 14.65308571 -1.50000000
v 13.76069450 13.10127068 -1.50000000
v 13.92043114 12.93141937 -1.50000000
v 14.07807159 12.75961971 -1.50000000
v 14.23359108 12.58589935 -1.50000000
v 14.65308571 13.61201954 -1.50000000
v 14.81902218 13.43117905 -1.50000000
v 14.98272800 13.24831581 -1.50000000
v 13.96752453 14.31461620 -1.50000000
v 14.31461620 13.96752453 -1.50000000
v 14.14213562 14.14213562 -1.50000000
v 13.79081059 14.48494148 -1.50000000
v 14.48494148 13.79081059 -1.50000000
v 13.43502903 13.43502903 -1.14999998
v 13.26914883 13.59888554 -1.14999998
v 13.59888554 13.26914883 -1.14999998
v 13.43745041 14.60645008 -1.25000000
v 13.41601467 14.68645000 -1.25000000
v 13.43745041 14.76644993 -1.25000000
v 13.57601452 14.52645016 -1.25000000
v 13.49601460 14.54788589 -1.25000000
v 13.65601444 14.54788589 -1.25000000
v 13.61201954 14.65308571 -1.25000000
v 13.68890667 14.58077717 -1.25000000
v 13.46186543 14.79086494 -1.25000000
v 12.58589935 14.23359108 -1.14999998
v 12.75961971 14.07807159 -1.14999998
v 12.93141937 13.92043114 -1.14999998
v 13.10127068 13.76069450 -1.14999998
v 14.60645008 13.43745041 -1.25000000
v 14.68645000 13.41601467 -1.25000000
v 14.52645016 13.57601452 -1.25000000
v 14.54788589 13.49601460 -1.25000000
v 14.54788589 13.65601444 -1.25000000
v 14.58077717 13.68890667 -1.25000000
v 14.65308571 13.61201954 -1.25000000
v 14.76644993 13.43745041 -1.25000000
v 14.79086494 13.46186543 -1.25000000
v 13.76069450 13.10127068 -1.14999998
v 13.92043114 12.93141937 -1.14999998
v 14.07807159 12.75961971 -1.14999998
v 14.23359108 12.58589935 -1.14999998
v 14.00357151 14.06213570 -1.25000000
v 14.06213570 14.00357151 -1.25000000
v 13.98213577 14.14213562 -1.25000000
v 14.00357151 14.22213554 -1.25000000
v 14.03218269 14.25074673 -1.25000000
v 14.14213562 13.98213577 -1.25000000
v 14.22213554 14.00357151 -1.25000000
v 14.25074673 14.03218269 -1.25000000
v 14.14213562 14.14213562 -1.25000000
v 10.16495514 16.05221748 -1.50000000
v 10.36117458 15.92626953 -1.50000000
v 10.55583477 15.79792309 -1.50000000
v 10.94035530 15.53411102 -1.50000000
v 11.13015938 15.39868641 -1.50000000
v 10.74890423 15.66719723 -1.50000000
v 10.28205490 17.15457153 -1.50000000
v 10.07076740 17.27945709 -1.50000000
v 10.49179363 17.02710342 -1.50000000
v 10.90649986 16.76449394 -1.50000000
v 11.11140442 16.62939262 -1.50000000
v 10.69995213 16.89707184 -1.50000000
v 11.31828690 15.26094341 -1.50000000
v 11.50471020 15.12090111 -1.50000000
v 11.71595669 16.20914459 -1.50000000
v 12.49718952 15.61474419 -1.50000000
v 12.11022091 15.91673851 -1.50000000
v 11.91398621 16.06414986 -1.50000000
v 12.30463219 15.76692867 -1.50000000
v 11.31463623 16.49178696 -1.50000000
v 11.51616383 16.35169601 -1.50000000
v 10.16495514 16.05221748 -1.14999998
v 10.36117458 15.92626953 -1.14999998
v 10.55583477 15.79792309 -1.14999998
v 10.94035530 15.53411102 -1.14999998
v 11.13015938 15.39868641 -1.14999998
v 10.74890423 15.66719723 -1.14999998
v 10.31140709 16.97280312 -1.25000000
v 10.28997135 17.05280304 -1.25000000
v 10.31140709 17.13280296 -1.25000000
v 10.36997128 16.91423988 -1.25000000
v 10.44997120 16.89280319 -1.25000000
v 10.31385136 17.13524818 -1.25000000
v 10.52997112 16.91423988 -1.25000000
v 10.49179363 17.02710342 -1.25000000
v 10.58476067 16.96902847 -1.25000000
v 10.97284031 16.54939270 -1.25000000
v 11.03140450 16.49082756 -1.25000000
v 11.11140442 16.46939278 -1.25000000
v 11.19140434 16.49082756 -1.25000000
v 11.24172783 16.54115105 -1.25000000
v 10.95140457 16.62939262 -1.25000000
v 10.97284031 16.70939255 -1.25000000
v 10.97968674 16.71623802 -1.25000000
v 11.11140442 16.62939262 -1.25000000
v 11.67570496 16.04177666 -1.25000000
v 11.61714077 16.10033989 -1.25000000
v 11.59570503 16.18033981 -1.25000000
v 11.71595669 16.20914459 -1.25000000
v 11.75570488 16.02033997 -1.25000000
v 11.83570480 16.04177666 -1.25000000
v 12.30187893 15.56777477 -1.25000000
v 12.38187885 15.54633904 -1.25000000
v 12.46187878 15.56777477 -1.25000000
v 12.49718952 15.61474419 -1.25000000
v 11.88171101 16.08778191 -1.25000000
v 12.24331474 15.62633896 -1.25000000
v 12.22187901 15.70633888 -1.25000000
v 12.30463219 15.76692867 -1.25000000
v 12.24331474 15.78633881 -1.25000000
v 12.25903797 15.80206203 -1.25000000
v 11.31828690 15.26094341 -1.14999998
v 11.50471020 15.12090111 -1.14999998
v 11.61714077 16.26033974 -1.25000000
v 11.62841034 16.27160835 -1.25000000
v 12.68786526 15.46020889 -1.50000000
v 12.87663078 15.30334568 -1.50000000
v 13.06345654 15.14417648 -1.50000000
v 12.50362968 15.60952568 -1.25000000
v 12.85039711 15.12811947 -1.25000000
v 12.90896130 15.06955528 -1.25000000
v 12.82896137 15.20811939 -1.25000000
v 12.85039711 15.28811932 -1.25000000
v 12.87663078 15.30334568 -1.25000000
v 12.87061882 15.30834103 -1.25000000
v 12.98896122 15.04811954 -1.25000000
v 13.06896114 15.06955528 -1.25000000
v 13.06345654 15.14417648 -1.25000000
v 13.10622787 15.10682201 -1.25000000
v 15.39868641 11.13015938 -1.50000000
v 15.53411102 10.94035530 -1.50000000
v 15.92626953 10.36117458 -1.50000000
v 15.79792309 10.55583477 -1.50000000
v 16.05221748 10.16495514 -1.50000000
v 15.66719723 10.74890423 -1.50000000
v 15.12090111 11.50471020 -1.50000000
v 15.26094341 11.31828690 -1.50000000
v 15.61474419 12.49718952 -1.50000000
v 16.20914459 11.71595669 -1.50000000
v 15.91673851 12.11022091 -1.50000000
v 15.76692867 12.30463219 -1.50000000
v 16.06414986 11.91398621 -1.50000000
v 16.76449394 10.90649986 -1.50000000
v 16.62939262 11.11140442 -1.50000000
v 17.15457153 10.28205490 -1.50000000
v 17.02710342 10.49179363 -1.50000000
v 17.27945709 10.07076740 -1.50000000
v 16.89707184 10.69995213 -1.50000000
v 16.35169601 11.51616383 -1.50000000
v 16.49178696 11.31463623 -1.50000000
v 15.39868641 11.13015938 -1.14999998
v 15.53411102 10.94035530 -1.14999998
v 15.92626953 10.36117458 -1.14999998
v 15.79792309 10.55583477 -1.14999998
v 16.05221748 10.16495514 -1.14999998
v 15.66719723 10.74890423 -1.14999998
v 15.56777477 12.30187893 -1.25000000
v 15.54633904 12.38187885 -1.25000000
v 15.56777477 12.46187878 -1.25000000
v 15.61474419 12.49718952 -1.25000000
v 16.04177666 11.67570496 -1.25000000
v 16.02033997 11.75570488 -1.25000000
v 16.04177666 11.83570480 -1.25000000
v 16.10033989 11.61714077 -1.25000000
v 16.18033981 11.59570503 -1.25000000
v 16.20914459 11.71595669 -1.25000000
v 15.62633896 12.24331474 -1.25000000
v 15.70633888 12.22187901 -1.25000000
v 15.76692867 12.30463219 -1.25000000
v 15.78633881 12.24331474 -1.25000000
v 15.80206203 12.25903797 -1.25000000
v 16.08778191 11.88171101 -1.25000000
v 15.12090111 11.50471020 -1.14999998
v 15.26094341 11.31828690 -1.14999998
v 16.54939270 10.97284031 -1.25000000
v 16.49082756 11.03140450 -1.25000000
v 16.46939278 11.11140442 -1.25000000
v 16.49082756 11.19140434 -1.25000000
v 16.54115105 11.24172783 -1.25000000
v 16.62939262 10.95140457 -1.25000000
v 16.70939255 10.97284031 -1.25000000
v 16.71623802 10.97968674 -1.25000000
v 16.62939262 11.11140442 -1.25000000
v 16.97280312 10.31140709 -1.25000000
v 17.05280304 10.28997135 -1.25000000
v 17.13280296 10.31140709 -1.25000000
v 16.91423988 10.36997128 -1.25000000
v 16.89280319 10.44997120 -1.25000000
v 16.91423988 10.52997112 -1.25000000
v 17.02710342 10.49179363 -1.25000000
v 16.96902847 10.58476067 -1.25000000
v 17.13524818 10.31385136 -1.25000000
v 16.26033974 11.61714077 -1.25000000
v 16.27160835 11.62841034 -1.25000000
v 15.14417648 13.06345654 -1.50000000
v 15.30334568 12.87663078 -1.50000000
v 15.46020889 12.68786526 -1.50000000
v 15.06955528 12.90896130 -1.25000000
v 15.12811947 12.85039711 -1.25000000
v 15.04811954 12.98896122 -1.25000000
v 15.06955528 13.06896114 -1.25000000
v 15.10682201 13.10622787 -1.25000000
v 15.14417648 13.06345654 -1.25000000
v 15.20811939 12.82896137 -1.25000000
v 15.28811932 12.85039711 -1.25000000
v 15.30334568 12.87663078 -1.25000000
v 15.30834103 12.87061882 -1.25000000
v 15.60952568 12.50362968 -1.25000000
v 0.00000000 19.00000000 1.14999998
v 0.23315923 18.99856949 1.14999998
v 0.46628335 18.99427795 1.14999998
v 0.69933724 18.98712540 1.14999998
v 0.93228579 18.97711372 1.14999998
v 1.16509402 18.96424484 1.14999998
v 0.00000000 19.84000015 1.25000000
v 0.00000000 20.00000000 1.25000000
v 0.08000000 19.86143684 1.25000000
v 0.13856407 19.92000008 1.25000000
v 0.15973736 19.99901962 1.25000000
v 0.64663225 19.90458107 1.25000000
v 0.62519634 19.98458099 1.25000000
v 0.62659740 19.98980904 1.25000000
v 0.70519632 19.84601593 1.25000000
v 0.73614448 19.98644829 1.25000000
v 0.78519630 19.82458115 1.25000000
v 0.86519629 19.84601593 1.25000000
v 0.92376035 19.90458107 1.25000000
v 0.94331086 19.97754478 1.25000000
v 1.39772666 18.94851875 1.14999998
v 1.63014889 18.92993927 1.14999998
v 1.86232567 18.90851021 1.14999998
v 2.09422183 18.88423157 1.14999998
v 2.32580280 18.85711098 1.14999998
v 1.48918188 19.79978180 1.25000000
v 1.43061781 19.85834694 1.25000000
v 1.40918195 19.93834686 1.25000000
v 1.41225088 19.94980049 1.25000000
v 1.47129130 19.94580841 1.25000000
v 1.56918192 19.77834702 1.25000000
v 1.64918196 19.79978180 1.25000000
v 1.70774603 19.85834694 1.25000000
v 1.71594620 19.92625237 1.25000000
v 1.72570002 19.92535210 1.25000000
v 2.21218395 19.78136826 1.25000000
v 2.27074790 19.72280502 1.25000000
v 2.19074798 19.86137009 1.25000000
v 2.20444417 19.87813950 1.25000000
v 2.19549274 19.87907600 1.25000000
v 2.35074806 19.70136833 1.25000000
v 2.43074799 19.72280502 1.25000000
v 2.48931193 19.78136826 1.25000000
v 2.44821358 19.84959030 1.25000000
v 0.00000000 19.00000000 1.50000000
v 0.23315923 18.99856949 1.50000000
v 0.46628335 18.99427795 1.50000000
v 0.00000000 20.00000000 1.50000000
v 0.24543077 19.99849319 1.50000000
v 0.49082458 19.99397659 1.50000000
v 0.69933724 18.98712540 1.50000000
v 0.93228579 18.97711372 1.50000000
v 1.16509402 18.96424484 1.50000000
v 0.73614448 19.98644829 1.50000000
v 0.98135346 19.97590828 1.50000000
v 1.22641468 19.96236229 1.50000000
v 1.39772666 18.94851875 1.50000000
v 1.63014889 18.92993927 1.50000000
v 1.86232567 18.90851021 1.50000000
v 1.47129130 19.94580841 1.50000000
v 1.71594620 19.92625237 1.50000000
v 2.09422183 18.88423157 1.50000000
v 2.32580280 18.85711098 1.50000000
v 1.96034276 19.90369415 1.50000000
v 2.20444417 19.87813950 1.50000000
v 2.44821358 19.84959030 1.50000000
v 3.24827600 18.72027588 1.14999998
v 3.47775793 18.67900467 1.14999998
v 3.70671606 18.63492012 1.14999998
v 2.55703354 18.82715034 1.14999998
v 2.78787899 18.79435349 1.14999998
v 3.01830482 18.75872612 1.14999998
v 2.50559950 19.84215546 1.25000000
v 2.99012518 19.67376709 1.25000000
v 3.04868937 19.61520195 1.25000000
v 2.96868920 19.75376701 1.25000000
v 2.97499132 19.77728653 1.25000000
v 3.12868929 19.59376717 1.25000000
v 3.20868921 19.61520195 1.25000000
v 3.26725340 19.67376709 1.25000000
v 3.17716289 19.74602890 1.25000000
v 3.28192234 19.72851181 1.25000000
v 3.74180651 19.61570549 1.25000000
v 3.74965596 19.64500046 1.25000000
v 3.93511605 18.58802986 1.14999998
v 4.16292334 18.53833961 1.14999998
v 4.61662340 18.43059349 1.14999998
v 4.39010429 18.48585892 1.14999998
v 4.84244776 18.37255287 1.14999998
v 3.82180643 19.47714233 1.25000000
v 3.90180635 19.45570564 1.25000000
v 3.76324248 19.53570557 1.25000000
v 3.90180635 19.61570549 1.25000000
v 3.98180652 19.47714233 1.25000000
v 4.04037046 19.53570557 1.25000000
v 4.05346394 19.58456993 1.25000000
v 4.53034306 19.36739922 1.25000000
v 4.58890724 19.30883408 1.25000000
v 4.66890717 19.28739929 1.25000000
v 4.74890709 19.30883408 1.25000000
v 4.80747128 19.36739922 1.25000000
v 4.50890732 19.44739914 1.25000000
v 4.51832771 19.48255539 1.25000000
v 4.62116194 19.45879936 1.25000000
v 4.81902695 19.41052437 1.25000000
v 3.24827600 18.72027588 1.50000000
v 3.47775793 18.67900467 1.50000000
v 3.70671606 18.63492012 1.50000000
v 2.55703354 18.82715034 1.50000000
v 2.78787899 18.79435349 1.50000000
v 3.01830482 18.75872612 1.50000000
v 2.69161415 19.81805229 1.50000000
v 2.93460941 19.78352928 1.50000000
v 3.17716289 19.74602890 1.50000000
v 3.41923785 19.70555305 1.50000000
v 3.66079783 19.66210938 1.50000000
v 3.93511605 18.58802986 1.50000000
v 4.16292334 18.53833961 1.50000000
v 4.61662340 18.43059349 1.50000000
v 4.39010429 18.48585892 1.50000000
v 4.84244776 18.37255287 1.50000000
v 3.90180635 19.61570549 1.50000000
v 4.14222765 19.56634712 1.50000000
v 4.38202477 19.51404190 1.50000000
v 4.62116194 19.45879936 1.50000000
v 4.85960340 19.40062523 1.50000000
v 7.48584890 17.46316338 1.14999998
v 7.48584890 17.46316338 1.50000000
v 5.06754255 18.31174469 1.14999998
v 5.29187393 18.24818039 1.14999998
v 5.51540899 18.18186569 1.14999998
v 5.73811293 18.11281395 1.14999998
v 5.95995283 18.04103470 1.14999998
v 6.18089533 17.96653938 1.14999998
v 5.29024506 19.16910553 1.25000000
v 5.26880884 19.24910545 1.25000000
v 5.27982712 19.29022408 1.25000000
v 5.34880877 19.11054039 1.25000000
v 5.42880917 19.08910561 1.25000000
v 5.33425522 19.27552223 1.25000000
v 5.50880909 19.11054039 1.25000000
v 5.56737328 19.16910553 1.25000000
v 5.57039356 19.20861053 1.25000000
v 5.57740164 19.20653152 1.25000000
v 6.04177570 18.94112968 1.25000000
v 6.02033997 19.02112961 1.25000000
v 6.10033989 18.88256645 1.25000000
v 6.18033981 18.86112976 1.25000000
v 6.04011917 19.06612015 1.25000000
v 6.03298759 19.06833267 1.25000000
v 6.40090704 17.88933754 1.14999998
v 6.61995506 17.80944061 1.14999998
v 6.83800554 17.72686386 1.14999998
v 7.05502653 17.64161491 1.14999998
v 7.27098513 17.55371094 1.14999998
v 6.78377724 18.68382645 1.25000000
v 6.84234095 18.62526321 1.25000000
v 6.92234135 18.60382652 1.25000000
v 7.00234127 18.62526321 1.25000000
v 6.96837378 18.74678040 1.25000000
v 7.06090498 18.68382645 1.25000000
v 7.06769514 18.70916557 1.25000000
v 7.49366856 18.47759056 1.25000000
v 6.26033974 18.88256645 1.25000000
v 6.31890392 18.94112968 1.25000000
v 6.32730103 18.97246933 1.25000000
v 6.27363491 18.99056435 1.25000000
v 6.76234102 18.76382637 1.25000000
v 6.77652359 18.81675529 1.25000000
v 5.06754255 18.31174469 1.50000000
v 5.29187393 18.24818039 1.50000000
v 5.51540899 18.18186569 1.50000000
v 5.73811293 18.11281395 1.50000000
v 5.95995283 18.04103470 1.50000000
v 6.18089533 17.96653938 1.50000000
v 5.09731340 19.33952904 1.50000000
v 5.33425522 19.27552223 1.50000000
v 5.57039356 19.20861053 1.50000000
v 5.80569363 19.13880730 1.50000000
v 6.04011917 19.06612015 1.50000000
v 6.40090704 17.88933754 1.50000000
v 6.61995506 17.80944061 1.50000000
v 6.83800554 17.72686386 1.50000000
v 7.05502653 17.64161491 1.50000000
v 7.27098513 17.55371094 1.50000000
v 6.96837378 18.74678040 1.50000000
v 7.19790077 18.65985680 1.50000000
v 7.42634392 18.57012177 1.50000000
v 6.27363491 18.99056435 1.50000000
v 6.50620604 18.91214561 1.50000000
v 6.73779726 18.83088112 1.50000000
v 7.69958496 17.36998558 1.14999998
v 8.12354660 17.17579651 1.14999998
v 7.91216183 17.27419090 1.14999998
v 8.33370876 17.07481575 1.14999998
v 8.54261494 16.97126198 1.14999998
v 9.96720409 16.17574883 1.14999998
v 8.75023556 16.86515236 1.14999998
v 8.95653820 16.75650406 1.14999998
v 9.36506557 16.53165245 1.14999998
v 9.16149139 16.64533234 1.14999998
v 9.56722927 16.41548347 1.14999998
v 9.76795197 16.29684448 1.14999998
v 9.63386059 17.36992073 1.25000000
v 9.61242485 17.44992065 1.25000000
v 9.69242477 17.31135559 1.25000000
v 9.77242470 17.28992081 1.25000000
v 9.85242462 17.31135559 1.25000000
v 9.85796356 17.40173912 1.25000000
v 9.91098881 17.36992073 1.25000000
v 9.91130257 17.37108994 1.25000000
v 7.69958496 17.36998558 1.50000000
v 8.12354660 17.17579651 1.50000000
v 7.91216183 17.27419090 1.50000000
v 8.33370876 17.07481575 1.50000000
v 8.54261494 16.97126198 1.50000000
v 9.96720409 16.17574883 1.50000000
v 8.75023556 16.86515236 1.50000000
v 8.95653820 16.75650406 1.50000000
v 9.36506557 16.53165245 1.50000000
v 9.16149139 16.64533234 1.50000000
v 9.56722927 16.41548347 1.50000000
v 9.76795197 16.29684448 1.50000000
v 9.85796356 17.40173912 1.50000000
v 7.57366848 18.33902740 1.25000000
v 7.51510477 18.39759064 1.25000000
v 7.65366888 18.31759071 1.25000000
v 7.73366880 18.33902740 1.25000000
v 7.79223251 18.39759064 1.25000000
v 7.79743481 18.41700554 1.25000000
v 7.50940323 18.53631210 1.25000000
v 7.65366888 18.47759056 1.25000000
v 8.23463058 18.08286285 1.25000000
v 8.29319477 18.02429962 1.25000000
v 8.37319469 18.00286293 1.25000000
v 8.45319462 18.02429962 1.25000000
v 8.51175880 18.08286285 1.25000000
v 8.51538849 18.09640884 1.25000000
v 8.21319485 18.16286278 1.25000000
v 8.23052788 18.22755051 1.25000000
v 8.32859135 18.18335915 1.25000000
v 8.94124603 17.74013138 1.25000000
v 8.99981022 17.68156624 1.25000000
v 8.91981030 17.82013130 1.25000000
v 8.93879223 17.89097214 1.25000000
v 8.99222660 17.86448669 1.25000000
v 9.07981014 17.66012955 1.25000000
v 9.15981007 17.68156624 1.25000000
v 9.21837425 17.74013138 1.25000000
v 9.21077442 17.75279236 1.25000000
v 9.22040749 17.74771881 1.25000000
v 9.64367580 17.52140236 1.25000000
v 9.63311386 17.52713013 1.25000000
v 7.65366888 18.47759056 1.50000000
v 7.87984085 18.38227654 1.50000000
v 8.10482597 18.28419495 1.50000000
v 8.55110168 18.07978630 1.50000000
v 8.32859135 18.18335915 1.50000000
v 8.77232456 17.97348976 1.50000000
v 8.99222660 17.86448669 1.50000000
v 9.21077442 17.75279236 1.50000000
v 9.42793465 17.63842583 1.50000000
v 9.64367580 17.52140236 1.50000000
v 19.00000000 0.00000000 1.14999998
v 18.99856949 0.23315923 1.14999998
v 18.99427795 0.46628335 1.14999998
v 18.98712540 0.69933724 1.14999998
v 18.97711372 0.93228579 1.14999998
v 18.96424484 1.16509402 1.14999998
v 19.84000015 0.00000000 1.25000000
v 19.86143684 0.08000000 1.25000000
v 19.92000008 0.13856407 1.25000000
v 20.00000000 0.00000000 1.25000000
v 19.99901962 0.15973736 1.25000000
v 19.82458115 0.78519630 1.25000000
v 19.90458107 0.64663225 1.25000000
v 19.84601593 0.70519632 1.25000000
v 19.98458099 0.62519634 1.25000000
v 19.98980904 0.62659740 1.25000000
v 19.98644829 0.73614448 1.25000000
v 19.84601593 0.86519629 1.25000000
v 19.90458107 0.92376035 1.25000000
v 19.97754478 0.94331086 1.25000000
v 18.94851875 1.39772666 1.14999998
v 18.92993927 1.63014889 1.14999998
v 18.90851021 1.86232567 1.14999998
v 18.88423157 2.09422183 1.14999998
v 18.85711098 2.32580280 1.14999998
v 19.79978180 1.48918188 1.25000000
v 19.85834694 1.43061781 1.25000000
v 19.93834686 1.40918195 1.25000000
v 19.94980049 1.41225088 1.25000000
v 19.94580841 1.47129130 1.25000000
v 19.77834702 1.56918192 1.25000000
v 19.79978180 1.64918196 1.25000000
v 19.85834694 1.70774603 1.25000000
v 19.92625237 1.71594620 1.25000000
v 19.92535210 1.72570002 1.25000000
v 19.72280502 2.27074790 1.25000000
v 19.78136826 2.21218395 1.25000000
v 19.70136833 2.35074806 1.25000000
v 19.72280502 2.43074799 1.25000000
v 19.78136826 2.48931193 1.25000000
v 19.86137009 2.19074798 1.25000000
v 19.87813950 2.20444417 1.25000000
v 19.87907600 2.19549274 1.25000000
v 19.84959030 2.44821358 1.25000000
v 19.00000000 0.00000000 1.50000000
v 18.99856949 0.23315923 1.50000000
v 18.99427795 0.46628335 1.50000000
v 18.98712540 0.69933724 1.50000000
v 18.97711372 0.93228579 1.50000000
v 18.96424484 1.16509402 1.50000000
v 20.00000000 0.00000000 1.50000000
v 19.99849319 0.24543077 1.50000000
v 19.99397659 0.49082458 1.50000000
v 19.98644829 0.73614448 1.50000000
v 19.97590828 0.98135346 1.50000000
v 19.96236229 1.22641468 1.50000000
v 18.94851875 1.39772666 1.50000000
v 18.92993927 1.63014889 1.50000000
v 18.90851021 1.86232567 1.50000000
v 18.88423157 2.09422183 1.50000000
v 18.85711098 2.32580280 1.50000000
v 19.94580841 1.47129130 1.50000000
v 19.92625237 1.71594620 1.50000000
v 19.90369415 1.96034276 1.50000000
v 19.87813950 2.20444417 1.50000000
v 19.84959030 2.44821358 1.50000000
v 18.72027588 3.24827600 1.14999998
v 18.67900467 3.47775793 1.14999998
v 18.63492012 3.70671606 1.14999998
v 18.58802986 3.93511605 1.14999998
v 18.53833961 4.16292334 1.14999998
v 18.43059349 4.61662340 1.14999998
v 18.37255287 4.84244776 1.14999998
v 18.48585892 4.39010429 1.14999998
v 18.82715034 2.55703354 1.14999998
v 18.79435349 2.78787899 1.14999998
v 18.75872612 3.01830482 1.14999998
v 19.67376709 2.99012518 1.25000000
v 19.61520195 3.04868937 1.25000000
v 19.84215546 2.50559950 1.25000000
v 19.75376701 2.96868920 1.25000000
v 19.77728653 2.97499132 1.25000000
v 19.59376717 3.12868929 1.25000000
v 19.61520195 3.20868921 1.25000000
v 19.67376709 3.26725340 1.25000000
v 19.61570549 3.74180651 1.25000000
v 19.64500046 3.74965596 1.25000000
v 19.74602890 3.17716289 1.25000000
v 19.72851181 3.28192234 1.25000000
v 19.36739922 4.53034306 1.25000000
v 19.28739929 4.66890717 1.25000000
v 19.30883408 4.58890724 1.25000000
v 19.30883408 4.74890709 1.25000000
v 19.36739922 4.80747128 1.25000000
v 19.47714233 3.82180643 1.25000000
v 19.45570564 3.90180635 1.25000000
v 19.47714233 3.98180652 1.25000000
v 19.53570557 3.76324248 1.25000000
v 19.61570549 3.90180635 1.25000000
v 19.53570557 4.04037046 1.25000000
v 19.58456993 4.05346394 1.25000000
v 19.44739914 4.50890732 1.25000000
v 19.48255539 4.51832771 1.25000000
v 19.45879936 4.62116194 1.25000000
v 19.41052437 4.81902695 1.25000000
v 18.72027588 3.24827600 1.50000000
v 18.67900467 3.47775793 1.50000000
v 18.63492012 3.70671606 1.50000000
v 18.58802986 3.93511605 1.50000000
v 18.53833961 4.16292334 1.50000000
v 18.43059349 4.61662340 1.50000000
v 18.37255287 4.84244776 1.50000000
v 18.48585892 4.39010429 1.50000000
v 18.82715034 2.55703354 1.50000000
v 18.79435349 2.78787899 1.50000000
v 18.75872612 3.01830482 1.50000000
v 19.81805229 2.69161415 1.50000000
v 19.78352928 2.93460941 1.50000000
v 19.66210938 3.66079783 1.50000000
v 19.74602890 3.17716289 1.50000000
v 19.70555305 3.41923785 1.50000000
v 19.61570549 3.90180635 1.50000000
v 19.56634712 4.14222765 1.50000000
v 19.51404190 4.38202477 1.50000000
v 19.45879936 4.62116194 1.50000000
v 19.40062523 4.85960340 1.50000000
v 17.46316338 7.48584890 1.14999998
v 17.46316338 7.48584890 1.50000000
v 16.17574883 9.96720409 1.14999998
v 17.17579651 8.12354660 1.14999998
v 17.36998558 7.69958496 1.14999998
v 17.27419090 7.91216183 1.14999998
v 17.07481575 8.33370876 1.14999998
v 16.97126198 8.54261494 1.14999998
v 16.53165245 9.36506557 1.14999998
v 16.86515236 8.75023556 1.14999998
v 16.75650406 8.95653820 1.14999998
v 16.64533234 9.16149139 1.14999998
v 16.41548347 9.56722927 1.14999998
v 16.29684448 9.76795197 1.14999998
v 17.36992073 9.63386059 1.25000000
v 17.44992065 9.61242485 1.25000000
v 17.31135559 9.69242477 1.25000000
v 17.28992081 9.77242470 1.25000000
v 17.31135559 9.85242462 1.25000000
v 17.36992073 9.91098881 1.25000000
v 17.37108994 9.91130257 1.25000000
v 17.40173912 9.85796356 1.25000000
v 16.17574883 9.96720409 1.50000000
v 17.17579651 8.12354660 1.50000000
v 17.36998558 7.69958496 1.50000000
v 17.27419090 7.91216183 1.50000000
v 17.07481575 8.33370876 1.50000000
v 16.97126198 8.54261494 1.50000000
v 16.53165245 9.36506557 1.50000000
v 16.86515236 8.75023556 1.50000000
v 16.75650406 8.95653820 1.50000000
v 16.64533234 9.16149139 1.50000000
v 16.41548347 9.56722927 1.50000000
v 16.29684448 9.76795197 1.50000000
v 17.40173912 9.85796356 1.50000000
v 18.11281395 5.73811293 1.14999998
v 17.96653938 6.18089533 1.14999998
v 18.04103470 5.95995283 1.14999998
v 18.24818039 5.29187393 1.14999998
v 18.31174469 5.06754255 1.14999998
v 18.18186569 5.51540899 1.14999998
v 17.80944061 6.61995506 1.14999998
v 17.72686386 6.83800554 1.14999998
v 17.88933754 6.40090704 1.14999998
v 17.64161491 7.05502653 1.14999998
v 17.55371094 7.27098513 1.14999998
v 18.62526321 6.84234095 1.25000000
v 18.68382645 6.78377724 1.25000000
v 18.60382652 6.92234135 1.25000000
v 18.62526321 7.00234127 1.25000000
v 18.74678040 6.96837378 1.25000000
v 18.68382645 7.06090498 1.25000000
v 18.70916557 7.06769514 1.25000000
v 18.47759056 7.49366856 1.25000000
v 19.16910553 5.29024506 1.25000000
v 19.24910545 5.26880884 1.25000000
v 19.29022408 5.27982712 1.25000000
v 19.11054039 5.34880877 1.25000000
v 19.08910561 5.42880917 1.25000000
v 19.11054039 5.50880909 1.25000000
v 19.16910553 5.56737328 1.25000000
v 19.20861053 5.57039356 1.25000000
v 19.20653152 5.57740164 1.25000000
v 19.27552223 5.33425522 1.25000000
v 18.88256645 6.10033989 1.25000000
v 18.86112976 6.18033981 1.25000000
v 18.94112968 6.04177570 1.25000000
v 19.02112961 6.02033997 1.25000000
v 19.06612015 6.04011917 1.25000000
v 19.06833267 6.03298759 1.25000000
v 18.88256645 6.26033974 1.25000000
v 18.94112968 6.31890392 1.25000000
v 18.97246933 6.32730103 1.25000000
v 18.99056435 6.27363491 1.25000000
v 18.76382637 6.76234102 1.25000000
v 18.81675529 6.77652359 1.25000000
v 18.11281395 5.73811293 1.50000000
v 17.96653938 6.18089533 1.50000000
v 18.04103470 5.95995283 1.50000000
v 18.24818039 5.29187393 1.50000000
v 18.31174469 5.06754255 1.50000000
v 18.18186569 5.51540899 1.50000000
v 17.80944061 6.61995506 1.50000000
v 17.72686386 6.83800554 1.50000000
v 17.88933754 6.40090704 1.50000000
v 17.64161491 7.05502653 1.50000000
v 17.55371094 7.27098513 1.50000000
v 18.74678040 6.96837378 1.50000000
v 18.57012177 7.42634392 1.50000000
v 18.65985680 7.19790077 1.50000000
v 19.33952904 5.09731340 1.50000000
v 19.20861053 5.57039356 1.50000000
v 19.27552223 5.33425522 1.50000000
v 19.13880730 5.80569363 1.50000000
v 19.06612015 6.04011917 1.50000000
v 18.99056435 6.27363491 1.50000000
v 18.91214561 6.50620604 1.50000000
v 18.83088112 6.73779726 1.50000000
v 18.08286285 8.23463058 1.25000000
v 18.02429962 8.29319477 1.25000000
v 18.00286293 8.37319469 1.25000000
v 18.02429962 8.45319462 1.25000000
v 18.08286285 8.51175880 1.25000000
v 18.09640884 8.51538849 1.25000000
v 18.33902740 7.57366848 1.25000000
v 18.31759071 7.65366888 1.25000000
v 18.39759064 7.51510477 1.25000000
v 18.33902740 7.73366880 1.25000000
v 18.39759064 7.79223251 1.25000000
v 18.41700554 7.79743481 1.25000000
v 18.47759056 7.65366888 1.25000000
v 18.53631210 7.50940323 1.25000000
v 18.16286278 8.21319485 1.25000000
v 18.22755051 8.23052788 1.25000000
v 18.18335915 8.32859135 1.25000000
v 17.68156624 8.99981022 1.25000000
v 17.74013138 8.94124603 1.25000000
v 17.66012955 9.07981014 1.25000000
v 17.68156624 9.15981007 1.25000000
v 17.74013138 9.21837425 1.25000000
v 17.75279236 9.21077442 1.25000000
v 17.74771881 9.22040749 1.25000000
v 17.82013130 8.91981030 1.25000000
v 17.86448669 8.99222660 1.25000000
v 17.89097214 8.93879223 1.25000000
v 17.52140236 9.64367580 1.25000000
v 17.52713013 9.63311386 1.25000000
v 18.07978630 8.55110168 1.50000000
v 18.38227654 7.87984085 1.50000000
v 18.28419495 8.10482597 1.50000000
v 18.47759056 7.65366888 1.50000000
v 18.18335915 8.32859135 1.50000000
v 17.75279236 9.21077442 1.50000000
v 17.86448669 8.99222660 1.50000000
v 17.97348976 8.77232456 1.50000000
v 17.63842583 9.42793465 1.50000000
v 17.52140236 9.64367580 1.50000000
v 11.68940067 14.97858238 1.14999998
v 11.87233067 14.83400726 1.14999998
v 12.05347252 14.68719864 1.14999998
v 12.23279953 14.53817844 1.14999998
v 12.41028404 14.38696766 1.14999998
v 11.68940067 14.97858238 1.50000000
v 11.87233067 14.83400726 1.50000000
v 12.05347252 14.68719864 1.50000000
v 12.23279953 14.53817844 1.50000000
v 12.41028404 14.38696766 1.50000000
v 14.83400726 11.87233067 1.14999998
v 14.97858238 11.68940067 1.14999998
v 14.68719864 12.05347252 1.14999998
v 14.38696766 12.41028404 1.14999998
v 14.53817844 12.23279953 1.14999998
v 14.83400726 11.87233067 1.50000000
v 14.97858238 11.68940067 1.50000000
v 14.68719864 12.05347252 1.50000000
v 14.38696766 12.41028404 1.50000000
v 14.53817844 12.23279953 1.50000000
v 13.43502903 13.43502903 1.14999998
v 13.26914883 13.59888554 1.14999998
v 13.59888554 13.26914883 1.14999998
v 12.58589935 14.23359108 1.14999998
v 12.75961971 14.07807159 1.14999998
v 12.93141937 13.92043114 1.14999998
v 13.10127068 13.76069450 1.14999998
v 13.43745041 14.60645008 1.25000000
v 13.41601467 14.68645000 1.25000000
v 13.43745041 14.76644993 1.25000000
v 13.57601452 14.52645016 1.25000000
v 13.49601460 14.54788589 1.25000000
v 13.65601444 14.54788589 1.25000000
v 13.61201954 14.65308571 1.25000000
v 13.68890667 14.58077717 1.25000000
v 13.46186543 14.79086494 1.25000000
v 13.76069450 13.10127068 1.14999998
v 13.92043114 12.93141937 1.14999998
v 14.07807159 12.75961971 1.14999998
v 14.23359108 12.58589935 1.14999998
v 14.60645008 13.43745041 1.25000000
v 14.68645000 13.41601467 1.25000000
v 14.52645016 13.57601452 1.25000000
v 14.54788589 13.49601460 1.25000000
v 14.54788589 13.65601444 1.25000000
v 14.58077717 13.68890667 1.25000000
v 14.65308571 13.61201954 1.25000000
v 14.76644993 13.43745041 1.25000000
v 14.79086494 13.46186543 1.25000000
v 14.00357151 14.06213570 1.25000000
v 14.06213570 14.00357151 1.25000000
v 13.98213577 14.14213562 1.25000000
v 14.00357151 14.22213554 1.25000000
v 14.03218269 14.25074673 1.25000000
v 14.14213562 13.98213577 1.25000000
v 14.22213554 14.00357151 1.25000000
v 14.25074673 14.03218269 1.25000000
v 14.14213562 14.14213562 1.25000000
v 13.43502903 13.43502903 1.50000000
v 13.26914883 13.59888554 1.50000000
v 13.59888554 13.26914883 1.50000000
v 12.58589935 14.23359108 1.50000000
v 12.75961971 14.07807159 1.50000000
v 12.93141937 13.92043114 1.50000000
v 13.10127068 13.76069450 1.50000000
v 13.24831581 14.98272800 1.50000000
v 13.43117905 14.81902218 1.50000000
v 13.61201954 14.65308571 1.50000000
v 13.76069450 13.10127068 1.50000000
v 13.92043114 12.93141937 1.50000000
v 14.07807159 12.75961971 1.50000000
v 14.23359108 12.58589935 1.50000000
v 14.65308571 13.61201954 1.50000000
v 14.81902218 13.43117905 1.50000000
v 14.98272800 13.24831581 1.50000000
v 13.96752453 14.31461620 1.50000000
v 14.31461620 13.96752453 1.50000000
v 14.14213562 14.14213562 1.50000000
v 13.79081059 14.48494148 1.50000000
v 14.48494148 13.79081059 1.50000000
v 10.16495514 16.05221748 1.14999998
v 10.36117458 15.92626953 1.14999998
v 10.55583477 15.79792309 1.14999998
v 10.94035530 15.53411102 1.14999998
v 11.13015938 15.39868641 1.14999998
v 10.74890423 15.66719723 1.14999998
v 10.31140709 16.97280312 1.25000000
v 10.28997135 17.05280304 1.25000000
v 10.31140709 17.13280296 1.25000000
v 10.36997128 16.91423988 1.25000000
v 10.44997120 16.89280319 1.25000000
v 10.31385136 17.13524818 1.25000000
v 10.52997112 16.91423988 1.25000000
v 10.49179363 17.02710342 1.25000000
v 10.58476067 16.96902847 1.25000000
v 10.97284031 16.54939270 1.25000000
v 11.03140450 16.49082756 1.25000000
v 11.11140442 16.46939278 1.25000000
v 11.19140434 16.49082756 1.25000000
v 11.24172783 16.54115105 1.25000000
v 10.95140457 16.62939262 1.25000000
v 10.97284031 16.70939255 1.25000000
v 10.97968674 16.71623802 1.25000000
v 11.11140442 16.62939262 1.25000000
v 11.31828690 15.26094341 1.14999998
v 11.50471020 15.12090111 1.14999998
v 11.67570496 16.04177666 1.25000000
v 11.61714077 16.10033989 1.25000000
v 11.59570503 16.18033981 1.25000000
v 11.71595669 16.20914459 1.25000000
v 11.75570488 16.02033997 1.25000000
v 11.83570480 16.04177666 1.25000000
v 12.30187893 15.56777477 1.25000000
v 12.38187885 15.54633904 1.25000000
v 12.46187878 15.56777477 1.25000000
v 12.49718952 15.61474419 1.25000000
v 11.88171101 16.08778191 1.25000000
v 12.24331474 15.62633896 1.25000000
v 12.22187901 15.70633888 1.25000000
v 12.30463219 15.76692867 1.25000000
v 12.24331474 15.78633881 1.25000000
v 12.25903797 15.80206203 1.25000000
v 11.61714077 16.26033974 1.25000000
v 11.62841034 16.27160835 1.25000000
v 10.16495514 16.05221748 1.50000000
v 10.36117458 15.92626953 1.50000000
v 10.55583477 15.79792309 1.50000000
v 10.94035530 15.53411102 1.50000000
v 11.13015938 15.39868641 1.50000000
v 10.74890423 15.66719723 1.50000000
v 10.28205490 17.15457153 1.50000000
v 10.07076740 17.27945709 1.50000000
v 10.49179363 17.02710342 1.50000000
v 10.90649986 16.76449394 1.50000000
v 11.11140442 16.62939262 1.50000000
v 10.69995213 16.89707184 1.50000000
v 11.31828690 15.26094341 1.50000000
v 11.50471020 15.12090111 1.50000000
v 11.71595669 16.20914459 1.50000000
v 12.49718952 15.61474419 1.50000000
v 12.11022091 15.91673851 1.50000000
v 11.91398621 16.06414986 1.50000000
v 12.30463219 15.76692867 1.50000000
v 11.31463623 16.49178696 1.50000000
v 11.51616383 16.35169601 1.50000000
v 12.50362968 15.60952568 1.25000000
v 12.85039711 15.12811947 1.25000000
v 12.90896130 15.06955528 1.25000000
v 12.82896137 15.20811939 1.25000000
v 12.85039711 15.28811932 1.25000000
v 12.87663078 15.30334568 1.25000000
v 12.87061882 15.30834103 1.25000000
v 12.98896122 15.04811954 1.25000000
v 13.06896114 15.06955528 1.25000000
v 13.06345654 15.14417648 1.25000000
v 13.10622787 15.10682201 1.25000000
v 12.68786526 15.46020889 1.50000000
v 12.87663078 15.30334568 1.50000000
v 13.06345654 15.14417648 1.50000000
v 15.39868641 11.13015938 1.14999998
v 15.53411102 10.94035530 1.14999998
v 15.92626953 10.36117458 1.14999998
v 15.79792309 10.55583477 1.14999998
v 16.05221748 10.16495514 1.14999998
v 15.66719723 10.74890423 1.14999998
v 15.12090111 11.50471020 1.14999998
v 15.26094341 11.31828690 1.14999998
v 15.56777477 12.30187893 1.25000000
v 15.54633904 12.38187885 1.25000000
v 15.56777477 12.46187878 1.25000000
v 15.61474419 12.49718952 1.25000000
v 16.04177666 11.67570496 1.25000000
v 16.02033997 11.75570488 1.25000000
v 16.04177666 11.83570480 1.25000000
v 16.10033989 11.61714077 1.25000000
v 16.18033981 11.59570503 1.25000000
v 16.20914459 11.71595669 1.25000000
v 15.62633896 12.24331474 1.25000000
v 15.70633888 12.22187901 1.25000000
v 15.76692867 12.30463219 1.25000000
v 15.78633881 12.24331474 1.25000000
v 15.80206203 12.25903797 1.25000000
v 16.08778191 11.88171101 1.25000000
v 16.54939270 10.97284031 1.25000000
v 16.49082756 11.03140450 1.25000000
v 16.46939278 11.11140442 1.25000000
v 16.49082756 11.19140434 1.25000000
v 16.54115105 11.24172783 1.25000000
v 16.62939262 10.95140457 1.25000000
v 16.70939255 10.97284031 1.25000000
v 16.71623802 10.97968674 1.25000000
v 16.62939262 11.11140442 1.25000000
v 16.97280312 10.31140709 1.25000000
v 17.05280304 10.28997135 1.25000000
v 17.13280296 10.31140709 1.25000000
v 16.91423988 10.36997128 1.25000000
v 16.89280319 10.44997120 1.25000000
v 16.91423988 10.52997112 1.25000000
v 17.02710342 10.49179363 1.25000000
v 16.96902847 10.58476067 1.25000000
v 17.13524818 10.31385136 1.25000000
v 16.26033974 11.61714077 1.25000000
v 16.27160835 11.62841034 1.25000000
v 15.39868641 11.13015938 1.50000000
v 15.53411102 10.94035530 1.50000000
v 15.92626953 10.36117458 1.50000000
v 15.79792309 10.55583477 1.50000000
v 16.05221748 10.16495514 1.50000000
v 15.66719723 10.74890423 1.50000000
v 15.12090111 11.50471020 1.50000000
v 15.26094341 11.31828690 1.50000000
v 15.61474419 12.49718952 1.50000000
v 16.20914459 11.71595669 1.50000000
v 15.91673851 12.11022091 1.50000000
v 15.76692867 12.30463219 1.50000000
v 16.06414986 11.91398621 1.50000000
v 16.76449394 10.90649986 1.50000000
v 16.62939262 11.11140442 1.50000000
v 17.15457153 10.28205490 1.50000000
v 17.02710342 10.49179363 1.50000000
v 17.27945709 10.07076740 1.50000000
v 16.89707184 10.69995213 1.50000000
v 16.35169601 11.51616383 1.50000000
v 16.49178696 11.31463623 1.50000000
v 15.06955528 12.90896130 1.25000000
v 15.12811947 12.85039711 1.25000000
v 15.04811954 12.98896122 1.25000000
v 15.06955528 13.06896114 1.25000000
v 15.10682201 13.10622787 1.25000000
v 15.14417648 13.06345654 1.25000000
v 15.20811939 12.82896137 1.25000000
v 15.28811932 12.85039711 1.25000000
v 15.30334568 12.87663078 1.25000000
v 15.30834103 12.87061882 1.25000000
v 15.60952568 12.50362968 1.25000000
v 15.14417648 13.06345654 1.50000000
v 15.30334568 12.87663078 1.50000000
v 15.46020889 12.68786526 1.50000000
f 3 164 9
f 3 222 164
f 1 4 27
f 2 3 5
f 164 10 9
f 3 9 5
f 2 5 6
f 16 26 37
f 19 38 20
f 17 39 19
f 15 21 343
f 15 342 16
f 15 47 21
f 21 48 22
f 21 22 347
f 17 345 22
f 16 342 353
f 21 347 343
f 15 343 342
f 19 40 38
f 19 39 40
f 21 47 48
f 15 51 47
f 24 34 27
f 24 58 25
f 24 27 59
f 23 26 31
f 24 25 30
f 23 32 25
f 24 30 34
f 23 62 26
f 1 28 2
f 1 27 35
f 2 29 3
f 2 28 29
f 3 29 222
f 1 35 28
f 27 34 35
f 27 68 59
f 24 59 58
f 23 56 62
f 26 62 37
f 27 4 68
f 16 353 26
f 23 31 33
f 25 32 30
f 23 33 32
f 26 353 31
f 80 83 173
f 82 229 99
f 80 81 84
f 81 82 88
f 80 84 83
f 81 87 84
f 81 88 87
f 94 129 100
f 94 116 129
f 96 123 99
f 96 98 118
f 96 99 230
f 96 231 98
f 97 98 232
f 98 231 232
f 97 233 100
f 94 100 101
f 94 110 95
f 94 102 110
f 97 100 122
f 100 233 101
f 97 232 233
f 94 101 102
f 96 119 123
f 96 118 119
f 99 123 93
f 100 129 122
f 104 109 105
f 103 105 112
f 104 105 135
f 95 104 139
f 103 106 144
f 106 108 145
f 103 113 106
f 106 114 108
f 106 113 114
f 107 108 543
f 108 114 543
f 104 135 139
f 105 136 135
f 106 145 144
f 108 147 145
f 95 111 104
f 95 110 111
f 104 111 109
f 105 109 112
f 103 112 113
f 161 169 163
f 160 163 170
f 161 163 181
f 161 182 162
f 161 181 182
f 163 185 181
f 159 166 220
f 165 166 190
f 159 192 166
f 164 221 165
f 165 219 166
f 165 221 219
f 166 219 220
f 159 167 162
f 161 162 168
f 163 169 170
f 161 168 169
f 159 220 167
f 162 167 168
f 166 192 190
f 159 193 192
f 172 174 173
f 171 172 205
f 160 171 204
f 160 178 171
f 171 178 180
f 171 180 179
f 171 179 172
f 172 179 174
f 80 176 81
f 80 173 175
f 80 175 176
f 81 177 82
f 82 177 229
f 81 176 177
f 173 174 175
f 172 203 205
f 171 205 204
f 160 170 178
f 164 222 223
f 164 223 221
f 99 229 230
f 96 230 231
f 164 763 10
f 1 757 4
f 1 2 768
f 2 6 768
f 16 37 772
f 15 16 815
f 15 815 51
f 18 20 818
f 20 38 773
f 22 48 783
f 17 22 817
f 17 817 39
f 23 793 56
f 23 25 823
f 25 58 825
f 82 841 88
f 82 99 849
f 173 83 967
f 99 93 849
f 94 95 894
f 95 139 874
f 94 894 116
f 98 855 118
f 97 898 98
f 97 122 897
f 103 905 105
f 103 144 879
f 107 908 108
f 105 905 136
f 107 550 907
f 108 908 147
f 159 162 953
f 162 182 916
f 160 957 163
f 159 953 193
f 163 957 185
f 165 190 928
f 164 165 958
f 160 204 942
f 172 173 966
f 172 966 203
f 239 240 374
f 242 243 252
f 241 242 251
f 240 254 243
f 239 249 250
f 242 252 251
f 243 254 256
f 243 256 252
f 244 248 261
f 244 262 246
f 245 264 287
f 245 247 266
f 241 293 242
f 240 243 289
f 242 292 243
f 241 248 298
f 244 297 248
f 240 289 374
f 243 290 289
f 243 292 290
f 244 261 262
f 245 266 265
f 245 265 264
f 248 272 261
f 278 288 300
f 279 303 280
f 288 325 300
f 280 303 302
f 278 396 288
f 282 314 284
f 280 306 281
f 278 279 388
f 283 284 312
f 283 319 285
f 281 306 307
f 280 302 306
f 284 313 312
f 283 312 319
f 284 314 313
f 244 246 294
f 246 247 296
f 286 324 288
f 245 287 391
f 286 392 287
f 245 390 247
f 244 294 299
f 246 296 294
f 241 291 293
f 248 297 298
f 241 298 291
f 242 293 292
f 244 299 297
f 288 324 325
f 286 288 394
f 247 295 296
f 247 390 295
f 245 391 390
f 287 389 391
f 287 392 389
f 286 393 392
f 19 20 348
f 17 19 346
f 18 349 20
f 18 356 341
f 239 341 249
f 239 351 341
f 18 341 350
f 19 348 346
f 20 349 348
f 18 352 349
f 22 344 347
f 22 345 344
f 17 346 345
f 341 356 354
f 341 354 249
f 341 351 350
f 18 350 352
f 239 374 351
f 376 398 377
f 377 399 378
f 379 403 380
f 380 416 383
f 279 280 443
f 280 281 453
f 278 386 396
f 278 387 386
f 278 388 387
f 279 441 388
f 376 397 398
f 377 398 399
f 379 401 403
f 380 403 416
f 381 413 382
f 382 420 384
f 385 422 436
f 279 442 441
f 279 443 442
f 280 444 443
f 280 445 444
f 280 451 445
f 280 452 451
f 280 453 452
f 382 413 414
f 382 414 420
f 286 394 393
f 288 395 394
f 288 396 395
f 436 458 437
f 378 379 1588
f 379 380 1587
f 377 378 1589
f 376 377 1590
f 438 465 439
f 439 470 440
f 440 472 446
f 281 282 1642
f 281 454 453
f 281 455 454
f 281 1518 455
f 283 1640 284
f 285 376 1638
f 283 285 1639
f 282 284 1641
f 436 422 456
f 436 456 458
f 437 458 459
f 439 465 466
f 439 466 470
f 440 470 472
f 381 382 1581
f 382 384 1580
f 436 437 1528
f 437 438 1527
f 384 385 1579
f 385 436 1578
f 380 383 1586
f 381 1582 383
f 447 483 448
f 439 440 1525
f 438 439 1526
f 440 446 1524
f 446 447 1517
f 447 448 1516
f 448 449 1515
f 449 450 1514
f 448 485 449
f 450 1534 1512
f 447 480 483
f 448 483 485
f 450 489 1534
f 239 1025 240
f 240 1000 254
f 239 250 1025
f 241 251 1026
f 246 262 1008
f 246 1032 247
f 241 1033 248
f 247 1032 266
f 248 1033 272
f 278 1076 279
f 279 1037 303
f 278 300 1075
f 281 1079 282
f 282 1048 314
f 281 307 1079
f 285 319 1082
f 286 287 1083
f 287 264 1010
f 286 1083 324
f 18 1105 356
f 285 1171 376
f 376 1132 397
f 378 399 1134
f 378 1174 379
f 379 1174 401
f 381 383 1176
f 383 416 1154
f 384 420 1158
f 384 1180 385
f 385 1160 422
f 381 1176 413
f 437 1235 438
f 438 1206 465
f 437 459 1235
f 446 472 1243
f 446 1244 447
f 447 1221 480
f 449 485 1226
f 449 1247 450
f 450 1247 489
f 497 498 507
f 500 542 501
f 499 500 511
f 500 501 515
f 498 508 507
f 500 514 511
f 499 511 509
f 500 515 514
f 502 504 520
f 501 544 503
f 502 503 547
f 502 522 503
f 506 572 529
f 505 506 530
f 502 546 504
f 504 548 505
f 502 547 546
f 504 546 548
f 505 632 506
f 505 548 632
f 502 519 522
f 502 520 519
f 506 528 530
f 506 529 528
f 107 537 536
f 497 536 538
f 497 540 498
f 107 536 550
f 497 551 536
f 107 543 537
f 536 537 538
f 497 538 540
f 498 539 499
f 498 540 539
f 499 539 541
f 499 541 500
f 500 541 542
f 536 551 550
f 497 507 551
f 501 542 544
f 503 544 545
f 503 545 547
f 569 600 574
f 570 571 594
f 569 591 600
f 571 593 594
f 506 575 572
f 572 576 573
f 573 577 574
f 573 574 599
f 506 632 575
f 572 575 576
f 573 576 577
f 569 574 578
f 569 578 579
f 569 579 570
f 570 585 571
f 570 579 585
f 574 577 578
f 574 600 599
f 580 587 581
f 581 588 582
f 580 581 611
f 571 580 593
f 582 589 583
f 583 590 584
f 582 583 616
f 583 584 620
f 580 611 610
f 580 610 593
f 582 616 617
f 583 620 616
f 584 623 620
f 571 586 580
f 571 585 586
f 581 587 588
f 580 586 587
f 582 588 589
f 583 589 590
f 584 590 639
f 634 635 655
f 635 636 656
f 634 641 635
f 584 639 634
f 635 642 636
f 635 641 640
f 635 640 642
f 637 638 664
f 638 644 677
f 636 643 637
f 636 642 643
f 637 652 638
f 637 643 652
f 635 656 655
f 636 657 656
f 638 667 664
f 638 677 667
f 634 639 641
f 645 649 646
f 645 646 678
f 638 653 644
f 644 654 645
f 638 652 653
f 644 653 654
f 645 654 649
f 646 650 647
f 647 651 648
f 646 647 679
f 648 694 687
f 646 649 650
f 647 650 651
f 648 651 697
f 646 679 678
f 647 683 679
f 648 697 694
f 694 698 695
f 695 701 696
f 694 695 714
f 695 696 720
f 694 697 698
f 695 698 701
f 696 702 699
f 699 703 700
f 700 707 704
f 699 700 724
f 700 704 728
f 696 701 702
f 699 702 703
f 700 703 707
f 694 714 687
f 695 719 714
f 695 720 719
f 699 724 723
f 700 728 724
f 704 730 728
f 704 708 705
f 705 709 706
f 705 706 738
f 706 710 742
f 704 707 708
f 705 708 709
f 706 709 712
f 706 712 710
f 710 713 711
f 711 3033 3030
f 711 3030 747
f 710 712 713
f 711 713 3033
f 706 742 738
f 710 745 742
f 3030 750 747
f 498 1254 508
f 498 499 1283
f 501 1261 515
f 499 509 1283
f 501 503 1286
f 503 522 1268
f 504 505 1289
f 505 530 1276
f 504 1289 520
f 569 1325 591
f 569 570 1366
f 570 594 1367
f 572 573 1369
f 573 599 1338
f 572 1369 529
f 581 1345 611
f 581 582 1378
f 584 1357 623
f 584 634 1381
f 582 617 1378
f 636 637 1431
f 637 664 1399
f 634 655 1429
f 636 1431 657
f 644 645 1439
f 645 678 1416
f 647 648 1442
f 644 1439 677
f 647 1442 683
f 648 687 1443
f 696 1461 720
f 696 699 1494
f 704 1471 730
f 699 723 1494
f 704 705 1502
f 710 711 1508
f 711 747 1488
f 705 738 1503
f 710 1508 745
f 164 958 763
f 1 827 757
f 1 768 827
f 768 6 759
f 16 772 816
f 815 786 51
f 16 816 815
f 18 818 1105
f 20 773 820
f 22 783 822
f 20 820 818
f 817 774 39
f 22 822 817
f 23 823 793
f 25 825 823
f 825 58 795
f 82 848 841
f 967 83 836
f 82 849 848
f 849 93 846
f 95 874 895
f 894 851 116
f 95 895 894
f 98 898 855
f 97 897 898
f 897 122 859
f 103 879 903
f 905 871 136
f 103 903 905
f 107 907 908
f 908 882 147
f 160 942 954
f 162 916 956
f 160 954 957
f 162 956 953
f 957 919 185
f 165 928 959
f 165 959 958
f 953 931 193
f 966 941 203
f 173 967 966
f 769 758 762
f 769 759 758
f 770 762 763
f 770 763 958
f 768 759 769
f 769 762 770
f 770 958 829
f 816 772 799
f 816 799 826
f 820 773 775
f 819 775 774
f 821 782 786
f 822 783 782
f 819 820 775
f 817 819 774
f 821 822 782
f 815 821 786
f 816 826 1118
f 815 816 1119
f 821 1120 822
f 817 822 1122
f 815 1123 821
f 815 1119 1123
f 816 1118 1119
f 825 795 796
f 824 796 805
f 826 799 793
f 827 805 757
f 824 825 796
f 824 805 827
f 823 826 793
f 823 825 833
f 824 832 825
f 824 827 830
f 768 769 835
f 768 834 827
f 769 770 828
f 770 829 828
f 958 983 829
f 769 828 835
f 768 835 834
f 827 834 830
f 823 1129 826
f 823 831 1129
f 823 833 831
f 825 832 833
f 824 830 832
f 826 1129 1118
f 847 837 840
f 847 836 837
f 848 840 841
f 847 967 836
f 847 840 848
f 849 846 899
f 849 899 971
f 894 900 851
f 899 860 856
f 896 856 855
f 899 846 860
f 897 859 866
f 900 866 851
f 896 899 856
f 896 855 898
f 896 898 991
f 896 990 899
f 897 992 898
f 898 992 991
f 897 993 992
f 897 866 900
f 897 900 993
f 894 994 900
f 894 895 902
f 895 910 902
f 900 994 993
f 894 901 994
f 894 902 901
f 904 870 871
f 895 874 870
f 906 879 880
f 906 880 882
f 895 870 904
f 904 871 905
f 904 905 911
f 903 909 905
f 903 879 906
f 906 882 908
f 903 906 912
f 906 908 913
f 906 913 912
f 907 914 908
f 908 914 913
f 907 1319 914
f 895 904 910
f 904 911 910
f 905 909 911
f 903 912 909
f 955 915 919
f 956 916 915
f 955 956 915
f 955 919 957
f 954 963 957
f 959 928 930
f 960 930 931
f 959 930 960
f 953 960 931
f 953 980 960
f 953 956 981
f 958 959 984
f 959 960 982
f 960 980 982
f 953 981 980
f 955 961 956
f 955 957 962
f 955 962 961
f 954 964 963
f 957 963 962
f 956 961 981
f 965 943 941
f 954 942 943
f 965 941 966
f 954 943 965
f 966 967 973
f 847 968 967
f 954 965 964
f 965 966 974
f 965 974 972
f 967 968 973
f 966 973 974
f 847 848 969
f 848 970 969
f 848 849 970
f 849 971 970
f 847 969 968
f 965 972 964
f 958 984 983
f 959 982 984
f 899 990 971
f 896 991 990
f 240 1028 1000
f 1025 250 996
f 1026 251 997
f 240 1025 1028
f 246 1008 1031
f 246 1031 1032
f 1032 1012 266
f 241 1026 1033
f 1033 1018 272
f 279 1076 1037
f 1075 300 1034
f 278 1075 1076
f 282 1081 1048
f 1079 307 1041
f 282 1079 1081
f 1082 319 1053
f 285 1082 1171
f 287 1010 1084
f 287 1084 1083
f 1083 1063 324
f 376 1171 1132
f 378 1134 1173
f 378 1173 1174
f 1174 1136 401
f 383 1154 1178
f 384 1158 1179
f 385 1180 1160
f 1176 1151 413
f 383 1178 1176
f 384 1179 1180
f 438 1236 1206
f 1235 459 1200
f 438 1235 1236
f 1243 472 1213
f 447 1244 1221
f 449 1226 1246
f 446 1243 1244
f 449 1246 1247
f 1247 1230 489
f 1024 996 995
f 1027 998 1002
f 1027 997 998
f 1028 1002 1000
f 1024 1025 996
f 1026 997 1027
f 1027 1002 1028
f 1024 1086 1025
f 1029 1007 1018
f 1029 1008 1007
f 1030 1011 1012
f 1030 1010 1011
f 1029 1031 1008
f 1030 1084 1010
f 1030 1012 1032
f 1029 1033 1096
f 1029 1018 1033
f 1025 1087 1028
f 1027 1028 1090
f 1024 1131 1086
f 1026 1027 1088
f 1026 1094 1033
f 1025 1086 1087
f 1028 1087 1089
f 1028 1089 1090
f 1075 1034 1064
f 1077 1036 1037
f 1075 1064 1085
f 1076 1077 1037
f 1078 1041 1040
f 1078 1040 1036
f 1080 1046 1047
f 1080 1053 1046
f 1081 1047 1048
f 1078 1079 1041
f 1077 1078 1036
f 1080 1047 1081
f 1080 1082 1053
f 1075 1085 1181
f 1075 1238 1076
f 1085 1064 1063
f 1083 1085 1063
f 1029 1093 1031
f 1031 1092 1032
f 1030 1184 1084
f 1030 1032 1186
f 1029 1096 1091
f 1029 1091 1093
f 1027 1090 1088
f 1026 1095 1094
f 1026 1088 1095
f 1033 1094 1096
f 1083 1084 1188
f 1083 1190 1085
f 1031 1093 1092
f 1032 1092 1185
f 1032 1185 1186
f 1030 1186 1184
f 1084 1184 1187
f 1084 1187 1188
f 1117 1103 1105
f 1024 995 1103
f 818 1117 1105
f 1024 1103 1117
f 818 820 1128
f 819 1125 820
f 817 1124 819
f 818 1127 1117
f 1024 1117 1131
f 817 1122 1124
f 819 1124 1125
f 820 1125 1128
f 821 1123 1120
f 822 1120 1121
f 822 1121 1122
f 818 1128 1126
f 818 1126 1127
f 1117 1127 1131
f 1172 1134 1133
f 1172 1133 1132
f 1175 1138 1136
f 1178 1154 1138
f 1171 1172 1132
f 1172 1173 1134
f 1174 1175 1136
f 1175 1178 1138
f 1076 1241 1077
f 1077 1251 1078
f 1075 1181 1182
f 1075 1182 1183
f 1075 1183 1238
f 1177 1152 1151
f 1179 1158 1152
f 1176 1177 1151
f 1177 1179 1152
f 1180 1233 1160
f 1076 1238 1239
f 1076 1239 1240
f 1076 1240 1241
f 1077 1241 1242
f 1077 1242 1248
f 1077 1248 1249
f 1077 1249 1250
f 1083 1188 1189
f 1083 1189 1190
f 1085 1190 1191
f 1085 1191 1181
f 1233 1197 1160
f 1234 1199 1197
f 1234 1200 1199
f 1236 1207 1206
f 1237 1211 1207
f 1237 1213 1211
f 1233 1234 1197
f 1234 1235 1200
f 1236 1237 1207
f 1237 1243 1213
f 1173 2386 1174
f 1174 2385 1175
f 1172 2387 1173
f 1171 2388 1172
f 1078 2442 1079
f 1077 1250 1251
f 1078 1251 1252
f 1078 1252 2321
f 1078 2321 2322
f 1080 1081 2440
f 1082 2438 1171
f 1080 2439 1082
f 1079 2441 1081
f 1245 1224 1221
f 1246 1226 1224
f 2315 2277 1230
f 1244 1245 1221
f 1245 1246 1224
f 1176 2379 1177
f 1177 2378 1179
f 1233 2331 1234
f 1234 2330 1235
f 1179 2377 1180
f 1180 2376 1233
f 1175 2384 1178
f 1176 1178 2380
f 1247 2315 1230
f 1236 2328 1237
f 1235 2329 1236
f 1237 2327 1243
f 1243 2320 1244
f 1244 2319 1245
f 1245 2318 1246
f 1246 2317 1247
f 498 1282 1254
f 501 1286 1261
f 498 1283 1282
f 1283 509 1255
f 503 1268 1288
f 505 1276 1290
f 1289 1266 520
f 503 1288 1286
f 505 1290 1289
f 907 550 1299
f 569 1366 1325
f 570 1367 1366
f 1367 594 1328
f 573 1338 1370
f 1369 1275 529
f 573 1370 1369
f 581 1377 1345
f 584 1381 1357
f 581 1378 1377
f 1378 617 1351
f 637 1399 1432
f 634 1429 1381
f 1429 655 1390
f 1431 1392 657
f 637 1432 1431
f 645 1416 1440
f 645 1440 1439
f 1439 1415 677
f 1442 1421 683
f 648 1443 1442
f 1443 687 1425
f 696 1493 1461
f 704 1502 1471
f 696 1494 1493
f 1494 723 1464
f 711 1488 1509
f 705 1503 1502
f 1503 738 1479
f 1508 1486 745
f 711 1509 1508
f 1282 1253 1254
f 1283 1255 1257
f 1284 1257 1260
f 1285 1260 1261
f 1284 1260 1285
f 1283 1257 1284
f 1285 1261 1286
f 1285 1286 1317
f 1287 1265 1266
f 1288 1268 1265
f 1291 1274 1275
f 1290 1276 1274
f 1287 1288 1265
f 1287 1266 1289
f 1286 1288 1318
f 1287 1289 1323
f 1287 1321 1288
f 1290 1274 1291
f 1291 1275 1369
f 1291 1369 1389
f 1289 1290 1322
f 1289 1322 1323
f 1290 1324 1322
f 1290 1291 1324
f 1291 1389 1324
f 907 1299 1300
f 1312 1300 1253
f 907 1300 1312
f 1282 1312 1253
f 907 1312 1319
f 1282 1313 1312
f 1282 1283 1314
f 1312 1313 1319
f 1282 1314 1313
f 1283 1316 1314
f 1283 1284 1316
f 1284 1285 1315
f 1284 1315 1316
f 1286 1318 1317
f 1285 1317 1315
f 1288 1320 1318
f 1288 1321 1320
f 1287 1323 1321
f 1371 1339 1325
f 1367 1328 1327
f 1366 1371 1325
f 1367 1327 1368
f 1370 1338 1339
f 1370 1339 1371
f 1369 1370 1372
f 1370 1371 1373
f 1369 1372 1389
f 1370 1373 1372
f 1371 1374 1373
f 1366 1367 1375
f 1366 1374 1371
f 1367 1368 1376
f 1367 1376 1375
f 1368 1382 1376
f 1366 1375 1374
f 1377 1344 1345
f 1368 1327 1344
f 1379 1350 1354
f 1379 1351 1350
f 1380 1354 1357
f 1368 1344 1377
f 1378 1351 1379
f 1378 1379 1384
f 1379 1354 1380
f 1380 1357 1381
f 1379 1380 1385
f 1380 1381 1386
f 1381 1429 1387
f 1368 1377 1382
f 1377 1383 1382
f 1377 1378 1383
f 1378 1384 1383
f 1379 1385 1384
f 1380 1386 1385
f 1381 1387 1386
f 1429 1390 1391
f 1430 1391 1392
f 1433 1399 1402
f 1433 1402 1415
f 1429 1391 1430
f 1430 1392 1431
f 1429 1430 1434
f 1430 1436 1434
f 1430 1431 1435
f 1430 1435 1436
f 1432 1399 1433
f 1433 1415 1439
f 1431 1432 1437
f 1431 1437 1435
f 1432 1438 1437
f 1432 1433 1438
f 1433 1439 1447
f 1433 1447 1438
f 1429 1434 1387
f 1441 1416 1417
f 1441 1417 1421
f 1443 1425 1455
f 1440 1416 1441
f 1440 1441 1449
f 1439 1440 1448
f 1439 1448 1447
f 1441 1444 1449
f 1440 1449 1448
f 1441 1421 1442
f 1443 1455 1492
f 1441 1442 1444
f 1442 1443 1445
f 1443 1492 1446
f 1442 1445 1444
f 1443 1446 1445
f 1492 1455 1460
f 1493 1460 1461
f 1497 1464 1465
f 1497 1465 1469
f 1498 1469 1471
f 1492 1460 1493
f 1492 1493 1495
f 1493 1494 1496
f 1492 1495 1446
f 1493 1496 1495
f 1494 1499 1496
f 1494 1464 1497
f 1497 1469 1498
f 1498 1471 1502
f 1494 1497 1499
f 1497 1498 1500
f 1498 1502 1501
f 1497 1500 1499
f 1498 1501 1500
f 1502 1505 1501
f 1503 1479 1483
f 1504 1483 1486
f 3830 1488 3793
f 1503 1483 1504
f 1502 1503 1505
f 1503 1504 1506
f 1504 1508 1507
f 1503 1506 1505
f 1504 1507 1506
f 1504 1486 1508
f 1509 1488 3830
f 1508 1509 1510
f 1509 3830 1511
f 1508 1510 1507
f 1509 1511 1510
f 3830 3833 1511
f 450 1512 1513
f 450 1513 1514
f 449 1514 1515
f 448 1515 1516
f 447 1516 1517
f 446 1517 1524
f 440 1524 1525
f 1512 1537 1513
f 1514 1540 1515
f 439 1525 1526
f 438 1526 1527
f 437 1527 1528
f 436 1528 1578
f 385 1578 1579
f 384 1579 1580
f 382 1580 1581
f 381 1581 1582
f 1515 1547 1516
f 281 1643 1518
f 1512 1534 1537
f 1515 1540 1541
f 1515 1541 1547
f 383 1582 1586
f 380 1586 1587
f 379 1587 1588
f 378 1588 1589
f 377 1589 1590
f 376 1590 1638
f 1517 1555 1524
f 1524 1559 1525
f 1526 1566 1527
f 1527 1567 1528
f 285 1638 1639
f 283 1639 1640
f 284 1640 1641
f 282 1641 1642
f 281 1642 1643
f 1643 1519 1518
f 1643 1520 1519
f 1643 1521 1520
f 1524 1555 1556
f 1524 1556 1559
f 1525 1559 1561
f 1527 1566 1565
f 1527 1565 1567
f 1528 1567 1599
f 1528 1599 1578
f 1579 1604 1580
f 1580 1605 1581
f 1643 1522 1521
f 1643 1523 1522
f 1643 1529 1523
f 1644 1530 1529
f 1644 1531 1530
f 1644 1532 1531
f 1645 1533 1532
f 1579 1601 1604
f 1580 1604 1605
f 1582 1610 1586
f 1586 1616 1587
f 1588 1621 1589
f 1589 1624 1590
f 1645 1583 1533
f 1645 1584 1583
f 1652 1585 1584
f 1643 1644 1529
f 1586 1610 1614
f 1586 1614 1616
f 1589 1621 1623
f 1589 1623 1624
f 1652 1591 1585
f 1653 1592 1591
f 1653 1593 1592
f 1644 1645 1532
f 1645 1652 1584
f 1638 1660 1639
f 1639 1666 1640
f 1641 1671 1642
f 1642 1676 1643
f 1639 1660 1663
f 1639 1663 1666
f 1640 1666 1667
f 1642 1671 1670
f 1642 1670 1676
f 1643 1677 1644
f 1645 1690 1652
f 1643 1676 1677
f 1645 1680 1690
f 1654 1594 1593
f 1654 1595 1594
f 1701 1596 1595
f 1701 1597 1596
f 1652 1653 1591
f 1653 1654 1593
f 1702 1598 1597
f 1702 1646 1598
f 1703 1647 1646
f 1654 1701 1595
f 1704 1648 1647
f 1704 1649 1648
f 1701 1702 1597
f 1702 1703 1646
f 1703 1704 1647
f 1652 1694 1653
f 1705 1650 1649
f 1706 1651 1650
f 1706 1655 1651
f 1707 1656 1655
f 1652 1690 1694
f 1704 1705 1649
f 1654 1711 1701
f 1701 1716 1702
f 1703 1719 1704
f 1705 1706 1650
f 1706 1707 1655
f 1708 1657 1656
f 1709 1658 1657
f 1709 1659 1658
f 1707 1708 1656
f 1710 1740 1659
f 1708 1709 1657
f 1704 1725 1705
f 1701 1711 1712
f 1701 1712 1716
f 1704 1719 1721
f 1704 1721 1725
f 1709 1710 1659
f 1706 1728 1707
f 1707 1734 1708
f 1709 1739 1710
f 1707 1728 1730
f 1707 1730 1734
f 1708 1734 1737
f 1710 1739 1738
f 1747 1742 1740
f 1775 1743 1742
f 1775 1744 1743
f 1710 1747 1740
f 1747 1775 1742
f 1776 1745 1744
f 1777 1746 1745
f 1778 1748 1746
f 1775 1776 1744
f 1776 1777 1745
f 1777 1778 1746
f 1710 1762 1747
f 1747 1764 1775
f 1779 1749 1748
f 1779 1750 1749
f 1780 1751 1750
f 1710 1738 1762
f 1747 1762 1764
f 1513 1537 2280
f 1513 2317 1514
f 1516 2320 1517
f 1514 2317 1540
f 1516 1547 2319
f 1517 2297 1555
f 1525 2329 1526
f 1526 2308 1566
f 1525 1561 2329
f 1578 2377 1579
f 1581 1605 2346
f 1581 2380 1582
f 1578 1599 2376
f 1579 2377 1601
f 1582 2380 1610
f 1587 1616 2354
f 1587 2386 1588
f 1588 2386 1621
f 1590 1624 2388
f 1590 2438 1638
f 1638 2397 1660
f 1640 2441 1641
f 1641 2408 1671
f 1640 1667 2441
f 1644 2445 1645
f 1645 2417 1680
f 1644 1677 2444
f 1653 1694 2436
f 1653 2454 1654
f 1654 2454 1711
f 1702 1716 2465
f 1702 2491 1703
f 1705 1725 2474
f 1705 2494 1706
f 1703 2491 1719
f 1706 2477 1728
f 1708 2497 1709
f 1709 2488 1739
f 1708 1737 2497
f 1776 1802 1777
f 1777 1803 1778
f 1778 1779 1748
f 1779 1780 1750
f 1781 1752 1751
f 1782 1753 1752
f 1780 1781 1751
f 1781 1782 1752
f 1782 1789 1753
f 1779 1808 1780
f 1780 1811 1781
f 1776 1799 1802
f 1777 1802 1803
f 1779 1806 1808
f 1780 1808 1811
f 1782 1823 1789
f 1782 1815 1823
f 1789 1754 1753
f 1790 1783 1754
f 1791 1784 1783
f 1789 1790 1754
f 1791 1785 1784
f 1792 1786 1785
f 1790 1791 1783
f 1791 1792 1785
f 1792 1795 1786
f 1789 1828 1790
f 1791 1830 1792
f 1792 1835 1795
f 1795 1787 1786
f 1840 1788 1787
f 1841 1793 1788
f 1795 1840 1787
f 1840 1841 1788
f 1842 1794 1793
f 1864 1854 1794
f 1841 1842 1793
f 1789 1823 1828
f 1792 1830 1832
f 1792 1832 1835
f 1795 1835 1843
f 1842 1864 1794
f 1840 1846 1841
f 1841 1850 1842
f 1842 1851 1864
f 1841 1846 1845
f 1841 1845 1850
f 1842 1850 1851
f 1864 1855 1854
f 1865 1856 1855
f 1864 1865 1855
f 1865 1866 1856
f 1866 1857 1856
f 1871 1858 1857
f 1866 1871 1857
f 1871 1872 1858
f 1865 1891 1866
f 1866 1893 1871
f 1872 1867 1858
f 1873 1868 1867
f 1872 1873 1867
f 1873 1874 1868
f 1874 1869 1868
f 1875 1870 1869
f 1865 1887 1891
f 1866 1891 1893
f 1874 1875 1869
f 1872 1900 1873
f 1873 1906 1874
f 1873 1900 1902
f 1873 1902 1906
f 1879 1876 1870
f 1880 1877 1876
f 1875 1879 1870
f 1879 1880 1876
f 1880 1878 1877
f 1881 1882 1878
f 1880 1881 1878
f 1881 1934 1882
f 1875 1913 1879
f 1879 1916 1880
f 1934 1883 1882
f 1935 1884 1883
f 1934 1935 1883
f 1936 1885 1884
f 1935 1936 1884
f 1875 1911 1913
f 1879 1913 1916
f 1948 1924 1885
f 1949 1925 1924
f 1881 1938 1934
f 1936 1948 1885
f 1934 1944 1935
f 1936 1947 1948
f 1934 1938 1939
f 1934 1939 1944
f 1935 1944 1945
f 1948 1949 1924
f 1949 1950 1925
f 1950 1926 1925
f 1951 1927 1926
f 1950 1951 1926
f 1948 1973 1949
f 1949 1977 1950
f 1954 1928 1927
f 1955 1952 1928
f 1956 1953 1952
f 1951 1954 1927
f 1954 1955 1928
f 1956 1957 1953
f 1955 1956 1952
f 1951 1982 1954
f 1948 1947 1970
f 1948 1970 1973
f 1949 1973 1977
f 1951 1978 1982
f 1954 1982 1988
f 1954 1988 1955
f 1963 1958 1957
f 1956 1963 1957
f 1964 1959 1958
f 1965 1960 1959
f 1963 1964 1958
f 1964 1965 1959
f 1956 2000 1963
f 1963 2002 1964
f 1966 1961 1960
f 1965 1966 1960
f 1966 1967 1961
f 1967 1962 1961
f 1968 2013 1962
f 1967 1968 1962
f 1965 2004 1966
f 1966 2009 1967
f 1956 1995 2000
f 1963 2000 2002
f 1966 2004 2006
f 1966 2006 2009
f 1775 2579 1776
f 1778 1803 2541
f 1778 2582 1779
f 1775 1764 2578
f 1776 2579 1799
f 1779 2582 1806
f 1781 1811 2549
f 1781 2585 1782
f 1782 2585 1815
f 1790 2594 1791
f 1791 2570 1830
f 1790 1828 2593
f 1795 2610 1840
f 1840 2602 1846
f 1795 1843 2610
f 1864 1851 2661
f 1864 2662 1865
f 1871 1893 2634
f 1865 2662 1887
f 1871 2669 1872
f 1874 1906 2643
f 1874 2672 1875
f 1872 2669 1900
f 1875 2672 1911
f 1880 1916 2657
f 1880 2678 1881
f 1881 2694 1938
f 1935 2706 1936
f 1936 2703 1947
f 1935 1945 2706
f 1950 2754 1951
f 1951 2718 1978
f 1950 1977 2753
f 1955 1988 2726
f 1955 2759 1956
f 1956 2759 1995
f 1964 2002 2740
f 1964 2768 1965
f 1967 2009 2747
f 1967 2771 1968
f 1965 2768 2004
f 2016 2014 2013
f 2046 2015 2014
f 2047 2017 2015
f 1968 2016 2013
f 2016 2046 2014
f 2046 2047 2015
f 1968 2030 2016
f 2016 2056 2046
f 2048 2018 2017
f 2047 2048 2017
f 2048 2049 2018
f 2049 2019 2018
f 2050 2020 2019
f 1968 2029 2030
f 2016 2030 2056
f 2051 2021 2020
f 2052 2022 2021
f 2052 2023 2022
f 2049 2050 2019
f 2047 2061 2048
f 2048 2065 2049
f 2049 2067 2050
f 2046 2056 2057
f 2047 2058 2061
f 2048 2061 2065
f 2049 2065 2067
f 2050 2051 2020
f 2051 2052 2021
f 2052 2053 2023
f 2051 2074 2052
f 2052 2076 2053
f 2053 2024 2023
f 2054 2025 2024
f 2053 2054 2024
f 2055 2085 2025
f 2054 2055 2025
f 2055 2089 2085
f 2054 2083 2055
f 2055 2084 2089
f 2051 2070 2074
f 2052 2074 2076
f 2054 2078 2083
f 2055 2083 2084
f 2089 2087 2085
f 2090 2088 2087
f 2091 2092 2088
f 2089 2090 2087
f 2090 2091 2088
f 2090 2113 2091
f 2095 2093 2092
f 2091 2095 2092
f 2095 2096 2093
f 2096 2094 2093
f 2097 2098 2094
f 2096 2097 2094
f 2090 2111 2113
f 2091 2123 2095
f 2096 2127 2097
f 2091 2113 2123
f 2096 2126 2127
f 2104 2099 2098
f 2097 2104 2098
f 2105 2100 2099
f 2104 2105 2099
f 2106 2101 2100
f 2107 2102 2101
f 2108 2103 2102
f 2105 2106 2100
f 2097 2138 2104
f 2105 2142 2106
f 2106 2107 2101
f 2107 2108 2102
f 2108 2155 2103
f 2106 2146 2107
f 2107 2148 2108
f 2097 2127 2138
f 2104 2138 2139
f 2106 2142 2141
f 2106 2141 2146
f 2107 2146 2148
f 2155 2150 2103
f 2156 2151 2150
f 2155 2156 2150
f 2156 2152 2151
f 2156 2157 2152
f 2155 2182 2156
f 2156 2184 2157
f 2157 2153 2152
f 2158 2154 2153
f 2157 2158 2153
f 2159 2160 2154
f 2158 2159 2154
f 2159 2163 2160
f 2158 2187 2159
f 2159 2196 2163
f 2155 2181 2182
f 2156 2182 2184
f 2159 2187 2190
f 2159 2190 2196
f 2163 2161 2160
f 2163 2164 2161
f 2164 2162 2161
f 2165 2166 2162
f 2164 2165 2162
f 2164 2200 2165
f 2169 2167 2166
f 2170 2168 2167
f 2165 2169 2166
f 2169 2170 2167
f 2170 2212 2168
f 2165 2204 2169
f 2170 2233 2212
f 2165 2200 2201
f 2165 2201 2204
f 2170 2206 2233
f 2212 2210 2168
f 2213 2211 2210
f 2214 2215 2211
f 2212 2213 2210
f 2213 2214 2211
f 2212 2237 2213
f 2218 2216 2215
f 2219 2217 2216
f 2223 2220 2217
f 2214 2218 2215
f 2218 2219 2216
f 2219 2223 2217
f 2214 2239 2218
f 2218 2246 2219
f 2219 2248 2223
f 2212 2233 2237
f 2213 2237 2238
f 2218 2239 2243
f 2218 2243 2246
f 2219 2246 2248
f 2224 2221 2220
f 2225 2222 2221
f 2223 2224 2220
f 2224 2225 2221
f 2225 2228 2222
f 2224 2259 2225
f 2228 2226 2222
f 2229 2227 2226
f 4548 4545 2227
f 2228 2229 2226
f 2229 4548 2227
f 2225 2262 2228
f 2229 2263 4548
f 2224 2254 2259
f 2225 2259 2262
f 4548 2263 4568
f 1968 2781 2029
f 2046 2835 2047
f 2047 2807 2058
f 2046 2057 2835
f 2050 2067 2838
f 2050 2839 2051
f 2053 2076 2825
f 2053 2842 2054
f 2051 2839 2070
f 2054 2842 2078
f 2089 2084 2833
f 2089 2890 2090
f 2090 2890 2111
f 2095 2896 2096
f 2096 2863 2126
f 2095 2123 2895
f 2104 2905 2105
f 2105 2879 2142
f 2104 2139 2905
f 2108 2148 2908
f 2108 2953 2155
f 2155 2919 2181
f 2157 2184 2922
f 2157 2956 2158
f 2158 2956 2187
f 2163 2196 2937
f 2163 2962 2164
f 2169 2204 2945
f 2169 2968 2170
f 2170 2947 2206
f 2164 2962 2200
f 2213 3014 2214
f 2214 2983 2239
f 2213 2238 3014
f 2223 2248 3023
f 2223 3024 2224
f 2224 2998 2254
f 2228 2262 3006
f 2228 3029 2229
f 2229 3029 2263
f 1513 2280 2316
f 1513 2316 2317
f 2317 2283 1540
f 2319 1547 2290
f 1516 2319 2320
f 1517 2320 2297
f 1526 2330 2308
f 2329 1561 2303
f 1526 2329 2330
f 1581 2346 2379
f 2376 1599 2340
f 1578 2376 2377
f 2377 2342 1601
f 1581 2379 2380
f 2380 2351 1610
f 1587 2354 2385
f 1587 2385 2386
f 2386 2359 1621
f 2388 1624 2362
f 1590 2388 2438
f 1638 2438 2397
f 1641 2442 2408
f 2441 1667 2404
f 1641 2441 2442
f 1645 2445 2417
f 2444 1677 2414
f 1644 2444 2445
f 1653 2436 2453
f 1653 2453 2454
f 2454 2460 1711
f 1702 2465 2490
f 1705 2474 2493
f 1702 2490 2491
f 2491 2468 1719
f 1705 2493 2494
f 1706 2494 2477
f 1709 2498 2488
f 2497 1737 2486
f 1709 2497 2498
f 2578 1764 2516
f 2315 2280 2277
f 2318 2284 2283
f 2319 2290 2284
f 2315 2316 2280
f 2317 2318 2283
f 1247 2316 2315
f 1247 2317 2316
f 1246 2318 2317
f 1245 2319 2318
f 1244 2320 2319
f 1243 2327 2320
f 1237 2328 2327
f 2318 2319 2284
f 1236 2329 2328
f 1235 2330 2329
f 1234 2331 2330
f 1233 2376 2331
f 1180 2377 2376
f 1179 2378 2377
f 1177 2379 2378
f 1176 2380 2379
f 1078 2322 2443
f 2327 2298 2297
f 2328 2301 2298
f 2328 2303 2301
f 2330 2307 2308
f 2331 2309 2307
f 2331 2340 2309
f 2320 2327 2297
f 2327 2328 2298
f 2328 2329 2303
f 1178 2384 2380
f 1175 2385 2384
f 1174 2386 2385
f 1173 2387 2386
f 1172 2388 2387
f 1171 2438 2388
f 2330 2331 2307
f 1082 2439 2438
f 1080 2440 2439
f 1081 2441 2440
f 1079 2442 2441
f 1078 2443 2442
f 2443 2322 2323
f 2443 2323 2324
f 2378 2345 2342
f 2378 2346 2345
f 2331 2376 2340
f 2377 2378 2342
f 2378 2379 2346
f 2443 2324 2325
f 2443 2325 2326
f 2443 2326 2332
f 2443 2332 2333
f 2444 2333 2334
f 2444 2334 2335
f 2444 2335 2336
f 2384 2352 2351
f 2384 2354 2352
f 2387 2361 2359
f 2388 2362 2361
f 2380 2384 2351
f 2384 2385 2354
f 2386 2387 2359
f 2387 2388 2361
f 2445 2336 2381
f 2445 2381 2382
f 2445 2382 2383
f 2443 2333 2444
f 2452 2383 2389
f 2452 2389 2390
f 2453 2390 2391
f 2453 2391 2392
f 2439 2400 2397
f 2440 2403 2400
f 2440 2404 2403
f 2442 2407 2408
f 2443 2413 2407
f 2438 2439 2397
f 2439 2440 2400
f 2444 2336 2445
f 2445 2383 2452
f 2440 2441 2404
f 2442 2443 2407
f 2443 2414 2413
f 2452 2432 2417
f 2443 2444 2414
f 2445 2452 2417
f 2454 2392 2393
f 2454 2393 2394
f 2489 2394 2395
f 2452 2390 2453
f 2453 2392 2454
f 2489 2395 2396
f 2490 2396 2446
f 2490 2446 2447
f 2452 2436 2432
f 2454 2394 2489
f 2491 2447 2448
f 2492 2448 2449
f 2489 2396 2490
f 2452 2453 2436
f 2490 2447 2491
f 2491 2448 2492
f 2492 2449 2450
f 2493 2450 2451
f 2494 2451 2455
f 2494 2455 2456
f 2495 2456 2457
f 2489 2461 2460
f 2489 2465 2461
f 2492 2470 2468
f 2493 2474 2470
f 2454 2489 2460
f 2489 2490 2465
f 2491 2492 2468
f 2492 2493 2470
f 2492 2450 2493
f 2493 2451 2494
f 2496 2457 2458
f 2497 2458 2459
f 2497 2459 2500
f 2494 2456 2495
f 2495 2457 2496
f 2496 2458 2497
f 2495 2479 2477
f 2496 2483 2479
f 2496 2486 2483
f 2498 2487 2488
f 2494 2495 2477
f 2495 2496 2479
f 2496 2497 2486
f 2497 2500 2498
f 2498 2500 2521
f 2526 2521 2522
f 2578 2522 2523
f 2526 2514 2487
f 2526 2516 2514
f 2498 2521 2526
f 2526 2522 2578
f 2578 2523 2524
f 2579 2524 2525
f 2580 2525 2527
f 2498 2526 2487
f 2526 2578 2516
f 2578 2524 2579
f 2579 2525 2580
f 2580 2527 2581
f 2581 2527 2528
f 2582 2528 2529
f 2582 2529 2530
f 1778 2541 2581
f 1775 2578 2579
f 2579 2537 1799
f 1778 2581 2582
f 2582 2544 1806
f 1781 2549 2584
f 1781 2584 2585
f 2585 2553 1815
f 1791 2594 2570
f 2593 1828 2568
f 1790 2593 2594
f 1840 2611 2602
f 2610 1843 2599
f 1840 2610 2611
f 2661 1851 2607
f 1864 2661 2662
f 2662 2628 1887
f 1871 2634 2668
f 1874 2643 2671
f 1871 2668 2669
f 2669 2637 1900
f 1874 2671 2672
f 1880 2657 2677
f 2672 2652 1911
f 1880 2677 2678
f 1881 2678 2694
f 1936 2751 2703
f 2706 1945 2701
f 1936 2706 2751
f 1951 2754 2718
f 2753 1977 2717
f 1950 2753 2754
f 1955 2726 2758
f 1955 2758 2759
f 2759 2733 1995
f 1964 2740 2767
f 1967 2747 2770
f 1968 2771 2781
f 1964 2767 2768
f 2768 2742 2004
f 1967 2770 2771
f 2580 2540 2537
f 2580 2541 2540
f 2583 2546 2544
f 2584 2549 2546
f 2579 2580 2537
f 2580 2581 2541
f 2581 2528 2582
f 2582 2530 2583
f 2583 2530 2531
f 2584 2531 2532
f 2585 2532 2533
f 2582 2583 2544
f 2583 2584 2546
f 2583 2531 2584
f 2584 2532 2585
f 2585 2592 2553
f 2592 2533 2586
f 2593 2586 2587
f 2585 2533 2592
f 2594 2587 2588
f 2594 2588 2589
f 2592 2563 2553
f 2593 2568 2563
f 2595 2572 2570
f 2598 2575 2572
f 2598 2599 2575
f 2592 2593 2563
f 2592 2586 2593
f 2593 2587 2594
f 2595 2589 2590
f 2594 2589 2595
f 2594 2595 2570
f 2595 2598 2572
f 2595 2590 2598
f 2598 2590 2591
f 2610 2591 2596
f 2598 2591 2610
f 2610 2596 2611
f 2611 2596 2597
f 2612 2597 2618
f 2611 2597 2612
f 2611 2601 2602
f 2612 2606 2601
f 2612 2607 2606
f 2598 2610 2599
f 2611 2612 2601
f 2612 2618 2661
f 2612 2661 2607
f 2661 2618 2619
f 2661 2619 2620
f 2663 2632 2628
f 2668 2634 2632
f 2661 2620 2662
f 2662 2620 2621
f 2663 2621 2622
f 2662 2621 2663
f 2662 2663 2628
f 2663 2668 2632
f 2663 2622 2668
f 2668 2622 2664
f 2669 2664 2665
f 2668 2664 2669
f 2669 2665 2670
f 2670 2665 2666
f 2671 2666 2667
f 2670 2639 2637
f 2670 2643 2639
f 2669 2670 2637
f 2670 2671 2643
f 2670 2666 2671
f 2671 2667 2672
f 2672 2667 2673
f 2676 2654 2652
f 2677 2657 2654
f 2676 2673 2674
f 2672 2673 2676
f 2676 2674 2677
f 2677 2674 2675
f 2677 2675 2679
f 2672 2676 2652
f 2676 2677 2654
f 2677 2679 2678
f 2678 2679 2680
f 2678 2680 2704
f 2704 2680 2681
f 2704 2681 2705
f 2705 2681 2682
f 2705 2682 2706
f 2706 2682 2688
f 2751 2688 2689
f 2752 2689 2690
f 2704 2695 2694
f 2705 2700 2695
f 2705 2701 2700
f 2678 2704 2694
f 2704 2705 2695
f 2705 2706 2701
f 2706 2688 2751
f 2751 2710 2703
f 2752 2713 2710
f 2752 2717 2713
f 2757 2722 2718
f 2757 2726 2722
f 2751 2689 2752
f 2753 2690 2691
f 2752 2690 2753
f 2753 2691 2754
f 2751 2752 2710
f 2752 2753 2717
f 2754 2691 2692
f 2757 2692 2755
f 2758 2755 2756
f 2754 2757 2718
f 2754 2692 2757
f 2757 2755 2758
f 2759 2756 2760
f 2758 2756 2759
f 2757 2758 2726
f 2759 2760 2761
f 2759 2761 2766
f 2766 2761 2762
f 2767 2762 2763
f 2768 2763 2764
f 2766 2738 2733
f 2767 2740 2738
f 2769 2744 2742
f 2770 2747 2744
f 2759 2766 2733
f 2766 2767 2738
f 2766 2762 2767
f 2767 2763 2768
f 2769 2764 2765
f 2768 2764 2769
f 2769 2765 2770
f 2770 2765 2792
f 2770 2792 2771
f 2768 2769 2742
f 2769 2770 2744
f 2047 2836 2807
f 2835 2057 2806
f 2047 2835 2836
f 2838 2067 2816
f 2053 2825 2841
f 2050 2838 2839
f 2839 2819 2070
f 2053 2841 2842
f 2842 2827 2078
f 2089 2833 2889
f 2089 2889 2890
f 2890 2853 2111
f 2096 2896 2863
f 2895 2123 2860
f 2095 2895 2896
f 2105 2906 2879
f 2905 2139 2876
f 2105 2905 2906
f 2908 2148 2885
f 2108 2908 2953
f 2155 2953 2919
f 2157 2922 2955
f 2157 2955 2956
f 2956 2925 2187
f 2163 2937 2961
f 2169 2945 2967
f 2170 2968 2947
f 2163 2961 2962
f 2962 2941 2200
f 2169 2967 2968
f 2214 3018 2983
f 3014 2238 2982
f 2214 3014 3018
f 3023 2248 2992
f 2224 3024 2998
f 2228 3006 3028
f 2223 3023 3024
f 2228 3028 3029
f 3029 3007 2263
f 2795 2782 2781
f 2834 2805 2782
f 2771 2792 2793
f 2795 2793 2794
f 2834 2794 2796
f 2771 2795 2781
f 2795 2834 2782
f 2771 2793 2795
f 2795 2794 2834
f 2834 2796 2835
f 2835 2796 2797
f 2836 2797 2798
f 2835 2797 2836
f 2837 2798 2799
f 2836 2798 2837
f 2838 2799 2800
f 2839 2800 2801
f 2840 2801 2802
f 2835 2806 2805
f 2836 2810 2807
f 2837 2814 2810
f 2837 2816 2814
f 2834 2835 2805
f 2836 2837 2810
f 2837 2838 2816
f 2837 2799 2838
f 2840 2823 2819
f 2840 2825 2823
f 2843 2832 2827
f 2843 2833 2832
f 2839 2840 2819
f 2838 2800 2839
f 2839 2801 2840
f 2840 2841 2825
f 2840 2802 2803
f 2841 2803 2804
f 2840 2803 2841
f 2841 2804 2842
f 2842 2804 2845
f 2842 2845 2843
f 2842 2843 2827
f 2843 2889 2833
f 2891 2855 2853
f 2843 2845 2887
f 2889 2887 2888
f 2890 2888 2892
f 2890 2891 2853
f 2843 2887 2889
f 2889 2888 2890
f 2890 2892 2891
f 2891 2892 2893
f 2895 2893 2894
f 2891 2893 2895
f 2896 2894 2898
f 2895 2894 2896
f 2896 2898 2897
f 2895 2860 2855
f 2897 2864 2863
f 2891 2895 2855
f 2896 2897 2863
f 2897 2898 2899
f 2897 2899 2904
f 2904 2899 2900
f 2905 2900 2901
f 2906 2901 2902
f 2907 2902 2903
f 2908 2903 2948
f 2904 2875 2864
f 2904 2876 2875
f 2906 2878 2879
f 2907 2883 2878
f 2908 2885 2883
f 2897 2904 2864
f 2904 2905 2876
f 2904 2900 2905
f 2905 2901 2906
f 2906 2907 2878
f 2907 2908 2883
f 2906 2902 2907
f 2907 2903 2908
f 2953 2948 2949
f 2954 2920 2919
f 2955 2922 2920
f 2957 2928 2925
f 2957 2937 2928
f 2908 2948 2953
f 2953 2949 2954
f 2954 2949 2950
f 2954 2950 2951
f 2954 2951 2955
f 2953 2954 2919
f 2954 2955 2920
f 2955 2951 2952
f 2955 2952 2956
f 2956 2952 2958
f 2956 2958 2957
f 2956 2957 2925
f 2957 2961 2937
f 2963 2942 2941
f 2967 2945 2942
f 2957 2958 2959
f 2961 2959 2960
f 2957 2959 2961
f 2961 2960 2962
f 2962 2960 2964
f 2962 2963 2941
f 2962 2964 2963
f 2963 2964 2965
f 2967 2965 2966
f 2968 2966 3010
f 2963 2967 2942
f 2968 3012 2947
f 2963 2965 2967
f 2967 2966 2968
f 3012 2977 2947
f 3013 2981 2977
f 3013 2982 2981
f 3018 2987 2983
f 3019 2990 2987
f 3023 2992 2990
f 3012 3010 3011
f 3013 3011 3015
f 3012 3013 2977
f 3013 3014 2982
f 2968 3010 3012
f 3012 3011 3013
f 3013 3015 3014
f 3014 3015 3016
f 3018 3016 3017
f 3019 3017 3020
f 3018 3019 2987
f 3019 3023 2990
f 3014 3016 3018
f 3018 3017 3019
f 3019 3020 3023
f 3025 3003 2998
f 3028 3006 3003
f 5356 5316 3007
f 3023 3020 3021
f 3024 3021 3022
f 3025 3022 3026
f 3024 3025 2998
f 3025 3028 3003
f 3023 3021 3024
f 3024 3022 3025
f 3028 3026 3027
f 3029 3027 5353
f 3029 5356 3007
f 3025 3026 3028
f 3028 3027 3029
f 3029 5353 5356
f 3030 3034 3031
f 3031 3035 3032
f 3030 3031 3054
f 3032 3036 3056
f 3030 3033 3034
f 3031 3034 3035
f 3032 3035 3039
f 3032 3039 3036
f 3036 3040 3037
f 3037 3041 3038
f 3036 3037 3058
f 3036 3039 3040
f 3037 3040 3041
f 3030 3054 750
f 3036 3058 3056
f 3037 3063 3058
f 3038 3044 3042
f 3042 3045 3043
f 3043 3046 3047
f 3038 3042 3071
f 3042 3043 3072
f 3043 3047 3079
f 3038 3041 3044
f 3042 3044 3045
f 3043 3045 3046
f 3047 3050 3048
f 3048 3051 3049
f 3048 3049 3081
f 3047 3046 3050
f 3048 3050 3051
f 3049 3051 3096
f 3042 3072 3071
f 3043 3075 3072
f 3043 3079 3075
f 3048 3081 3082
f 3049 3085 3081
f 3049 3096 3094
f 3094 3097 3095
f 3095 3098 3099
f 3049 3094 3085
f 3095 3099 3117
f 3094 3096 3097
f 3095 3097 3098
f 3099 3102 3100
f 3099 3100 3121
f 3099 3098 3102
f 3100 3102 3103
f 3100 3103 3101
f 3101 3103 3104
f 3094 3115 3085
f 3099 3120 3117
f 3099 3121 3120
f 3101 3105 3126
f 3105 3106 3137
f 3101 3104 3105
f 3105 3110 3106
f 3105 3104 3110
f 3106 3111 3107
f 3106 3110 3111
f 3107 3111 3112
f 3107 3108 3140
f 3108 3109 3142
f 3107 3112 3108
f 3108 3112 3113
f 3108 3114 3109
f 3108 3113 3114
f 3105 3134 3126
f 3105 3137 3134
f 3108 3142 3140
f 3109 3143 3142
f 3109 3114 3159
f 3109 3159 3154
f 3154 3160 3155
f 3155 3161 3156
f 3154 3155 3177
f 3155 3156 3179
f 3156 3162 3157
f 3156 3157 3184
f 3158 3165 3186
f 3155 3179 3177
f 3156 3183 3179
f 3156 3184 3183
f 3158 3186 3187
f 3165 3198 3186
f 3154 3159 3160
f 3155 3160 3161
f 3156 3161 3162
f 3157 3163 3158
f 3157 3162 3163
f 3158 3164 3165
f 3158 3163 3164
f 3165 3166 3198
f 3167 3171 3202
f 3166 3199 3198
f 3171 3207 3202
f 3165 3168 3166
f 3165 3164 3168
f 3166 3168 3169
f 3166 3169 3167
f 3167 3170 3171
f 3167 3169 3170
f 3171 3174 3172
f 3172 3175 3173
f 3171 3172 3207
f 3171 3170 3174
f 3172 3174 3175
f 3173 3175 3217
f 3172 3210 3207
f 3173 3217 3219
f 3173 3219 3229
f 3219 3220 3230
f 3219 3258 3220
f 3219 3217 3258
f 3220 3259 3221
f 3220 3258 3259
f 3221 3259 3260
f 3221 3222 3237
f 3222 3223 3239
f 3221 3260 3222
f 3222 3262 3223
f 3223 3263 3224
f 3219 3230 3229
f 3220 3235 3230
f 3222 3239 3237
f 3223 3243 3239
f 3224 3264 3225
f 3224 3225 3246
f 3225 3226 3248
f 3226 3227 3253
f 3225 3248 3246
f 3226 3253 3248
f 3227 3255 3253
f 3228 3256 3257
f 3222 3260 3261
f 3222 3261 3262
f 3223 3262 3263
f 3224 3263 3264
f 3225 3264 3265
f 3225 3265 3226
f 3226 3266 3227
f 3226 3265 3266
f 3227 3268 3228
f 3228 3269 3267
f 3267 3270 3291
f 3228 3267 3256
f 3267 3291 3280
f 3227 3266 3268
f 3228 3268 3269
f 3267 3269 3270
f 3267 3280 3256
f 3291 3282 3280
f 3031 3032 3831
f 3032 3056 3798
f 3037 3805 3063
f 3037 3038 3837
f 3031 3831 3054
f 3047 3820 3079
f 3047 3048 3847
f 3038 3071 3838
f 3048 3082 3847
f 3094 3855 3115
f 3094 3095 3891
f 3095 3117 3857
f 3100 3101 3897
f 3101 3126 3866
f 3100 3897 3121
f 3106 3107 3903
f 3107 3140 3877
f 3109 3880 3143
f 3109 3154 3906
f 3106 3903 3137
f 3157 3920 3184
f 3157 3158 3956
f 3154 3177 3953
f 3158 3187 3956
f 3166 3935 3199
f 3166 3167 3965
f 3167 3202 3966
f 3172 3173 3971
f 3173 3229 3977
f 3172 3971 3210
f 3220 3221 4007
f 3221 3237 3985
f 3223 3224 4010
f 3220 4007 3235
f 3223 4010 3243
f 3227 4003 3255
f 3227 3228 4014
f 3224 3246 4011
f 3228 3257 4014
f 3291 4033 3282
f 3292 3293 3315
f 3293 3294 3320
f 3291 3297 3292
f 3291 3270 3297
f 3292 3297 3298
f 3292 3298 3293
f 3293 3299 3294
f 3293 3298 3299
f 3294 3300 3295
f 3295 3301 3296
f 3295 3296 3322
f 3296 3303 3324
f 3293 3318 3315
f 3293 3320 3318
f 3296 3324 3322
f 3303 3329 3324
f 3294 3299 3300
f 3295 3300 3301
f 3296 3302 3303
f 3296 3301 3302
f 3304 3305 3337
f 3303 3307 3304
f 3303 3302 3306
f 3304 3370 3305
f 3305 3371 3308
f 3305 3308 3340
f 3303 3306 3307
f 3304 3307 3370
f 3305 3370 3371
f 3309 3310 3346
f 3310 3311 3349
f 3308 3372 3309
f 3308 3371 3372
f 3309 3372 3373
f 3309 3373 3310
f 3310 3374 3311
f 3305 3340 3337
f 3308 3344 3340
f 3310 3349 3346
f 3311 3352 3349
f 3311 3359 3352
f 3311 3380 3356
f 3311 3356 3359
f 3357 3358 3361
f 3358 3384 3368
f 3357 3361 3362
f 3358 3367 3361
f 3358 3368 3367
f 3310 3373 3374
f 3311 3374 3380
f 3356 3381 3357
f 3356 3380 3381
f 3357 3382 3358
f 3357 3381 3382
f 3358 3382 3383
f 3358 3383 3384
f 3384 3387 3385
f 3385 3386 3405
f 3386 3390 3408
f 3384 3383 3387
f 3385 3387 3388
f 3385 3389 3386
f 3386 3395 3390
f 3385 3388 3389
f 3386 3408 3405
f 3390 3410 3408
f 3386 3389 3395
f 3390 3396 3391
f 3391 3392 3419
f 3392 3393 3425
f 3392 3423 3419
f 3392 3425 3423
f 3390 3395 3396
f 3391 3396 3397
f 3391 3397 3392
f 3392 3398 3393
f 3392 3397 3398
f 3393 3398 3440
f 3393 3440 3394
f 3394 3441 3399
f 3394 3399 3428
f 3399 3400 3430
f 3394 3440 3441
f 3399 3441 3442
f 3399 3442 3400
f 3400 3443 3401
f 3399 3430 3428
f 3400 3434 3430
f 3400 3442 3443
f 3401 3443 3444
f 3401 3450 3455
f 3401 3465 3450
f 3450 3451 3456
f 3451 3452 3461
f 3450 3456 3455
f 3451 3460 3456
f 3451 3461 3460
f 3450 3466 3451
f 3401 3444 3465
f 3450 3465 3466
f 3451 3471 3452
f 3452 3472 3464
f 3451 3466 3471
f 3452 3471 3472
f 3464 3472 3473
f 3464 3467 3487
f 3467 3468 3493
f 3464 3473 3467
f 3467 3474 3468
f 3468 3476 3469
f 3469 3470 3494
f 3464 3487 3463
f 3467 3490 3487
f 3467 3493 3490
f 3470 3499 3494
f 3467 3473 3474
f 3468 3474 3475
f 3469 3529 3470
f 3468 3475 3476
f 3469 3476 3529
f 3470 3529 3530
f 3470 3477 3499
f 3477 3510 3499
f 3470 3530 3477
f 3477 3531 3478
f 3478 3479 3513
f 3479 3480 3516
f 3478 3532 3479
f 3477 3530 3531
f 3478 3531 3532
f 3479 3533 3480
f 3480 3535 3481
f 3481 3482 3521
f 3482 3483 3522
f 3479 3516 3513
f 3480 3518 3516
f 3482 3522 3521
f 3483 3525 3522
f 3291 3292 4093
f 3292 3315 4052
f 3294 3295 4096
f 3295 3322 4059
f 3294 4096 3320
f 3303 3304 4105
f 3304 3337 4074
f 3303 4105 3329
f 3308 4083 3344
f 3308 3309 4110
f 3309 3346 4111
f 3356 4114 3359
f 3356 3357 4125
f 3384 4123 3368
f 3357 3362 4125
f 3384 3385 4180
f 3385 3405 4145
f 3390 3391 4186
f 3391 3419 4155
f 3393 3394 4189
f 3390 4186 3410
f 3393 4189 3425
f 3394 3428 4168
f 3400 3401 4196
f 3400 4196 3434
f 3452 4216 3461
f 3452 3464 4221
f 3401 3455 4197
f 3464 3463 4221
f 3468 4232 3493
f 3468 3469 4270
f 3469 3494 4271
f 3477 3478 4279
f 3478 3513 4250
f 3477 4279 3510
f 3480 3481 4282
f 3481 3521 4258
f 3483 3484 4285
f 3480 4282 3518
f 3483 4285 3525
f 3484 3547 4286
f 3479 3532 3533
f 3480 3533 3534
f 3480 3534 3535
f 3481 3537 3482
f 3482 3538 3483
f 3483 3539 3484
f 3484 3536 3547
f 3536 3564 3548
f 3481 3535 3537
f 3482 3537 3538
f 3483 3538 3539
f 3484 3541 3536
f 3536 3562 3564
f 3536 3548 3547
f 3564 3574 3548
f 3484 3539 3540
f 3484 3540 3541
f 3536 3541 3562
f 3564 3565 3575
f 3564 3603 3565
f 3566 3567 3580
f 3567 3568 3585
f 3564 3575 3574
f 3566 3580 3576
f 3567 3583 3580
f 3567 3585 3583
f 3565 3605 3566
f 3564 3562 3603
f 3566 3606 3567
f 3569 3570 3588
f 3565 3603 3604
f 3565 3604 3605
f 3566 3605 3606
f 3567 3607 3568
f 3568 3612 3569
f 3570 3571 3594
f 3569 3613 3570
f 3572 3573 3597
f 3573 3608 3602
f 3570 3592 3588
f 3570 3594 3592
f 3573 3601 3597
f 3573 3602 3601
f 3567 3606 3607
f 3568 3607 3611
f 3568 3611 3612
f 3569 3612 3613
f 3570 3615 3571
f 3571 3616 3572
f 3609 3610 3627
f 3572 3667 3573
f 3570 3613 3614
f 3570 3614 3615
f 3573 3669 3608
f 3610 3630 3627
f 3571 3615 3616
f 3572 3616 3666
f 3572 3666 3667
f 3608 3671 3609
f 3609 3673 3610
f 3573 3667 3668
f 3573 3668 3669
f 3608 3669 3670
f 3608 3670 3671
f 3610 3617 3630
f 3618 3619 3648
f 3617 3645 3630
f 3619 3649 3648
f 3619 3620 3649
f 3620 3621 3655
f 3610 3680 3617
f 3617 3727 3618
f 3622 3623 3658
f 3623 3624 3665
f 3620 3654 3649
f 3620 3655 3654
f 3622 3658 3659
f 3623 3662 3658
f 3623 3665 3662
f 3609 3671 3672
f 3609 3672 3673
f 3610 3673 3679
f 3618 3730 3619
f 3610 3679 3680
f 3617 3680 3681
f 3617 3681 3726
f 3674 3675 3700
f 3675 3676 3703
f 3677 3678 3708
f 3678 3682 3712
f 3675 3701 3700
f 3675 3703 3701
f 3678 3710 3708
f 3678 3712 3710
f 3617 3726 3727
f 3618 3727 3728
f 3618 3728 3729
f 3618 3729 3730
f 3619 3730 3736
f 3619 3736 3737
f 3619 3737 3738
f 3683 3684 3716
f 3684 3685 3717
f 3686 3731 3722
f 3684 3717 3716
f 3685 3720 3717
f 3619 3738 3739
f 3619 3739 3740
f 3619 3740 4808
f 3619 4987 3620
f 3620 4986 3621
f 3621 4984 3622
f 3622 4985 3623
f 3623 4983 3624
f 3731 3732 3751
f 3732 3733 3754
f 3624 4894 3674
f 3674 4893 3675
f 3675 4892 3676
f 3676 4891 3677
f 3677 4890 3678
f 3678 4887 3682
f 3734 3735 3759
f 3735 3741 3764
f 3731 3751 3722
f 3732 3753 3751
f 3732 3754 3753
f 3734 3759 3757
f 3735 3762 3759
f 3735 3764 3762
f 3619 4808 4987
f 3682 4889 3683
f 3683 4888 3684
f 3684 4886 3685
f 3685 4885 3686
f 3686 4829 3731
f 3731 4828 3732
f 3732 4827 3733
f 3733 4826 3734
f 3742 3743 3770
f 3734 4825 3735
f 3735 4819 3741
f 3741 4818 3742
f 3742 4817 3743
f 3743 4816 3744
f 3744 4815 3745
f 3743 3744 3778
f 3745 4814 3779
f 3743 3776 3770
f 3743 3778 3776
f 4814 4833 3779
f 3565 4323 3575
f 3565 3566 4352
f 3568 4333 3585
f 3566 3576 4352
f 3568 3569 4355
f 3569 3588 4336
f 3571 3572 4358
f 3572 3597 4345
f 3571 4358 3594
f 3608 3609 4407
f 3609 3627 4368
f 3608 4407 3602
f 3617 4381 3645
f 3617 3618 4416
f 3618 3648 4417
f 3621 4391 3655
f 3621 3622 4420
f 3624 4401 3665
f 3624 3674 4423
f 3622 3659 4420
f 3676 3677 4473
f 3677 3708 4445
f 3674 3700 4471
f 3676 4473 3703
f 3682 3683 4479
f 3683 3716 4456
f 3685 3686 4482
f 3682 4479 3712
f 3685 4482 3720
f 3686 3722 4483
f 3733 4497 3754
f 3733 3734 4532
f 3741 4507 3764
f 3734 3757 4532
f 3741 3742 4540
f 3744 3745 4543
f 3745 3779 4522
f 3742 3770 4541
f 3744 4543 3778
f 3032 3798 3832
f 3037 3837 3805
f 3831 3796 3054
f 3032 3832 3831
f 3038 3838 3837
f 3047 3843 3820
f 3838 3071 3812
f 3047 3847 3843
f 3847 3082 3823
f 3094 3891 3855
f 3095 3857 3892
f 3101 3866 3898
f 3095 3892 3891
f 3897 3861 3121
f 3101 3898 3897
f 3107 3877 3904
f 3109 3906 3880
f 3903 3874 3137
f 3107 3904 3903
f 3157 3955 3920
f 3154 3953 3906
f 3953 3177 3913
f 3157 3956 3955
f 3956 3187 3923
f 3166 3965 3935
f 3167 3966 3965
f 3966 3202 3938
f 3173 3977 3972
f 3971 3951 3210
f 3173 3972 3971
f 3221 3985 4008
f 4007 3983 3235
f 3221 4008 4007
f 4010 3991 3243
f 3224 4011 4010
f 3227 4013 4003
f 4011 3246 3994
f 3227 4014 4013
f 4014 3257 4005
f 3830 3793 3796
f 3832 3798 3800
f 3836 3800 3805
f 3830 3796 3831
f 3830 3831 3833
f 3831 3832 3834
f 3832 3836 3835
f 3831 3834 3833
f 3832 3835 3834
f 3832 3800 3836
f 3836 3805 3837
f 3836 3837 3839
f 3837 3838 3840
f 3836 3839 3835
f 3837 3840 3839
f 3838 3841 3840
f 3838 3812 3813
f 3842 3813 3816
f 3843 3816 3820
f 3848 3823 3822
f 3848 3822 3826
f 3849 3826 3855
f 3838 3813 3842
f 3842 3816 3843
f 3838 3842 3841
f 3842 3843 3844
f 3843 3847 3845
f 3842 3844 3841
f 3843 3845 3844
f 3847 3846 3845
f 3847 3823 3848
f 3848 3826 3849
f 3847 3848 3846
f 3848 3849 3850
f 3849 3891 3851
f 3848 3850 3846
f 3849 3851 3850
f 3892 3857 3860
f 3896 3860 3861
f 3849 3855 3891
f 3892 3860 3896
f 3891 3892 3893
f 3892 3896 3894
f 3891 3893 3851
f 3892 3894 3893
f 3896 3895 3894
f 3896 3861 3897
f 3896 3897 3895
f 3897 3899 3895
f 3897 3898 3899
f 3898 3902 3900
f 3898 3900 3899
f 3902 3901 3900
f 3902 3866 3871
f 3902 3871 3874
f 3904 3877 3879
f 3905 3879 3880
f 3898 3866 3902
f 3902 3874 3903
f 3902 3903 3901
f 3903 3907 3901
f 3903 3904 3907
f 3904 3908 3907
f 3904 3879 3905
f 3905 3880 3906
f 3904 3905 3908
f 3905 3909 3908
f 3905 3910 3909
f 3905 3906 3910
f 3906 3953 3911
f 3906 3911 3910
f 3953 3913 3915
f 3954 3915 3919
f 3955 3919 3920
f 3957 3923 3922
f 3957 3922 3934
f 3953 3915 3954
f 3954 3919 3955
f 3953 3954 3958
f 3954 3955 3959
f 3956 3923 3957
f 3957 3934 3964
f 3955 3956 3960
f 3956 3957 3961
f 3953 3958 3911
f 3954 3959 3958
f 3955 3960 3959
f 3956 3961 3960
f 3957 3962 3961
f 3957 3964 3962
f 3964 3963 3962
f 3964 3934 3935
f 3966 3938 3948
f 3964 3935 3965
f 3966 3948 3970
f 3970 3948 3951
f 3964 3965 3963
f 3965 3966 3967
f 3965 3967 3963
f 3966 3970 3968
f 3966 3968 3967
f 3970 3969 3968
f 3970 3951 3971
f 3970 3971 3969
f 3971 3972 3973
f 3972 4006 3974
f 3971 3973 3969
f 3972 3974 3973
f 4006 3976 3974
f 4006 3977 3978
f 4006 3978 3983
f 4009 3985 3987
f 4009 3987 3991
f 3972 3977 4006
f 4006 3983 4007
f 4006 4007 3976
f 4007 4036 3976
f 4007 4008 4036
f 4008 4009 4037
f 4008 4037 4036
f 4009 4038 4037
f 4008 3985 4009
f 4009 3991 4010
f 4009 4010 4039
f 4010 4011 4040
f 4012 3994 3996
f 4012 3996 4001
f 4013 4001 4003
f 4014 4005 4004
f 4011 3994 4012
f 4012 4001 4013
f 4011 4012 4041
f 4014 4004 4015
f 4009 4039 4038
f 4010 4040 4039
f 4011 4041 4040
f 4015 4004 4031
f 4045 4031 4033
f 4012 4013 4042
f 4012 4042 4041
f 4013 4014 4043
f 4013 4043 4042
f 4014 4044 4043
f 4015 4031 4045
f 4045 4033 4093
f 4014 4015 4044
f 4015 4045 4046
f 4045 4093 4047
f 4015 4046 4044
f 4045 4047 4046
f 4093 4048 4047
f 3291 4093 4033
f 3292 4052 4094
f 3295 4059 4097
f 3292 4094 4093
f 4096 4057 3320
f 3295 4097 4096
f 3304 4074 4106
f 4105 4066 3329
f 3304 4106 4105
f 3308 4110 4083
f 3309 4111 4110
f 4111 3346 4085
f 3356 4113 4114
f 3384 4180 4123
f 3356 4125 4113
f 4125 3362 4117
f 3385 4145 4181
f 3385 4181 4180
f 4186 4150 3410
f 3391 4155 4187
f 3394 4168 4190
f 3391 4187 4186
f 4189 4161 3425
f 3394 4190 4189
f 4196 4174 3434
f 3401 4197 4196
f 3452 4220 4216
f 4197 3455 4210
f 3452 4221 4220
f 4221 3463 4218
f 3468 4270 4232
f 3469 4271 4270
f 4271 3494 4233
f 3478 4250 4280
f 4279 4247 3510
f 3478 4280 4279
f 3481 4258 4283
f 4282 4255 3518
f 3481 4283 4282
f 4285 4262 3525
f 3484 4286 4285
f 4094 4052 4055
f 4095 4055 4057
f 4097 4059 4061
f 4098 4061 4066
f 4094 4055 4095
f 4095 4057 4096
f 4093 4094 4048
f 4094 4099 4048
f 4094 4095 4099
f 4095 4096 4100
f 4095 4100 4099
f 4097 4061 4098
f 4098 4066 4105
f 4096 4097 4101
f 4097 4098 4102
f 4096 4101 4100
f 4097 4102 4101
f 4098 4103 4102
f 4098 4105 4103
f 4105 4104 4103
f 4106 4074 4107
f 4107 4074 4079
f 4107 4079 4083
f 4112 4085 4088
f 4112 4088 4091
f 4113 4091 4114
f 4107 4083 4110
f 4105 4106 4108
f 4105 4108 4104
f 4106 4107 4109
f 4107 4110 4133
f 4106 4109 4108
f 4107 4133 4109
f 4110 4134 4133
f 4111 4085 4112
f 4112 4091 4113
f 4110 4111 4134
f 4111 4112 4135
f 4111 4135 4134
f 4112 4113 4136
f 4126 4117 4116
f 4126 4116 4122
f 4127 4122 4123
f 4125 4117 4126
f 4126 4122 4127
f 4113 4125 4137
f 4127 4123 4180
f 4112 4136 4135
f 4113 4137 4136
f 4181 4145 4148
f 4182 4148 4150
f 4125 4176 4137
f 4125 4126 4176
f 4126 4177 4176
f 4126 4127 4177
f 4127 4178 4177
f 4127 4180 4178
f 4180 4179 4178
f 4181 4148 4182
f 4182 4150 4186
f 4180 4181 4179
f 4181 4183 4179
f 4181 4184 4183
f 4181 4182 4184
f 4182 4186 4185
f 4182 4185 4184
f 4186 4191 4185
f 4188 4155 4159
f 4188 4159 4161
f 4187 4155 4188
f 4188 4161 4189
f 4186 4187 4191
f 4187 4188 4192
f 4190 4168 4170
f 4195 4170 4174
f 4187 4192 4191
f 4188 4193 4192
f 4188 4189 4193
f 4189 4190 4194
f 4189 4194 4193
f 4190 4203 4194
f 4190 4170 4195
f 4195 4174 4196
f 4190 4195 4203
f 4195 4196 4204
f 4195 4204 4203
f 4196 4205 4204
f 4196 4197 4205
f 4197 4206 4205
f 4197 4207 4206
f 4219 4210 4211
f 4219 4211 4215
f 4220 4215 4216
f 4197 4210 4219
f 4219 4215 4220
f 4221 4218 4266
f 4197 4219 4207
f 4266 4218 4226
f 4266 4226 4229
f 4269 4229 4232
f 4271 4233 4238
f 4272 4238 4247
f 4219 4220 4267
f 4219 4267 4207
f 4220 4268 4267
f 4220 4221 4268
f 4221 4266 4273
f 4221 4273 4268
f 4266 4274 4273
f 4266 4229 4269
f 4269 4232 4270
f 4266 4269 4274
f 4271 4238 4272
f 4269 4270 4275
f 4269 4275 4274
f 4270 4271 4277
f 4271 4272 4278
f 4270 4276 4275
f 4270 4277 4276
f 4272 4279 4307
f 4271 4278 4277
f 4272 4307 4278
f 4272 4247 4279
f 4280 4250 4253
f 4281 4253 4255
f 4284 4258 4259
f 4284 4259 4262
f 4280 4253 4281
f 4281 4255 4282
f 4279 4280 4308
f 4280 4281 4309
f 4279 4308 4307
f 4280 4309 4308
f 4281 4310 4309
f 4281 4282 4310
f 4282 4283 4312
f 4283 4258 4284
f 4284 4262 4285
f 4286 3547 4298
f 3565 4351 4323
f 3568 4355 4333
f 3565 4352 4351
f 4352 3576 4324
f 3569 4336 4356
f 3572 4345 4359
f 3569 4356 4355
f 4358 4342 3594
f 3572 4359 4358
f 3609 4368 4408
f 4407 4350 3602
f 3609 4408 4407
f 3617 4416 4381
f 3618 4417 4416
f 4417 3648 4384
f 3621 4419 4391
f 3624 4423 4401
f 3621 4420 4419
f 4420 3659 4395
f 3677 4445 4474
f 3674 4471 4423
f 4471 3700 4437
f 4473 4440 3703
f 3677 4474 4473
f 3683 4456 4480
f 4479 4452 3712
f 3683 4480 4479
f 4482 4460 3720
f 3686 4483 4482
f 4483 3722 4462
f 3733 4531 4497
f 3741 4540 4507
f 3733 4532 4531
f 4532 3757 4500
f 3745 4522 4544
f 3742 4541 4540
f 4541 3770 4513
f 4543 4521 3778
f 3745 4544 4543
f 4314 4298 4299
f 4314 4299 4322
f 4282 4311 4310
f 4282 4312 4311
f 4283 4313 4312
f 4286 4298 4314
f 4314 4322 4351
f 4283 4284 4313
f 4284 4285 4315
f 4285 4286 4316
f 4284 4315 4313
f 4285 4316 4315
f 4286 4317 4316
f 4286 4314 4318
f 4314 4351 4319
f 4286 4318 4317
f 4314 4319 4318
f 4351 4321 4319
f 4351 4322 4323
f 4353 4324 4328
f 4353 4328 4331
f 4354 4331 4333
f 4352 4324 4353
f 4353 4331 4354
f 4354 4333 4355
f 4351 4352 4321
f 4356 4336 4340
f 4357 4340 4342
f 4360 4345 4349
f 4360 4349 4350
f 4352 4353 4403
f 4353 4354 4404
f 4354 4355 4405
f 4352 4402 4321
f 4352 4403 4402
f 4353 4404 4403
f 4355 4356 4410
f 4356 4357 4411
f 4356 4340 4357
f 4357 4342 4358
f 4359 4345 4360
f 4360 4350 4407
f 4409 4368 4371
f 4354 4405 4404
f 4355 4406 4405
f 4355 4410 4406
f 4356 4411 4410
f 4357 4412 4411
f 4408 4368 4409
f 4357 4358 4413
f 4358 4359 4414
f 4359 4360 4463
f 4357 4413 4412
f 4358 4414 4413
f 4360 4407 4465
f 4359 4415 4414
f 4359 4463 4415
f 4360 4464 4463
f 4407 4408 4467
f 4408 4409 4469
f 4360 4465 4464
f 4407 4466 4465
f 4407 4467 4466
f 4409 4371 4381
f 4418 4384 4385
f 4409 4381 4416
f 4417 4384 4418
f 4418 4385 4390
f 4419 4390 4391
f 4421 4395 4394
f 4421 4394 4398
f 4422 4398 4401
f 4418 4390 4419
f 4420 4395 4421
f 4421 4398 4422
f 4422 4401 4423
f 4409 4416 4476
f 4416 4417 4525
f 4408 4468 4467
f 4408 4469 4468
f 4409 4470 4469
f 4409 4476 4470
f 4471 4437 4438
f 4472 4438 4440
f 4475 4445 4447
f 4475 4447 4452
f 4417 4418 4528
f 4416 4477 4476
f 4416 4478 4477
f 4416 4525 4478
f 4471 4438 4472
f 4472 4440 4473
f 4474 4445 4475
f 4475 4452 4479
f 4481 4456 4457
f 4481 4457 4460
f 4417 4526 4525
f 4417 4527 4526
f 4417 4528 4527
f 4418 4529 4528
f 4418 4535 4529
f 4418 4536 4535
f 4418 4537 4536
f 4480 4456 4481
f 4481 4460 4482
f 4483 4462 4530
f 4530 4462 4494
f 4530 4494 4496
f 4531 4496 4497
f 4533 4500 4502
f 4533 4502 4505
f 4534 4505 4507
f 4418 4538 4537
f 4418 4539 4538
f 4418 4419 5792
f 4419 4420 5791
f 4420 4421 5789
f 4421 4422 5790
f 4422 4423 5788
f 4530 4496 4531
f 4532 4500 4533
f 4533 4505 4534
f 4534 4507 4540
f 4423 4471 5697
f 4471 4472 5696
f 4472 4473 5695
f 4473 4474 5694
f 4474 4475 5693
f 4475 4479 5690
f 4541 4513 4519
f 4542 4519 4521
f 5622 4522 5581
f 4418 5792 4539
f 4541 4519 4542
f 4479 4480 5692
f 4480 4481 5691
f 4481 4482 5689
f 4482 4483 5688
f 4483 4530 5637
f 4530 4531 5636
f 4531 4532 5635
f 4532 4533 5634
f 4542 4521 4543
f 4544 4522 5622
f 4533 4534 5633
f 4534 4540 5627
f 4540 4541 5626
f 4541 4542 5625
f 4542 4543 5624
f 4543 4544 5623
f 4549 4546 4545
f 4550 4547 4546
f 4548 4549 4545
f 4549 4550 4546
f 4550 4554 4547
f 4548 4571 4549
f 4554 4551 4547
f 4555 4552 4551
f 4556 4553 4552
f 4554 4555 4551
f 4555 4556 4552
f 4550 4576 4554
f 4554 4580 4555
f 4548 4568 4571
f 4550 4574 4576
f 4554 4576 4580
f 4560 4557 4553
f 4561 4558 4557
f 4564 4559 4558
f 4556 4560 4553
f 4560 4561 4557
f 4561 4564 4558
f 4556 4591 4560
f 4560 4595 4561
f 4565 4562 4559
f 4566 4563 4562
f 4564 4565 4559
f 4565 4566 4562
f 4566 4617 4563
f 4564 4601 4565
f 4565 4605 4566
f 4556 4590 4591
f 4560 4591 4595
f 4561 4595 4596
f 4565 4601 4600
f 4565 4600 4605
f 4566 4605 4635
f 4617 4614 4563
f 4618 4615 4614
f 4619 4616 4615
f 4617 4618 4614
f 4618 4619 4615
f 4566 4635 4617
f 4618 4643 4619
f 4620 4611 4616
f 4621 4612 4611
f 4627 4613 4612
f 4620 4621 4611
f 4621 4627 4612
f 4619 4620 4616
f 4619 4644 4620
f 4618 4639 4643
f 4619 4643 4644
f 4631 4626 4624
f 4628 4622 4613
f 4627 4628 4613
f 4629 4623 4622
f 4628 4629 4622
f 4621 4646 4627
f 4627 4661 4628
f 4630 4625 4623
f 4630 4624 4625
f 4629 4630 4623
f 4631 4679 4626
f 4630 4631 4624
f 4629 4669 4630
f 4630 4670 4631
f 4627 4646 4658
f 4627 4658 4661
f 4629 4668 4669
f 4630 4669 4670
f 4679 4673 4626
f 4680 4674 4673
f 4681 4675 4674
f 4683 4677 4676
f 4682 4676 4675
f 4692 4678 4677
f 4683 4692 4677
f 4679 4680 4673
f 4680 4681 4674
f 4679 4706 4680
f 4680 4709 4681
f 4681 4682 4675
f 4682 4683 4676
f 4683 4733 4692
f 4682 4716 4683
f 4679 4703 4706
f 4680 4706 4709
f 4681 4709 4710
f 4683 4715 4733
f 4683 4716 4715
f 4689 4686 4685
f 4693 4684 4678
f 4692 4693 4678
f 4693 4694 4684
f 4694 4685 4684
f 4689 4685 4694
f 4690 4687 4686
f 4691 4688 4687
f 4769 4671 4688
f 4689 4690 4686
f 4690 4691 4687
f 4691 4769 4688
f 4689 4723 4690
f 4689 4721 4723
f 4692 4732 4693
f 4689 4694 4721
f 4692 4733 4732
f 4694 4735 4721
f 4772 4739 4737
f 4772 4740 4739
f 4774 4742 4740
f 4775 4743 4742
f 4775 4776 4743
f 4776 4745 4743
f 4777 4744 4745
f 4776 4777 4745
f 4778 4746 4744
f 4748 4747 4746
f 5158 4741 4747
f 4777 4778 4744
f 4748 4746 4778
f 4748 5158 4747
f 4748 4778 4760
f 4748 4762 5158
f 4778 4806 4760
f 4748 4760 4762
f 4770 4736 4671
f 4769 4770 4671
f 4771 4738 4736
f 4773 4737 4738
f 4770 4771 4736
f 4771 4773 4738
f 4769 4784 4770
f 4691 4785 4769
f 4772 4737 4773
f 4772 4774 4740
f 4772 4773 4792
f 4771 4794 4773
f 4769 4785 4786
f 4769 4786 4784
f 4773 4794 4795
f 4773 4795 4792
f 4774 4775 4742
f 4774 4799 4775
f 4775 4804 4776
f 4777 4806 4778
f 4775 4799 4800
f 4776 4804 4805
f 4775 4800 4804
f 4777 4807 4806
f 4549 4571 5319
f 4549 5358 4550
f 4555 5364 4556
f 4550 5358 4574
f 4555 4580 5363
f 4556 5337 4590
f 4561 5372 4564
f 4564 5348 4601
f 4561 4596 5372
f 4617 5421 4618
f 4620 4644 5390
f 4620 5424 4621
f 4617 4635 5420
f 4618 5421 4639
f 4621 5424 4646
f 4628 4661 5404
f 4628 5432 4629
f 4629 5432 4668
f 4631 4670 5434
f 4631 5484 4679
f 4679 5445 4703
f 4681 5487 4682
f 4682 5458 4716
f 4681 4710 5487
f 4690 4723 5470
f 4690 5496 4691
f 4691 5496 4785
f 4693 5499 4694
f 4694 5477 4735
f 4693 4732 5498
f 4770 4784 5538
f 4770 5564 4771
f 4772 4792 5546
f 4772 5567 4774
f 4771 5564 4794
f 4774 5553 4799
f 4776 5570 4777
f 4777 5561 4807
f 4776 4805 5570
f 3745 4815 4814
f 3744 4816 4815
f 3743 4817 4816
f 3742 4818 4817
f 3741 4819 4818
f 3735 4825 4819
f 3733 4827 4826
f 3734 4826 4825
f 4814 4815 4833
f 4816 4817 4839
f 3682 4887 4889
f 3678 4890 4887
f 3686 4885 4829
f 3685 4886 4885
f 3732 4828 4827
f 3731 4829 4828
f 3684 4888 4886
f 3683 4889 4888
f 4817 4818 4840
f 4815 4834 4833
f 4817 4840 4839
f 4818 4843 4840
f 3621 4986 4984
f 3623 4985 4983
f 3624 4983 4894
f 3622 4984 4985
f 4987 4808 4809
f 4987 4809 4810
f 4987 4810 4811
f 3620 4987 4986
f 3674 4894 4893
f 3675 4893 4892
f 3677 4891 4890
f 3676 4892 4891
f 4819 4825 4853
f 4825 4826 4854
f 4826 4827 4859
f 4828 4829 4866
f 4825 4854 4853
f 4826 4858 4854
f 4826 4859 4858
f 4828 4866 4867
f 4829 4868 4866
f 4829 4905 4868
f 4980 4874 4875
f 4980 4875 4876
f 4982 4876 4877
f 4988 4811 4812
f 4988 4812 4813
f 4988 4813 4820
f 4988 4820 4821
f 4988 4821 4822
f 4989 4822 4823
f 4989 4823 4824
f 4829 4885 4905
f 4886 4888 4907
f 4888 4889 4914
f 4888 4913 4907
f 4888 4914 4913
f 4989 4824 4882
f 4990 4882 4883
f 4990 4883 4884
f 4990 4884 4874
f 4987 4811 4988
f 4988 4822 4989
f 4887 4890 4912
f 4890 4891 4927
f 4892 4893 4931
f 4893 4894 4932
f 4890 4927 4912
f 4891 4929 4927
f 4893 4932 4931
f 4894 4933 4932
f 5041 4934 4938
f 5247 4939 4937
f 4948 4938 4939
f 5248 4943 4944
f 5243 4944 4945
f 5243 4945 4942
f 5247 4937 4940
f 5245 4940 4941
f 5246 4941 4943
f 4948 4939 5247
f 4948 5041 4938
f 5245 5247 4940
f 5246 4943 5248
f 5245 4941 5246
f 4948 5069 5041
f 4948 5247 4961
f 4948 4962 5069
f 4948 4961 4962
f 4982 4877 4878
f 4981 4878 4881
f 4981 4881 4879
f 5035 4879 4880
f 5033 4880 4973
f 5033 4973 4972
f 4980 4876 4982
f 5036 4969 4971
f 5038 4975 4976
f 5039 4970 4977
f 5032 4971 4970
f 5039 4977 4975
f 5034 4972 4974
f 5036 4974 4969
f 5033 5035 4880
f 4981 4982 4878
f 4981 4879 5035
f 5033 4972 5034
f 5034 4974 5036
f 4980 4982 5003
f 4980 5003 5001
f 4989 4882 4990
f 4983 4985 5012
f 4984 5019 4985
f 4980 4990 4874
f 4987 4988 5024
f 4984 4986 5018
f 4984 5018 5017
f 4985 5019 5012
f 4984 5017 5019
f 4988 5029 5024
f 4987 5024 5025
f 4988 4989 5028
f 4980 5031 4990
f 4988 5028 5029
f 4980 5001 5031
f 5037 4976 4978
f 5037 4978 4979
f 5040 4979 4934
f 5032 5036 4971
f 5032 4970 5039
f 5037 5038 4976
f 5037 4979 5040
f 5038 5039 4975
f 5033 5053 5035
f 4981 5035 5055
f 5034 5036 5057
f 5032 5058 5036
f 5032 5047 5058
f 5035 5054 5055
f 5035 5053 5054
f 5036 5058 5057
f 5040 4934 5041
f 5037 5040 5065
f 5038 5068 5039
f 5037 5067 5038
f 5037 5064 5067
f 5037 5065 5064
f 5038 5067 5068
f 5041 5069 5070
f 4815 4816 5623
f 4816 4839 5587
f 4818 5591 4843
f 4818 4819 5626
f 4815 5623 4834
f 4827 5606 4859
f 4827 4828 5635
f 4819 4853 5627
f 4828 4867 5635
f 4885 5651 4905
f 4885 4886 5688
f 4886 4907 5653
f 4887 4912 5658
f 4887 5692 4889
f 4889 5692 4914
f 4891 4892 5694
f 4892 4931 5674
f 4894 5676 4933
f 4894 4983 5697
f 4891 5694 4929
f 5247 5718 4961
f 4981 5055 5809
f 4981 5787 4982
f 4982 5787 5003
f 4986 5760 5018
f 4986 4987 5791
f 4983 5012 5788
f 4987 5025 5791
f 4989 5770 5028
f 4989 4990 5794
f 4990 5031 5795
f 5032 5039 5825
f 5033 5034 5826
f 5034 5057 5811
f 5032 5825 5047
f 5033 5826 5053
f 5040 5819 5065
f 5040 5041 5833
f 5039 5068 5832
f 5041 5070 5833
f 5169 5074 5073
f 5166 5075 5074
f 5107 5081 5083
f 5107 5082 5081
f 5111 5101 5093
f 5098 5097 5096
f 5217 5095 5094
f 5216 5094 5075
f 5216 5217 5094
f 5218 5096 5095
f 5098 5096 5218
f 5217 5218 5095
f 5099 5092 5097
f 5099 5100 5092
f 5100 5091 5092
f 5100 5093 5091
f 5100 5111 5093
f 5098 5099 5097
f 5100 5123 5111
f 5099 5122 5100
f 5100 5122 5123
f 5099 5124 5122
f 5109 5104 5103
f 5112 5084 5104
f 5110 5103 5102
f 5108 5102 5101
f 5109 5103 5110
f 5109 5112 5104
f 5105 5085 5084
f 5106 5083 5085
f 5105 5106 5085
f 5106 5107 5083
f 5105 5084 5112
f 5105 5112 5135
f 5105 5137 5106
f 5112 5134 5135
f 5105 5135 5137
f 5108 5101 5111
f 5108 5110 5102
f 5109 5110 5149
f 5108 5150 5110
f 5108 5146 5150
f 5110 5150 5149
f 5162 5153 5152
f 5160 5156 5153
f 5161 5154 5156
f 5170 5155 5154
f 5161 5170 5154
f 5157 5151 4741
f 5157 4741 5158
f 5159 5152 5151
f 5157 5159 5151
f 5159 5162 5152
f 5157 5185 5159
f 5159 5186 5162
f 5160 5153 5162
f 5160 5161 5156
f 5161 5191 5170
f 5160 5195 5161
f 5157 5183 5185
f 5159 5185 5186
f 5160 5194 5195
f 5161 5195 5191
f 5171 5164 5163
f 5168 5072 5071
f 5165 5071 5164
f 5171 5163 5155
f 5170 5171 5155
f 5165 5164 5171
f 5165 5168 5071
f 5165 5206 5168
f 5167 5073 5072
f 5167 5072 5168
f 5167 5169 5073
f 5166 5074 5169
f 5167 5211 5169
f 5166 5169 5205
f 5165 5199 5206
f 5166 5205 5219
f 5169 5211 5209
f 5169 5209 5205
f 5165 5171 5199
f 5171 5215 5199
f 5166 5216 5075
f 5216 5225 5217
f 5217 5228 5218
f 5098 5218 5229
f 5217 5225 5224
f 5217 5224 5228
f 5218 5228 5229
f 5239 4936 5234
f 5242 5232 5233
f 5240 5233 5235
f 5242 5234 5232
f 5239 5249 4936
f 5238 5231 5230
f 5297 5230 5237
f 5295 5236 5082
f 5296 5237 5236
f 5295 5296 5236
f 5238 5230 5297
f 5296 5297 5237
f 5241 5235 5231
f 5240 5242 5233
f 5240 5235 5241
f 5239 5234 5242
f 5239 5242 5266
f 5238 5241 5231
f 5238 5269 5241
f 5240 5241 5271
f 5238 5308 5260
f 5239 5266 5294
f 5242 5272 5266
f 5241 5269 5271
f 5238 5260 5269
f 5250 4946 4947
f 5244 4942 4946
f 5249 4947 4936
f 5243 5248 4944
f 5243 4942 5244
f 5249 5250 4947
f 5244 4946 5250
f 5243 5244 5282
f 5244 5250 5283
f 5246 5248 5291
f 5245 5246 5292
f 5250 5279 5283
f 5244 5283 5282
f 5246 5291 5290
f 5246 5290 5292
f 5239 5294 5249
f 5107 5295 5082
f 5295 5306 5296
f 5238 5297 5308
f 5107 5303 5295
f 5296 5306 5307
f 5295 5303 5306
f 5107 5302 5303
f 5098 5901 5099
f 5111 5123 5869
f 5099 5901 5124
f 5106 5909 5107
f 5106 5137 5883
f 5108 5111 5910
f 5109 5149 5891
f 5109 5914 5112
f 5108 5910 5146
f 5112 5914 5134
f 5157 5158 5965
f 5162 5186 5929
f 5160 5162 5968
f 5157 5965 5183
f 5158 4762 5966
f 5160 5968 5194
f 5167 5168 5975
f 5167 5956 5211
f 5168 5206 5976
f 5170 5191 5934
f 5170 5979 5171
f 5171 5979 5215
f 5166 5991 5216
f 5216 5986 5225
f 5166 5219 5991
f 5098 5229 5900
f 5240 6050 5242
f 5242 6017 5272
f 5240 5271 6048
f 5243 6056 5248
f 5243 5282 6025
f 5245 5292 6035
f 5245 6055 5247
f 5248 6056 5291
f 5249 6058 5250
f 5249 5294 6037
f 5250 6058 5279
f 5296 6072 5297
f 5297 6069 5308
f 5107 6063 5302
f 5296 5307 6072
f 4549 5319 5357
f 4549 5357 5358
f 5358 5322 4574
f 5363 4580 5328
f 4555 5363 5364
f 4556 5364 5337
f 4564 5373 5348
f 5372 4596 5343
f 4564 5372 5373
f 4620 5390 5423
f 5420 4635 5381
f 4617 5420 5421
f 5421 5385 4639
f 5424 5392 4646
f 4620 5423 5424
f 4628 5404 5431
f 4628 5431 5432
f 5432 5411 4668
f 5434 4670 5413
f 4631 5434 5484
f 4679 5484 5445
f 4682 5488 5458
f 5487 4710 5452
f 4682 5487 5488
f 4690 5470 5495
f 4690 5495 5496
f 5496 5539 4785
f 4694 5499 5477
f 5498 4732 5474
f 4693 5498 5499
f 5966 4762 5519
f 4770 5538 5563
f 4772 5546 5565
f 4770 5563 5564
f 4772 5565 5567
f 5564 5548 4794
f 4774 5567 5553
f 4777 5571 5561
f 5570 4805 5559
f 4777 5570 5571
f 5356 5319 5316
f 5362 5324 5322
f 5363 5328 5324
f 5356 5353 5354
f 5357 5354 5355
f 5358 5355 5359
f 5356 5357 5319
f 5358 5362 5322
f 5356 5354 5357
f 5357 5355 5358
f 5362 5359 5360
f 5363 5360 5361
f 5362 5363 5324
f 5358 5359 5362
f 5362 5360 5363
f 5363 5361 5364
f 5368 5338 5337
f 5369 5342 5338
f 5369 5343 5342
f 5373 5347 5348
f 5374 5352 5347
f 5364 5361 5365
f 5368 5365 5366
f 5369 5366 5367
f 5364 5368 5337
f 5368 5369 5338
f 5369 5372 5343
f 5364 5365 5368
f 5368 5366 5369
f 5369 5367 5372
f 5372 5367 5370
f 5373 5370 5371
f 5374 5371 5417
f 5373 5374 5347
f 5372 5370 5373
f 5373 5371 5374
f 5420 5381 5352
f 5422 5389 5385
f 5422 5390 5389
f 5420 5417 5418
f 5421 5418 5419
f 5374 5420 5352
f 5421 5422 5385
f 5374 5417 5420
f 5420 5418 5421
f 5421 5419 5422
f 5423 5414 5415
f 5422 5419 5414
f 5424 5415 5416
f 5423 5415 5424
f 5422 5423 5390
f 5422 5414 5423
f 5434 5429 5478
f 5430 5401 5392
f 5430 5404 5401
f 5433 5412 5411
f 5434 5413 5412
f 5430 5416 5425
f 5424 5416 5430
f 5430 5425 5431
f 5431 5425 5426
f 5432 5426 5428
f 5431 5426 5432
f 5424 5430 5392
f 5430 5431 5404
f 5433 5428 5427
f 5432 5428 5433
f 5433 5427 5429
f 5433 5429 5434
f 5432 5433 5411
f 5433 5434 5412
f 5484 5478 5479
f 5485 5479 5480
f 5486 5480 5481
f 5487 5481 5482
f 5487 5482 5488
f 5488 5482 5483
f 5488 5483 5497
f 5485 5448 5445
f 5486 5452 5451
f 5486 5451 5448
f 5497 5475 5457
f 5488 5457 5458
f 5484 5485 5445
f 5485 5486 5448
f 5434 5478 5484
f 5484 5479 5485
f 5485 5480 5486
f 5486 5487 5452
f 5488 5497 5457
f 5486 5481 5487
f 5495 5470 5468
f 5499 5490 5491
f 5497 5483 5489
f 5498 5489 5490
f 5497 5489 5498
f 5494 5499 5491
f 5498 5490 5499
f 5494 5491 5492
f 5495 5492 5493
f 5496 5493 5436
f 5494 5495 5468
f 5494 5492 5495
f 5495 5493 5496
f 5498 5474 5475
f 5494 5468 5477
f 5497 5498 5475
f 5494 5477 5499
f 5566 5521 5523
f 5565 5523 5524
f 5565 5524 5526
f 5532 5517 5560
f 5966 5519 5517
f 5568 5527 5529
f 5567 5526 5527
f 5569 5529 5528
f 5568 5529 5569
f 5569 5528 5570
f 5570 5528 5530
f 5571 5530 5531
f 5532 5531 5525
f 5532 5560 5571
f 5532 5966 5517
f 5570 5530 5571
f 5532 5571 5531
f 5532 5525 5966
f 5563 5538 5540
f 5562 5540 5539
f 5565 5546 5549
f 5566 5549 5548
f 5562 5436 5520
f 5562 5520 5563
f 5563 5520 5522
f 5564 5522 5521
f 5563 5522 5564
f 5496 5562 5539
f 5562 5563 5540
f 5496 5436 5562
f 5565 5566 5523
f 5564 5521 5566
f 5565 5526 5567
f 5564 5566 5548
f 5565 5549 5566
f 5568 5554 5553
f 5569 5558 5554
f 5570 5559 5558
f 5571 5560 5561
f 5567 5568 5553
f 5569 5570 5558
f 5568 5569 5554
f 5567 5527 5568
f 4816 5587 5624
f 4818 5626 5591
f 5623 5582 4834
f 4816 5624 5623
f 4819 5627 5626
f 4827 5634 5606
f 5627 4853 5600
f 4827 5635 5634
f 5635 4867 5614
f 4885 5688 5651
f 4886 5653 5689
f 4887 5658 5690
f 4886 5689 5688
f 4887 5690 5692
f 5692 5660 4914
f 4892 5674 5695
f 4894 5697 5676
f 5694 5672 4929
f 4892 5695 5694
f 4981 5809 5786
f 5787 5750 5003
f 4981 5786 5787
f 4986 5789 5760
f 4983 5788 5697
f 5788 5012 5754
f 4986 5791 5789
f 5791 5025 5767
f 4989 5794 5770
f 4990 5795 5794
f 5795 5031 5773
f 5034 5811 5827
f 5825 5801 5047
f 5039 5832 5825
f 5826 5807 5053
f 5034 5827 5826
f 5040 5830 5819
f 5040 5833 5830
f 5832 5068 5822
f 5833 5070 5824
f 5622 5581 5582
f 5624 5587 5588
f 5625 5588 5591
f 5622 5582 5623
f 4544 5622 5623
f 4543 5623 5624
f 4542 5624 5625
f 4541 5625 5626
f 4540 5626 5627
f 4534 5627 5633
f 4532 5634 5635
f 4533 5633 5634
f 5624 5588 5625
f 5625 5591 5626
f 4479 5692 5690
f 4475 5690 5693
f 4483 5637 5688
f 4482 5688 5689
f 4531 5635 5636
f 4530 5636 5637
f 4481 5689 5691
f 4480 5691 5692
f 5633 5600 5601
f 5633 5601 5605
f 5634 5605 5606
f 5636 5614 5613
f 5636 5613 5615
f 5637 5615 5651
f 4420 5789 5791
f 4422 5788 5790
f 4423 5697 5788
f 4421 5790 5789
f 5792 5616 4539
f 5792 5617 5616
f 5792 5618 5617
f 5793 5619 5618
f 4419 5791 5792
f 5627 5600 5633
f 5633 5605 5634
f 4471 5696 5697
f 4472 5695 5696
f 4474 5693 5694
f 4473 5694 5695
f 5635 5614 5636
f 5636 5615 5637
f 5785 5677 5687
f 5785 5678 5677
f 5787 5679 5678
f 5787 5680 5679
f 5689 5653 5659
f 5691 5659 5660
f 5793 5620 5619
f 5793 5621 5620
f 5793 5628 5621
f 5793 5629 5628
f 5794 5630 5629
f 5794 5631 5630
f 5794 5632 5631
f 5637 5651 5688
f 5689 5659 5691
f 5691 5660 5692
f 5690 5658 5670
f 5693 5670 5672
f 5696 5675 5676
f 5696 5674 5675
f 5795 5685 5632
f 5795 5686 5685
f 5795 5687 5686
f 5792 5793 5618
f 5793 5794 5629
f 5690 5670 5693
f 5693 5672 5694
f 5695 5674 5696
f 5696 5676 5697
f 5732 5722 5699
f 6055 5723 5722
f 6055 5721 5723
f 5834 5823 5719
f 5732 5719 5718
f 6051 5728 5727
f 6051 5729 5728
f 6052 5726 5729
f 6053 5724 5721
f 6054 5725 5724
f 6056 5727 5725
f 5732 5699 5834
f 5732 6055 5722
f 5732 5834 5719
f 5732 5718 6055
f 6054 6056 5725
f 6053 6054 5724
f 6053 5721 6055
f 5786 5681 5680
f 5786 5684 5681
f 5828 5682 5684
f 5826 5683 5682
f 5826 5778 5683
f 5827 5777 5778
f 5785 5787 5678
f 5786 5680 5787
f 5785 5748 5750
f 5825 5776 5774
f 5832 5782 5775
f 5832 5775 5776
f 5831 5780 5782
f 5829 5779 5777
f 5829 5774 5779
f 5826 5682 5828
f 5786 5828 5684
f 5785 5750 5787
f 5826 5827 5778
f 5827 5829 5777
f 5789 5759 5760
f 5790 5754 5761
f 5790 5761 5759
f 5792 5766 5771
f 5792 5767 5766
f 5788 5754 5790
f 5789 5790 5759
f 5794 5795 5632
f 5785 5687 5795
f 5792 5771 5793
f 5791 5767 5792
f 5793 5771 5770
f 5795 5773 5748
f 5793 5770 5794
f 5785 5795 5748
f 5828 5809 5808
f 5828 5808 5807
f 5829 5811 5812
f 5829 5812 5801
f 5830 5781 5780
f 5830 5783 5781
f 5833 5784 5783
f 5825 5832 5776
f 5831 5782 5832
f 5825 5829 5801
f 5834 5699 5784
f 5830 5780 5831
f 5830 5833 5783
f 5826 5828 5807
f 5786 5809 5828
f 5825 5774 5829
f 5827 5811 5829
f 5830 5818 5819
f 5831 5822 5821
f 5831 5821 5818
f 5834 5824 5823
f 5830 5831 5818
f 5831 5832 5822
f 5833 5834 5784
f 5833 5824 5834
f 5098 5900 5901
f 5901 5870 5124
f 5106 5883 5908
f 5914 5880 5134
f 5106 5908 5909
f 5109 5891 5911
f 5111 5869 5913
f 5910 5888 5146
f 5109 5911 5914
f 5111 5913 5910
f 5162 5929 5970
f 5965 5926 5183
f 5158 5966 5965
f 5162 5970 5968
f 5968 5937 5194
f 5167 5975 5956
f 5976 5206 5951
f 5168 5976 5975
f 5170 5934 5978
f 5170 5978 5979
f 5979 5958 5215
f 5216 5992 5986
f 5991 5219 5980
f 5216 5991 5992
f 5900 5229 5990
f 5242 6050 6017
f 6048 5271 6016
f 5240 6048 6050
f 5243 6025 6051
f 5245 6035 6053
f 5247 6055 5718
f 5243 6051 6056
f 6056 6034 5291
f 5245 6053 6055
f 5249 6037 6057
f 5249 6057 6058
f 6058 6022 5279
f 5297 6046 6069
f 5107 5909 6063
f 6072 5307 6068
f 5297 6072 6046
f 5977 5843 5844
f 5974 5844 5896
f 5908 5852 5850
f 5909 5850 5851
f 5902 5895 5903
f 5913 5869 5868
f 5902 5868 5870
f 5993 5898 5899
f 5991 5896 5897
f 5991 5897 5992
f 5992 5897 5898
f 5992 5898 5993
f 5901 5894 5893
f 5900 5899 5894
f 5902 5893 5895
f 5901 5893 5902
f 5902 5903 5913
f 5902 5913 5868
f 5901 5902 5870
f 5900 5993 5899
f 5900 5894 5901
f 5907 5881 5880
f 5908 5883 5881
f 5911 5906 5853
f 5910 5904 5905
f 5913 5903 5904
f 5912 5905 5906
f 5910 5905 5912
f 5911 5912 5906
f 5914 5853 5854
f 5907 5854 5852
f 5907 5852 5908
f 5908 5850 5909
f 5907 5880 5914
f 5907 5908 5881
f 5911 5853 5914
f 5907 5914 5854
f 5911 5891 5892
f 5912 5892 5888
f 5910 5912 5888
f 5911 5892 5912
f 5910 5913 5904
f 5970 5961 5964
f 5968 5964 5962
f 5969 5962 5963
f 5969 5963 5978
f 5967 5928 5926
f 5967 5929 5928
f 5978 5934 5938
f 5969 5938 5937
f 5966 5525 5959
f 5965 5959 5960
f 5965 5966 5959
f 5967 5960 5961
f 5965 5960 5967
f 5967 5961 5970
f 5965 5967 5926
f 5967 5970 5929
f 5968 5969 5937
f 5969 5978 5938
f 5968 5970 5964
f 5968 5962 5969
f 5973 5944 5958
f 5976 5951 5944
f 5974 5980 5950
f 5977 5954 5956
f 5974 5950 5954
f 5979 5971 5972
f 5979 5972 5840
f 5973 5840 5841
f 5973 5976 5944
f 5978 5963 5971
f 5978 5971 5979
f 5973 5979 5840
f 5973 5841 5976
f 5976 5841 5842
f 5975 5842 5843
f 5975 5976 5842
f 5974 5977 5844
f 5975 5843 5977
f 5975 5977 5956
f 5974 5954 5977
f 5973 5958 5979
f 5992 5985 5986
f 5993 5990 5989
f 5993 5989 5985
f 5974 5991 5980
f 5992 5993 5985
f 5974 5896 5991
f 5900 5990 5993
f 6047 5720 5731
f 6049 6043 6041
f 6048 6041 6040
f 6050 6040 6042
f 6050 6042 5720
f 6047 6050 5720
f 6046 6005 6069
f 6047 6011 6017
f 6049 6014 6005
f 6048 6016 6014
f 6046 6039 6043
f 6072 6038 6039
f 6071 6045 6038
f 5909 5851 6044
f 6070 6044 6045
f 6070 6045 6071
f 6046 6072 6039
f 6071 6038 6072
f 6047 6017 6050
f 6046 6043 6049
f 6048 6049 6041
f 6048 6040 6050
f 6046 6049 6005
f 6048 6014 6049
f 6051 6025 6026
f 6052 6026 6022
f 6054 6033 6034
f 6053 6035 6033
f 6057 5731 5730
f 6058 5730 5726
f 6052 6058 5726
f 6051 5727 6056
f 6051 6052 5729
f 6052 6022 6058
f 6051 6026 6052
f 6057 5730 6058
f 6047 5731 6057
f 6054 6034 6056
f 6053 6033 6054
f 6057 6037 6011
f 6047 6057 6011
f 6070 6064 6063
f 6071 6068 6067
f 6071 6067 6064
f 6070 6071 6064
f 6071 6072 6068
f 5909 6044 6070
f 5909 6070 6063
f 73 222 29
f 72 29 28
f 373 31 353
f 75 33 31
f 77 32 33
f 76 30 32
f 78 35 34
f 79 28 35
f 74 34 30
f 73 227 222
f 73 29 72
f 79 72 28
f 76 74 30
f 77 33 75
f 75 31 373
f 76 32 77
f 78 79 35
f 74 78 34
f 238 101 233
f 133 102 101
f 134 110 102
f 153 112 109
f 154 111 110
f 155 109 111
f 156 113 112
f 157 114 113
f 158 543 114
f 133 101 238
f 133 134 102
f 134 154 110
f 154 155 111
f 155 153 109
f 153 156 112
f 156 157 113
f 157 158 114
f 158 563 543
f 199 168 167
f 200 169 168
f 201 170 169
f 212 175 174
f 213 176 175
f 214 177 176
f 215 229 177
f 202 178 170
f 216 180 178
f 218 179 180
f 217 174 179
f 225 199 167
f 200 168 199
f 201 169 200
f 201 202 170
f 213 175 212
f 213 214 176
f 214 215 177
f 216 178 202
f 216 218 180
f 217 179 218
f 217 212 174
f 228 221 223
f 224 220 219
f 226 219 221
f 227 223 222
f 225 167 220
f 226 221 228
f 224 225 220
f 226 224 219
f 227 228 223
f 234 230 229
f 236 232 231
f 235 231 230
f 237 233 232
f 235 230 234
f 236 237 232
f 235 236 231
f 215 234 229
f 237 238 233
f 330 374 289
f 333 290 292
f 331 289 290
f 332 293 291
f 339 291 298
f 334 292 293
f 335 299 294
f 337 294 296
f 336 296 295
f 338 298 297
f 340 297 299
f 331 330 289
f 331 290 333
f 334 293 332
f 332 291 339
f 334 333 292
f 340 299 335
f 335 294 337
f 336 337 296
f 339 298 338
f 340 338 297
f 362 353 342
f 367 343 347
f 363 342 343
f 364 347 344
f 365 344 345
f 366 345 346
f 368 346 348
f 369 348 349
f 372 349 352
f 370 352 350
f 375 351 374
f 371 350 351
f 363 362 342
f 363 343 367
f 364 367 347
f 365 364 344
f 365 345 366
f 366 346 368
f 369 368 348
f 369 349 372
f 372 352 370
f 371 370 350
f 371 351 375
f 362 373 353
f 330 375 374
f 426 386 387
f 427 387 388
f 428 391 389
f 429 295 390
f 430 390 391
f 431 389 392
f 433 393 394
f 432 392 393
f 434 394 395
f 435 395 396
f 425 396 386
f 425 386 426
f 426 387 427
f 430 391 428
f 336 295 429
f 429 390 430
f 428 389 431
f 432 431 392
f 432 393 433
f 433 394 434
f 434 395 435
f 435 396 425
f 475 388 441
f 476 441 442
f 477 442 443
f 478 443 444
f 479 444 445
f 492 445 451
f 493 451 452
f 494 452 453
f 495 453 454
f 496 454 455
f 1548 455 1518
f 427 388 475
f 475 441 476
f 477 476 442
f 477 443 478
f 478 444 479
f 479 445 492
f 492 451 493
f 493 452 494
f 494 453 495
f 495 454 496
f 496 455 1548
f 425 426 1613
f 426 427 1612
f 427 475 1611
f 475 476 1577
f 477 478 1575
f 478 479 1574
f 479 492 1573
f 477 1576 476
f 492 493 1553
f 493 494 1552
f 494 495 1551
f 495 496 1550
f 430 428 1636
f 432 1634 431
f 428 431 1635
f 336 429 1682
f 335 337 1684
f 340 335 1685
f 336 1683 337
f 429 430 1637
f 340 1686 338
f 339 338 1687
f 332 339 1696
f 334 332 1697
f 334 1698 333
f 331 333 1699
f 331 1700 330
f 432 433 1633
f 433 434 1632
f 434 435 1631
f 435 425 1630
f 371 1756 370
f 372 370 1757
f 366 368 1768
f 369 372 1758
f 369 1759 368
f 363 1773 362
f 365 366 1769
f 365 1770 364
f 364 1771 367
f 363 367 1772
f 73 72 1839
f 73 1859 227
f 362 1774 373
f 75 373 1816
f 77 75 1817
f 76 77 1818
f 76 1819 74
f 74 1820 78
f 78 1821 79
f 79 1838 72
f 330 1741 375
f 371 375 1755
f 133 1986 134
f 134 1989 154
f 154 1990 155
f 155 1991 153
f 153 1992 156
f 156 1993 157
f 158 2026 563
f 157 1994 158
f 227 1860 228
f 226 228 1861
f 224 1863 225
f 226 1862 224
f 225 1895 199
f 200 199 1896
f 201 200 1897
f 201 1898 202
f 216 1909 218
f 217 218 1910
f 217 1920 212
f 216 202 1908
f 213 212 1921
f 213 1922 214
f 214 1923 215
f 215 1929 234
f 235 234 1930
f 235 1931 236
f 236 1932 237
f 237 1933 238
f 133 238 1985
f 557 538 537
f 558 540 538
f 560 539 540
f 559 541 539
f 561 542 541
f 563 537 543
f 562 544 542
f 564 545 544
f 565 547 545
f 567 546 547
f 566 548 546
f 568 632 548
f 563 557 537
f 558 538 557
f 558 560 540
f 560 559 539
f 559 561 541
f 561 562 542
f 562 564 544
f 565 545 564
f 565 567 547
f 567 566 546
f 566 568 548
f 568 633 632
f 605 576 575
f 606 577 576
f 607 578 577
f 608 579 578
f 609 585 579
f 628 588 587
f 626 586 585
f 627 587 586
f 629 589 588
f 630 590 589
f 633 605 575
f 606 576 605
f 606 607 577
f 607 608 578
f 608 609 579
f 609 626 585
f 626 627 586
f 627 628 587
f 628 629 588
f 629 630 589
f 631 590 630
f 633 575 632
f 631 639 590
f 671 641 639
f 673 640 641
f 672 642 640
f 674 643 642
f 675 652 643
f 688 650 649
f 689 651 650
f 691 653 652
f 692 654 653
f 693 649 654
f 631 671 639
f 671 673 641
f 673 672 640
f 672 674 642
f 674 675 643
f 675 691 652
f 688 689 650
f 689 690 651
f 691 692 653
f 692 693 654
f 693 688 649
f 690 697 651
f 733 698 697
f 734 701 698
f 735 702 701
f 736 703 702
f 737 707 703
f 752 708 707
f 753 709 708
f 754 712 709
f 755 713 712
f 756 3033 713
f 690 733 697
f 733 734 698
f 735 701 734
f 735 736 702
f 736 737 703
f 737 752 707
f 752 753 708
f 753 754 709
f 754 755 712
f 755 756 713
f 756 3064 3033
f 563 2035 557
f 558 557 2036
f 558 2037 560
f 560 2038 559
f 559 2039 561
f 561 2040 562
f 565 564 2042
f 565 2043 567
f 562 2041 564
f 567 2044 566
f 566 2045 568
f 568 2086 633
f 633 2117 605
f 606 605 2118
f 606 2119 607
f 607 2120 608
f 609 2128 626
f 608 2121 609
f 626 2129 627
f 627 2130 628
f 628 2131 629
f 629 2132 630
f 631 630 2133
f 631 2171 671
f 671 2172 673
f 673 2173 672
f 672 2174 674
f 674 2175 675
f 675 2192 691
f 688 2208 689
f 689 2209 690
f 691 2193 692
f 692 2194 693
f 693 2207 688
f 690 2249 733
f 733 2250 734
f 735 734 2251
f 735 2252 736
f 736 2253 737
f 737 2266 752
f 752 2267 753
f 753 2268 754
f 754 2269 755
f 755 2270 756
f 756 4581 3064
f 1549 1518 1519
f 1550 1519 1520
f 1551 1520 1521
f 1552 1521 1522
f 1553 1522 1523
f 1573 1523 1529
f 1574 1529 1530
f 1575 1530 1531
f 1576 1531 1532
f 1577 1532 1533
f 1611 1533 1583
f 1548 1518 1549
f 1549 1519 1550
f 1550 1520 1551
f 1551 1521 1552
f 1552 1522 1553
f 1553 1523 1573
f 496 1548 1549
f 496 1549 1550
f 495 1550 1551
f 494 1551 1552
f 493 1552 1553
f 492 1553 1573
f 479 1573 1574
f 478 1574 1575
f 477 1575 1576
f 476 1576 1577
f 475 1577 1611
f 427 1611 1612
f 426 1612 1613
f 1573 1529 1574
f 1574 1530 1575
f 1575 1531 1576
f 1576 1532 1577
f 1577 1533 1611
f 425 1613 1630
f 435 1630 1631
f 434 1631 1632
f 433 1632 1633
f 432 1633 1634
f 431 1634 1635
f 428 1635 1636
f 430 1636 1637
f 429 1637 1682
f 336 1682 1683
f 337 1683 1684
f 335 1684 1685
f 340 1685 1686
f 338 1686 1687
f 339 1687 1696
f 332 1696 1697
f 334 1697 1698
f 333 1698 1699
f 331 1699 1700
f 330 1700 1741
f 1612 1583 1584
f 1613 1584 1585
f 1630 1585 1591
f 1631 1591 1592
f 1632 1592 1593
f 1633 1593 1594
f 1634 1594 1595
f 1635 1595 1596
f 1636 1596 1597
f 1637 1597 1598
f 1682 1598 1646
f 1611 1583 1612
f 1612 1584 1613
f 1613 1585 1630
f 1630 1591 1631
f 1631 1592 1632
f 1632 1593 1633
f 1633 1594 1634
f 1634 1595 1635
f 1635 1596 1636
f 1636 1597 1637
f 1637 1598 1682
f 375 1741 1755
f 371 1755 1756
f 370 1756 1757
f 372 1757 1758
f 369 1758 1759
f 368 1759 1768
f 366 1768 1769
f 365 1769 1770
f 364 1770 1771
f 367 1771 1772
f 363 1772 1773
f 362 1773 1774
f 373 1774 1816
f 75 1816 1817
f 77 1817 1818
f 76 1818 1819
f 74 1819 1820
f 78 1820 1821
f 79 1821 1838
f 72 1838 1839
f 73 1839 1859
f 1683 1646 1647
f 1684 1647 1648
f 1685 1648 1649
f 1686 1649 1650
f 1687 1650 1651
f 1696 1651 1655
f 1697 1655 1656
f 1698 1656 1657
f 1699 1657 1658
f 1700 1658 1659
f 1682 1646 1683
f 1683 1647 1684
f 1684 1648 1685
f 1685 1649 1686
f 1686 1650 1687
f 1687 1651 1696
f 1696 1655 1697
f 1697 1656 1698
f 1698 1657 1699
f 1699 1658 1700
f 1700 1659 1741
f 1741 1659 1740
f 1755 1740 1742
f 1756 1742 1743
f 1757 1743 1744
f 1758 1744 1745
f 1759 1745 1746
f 1768 1746 1748
f 1769 1748 1749
f 1770 1749 1750
f 1771 1750 1751
f 1772 1751 1752
f 1773 1752 1753
f 1774 1753 1754
f 1741 1740 1755
f 1755 1742 1756
f 1756 1743 1757
f 1757 1744 1758
f 1758 1745 1759
f 1759 1746 1768
f 1768 1748 1769
f 1769 1749 1770
f 1770 1750 1771
f 1771 1751 1772
f 1772 1752 1773
f 1773 1753 1774
f 227 1859 1860
f 228 1860 1861
f 226 1861 1862
f 224 1862 1863
f 225 1863 1895
f 199 1895 1896
f 200 1896 1897
f 201 1897 1898
f 202 1898 1908
f 216 1908 1909
f 218 1909 1910
f 217 1910 1920
f 212 1920 1921
f 213 1921 1922
f 214 1922 1923
f 215 1923 1929
f 234 1929 1930
f 235 1930 1931
f 236 1931 1932
f 237 1932 1933
f 238 1933 1985
f 133 1985 1986
f 134 1986 1989
f 154 1989 1990
f 155 1990 1991
f 153 1991 1992
f 156 1992 1993
f 157 1993 1994
f 158 1994 2026
f 1816 1754 1783
f 1817 1783 1784
f 1818 1784 1785
f 1819 1785 1786
f 1820 1786 1787
f 1821 1787 1788
f 1838 1788 1793
f 1839 1793 1794
f 1859 1794 1854
f 1774 1754 1816
f 1816 1783 1817
f 1817 1784 1818
f 1818 1785 1819
f 1819 1786 1820
f 1820 1787 1821
f 1821 1788 1838
f 1838 1793 1839
f 1839 1794 1859
f 1860 1854 1855
f 1861 1855 1856
f 1862 1856 1857
f 1863 1857 1858
f 1859 1854 1860
f 1860 1855 1861
f 1861 1856 1862
f 1862 1857 1863
f 1863 1858 1895
f 1895 1858 1867
f 1896 1867 1868
f 1897 1868 1869
f 1898 1869 1870
f 1908 1870 1876
f 1909 1876 1877
f 1910 1877 1878
f 1920 1878 1882
f 1921 1882 1883
f 1922 1883 1884
f 1923 1884 1885
f 1895 1867 1896
f 1896 1868 1897
f 1897 1869 1898
f 1898 1870 1908
f 1908 1876 1909
f 1909 1877 1910
f 1910 1878 1920
f 1920 1882 1921
f 1921 1883 1922
f 1922 1884 1923
f 1923 1885 1929
f 1929 1885 1924
f 1930 1924 1925
f 1931 1925 1926
f 1932 1926 1927
f 1933 1927 1928
f 1929 1924 1930
f 1930 1925 1931
f 1931 1926 1932
f 1932 1927 1933
f 1985 1928 1952
f 1986 1952 1953
f 1989 1953 1957
f 1990 1957 1958
f 1991 1958 1959
f 1992 1959 1960
f 1993 1960 1961
f 1994 1961 1962
f 2026 1962 2013
f 1933 1928 1985
f 1985 1952 1986
f 1986 1953 1989
f 1989 1957 1990
f 1990 1958 1991
f 1991 1959 1992
f 1992 1960 1993
f 1993 1961 1994
f 1994 1962 2026
f 563 2026 2035
f 557 2035 2036
f 558 2036 2037
f 560 2037 2038
f 559 2038 2039
f 561 2039 2040
f 562 2040 2041
f 564 2041 2042
f 565 2042 2043
f 567 2043 2044
f 566 2044 2045
f 568 2045 2086
f 633 2086 2117
f 605 2117 2118
f 606 2118 2119
f 607 2119 2120
f 608 2120 2121
f 609 2121 2128
f 626 2128 2129
f 627 2129 2130
f 628 2130 2131
f 629 2131 2132
f 630 2132 2133
f 631 2133 2171
f 671 2171 2172
f 673 2172 2173
f 672 2173 2174
f 674 2174 2175
f 675 2175 2192
f 691 2192 2193
f 692 2193 2194
f 693 2194 2207
f 688 2207 2208
f 689 2208 2209
f 690 2209 2249
f 733 2249 2250
f 734 2250 2251
f 735 2251 2252
f 736 2252 2253
f 737 2253 2266
f 752 2266 2267
f 753 2267 2268
f 754 2268 2269
f 755 2269 2270
f 756 2270 4581
f 2035 2013 2014
f 2036 2014 2015
f 2037 2015 2017
f 2038 2017 2018
f 2039 2018 2019
f 2040 2019 2020
f 2041 2020 2021
f 2042 2021 2022
f 2043 2022 2023
f 2044 2023 2024
f 2045 2024 2025
f 2086 2025 2085
f 2026 2013 2035
f 2035 2014 2036
f 2036 2015 2037
f 2037 2017 2038
f 2038 2018 2039
f 2039 2019 2040
f 2040 2020 2041
f 2041 2021 2042
f 2042 2022 2043
f 2043 2023 2044
f 2044 2024 2045
f 2045 2025 2086
f 2086 2085 2117
f 2117 2085 2087
f 2118 2087 2088
f 2119 2088 2092
f 2120 2092 2093
f 2121 2093 2094
f 2128 2094 2098
f 2129 2098 2099
f 2130 2099 2100
f 2131 2100 2101
f 2132 2101 2102
f 2133 2102 2103
f 2117 2087 2118
f 2118 2088 2119
f 2119 2092 2120
f 2120 2093 2121
f 2121 2094 2128
f 2128 2098 2129
f 2129 2099 2130
f 2130 2100 2131
f 2131 2101 2132
f 2132 2102 2133
f 2171 2103 2150
f 2172 2150 2151
f 2173 2151 2152
f 2174 2152 2153
f 2175 2153 2154
f 2192 2154 2160
f 2193 2160 2161
f 2194 2161 2162
f 2207 2162 2166
f 2208 2166 2167
f 2209 2167 2168
f 2133 2103 2171
f 2171 2150 2172
f 2172 2151 2173
f 2173 2152 2174
f 2174 2153 2175
f 2175 2154 2192
f 2192 2160 2193
f 2193 2161 2194
f 2194 2162 2207
f 2207 2166 2208
f 2208 2167 2209
f 2249 2168 2210
f 2250 2210 2211
f 2251 2211 2215
f 2252 2215 2216
f 2253 2216 2217
f 2266 2217 2220
f 2267 2220 2221
f 2268 2221 2222
f 2269 2222 2226
f 2270 2226 2227
f 4581 2227 4545
f 2209 2168 2249
f 2249 2210 2250
f 2250 2211 2251
f 2251 2215 2252
f 2252 2216 2253
f 2253 2217 2266
f 2266 2220 2267
f 2267 2221 2268
f 2268 2222 2269
f 2269 2226 2270
f 2270 2227 4581
f 3064 3034 3033
f 3065 3035 3034
f 3066 3039 3035
f 3067 3040 3039
f 3068 3041 3040
f 3069 3044 3041
f 3089 3045 3044
f 3090 3046 3045
f 3091 3050 3046
f 3092 3051 3050
f 3093 3096 3051
f 3064 3065 3034
f 3065 3066 3035
f 3066 3067 3039
f 3067 3068 3040
f 3068 3069 3041
f 3069 3089 3044
f 3089 3090 3045
f 3090 3091 3046
f 3091 3092 3050
f 3092 3093 3051
f 3093 3127 3096
f 3127 3097 3096
f 3128 3098 3097
f 3129 3102 3098
f 3130 3103 3102
f 3131 3104 3103
f 3132 3110 3104
f 3149 3111 3110
f 3150 3112 3111
f 3151 3113 3112
f 3152 3114 3113
f 3153 3159 3114
f 3127 3128 3097
f 3128 3129 3098
f 3129 3130 3102
f 3130 3131 3103
f 3131 3132 3104
f 3132 3149 3110
f 3149 3150 3111
f 3150 3151 3112
f 3151 3152 3113
f 3152 3153 3114
f 3153 3192 3159
f 3192 3160 3159
f 3193 3161 3160
f 3194 3162 3161
f 3195 3163 3162
f 3196 3164 3163
f 3197 3168 3164
f 3212 3169 3168
f 3213 3170 3169
f 3214 3174 3170
f 3215 3175 3174
f 3216 3217 3175
f 3192 3193 3160
f 3193 3194 3161
f 3194 3195 3162
f 3195 3196 3163
f 3196 3197 3164
f 3197 3212 3168
f 3212 3213 3169
f 3213 3214 3170
f 3214 3215 3174
f 3215 3216 3175
f 3216 3218 3217
f 3218 3258 3217
f 3271 3259 3258
f 3272 3260 3259
f 3273 3261 3260
f 3274 3262 3261
f 3275 3263 3262
f 3284 3264 3263
f 3285 3265 3264
f 3286 3266 3265
f 3287 3268 3266
f 3288 3269 3268
f 3289 3270 3269
f 3218 3271 3258
f 3271 3272 3259
f 3272 3273 3260
f 3273 3274 3261
f 3274 3275 3262
f 3275 3284 3263
f 3284 3285 3264
f 3285 3286 3265
f 3286 3287 3266
f 3287 3288 3268
f 3288 3289 3269
f 3289 3290 3270
f 3064 4582 3065
f 3065 4583 3066
f 3066 4584 3067
f 3067 4585 3068
f 3068 4586 3069
f 3069 4606 3089
f 3089 4607 3090
f 3090 4608 3091
f 3091 4609 3092
f 3092 4610 3093
f 3093 4647 3127
f 3127 4648 3128
f 3128 4649 3129
f 3129 4632 3130
f 3130 4633 3131
f 3131 4634 3132
f 3132 4650 3149
f 3149 4651 3150
f 3150 4653 3151
f 3151 4652 3152
f 3152 4654 3153
f 3153 4695 3192
f 3192 4696 3193
f 3193 4697 3194
f 3194 4698 3195
f 3195 4699 3196
f 3196 4700 3197
f 3197 4725 3212
f 3212 4726 3213
f 3213 4727 3214
f 3214 4728 3215
f 3215 4729 3216
f 3216 4672 3218
f 3218 4749 3271
f 3271 4751 3272
f 3272 4750 3273
f 3273 4752 3274
f 3274 4753 3275
f 3275 4763 3284
f 3284 4764 3285
f 3285 4766 3286
f 3286 4765 3287
f 3287 4767 3288
f 3288 4768 3289
f 3289 4754 3290
f 3290 3297 3270
f 3330 3298 3297
f 3331 3299 3298
f 3332 3300 3299
f 3333 3301 3300
f 3334 3302 3301
f 3335 3306 3302
f 3354 3307 3306
f 3355 3370 3307
f 3290 3330 3297
f 3330 3331 3298
f 3331 3332 3299
f 3332 3333 3300
f 3333 3334 3301
f 3334 3335 3302
f 3335 3354 3306
f 3354 3355 3307
f 3355 3375 3370
f 3375 3371 3370
f 3376 3372 3371
f 3377 3373 3372
f 3378 3374 3373
f 3379 3380 3374
f 3375 3376 3371
f 3376 3377 3372
f 3377 3378 3373
f 3378 3379 3374
f 3411 3381 3380
f 3412 3382 3381
f 3413 3383 3382
f 3414 3387 3383
f 3415 3388 3387
f 3416 3389 3388
f 3417 3395 3389
f 3436 3396 3395
f 3437 3397 3396
f 3438 3398 3397
f 3439 3440 3398
f 3379 3411 3380
f 3411 3412 3381
f 3412 3413 3382
f 3413 3414 3383
f 3414 3415 3387
f 3415 3416 3388
f 3416 3417 3389
f 3417 3436 3395
f 3436 3437 3396
f 3437 3438 3397
f 3438 3439 3398
f 3445 3441 3440
f 3446 3442 3441
f 3447 3443 3442
f 3448 3444 3443
f 3439 3445 3440
f 3445 3446 3441
f 3446 3447 3442
f 3447 3448 3443
f 3448 3449 3444
f 3449 3465 3444
f 3501 3466 3465
f 3502 3471 3466
f 3503 3472 3471
f 3504 3473 3472
f 3505 3474 3473
f 3506 3475 3474
f 3507 3476 3475
f 3508 3529 3476
f 3449 3501 3465
f 3501 3502 3466
f 3502 3503 3471
f 3503 3504 3472
f 3504 3505 3473
f 3505 3506 3474
f 3506 3507 3475
f 3507 3508 3476
f 3508 3542 3529
f 3290 5172 3330
f 3330 5173 3331
f 3331 5174 3332
f 3332 5177 3333
f 3333 5175 3334
f 3334 5176 3335
f 3335 5212 3354
f 3354 5213 3355
f 3355 5076 3375
f 3375 5077 3376
f 3376 5078 3377
f 3377 5079 3378
f 3378 5080 3379
f 3379 5125 3411
f 3411 5126 3412
f 3412 5127 3413
f 3413 5128 3414
f 3414 5114 3415
f 3415 5113 3416
f 3416 5115 3417
f 3417 5138 3436
f 3436 5139 3437
f 3437 5140 3438
f 3438 5141 3439
f 3439 5089 3445
f 3445 5090 3446
f 3446 5088 3447
f 3447 5086 3448
f 3448 5087 3449
f 3542 3530 3529
f 3551 3531 3530
f 3552 3532 3531
f 3553 3533 3532
f 3554 3534 3533
f 3555 3535 3534
f 3556 3537 3535
f 3557 3538 3537
f 3558 3539 3538
f 3559 3540 3539
f 3560 3541 3540
f 3561 3562 3541
f 3542 3551 3530
f 3551 3552 3531
f 3552 3553 3532
f 3553 3554 3533
f 3554 3555 3534
f 3555 3556 3535
f 3556 3557 3537
f 3557 3558 3538
f 3558 3559 3539
f 3559 3560 3540
f 3560 3561 3541
f 3561 3563 3562
f 3563 3603 3562
f 3633 3604 3603
f 3634 3605 3604
f 3635 3606 3605
f 3636 3607 3606
f 3637 3611 3607
f 3638 3612 3611
f 3639 3613 3612
f 3640 3614 3613
f 3641 3615 3614
f 3642 3616 3615
f 3563 3633 3603
f 3633 3634 3604
f 3634 3635 3605
f 3635 3636 3606
f 3636 3637 3607
f 3637 3638 3611
f 3638 3639 3612
f 3639 3640 3613
f 3640 3641 3614
f 3641 3642 3615
f 3642 3643 3616
f 3449 5273 3501
f 3501 5274 3502
f 3502 5251 3503
f 3503 5252 3504
f 3504 5256 3505
f 3505 5254 3506
f 3506 5253 3507
f 3507 5255 3508
f 3508 4949 3542
f 3542 4968 3551
f 3551 4967 3552
f 3552 4963 3553
f 3553 4966 3554
f 3554 4965 3555
f 3555 4964 3556
f 3556 4954 3557
f 3557 4953 3558
f 3558 4950 3559
f 3559 4952 3560
f 3560 4951 3561
f 3561 4935 3563
f 3643 3666 3616
f 3687 3667 3666
f 3688 3668 3667
f 3689 3669 3668
f 3690 3670 3669
f 3691 3671 3670
f 3692 3672 3671
f 3693 3673 3672
f 3694 3679 3673
f 3723 3680 3679
f 3724 3681 3680
f 3643 3687 3666
f 3687 3688 3667
f 3688 3689 3668
f 3689 3690 3669
f 3690 3691 3670
f 3691 3692 3671
f 3692 3693 3672
f 3693 3694 3673
f 3694 3723 3679
f 3723 3724 3680
f 3724 3725 3681
f 3725 3726 3681
f 3765 3727 3726
f 3766 3728 3727
f 3767 3729 3728
f 3768 3730 3729
f 3769 3736 3730
f 3782 3737 3736
f 3783 3738 3737
f 3784 3739 3738
f 3785 3740 3739
f 3786 4808 3740
f 3563 5009 3633
f 3633 5008 3634
f 3634 5006 3635
f 3635 5005 3636
f 3636 5007 3637
f 3637 4992 3638
f 3638 4993 3639
f 3639 4991 3640
f 3640 4996 3641
f 3641 4994 3642
f 3642 4995 3643
f 3643 4901 3687
f 3687 4900 3688
f 3688 4902 3689
f 3689 4899 3690
f 3690 4898 3691
f 3691 4897 3692
f 3692 4896 3693
f 3693 4895 3694
f 3694 4917 3723
f 3725 3765 3726
f 3765 3766 3727
f 3766 3767 3728
f 3767 3768 3729
f 3768 3769 3730
f 3769 3782 3736
f 3782 3783 3737
f 3783 3784 3738
f 3784 3785 3739
f 3785 3786 3740
f 3786 4844 4808
f 3723 4916 3724
f 3724 4915 3725
f 3725 4873 3765
f 3765 4872 3766
f 3766 4871 3767
f 3767 4870 3768
f 3768 4869 3769
f 3769 4849 3782
f 3782 4848 3783
f 3783 4847 3784
f 3784 4846 3785
f 3785 4845 3786
f 3064 4581 4582
f 3065 4582 4583
f 3066 4583 4584
f 3067 4584 4585
f 3068 4585 4586
f 3069 4586 4606
f 3089 4606 4607
f 3090 4607 4608
f 3091 4608 4609
f 3092 4609 4610
f 3093 4610 4647
f 3129 4649 4632
f 3130 4632 4633
f 3131 4633 4634
f 3127 4647 4648
f 3128 4648 4649
f 3132 4634 4650
f 3149 4650 4651
f 3150 4651 4653
f 3151 4653 4652
f 3152 4652 4654
f 3153 4654 4695
f 3192 4695 4696
f 3193 4696 4697
f 3194 4697 4698
f 3195 4698 4699
f 3196 4699 4700
f 3212 4725 4726
f 3197 4700 4725
f 3213 4726 4727
f 3214 4727 4728
f 3215 4728 4729
f 3216 4729 4672
f 3218 4672 4749
f 3271 4749 4751
f 3272 4751 4750
f 3275 4753 4763
f 3273 4750 4752
f 3274 4752 4753
f 3284 4763 4764
f 3285 4764 4766
f 3286 4766 4765
f 3287 4765 4767
f 3288 4767 4768
f 3289 4768 4754
f 4582 4545 4546
f 4583 4546 4547
f 4584 4547 4551
f 4585 4551 4552
f 4586 4552 4553
f 4606 4553 4557
f 4607 4557 4558
f 4608 4558 4559
f 4609 4559 4562
f 4610 4562 4563
f 4647 4563 4614
f 4581 4545 4582
f 4582 4546 4583
f 4583 4547 4584
f 4584 4551 4585
f 4585 4552 4586
f 4586 4553 4606
f 4606 4557 4607
f 4607 4558 4608
f 4609 4608 4559
f 4609 4562 4610
f 4610 4563 4647
f 4632 4616 4611
f 4633 4611 4612
f 4634 4612 4613
f 4648 4614 4615
f 4649 4615 4616
f 4650 4613 4622
f 4651 4622 4623
f 4653 4623 4625
f 4652 4625 4624
f 4654 4624 4626
f 4695 4626 4673
f 4649 4616 4632
f 4632 4611 4633
f 4633 4612 4634
f 4647 4614 4648
f 4648 4615 4649
f 4634 4613 4650
f 4650 4622 4651
f 4651 4623 4653
f 4653 4625 4652
f 4652 4624 4654
f 4654 4626 4695
f 4672 4688 4671
f 4696 4673 4674
f 4697 4674 4675
f 4699 4676 4677
f 4700 4677 4678
f 4698 4675 4676
f 4725 4678 4684
f 4726 4684 4685
f 4727 4685 4686
f 4728 4686 4687
f 4729 4687 4688
f 4696 4695 4673
f 4696 4674 4697
f 4697 4675 4698
f 4698 4676 4699
f 4699 4677 4700
f 4700 4678 4725
f 4725 4684 4726
f 4726 4685 4727
f 4727 4686 4728
f 4729 4728 4687
f 4729 4688 4672
f 4749 4671 4736
f 4751 4736 4738
f 4750 4738 4737
f 4752 4737 4739
f 4753 4739 4740
f 4763 4740 4742
f 4754 4747 4741
f 4764 4742 4743
f 4766 4743 4745
f 4765 4745 4744
f 4767 4744 4746
f 4768 4746 4747
f 4672 4671 4749
f 4749 4736 4751
f 4751 4738 4750
f 4750 4737 4752
f 4753 4752 4739
f 4753 4740 4763
f 4763 4742 4764
f 4764 4743 4766
f 4766 4745 4765
f 4765 4744 4767
f 4768 4767 4746
f 4768 4747 4754
f 3355 5213 5076
f 3375 5076 5077
f 3376 5077 5078
f 3377 5078 5079
f 3378 5079 5080
f 3379 5080 5125
f 3411 5125 5126
f 3412 5126 5127
f 3413 5127 5128
f 3417 5115 5138
f 3414 5128 5114
f 3415 5114 5113
f 3416 5113 5115
f 3436 5138 5139
f 3437 5139 5140
f 3438 5140 5141
f 3439 5141 5089
f 3446 5090 5088
f 3445 5089 5090
f 3447 5088 5086
f 3448 5086 5087
f 3330 5172 5173
f 3290 4754 5172
f 3331 5173 5174
f 3332 5174 5177
f 3333 5177 5175
f 3334 5175 5176
f 3335 5176 5212
f 3354 5212 5213
f 3561 4951 4935
f 3563 4935 5009
f 3502 5274 5251
f 3503 5251 5252
f 3504 5252 5256
f 3505 5256 5254
f 3506 5254 5253
f 3507 5253 5255
f 3508 5255 4949
f 3542 4949 4968
f 3449 5087 5273
f 3501 5273 5274
f 3552 4967 4963
f 3553 4963 4966
f 3554 4966 4965
f 3555 4965 4964
f 3551 4968 4967
f 3557 4954 4953
f 3558 4953 4950
f 3556 4964 4954
f 3559 4950 4952
f 3560 4952 4951
f 4844 4809 4808
f 4845 4810 4809
f 4846 4811 4810
f 4847 4812 4811
f 4848 4813 4812
f 4849 4820 4813
f 4869 4821 4820
f 4870 4822 4821
f 4871 4823 4822
f 4872 4824 4823
f 4873 4882 4824
f 3694 4895 4917
f 3693 4896 4895
f 3692 4897 4896
f 3691 4898 4897
f 3633 5009 5008
f 3634 5008 5006
f 3635 5006 5005
f 3636 5005 5007
f 3637 5007 4992
f 3638 4992 4993
f 3639 4993 4991
f 3687 4901 4900
f 3642 4994 4995
f 3640 4991 4996
f 3641 4996 4994
f 3643 4995 4901
f 3689 4902 4899
f 3690 4899 4898
f 3688 4900 4902
f 4844 4845 4809
f 4845 4846 4810
f 4846 4847 4811
f 4847 4848 4812
f 4848 4849 4813
f 3786 4845 4844
f 3785 4846 4845
f 3784 4847 4846
f 3783 4848 4847
f 3782 4849 4848
f 3766 4872 4871
f 3769 4869 4849
f 3768 4870 4869
f 3767 4871 4870
f 3765 4873 4872
f 3725 4915 4873
f 3724 4916 4915
f 3723 4917 4916
f 4849 4869 4820
f 4869 4870 4821
f 4870 4871 4822
f 4872 4823 4871
f 4872 4873 4824
f 4873 4915 4882
f 4917 4874 4884
f 4895 4875 4874
f 4896 4876 4875
f 4898 4878 4877
f 4897 4877 4876
f 4899 4881 4878
f 4900 4880 4879
f 4901 4973 4880
f 4902 4879 4881
f 4915 4883 4882
f 4916 4884 4883
f 4917 4895 4874
f 4895 4896 4875
f 4896 4897 4876
f 4897 4898 4877
f 4899 4878 4898
f 4899 4902 4881
f 4900 4901 4880
f 4901 4995 4973
f 4902 4900 4879
f 4915 4916 4883
f 4916 4917 4884
f 4935 4934 5009
f 4951 4939 4938
f 4935 4938 4934
f 4952 4937 4939
f 4950 4940 4937
f 4953 4941 4940
f 4954 4943 4941
f 4964 4944 4943
f 4965 4945 4944
f 4966 4942 4945
f 4967 4947 4946
f 4963 4946 4942
f 4968 4936 4947
f 4949 4936 4968
f 4935 4951 4938
f 4952 4939 4951
f 4952 4950 4937
f 4950 4953 4940
f 4954 4941 4953
f 4954 4964 4943
f 4964 4965 4944
f 4966 4945 4965
f 4963 4942 4966
f 4963 4967 4946
f 4968 4947 4967
f 4991 4971 4969
f 4993 4970 4971
f 4995 4972 4973
f 4994 4974 4972
f 4996 4969 4974
f 5005 4976 4975
f 4992 4977 4970
f 5007 4975 4977
f 5008 4979 4978
f 5006 4978 4976
f 5009 4934 4979
f 4993 4971 4991
f 4993 4992 4970
f 4994 4972 4995
f 4994 4996 4974
f 4996 4991 4969
f 5006 4976 5005
f 4992 5007 4977
f 5007 5005 4975
f 5006 5008 4978
f 5009 4979 5008
f 5077 5071 5072
f 5079 5073 5074
f 5078 5072 5073
f 5080 5074 5075
f 5076 5071 5077
f 5080 5075 5125
f 5078 5073 5079
f 5077 5072 5078
f 5080 5079 5074
f 5089 5104 5084
f 5087 5081 5082
f 5088 5085 5083
f 5090 5084 5085
f 5086 5083 5081
f 5086 5081 5087
f 5090 5085 5088
f 5089 5084 5090
f 5086 5088 5083
f 5114 5097 5092
f 5113 5092 5091
f 5115 5091 5093
f 5138 5093 5101
f 5125 5075 5094
f 5126 5094 5095
f 5127 5095 5096
f 5128 5096 5097
f 5139 5101 5102
f 5140 5102 5103
f 5141 5103 5104
f 5128 5097 5114
f 5113 5114 5092
f 5113 5091 5115
f 5138 5115 5093
f 5125 5094 5126
f 5126 5095 5127
f 5128 5127 5096
f 5138 5101 5139
f 5140 5139 5102
f 5141 5140 5103
f 5141 5104 5089
f 5172 4741 5151
f 5173 5151 5152
f 5174 5152 5153
f 5175 5156 5154
f 5176 5154 5155
f 5177 5153 5156
f 5212 5155 5163
f 5213 5163 5164
f 5076 5164 5071
f 4754 4741 5172
f 5172 5151 5173
f 5173 5152 5174
f 5174 5153 5177
f 5177 5156 5175
f 5175 5154 5176
f 5176 5155 5212
f 5212 5163 5213
f 5076 5213 5164
f 5256 5231 5235
f 5251 5237 5230
f 5252 5230 5231
f 5254 5235 5233
f 5253 5233 5232
f 5255 5232 5234
f 4949 5234 4936
f 5274 5236 5237
f 5273 5082 5236
f 5252 5231 5256
f 5251 5230 5252
f 5253 5254 5233
f 4949 5255 5234
f 5255 5253 5232
f 5256 5235 5254
f 5274 5237 5251
f 5274 5273 5236
f 5087 5082 5273
f 792 829 978
f 792 791 828
f 810 1116 1129
f 812 810 831
f 811 812 833
f 811 832 809
f 813 834 814
f 814 835 791
f 809 830 813
f 978 829 983
f 792 828 829
f 791 835 828
f 809 832 830
f 812 831 833
f 810 1129 831
f 811 833 832
f 814 834 835
f 813 830 834
f 852 989 994
f 852 901 853
f 853 902 889
f 888 909 891
f 889 910 890
f 890 911 888
f 891 912 892
f 892 913 893
f 893 914 1306
f 852 994 901
f 853 901 902
f 889 902 910
f 890 910 911
f 888 911 909
f 891 909 912
f 892 912 913
f 893 913 914
f 1306 914 1319
f 925 924 961
f 926 925 962
f 926 963 927
f 938 937 968
f 938 969 939
f 939 970 940
f 940 971 985
f 950 927 964
f 950 972 952
f 951 952 974
f 951 973 937
f 924 981 961
f 925 961 962
f 926 962 963
f 927 963 964
f 938 968 969
f 939 969 970
f 940 970 971
f 950 964 972
f 952 972 974
f 951 974 973
f 937 973 968
f 977 979 984
f 975 980 976
f 977 982 975
f 978 983 979
f 976 981 924
f 977 984 982
f 976 980 981
f 975 982 980
f 979 983 984
f 986 985 990
f 987 992 988
f 986 991 987
f 988 993 989
f 986 990 991
f 988 992 993
f 987 991 992
f 985 971 990
f 989 993 994
f 1056 1086 1130
f 1057 1059 1089
f 1057 1087 1056
f 1060 1058 1088
f 1058 1073 1095
f 1060 1090 1059
f 1074 1069 1091
f 1069 1071 1093
f 1070 1092 1071
f 1073 1072 1094
f 1074 1096 1072
f 1056 1087 1086
f 1057 1089 1087
f 1060 1088 1090
f 1058 1095 1088
f 1059 1090 1089
f 1074 1091 1096
f 1069 1093 1091
f 1071 1092 1093
f 1073 1094 1095
f 1072 1096 1094
f 1097 1118 1116
f 1098 1102 1123
f 1098 1119 1097
f 1099 1120 1102
f 1100 1121 1099
f 1100 1101 1122
f 1101 1111 1124
f 1112 1125 1111
f 1112 1115 1128
f 1115 1113 1126
f 1114 1130 1131
f 1114 1127 1113
f 1097 1119 1118
f 1098 1123 1119
f 1102 1120 1123
f 1099 1121 1120
f 1100 1122 1121
f 1101 1124 1122
f 1111 1125 1124
f 1112 1128 1125
f 1115 1126 1128
f 1113 1127 1126
f 1114 1131 1127
f 1116 1118 1129
f 1130 1086 1131
f 1148 1149 1182
f 1149 1150 1183
f 1165 1163 1184
f 1070 1164 1185
f 1164 1165 1186
f 1163 1166 1187
f 1167 1168 1189
f 1167 1188 1166
f 1168 1169 1190
f 1169 1170 1191
f 1170 1148 1181
f 1148 1182 1181
f 1149 1183 1182
f 1165 1184 1186
f 1070 1185 1092
f 1164 1186 1185
f 1163 1187 1184
f 1166 1188 1187
f 1167 1189 1188
f 1168 1190 1189
f 1169 1191 1190
f 1170 1181 1191
f 1150 1192 1238
f 1192 1193 1239
f 1194 1240 1193
f 1194 1195 1241
f 1195 1196 1242
f 1148 2339 1149
f 1149 2338 1150
f 1150 2337 1192
f 1192 2295 1193
f 1194 2293 1195
f 1195 2292 1196
f 1196 2291 1216
f 1194 1193 2294
f 1216 2276 1217
f 1217 2275 1218
f 1218 2274 1219
f 1219 2273 1220
f 1196 1216 1248
f 1216 1217 1249
f 1217 1218 1250
f 1218 1219 1251
f 1219 1220 1252
f 1220 2271 2321
f 1165 2374 1163
f 1167 1166 2372
f 1163 2373 1166
f 1070 2419 1164
f 1069 2421 1071
f 1074 2422 1069
f 1070 1071 2420
f 1164 2375 1165
f 1074 1072 2423
f 1073 2424 1072
f 1058 2425 1073
f 1060 2426 1058
f 1060 1059 2427
f 1057 2428 1059
f 1057 1056 2429
f 1167 2371 1168
f 1168 2370 1169
f 1169 2369 1170
f 1170 2368 1148
f 1150 1238 1183
f 1192 1239 1238
f 1193 1240 1239
f 1194 1241 1240
f 1195 1242 1241
f 1196 1248 1242
f 1216 1249 1248
f 1217 1250 1249
f 1218 1251 1250
f 1219 1252 1251
f 1220 2321 1252
f 1114 1113 2502
f 1115 2503 1113
f 1101 2506 1111
f 1112 2504 1115
f 1112 1111 2505
f 1098 1097 2511
f 1100 2507 1101
f 1100 1099 2508
f 1099 1102 2509
f 1098 2510 1102
f 792 2561 791
f 792 978 2613
f 1097 1116 2520
f 810 2554 1116
f 812 2555 810
f 811 2556 812
f 811 809 2557
f 809 813 2558
f 813 814 2559
f 814 791 2560
f 1056 1130 2499
f 1114 2501 1130
f 852 853 2708
f 853 889 2727
f 889 890 2728
f 890 888 2729
f 888 891 2730
f 891 892 2731
f 893 1306 2772
f 892 893 2732
f 978 979 2614
f 977 2615 979
f 975 976 2617
f 977 975 2616
f 976 924 2623
f 925 2624 924
f 926 2625 925
f 926 927 2626
f 950 952 2646
f 951 2647 952
f 951 937 2648
f 950 2645 927
f 938 2649 937
f 938 939 2650
f 939 940 2651
f 940 985 2683
f 986 2684 985
f 986 987 2685
f 987 988 2686
f 988 989 2687
f 852 2707 989
f 1293 1292 1313
f 1293 1314 1295
f 1295 1316 1294
f 1294 1315 1296
f 1296 1317 1297
f 1306 1319 1292
f 1297 1318 1307
f 1308 1307 1320
f 1308 1321 1310
f 1310 1323 1309
f 1309 1322 1311
f 1311 1324 1388
f 1292 1319 1313
f 1293 1313 1314
f 1295 1314 1316
f 1294 1316 1315
f 1296 1315 1317
f 1297 1317 1318
f 1307 1318 1320
f 1308 1320 1321
f 1310 1321 1323
f 1309 1323 1322
f 1311 1322 1324
f 1388 1324 1389
f 1332 1331 1372
f 1332 1373 1333
f 1333 1374 1334
f 1334 1375 1335
f 1335 1376 1360
f 1362 1384 1363
f 1360 1382 1361
f 1361 1383 1362
f 1363 1385 1364
f 1365 1364 1386
f 1331 1389 1372
f 1332 1372 1373
f 1333 1373 1374
f 1334 1374 1375
f 1335 1375 1376
f 1360 1376 1382
f 1361 1382 1383
f 1362 1383 1384
f 1363 1384 1385
f 1364 1385 1386
f 1365 1386 1387
f 1388 1389 1331
f 1365 1387 1406
f 1406 1434 1408
f 1408 1436 1407
f 1407 1435 1409
f 1409 1437 1410
f 1410 1438 1426
f 1411 1444 1412
f 1412 1445 1413
f 1426 1447 1427
f 1427 1448 1428
f 1428 1449 1411
f 1406 1387 1434
f 1408 1434 1436
f 1407 1436 1435
f 1409 1435 1437
f 1410 1437 1438
f 1426 1438 1447
f 1412 1444 1445
f 1413 1445 1446
f 1427 1447 1448
f 1428 1448 1449
f 1411 1449 1444
f 1413 1446 1450
f 1450 1495 1451
f 1452 1451 1496
f 1452 1499 1453
f 1453 1500 1454
f 1454 1501 1474
f 1474 1505 1475
f 1475 1506 1476
f 1476 1507 1477
f 1477 1510 1478
f 1478 1511 3787
f 1450 1446 1495
f 1451 1495 1496
f 1452 1496 1499
f 1453 1499 1500
f 1454 1500 1501
f 1474 1501 1505
f 1475 1505 1506
f 1476 1506 1507
f 1477 1507 1510
f 1478 1510 1511
f 3787 1511 3833
f 1306 1292 2773
f 1293 2774 1292
f 1293 1295 2775
f 1295 1294 2776
f 1294 1296 2777
f 1296 1297 2778
f 1308 2788 1307
f 1308 1310 2789
f 1297 1307 2787
f 1310 1309 2790
f 1309 1311 2791
f 1311 1388 2844
f 1388 1331 2846
f 1332 2847 1331
f 1332 1333 2848
f 1333 1334 2849
f 1335 1360 2865
f 1334 1335 2850
f 1360 1361 2866
f 1361 1362 2867
f 1362 1363 2868
f 1363 1364 2869
f 1365 2870 1364
f 1365 1406 2909
f 1406 1408 2910
f 1408 1407 2911
f 1407 1409 2912
f 1409 1410 2913
f 1410 1426 2930
f 1411 1412 2934
f 1412 1413 2935
f 1426 1427 2931
f 1427 1428 2932
f 1428 1411 2933
f 1413 1450 2969
f 1450 1451 2970
f 1452 2971 1451
f 1452 1453 2972
f 1453 1454 2973
f 1454 1474 2993
f 1474 1475 2994
f 1475 1476 2995
f 1476 1477 2996
f 1477 1478 2997
f 1478 3787 5309
f 1220 2272 2271
f 1220 2273 2272
f 1219 2274 2273
f 1218 2275 2274
f 1217 2276 2275
f 1216 2291 2276
f 1196 2292 2291
f 1195 2293 2292
f 1194 2294 2293
f 1193 2295 2294
f 1192 2337 2295
f 1150 2338 2337
f 1149 2339 2338
f 2271 2272 2322
f 2272 2273 2323
f 2273 2274 2324
f 2274 2275 2325
f 2275 2276 2326
f 2276 2291 2332
f 2291 2292 2333
f 2292 2293 2334
f 2293 2294 2335
f 2294 2295 2336
f 2295 2337 2381
f 1148 2368 2339
f 1170 2369 2368
f 1169 2370 2369
f 1168 2371 2370
f 1167 2372 2371
f 1166 2373 2372
f 1163 2374 2373
f 1165 2375 2374
f 1164 2419 2375
f 1070 2420 2419
f 1071 2421 2420
f 1069 2422 2421
f 1074 2423 2422
f 1072 2424 2423
f 1073 2425 2424
f 1058 2426 2425
f 1060 2427 2426
f 1059 2428 2427
f 1057 2429 2428
f 1056 2499 2429
f 2271 2322 2321
f 2272 2323 2322
f 2273 2324 2323
f 2274 2325 2324
f 2275 2326 2325
f 2276 2332 2326
f 2291 2333 2332
f 2292 2334 2333
f 2293 2335 2334
f 2294 2336 2335
f 2295 2381 2336
f 2337 2338 2382
f 2338 2339 2383
f 2339 2368 2389
f 2368 2369 2390
f 2369 2370 2391
f 2370 2371 2392
f 2371 2372 2393
f 2372 2373 2394
f 2373 2374 2395
f 2374 2375 2396
f 2375 2419 2446
f 2337 2382 2381
f 2338 2383 2382
f 2339 2389 2383
f 2368 2390 2389
f 2369 2391 2390
f 2370 2392 2391
f 2371 2393 2392
f 2372 2394 2393
f 2373 2395 2394
f 2374 2396 2395
f 2375 2446 2396
f 1130 2501 2499
f 1114 2502 2501
f 1113 2503 2502
f 1115 2504 2503
f 1112 2505 2504
f 1111 2506 2505
f 1101 2507 2506
f 1100 2508 2507
f 1099 2509 2508
f 1102 2510 2509
f 1098 2511 2510
f 1097 2520 2511
f 1116 2554 2520
f 810 2555 2554
f 812 2556 2555
f 811 2557 2556
f 809 2558 2557
f 813 2559 2558
f 814 2560 2559
f 791 2561 2560
f 792 2613 2561
f 2419 2420 2447
f 2420 2421 2448
f 2421 2422 2449
f 2422 2423 2450
f 2423 2424 2451
f 2424 2425 2455
f 2425 2426 2456
f 2426 2427 2457
f 2427 2428 2458
f 2428 2429 2459
f 2419 2447 2446
f 2420 2448 2447
f 2421 2449 2448
f 2422 2450 2449
f 2423 2451 2450
f 2424 2455 2451
f 2425 2456 2455
f 2426 2457 2456
f 2427 2458 2457
f 2428 2459 2458
f 2429 2500 2459
f 2429 2499 2500
f 2499 2501 2521
f 2501 2502 2522
f 2502 2503 2523
f 2503 2504 2524
f 2504 2505 2525
f 2505 2506 2527
f 2506 2507 2528
f 2507 2508 2529
f 2508 2509 2530
f 2509 2510 2531
f 2510 2511 2532
f 2511 2520 2533
f 2499 2521 2500
f 2501 2522 2521
f 2502 2523 2522
f 2503 2524 2523
f 2504 2525 2524
f 2505 2527 2525
f 2506 2528 2527
f 2507 2529 2528
f 2508 2530 2529
f 2509 2531 2530
f 2510 2532 2531
f 2511 2533 2532
f 978 2614 2613
f 979 2615 2614
f 977 2616 2615
f 975 2617 2616
f 976 2623 2617
f 924 2624 2623
f 925 2625 2624
f 926 2626 2625
f 927 2645 2626
f 950 2646 2645
f 952 2647 2646
f 951 2648 2647
f 937 2649 2648
f 938 2650 2649
f 939 2651 2650
f 940 2683 2651
f 985 2684 2683
f 986 2685 2684
f 987 2686 2685
f 988 2687 2686
f 989 2707 2687
f 852 2708 2707
f 853 2727 2708
f 889 2728 2727
f 890 2729 2728
f 888 2730 2729
f 891 2731 2730
f 892 2732 2731
f 893 2772 2732
f 2520 2554 2586
f 2554 2555 2587
f 2555 2556 2588
f 2556 2557 2589
f 2557 2558 2590
f 2558 2559 2591
f 2559 2560 2596
f 2560 2561 2597
f 2561 2613 2618
f 2520 2586 2533
f 2554 2587 2586
f 2555 2588 2587
f 2556 2589 2588
f 2557 2590 2589
f 2558 2591 2590
f 2559 2596 2591
f 2560 2597 2596
f 2561 2618 2597
f 2613 2614 2619
f 2614 2615 2620
f 2615 2616 2621
f 2616 2617 2622
f 2613 2619 2618
f 2614 2620 2619
f 2615 2621 2620
f 2616 2622 2621
f 2617 2664 2622
f 2617 2623 2664
f 2623 2624 2665
f 2624 2625 2666
f 2625 2626 2667
f 2626 2645 2673
f 2645 2646 2674
f 2646 2647 2675
f 2647 2648 2679
f 2648 2649 2680
f 2649 2650 2681
f 2650 2651 2682
f 2623 2665 2664
f 2624 2666 2665
f 2625 2667 2666
f 2626 2673 2667
f 2645 2674 2673
f 2646 2675 2674
f 2647 2679 2675
f 2648 2680 2679
f 2649 2681 2680
f 2650 2682 2681
f 2651 2688 2682
f 2651 2683 2688
f 2683 2684 2689
f 2684 2685 2690
f 2685 2686 2691
f 2686 2687 2692
f 2683 2689 2688
f 2684 2690 2689
f 2685 2691 2690
f 2686 2692 2691
f 2687 2707 2755
f 2707 2708 2756
f 2708 2727 2760
f 2727 2728 2761
f 2728 2729 2762
f 2729 2730 2763
f 2730 2731 2764
f 2731 2732 2765
f 2732 2772 2792
f 2687 2755 2692
f 2707 2756 2755
f 2708 2760 2756
f 2727 2761 2760
f 2728 2762 2761
f 2729 2763 2762
f 2730 2764 2763
f 2731 2765 2764
f 2732 2792 2765
f 1306 2773 2772
f 1292 2774 2773
f 1293 2775 2774
f 1295 2776 2775
f 1294 2777 2776
f 1296 2778 2777
f 1297 2787 2778
f 1307 2788 2787
f 1308 2789 2788
f 1310 2790 2789
f 1309 2791 2790
f 1311 2844 2791
f 1388 2846 2844
f 1331 2847 2846
f 1332 2848 2847
f 1333 2849 2848
f 1334 2850 2849
f 1335 2865 2850
f 1360 2866 2865
f 1361 2867 2866
f 1362 2868 2867
f 1363 2869 2868
f 1364 2870 2869
f 1365 2909 2870
f 1406 2910 2909
f 1408 2911 2910
f 1407 2912 2911
f 1409 2913 2912
f 1410 2930 2913
f 1426 2931 2930
f 1427 2932 2931
f 1428 2933 2932
f 1411 2934 2933
f 1412 2935 2934
f 1413 2969 2935
f 1450 2970 2969
f 1451 2971 2970
f 1452 2972 2971
f 1453 2973 2972
f 1454 2993 2973
f 1474 2994 2993
f 1475 2995 2994
f 1476 2996 2995
f 1477 2997 2996
f 1478 5309 2997
f 2772 2773 2793
f 2773 2774 2794
f 2774 2775 2796
f 2775 2776 2797
f 2776 2777 2798
f 2777 2778 2799
f 2778 2787 2800
f 2787 2788 2801
f 2788 2789 2802
f 2789 2790 2803
f 2790 2791 2804
f 2791 2844 2845
f 2772 2793 2792
f 2773 2794 2793
f 2774 2796 2794
f 2775 2797 2796
f 2776 2798 2797
f 2777 2799 2798
f 2778 2800 2799
f 2787 2801 2800
f 2788 2802 2801
f 2789 2803 2802
f 2790 2804 2803
f 2791 2845 2804
f 2844 2887 2845
f 2844 2846 2887
f 2846 2847 2888
f 2847 2848 2892
f 2848 2849 2893
f 2849 2850 2894
f 2850 2865 2898
f 2865 2866 2899
f 2866 2867 2900
f 2867 2868 2901
f 2868 2869 2902
f 2869 2870 2903
f 2846 2888 2887
f 2847 2892 2888
f 2848 2893 2892
f 2849 2894 2893
f 2850 2898 2894
f 2865 2899 2898
f 2866 2900 2899
f 2867 2901 2900
f 2868 2902 2901
f 2869 2903 2902
f 2870 2909 2948
f 2909 2910 2949
f 2910 2911 2950
f 2911 2912 2951
f 2912 2913 2952
f 2913 2930 2958
f 2930 2931 2959
f 2931 2932 2960
f 2932 2933 2964
f 2933 2934 2965
f 2934 2935 2966
f 2870 2948 2903
f 2909 2949 2948
f 2910 2950 2949
f 2911 2951 2950
f 2912 2952 2951
f 2913 2958 2952
f 2930 2959 2958
f 2931 2960 2959
f 2932 2964 2960
f 2933 2965 2964
f 2934 2966 2965
f 2935 2969 3010
f 2969 2970 3011
f 2970 2971 3015
f 2971 2972 3016
f 2972 2973 3017
f 2973 2993 3020
f 2993 2994 3021
f 2994 2995 3022
f 2995 2996 3026
f 2996 2997 3027
f 2997 5309 5353
f 2935 3010 2966
f 2969 3011 3010
f 2970 3015 3011
f 2971 3016 3015
f 2972 3017 3016
f 2973 3020 3017
f 2993 3021 3020
f 2994 3022 3021
f 2995 3026 3022
f 2996 3027 3026
f 2997 5353 3027
f 3787 3833 3788
f 3788 3834 3789
f 3789 3835 3790
f 3790 3839 3791
f 3791 3840 3792
f 3792 3841 3806
f 3806 3844 3807
f 3807 3845 3808
f 3808 3846 3809
f 3809 3850 3810
f 3810 3851 3852
f 3788 3833 3834
f 3789 3834 3835
f 3790 3835 3839
f 3791 3839 3840
f 3792 3840 3841
f 3806 3841 3844
f 3807 3844 3845
f 3808 3845 3846
f 3809 3846 3850
f 3810 3850 3851
f 3852 3851 3893
f 3852 3893 3853
f 3853 3894 3854
f 3854 3895 3867
f 3867 3899 3868
f 3868 3900 3869
f 3869 3901 3886
f 3886 3907 3887
f 3887 3908 3888
f 3888 3909 3889
f 3889 3910 3890
f 3890 3911 3928
f 3853 3893 3894
f 3854 3894 3895
f 3867 3895 3899
f 3868 3899 3900
f 3869 3900 3901
f 3886 3901 3907
f 3887 3907 3908
f 3888 3908 3909
f 3889 3909 3910
f 3890 3910 3911
f 3928 3911 3958
f 3928 3958 3929
f 3929 3959 3930
f 3930 3960 3931
f 3931 3961 3932
f 3932 3962 3933
f 3933 3963 3940
f 3940 3967 3941
f 3941 3968 3942
f 3942 3969 3943
f 3943 3973 3944
f 3944 3974 3975
f 3929 3958 3959
f 3930 3959 3960
f 3931 3960 3961
f 3932 3961 3962
f 3933 3962 3963
f 3940 3963 3967
f 3941 3967 3968
f 3942 3968 3969
f 3943 3969 3973
f 3944 3973 3974
f 3975 3974 3976
f 3975 3976 4016
f 4016 4036 4017
f 4017 4037 4018
f 4018 4038 4019
f 4019 4039 4020
f 4020 4040 4021
f 4021 4041 4022
f 4022 4042 4023
f 4023 4043 4024
f 4024 4044 4025
f 4025 4046 4026
f 4026 4047 4035
f 4016 3976 4036
f 4017 4036 4037
f 4018 4037 4038
f 4019 4038 4039
f 4020 4039 4040
f 4021 4040 4041
f 4022 4041 4042
f 4023 4042 4043
f 4024 4043 4044
f 4025 4044 4046
f 4026 4046 4047
f 4035 4047 4048
f 3787 3788 5310
f 3788 3789 5311
f 3789 3790 5312
f 3790 3791 5313
f 3791 3792 5314
f 3792 3806 5329
f 3806 3807 5330
f 3807 3808 5331
f 3808 3809 5332
f 3809 3810 5333
f 3810 3852 5378
f 3852 3853 5379
f 3853 3854 5380
f 3854 3867 5375
f 3867 3868 5376
f 3868 3869 5377
f 3869 3886 5393
f 3886 3887 5394
f 3887 3888 5396
f 3888 3889 5395
f 3889 3890 5397
f 3890 3928 5437
f 3928 3929 5438
f 3929 3930 5439
f 3930 3931 5440
f 3931 3932 5441
f 3932 3933 5442
f 3933 3940 5459
f 3940 3941 5460
f 3941 3942 5461
f 3942 3943 5462
f 3943 3944 5463
f 3944 3975 5435
f 3975 4016 5500
f 4016 4017 5502
f 4017 4018 5501
f 4018 4019 5503
f 4019 4020 5504
f 4020 4021 5506
f 4021 4022 5507
f 4022 4023 5509
f 4023 4024 5508
f 4024 4025 5510
f 4025 4026 5511
f 4026 4035 5505
f 4035 4048 4067
f 4067 4099 4068
f 4068 4100 4069
f 4069 4101 4070
f 4070 4102 4071
f 4071 4103 4072
f 4072 4104 4075
f 4075 4108 4076
f 4076 4109 4128
f 4067 4048 4099
f 4068 4099 4100
f 4069 4100 4101
f 4070 4101 4102
f 4071 4102 4103
f 4072 4103 4104
f 4075 4104 4108
f 4076 4108 4109
f 4128 4109 4133
f 4128 4133 4129
f 4129 4134 4130
f 4130 4135 4131
f 4131 4136 4132
f 4132 4137 4138
f 4129 4133 4134
f 4130 4134 4135
f 4131 4135 4136
f 4132 4136 4137
f 4138 4176 4139
f 4139 4177 4140
f 4140 4178 4141
f 4141 4179 4151
f 4151 4183 4152
f 4152 4184 4153
f 4153 4185 4163
f 4163 4191 4164
f 4164 4192 4165
f 4165 4193 4166
f 4166 4194 4198
f 4138 4137 4176
f 4139 4176 4177
f 4140 4177 4178
f 4141 4178 4179
f 4151 4179 4183
f 4152 4183 4184
f 4153 4184 4185
f 4163 4185 4191
f 4164 4191 4192
f 4165 4192 4193
f 4166 4193 4194
f 4198 4203 4199
f 4199 4204 4200
f 4200 4205 4201
f 4201 4206 4202
f 4198 4194 4203
f 4199 4203 4204
f 4200 4204 4205
f 4201 4205 4206
f 4202 4206 4207
f 4202 4207 4222
f 4222 4267 4223
f 4223 4268 4240
f 4240 4273 4241
f 4241 4274 4242
f 4242 4275 4243
f 4243 4276 4244
f 4244 4277 4245
f 4245 4278 4287
f 4222 4207 4267
f 4223 4267 4268
f 4240 4268 4273
f 4241 4273 4274
f 4242 4274 4275
f 4243 4275 4276
f 4244 4276 4277
f 4245 4277 4278
f 4287 4278 4307
f 4035 4067 5915
f 4067 4068 5916
f 4068 4069 5917
f 4069 4070 5920
f 4070 4071 5918
f 4071 4072 5919
f 4072 4075 5939
f 4075 4076 5940
f 4076 4128 5835
f 4128 4129 5836
f 4129 4130 5837
f 4130 4131 5838
f 4131 4132 5839
f 4132 4138 5858
f 4138 4139 5859
f 4139 4140 5860
f 4140 4141 5861
f 4141 4151 5856
f 4151 4152 5855
f 4152 4153 5857
f 4153 4163 5871
f 4163 4164 5872
f 4164 4165 5873
f 4165 4166 5874
f 4166 4198 5848
f 4198 4199 5849
f 4199 4200 5847
f 4200 4201 5845
f 4201 4202 5846
f 4287 4307 4288
f 4288 4308 4289
f 4289 4309 4290
f 4290 4310 4291
f 4291 4311 4292
f 4292 4312 4293
f 4293 4313 4302
f 4302 4315 4303
f 4303 4316 4304
f 4304 4317 4305
f 4305 4318 4306
f 4306 4319 4320
f 4288 4307 4308
f 4289 4308 4309
f 4290 4309 4310
f 4291 4310 4311
f 4292 4311 4312
f 4293 4312 4313
f 4302 4313 4315
f 4303 4315 4316
f 4304 4316 4317
f 4305 4317 4318
f 4306 4318 4319
f 4320 4319 4321
f 4320 4321 4361
f 4361 4402 4362
f 4362 4403 4363
f 4363 4404 4364
f 4364 4405 4365
f 4365 4406 4374
f 4374 4410 4375
f 4375 4411 4376
f 4376 4412 4377
f 4377 4413 4378
f 4378 4414 4379
f 4361 4321 4402
f 4362 4402 4403
f 4363 4403 4404
f 4364 4404 4405
f 4365 4405 4406
f 4374 4406 4410
f 4375 4410 4411
f 4376 4411 4412
f 4377 4412 4413
f 4378 4413 4414
f 4379 4414 4415
f 4202 4222 6000
f 4222 4223 6001
f 4223 4240 5994
f 4240 4241 5995
f 4241 4242 5999
f 4242 4243 5997
f 4243 4244 5996
f 4244 4245 5998
f 4245 4287 5700
f 4287 4288 5711
f 4288 4289 5710
f 4289 4290 5706
f 4290 4291 5709
f 4291 4292 5708
f 4292 4293 5707
f 4293 4302 5705
f 4302 4303 5704
f 4303 4304 5701
f 4304 4305 5703
f 4305 4306 5702
f 4306 4320 5698
f 4379 4415 4424
f 4424 4463 4425
f 4425 4464 4426
f 4426 4465 4427
f 4427 4466 4428
f 4428 4467 4429
f 4429 4468 4430
f 4430 4469 4431
f 4431 4470 4448
f 4448 4476 4449
f 4449 4477 4450
f 4424 4415 4463
f 4425 4463 4464
f 4426 4464 4465
f 4427 4465 4466
f 4428 4466 4467
f 4429 4467 4468
f 4430 4468 4469
f 4431 4469 4470
f 4448 4470 4476
f 4449 4476 4477
f 4450 4477 4478
f 4320 4361 5743
f 4361 4362 5742
f 4362 4363 5740
f 4363 4364 5739
f 4364 4365 5741
f 4365 4374 5734
f 4374 4375 5735
f 4375 4376 5733
f 4376 4377 5738
f 4377 4378 5736
f 4378 4379 5737
f 4379 4424 5644
f 4424 4425 5643
f 4425 4426 5645
f 4426 4427 5642
f 4427 4428 5641
f 4428 4429 5640
f 4429 4430 5639
f 4430 4431 5638
f 4431 4448 5648
f 4450 4478 4484
f 4484 4525 4485
f 4485 4526 4486
f 4486 4527 4487
f 4487 4528 4488
f 4488 4529 4508
f 4448 4449 5647
f 4449 4450 5646
f 4450 4484 5596
f 4484 4485 5595
f 4485 4486 5594
f 4486 4487 5593
f 4487 4488 5592
f 4488 4508 5577
f 4508 4509 5576
f 4509 4510 5575
f 4510 4511 5574
f 4511 4512 5573
f 4508 4535 4509
f 4509 4536 4510
f 4510 4537 4511
f 4511 4538 4512
f 4512 4539 5572
f 4484 4478 4525
f 4485 4525 4526
f 4486 4526 4527
f 4487 4527 4528
f 4488 4528 4529
f 4508 4529 4535
f 4509 4535 4536
f 4510 4536 4537
f 4511 4537 4538
f 4512 4538 4539
f 5572 4539 5616
f 3787 5310 5309
f 3788 5311 5310
f 3789 5312 5311
f 3790 5313 5312
f 3791 5314 5313
f 3792 5329 5314
f 3806 5330 5329
f 3807 5331 5330
f 3808 5332 5331
f 3809 5333 5332
f 3810 5378 5333
f 3854 5375 5380
f 3867 5376 5375
f 3868 5377 5376
f 3852 5379 5378
f 3853 5380 5379
f 3869 5393 5377
f 3886 5394 5393
f 3887 5396 5394
f 3888 5395 5396
f 3889 5397 5395
f 3890 5437 5397
f 3928 5438 5437
f 3929 5439 5438
f 3930 5440 5439
f 3931 5441 5440
f 3932 5442 5441
f 3940 5460 5459
f 3933 5459 5442
f 3941 5461 5460
f 3942 5462 5461
f 3943 5463 5462
f 3944 5435 5463
f 3975 5500 5435
f 4016 5502 5500
f 4017 5501 5502
f 4020 5506 5504
f 4018 5503 5501
f 4019 5504 5503
f 4021 5507 5506
f 4022 5509 5507
f 4023 5508 5509
f 4024 5510 5508
f 4025 5511 5510
f 4026 5505 5511
f 5309 5310 5354
f 5310 5311 5355
f 5311 5312 5359
f 5312 5313 5360
f 5313 5314 5361
f 5314 5329 5365
f 5329 5330 5366
f 5330 5331 5367
f 5332 5370 5331
f 5332 5333 5371
f 5333 5378 5417
f 5309 5354 5353
f 5310 5355 5354
f 5311 5359 5355
f 5312 5360 5359
f 5313 5361 5360
f 5314 5365 5361
f 5329 5366 5365
f 5330 5367 5366
f 5331 5370 5367
f 5332 5371 5370
f 5333 5417 5371
f 5380 5375 5414
f 5375 5376 5415
f 5376 5377 5416
f 5378 5379 5418
f 5379 5380 5419
f 5377 5393 5425
f 5393 5394 5426
f 5394 5396 5428
f 5396 5395 5427
f 5395 5397 5429
f 5397 5437 5478
f 5380 5414 5419
f 5375 5415 5414
f 5376 5416 5415
f 5378 5418 5417
f 5379 5419 5418
f 5377 5425 5416
f 5393 5426 5425
f 5394 5428 5426
f 5396 5427 5428
f 5395 5429 5427
f 5397 5478 5429
f 5463 5435 5436
f 5438 5479 5437
f 5438 5439 5480
f 5440 5441 5482
f 5441 5442 5483
f 5439 5440 5481
f 5442 5459 5489
f 5459 5460 5490
f 5460 5461 5491
f 5461 5462 5492
f 5463 5493 5462
f 5437 5479 5478
f 5438 5480 5479
f 5439 5481 5480
f 5440 5482 5481
f 5441 5483 5482
f 5442 5489 5483
f 5459 5490 5489
f 5460 5491 5490
f 5461 5492 5491
f 5462 5493 5492
f 5463 5436 5493
f 5435 5500 5520
f 5500 5502 5522
f 5502 5501 5521
f 5501 5503 5523
f 5504 5524 5503
f 5504 5506 5526
f 5511 5505 5525
f 5506 5507 5527
f 5507 5509 5529
f 5509 5508 5528
f 5508 5510 5530
f 5511 5531 5510
f 5435 5520 5436
f 5500 5522 5520
f 5502 5521 5522
f 5501 5523 5521
f 5503 5524 5523
f 5504 5526 5524
f 5506 5527 5526
f 5507 5529 5527
f 5509 5528 5529
f 5508 5530 5528
f 5510 5531 5530
f 5511 5525 5531
f 4076 5835 5940
f 4128 5836 5835
f 4129 5837 5836
f 4130 5838 5837
f 4131 5839 5838
f 4132 5858 5839
f 4138 5859 5858
f 4139 5860 5859
f 4140 5861 5860
f 4153 5871 5857
f 4141 5856 5861
f 4151 5855 5856
f 4152 5857 5855
f 4163 5872 5871
f 4164 5873 5872
f 4165 5874 5873
f 4166 5848 5874
f 4199 5847 5849
f 4198 5849 5848
f 4200 5845 5847
f 4201 5846 5845
f 4067 5916 5915
f 4035 5915 5505
f 4068 5917 5916
f 4069 5920 5917
f 4070 5918 5920
f 4071 5919 5918
f 4072 5939 5919
f 4075 5940 5939
f 4306 5698 5702
f 4320 5743 5698
f 4223 5994 6001
f 4240 5995 5994
f 4241 5999 5995
f 4242 5997 5999
f 4243 5996 5997
f 4244 5998 5996
f 4245 5700 5998
f 4287 5711 5700
f 4202 6000 5846
f 4222 6001 6000
f 4289 5706 5710
f 4290 5709 5706
f 4291 5708 5709
f 4292 5707 5708
f 4288 5710 5711
f 4302 5704 5705
f 4303 5701 5704
f 4293 5705 5707
f 4304 5703 5701
f 4305 5702 5703
f 4431 5648 5638
f 4430 5638 5639
f 4429 5639 5640
f 4428 5640 5641
f 4361 5742 5743
f 4362 5740 5742
f 4363 5739 5740
f 4364 5741 5739
f 4365 5734 5741
f 4374 5735 5734
f 4375 5733 5735
f 4424 5643 5644
f 4378 5737 5736
f 4376 5738 5733
f 4377 5736 5738
f 4379 5644 5737
f 4426 5642 5645
f 4427 5641 5642
f 4425 5645 5643
f 4512 5572 5573
f 4511 5573 5574
f 4510 5574 5575
f 4509 5575 5576
f 4508 5576 5577
f 4485 5594 5595
f 4488 5577 5592
f 4487 5592 5593
f 4486 5593 5594
f 4484 5595 5596
f 4450 5596 5646
f 4449 5646 5647
f 4448 5647 5648
f 5572 5616 5573
f 5573 5617 5574
f 5574 5618 5575
f 5575 5619 5576
f 5576 5620 5577
f 5577 5621 5592
f 5592 5628 5593
f 5593 5629 5594
f 5595 5594 5630
f 5595 5631 5596
f 5596 5632 5646
f 5573 5616 5617
f 5574 5617 5618
f 5575 5618 5619
f 5576 5619 5620
f 5577 5620 5621
f 5592 5621 5628
f 5593 5628 5629
f 5594 5629 5630
f 5595 5630 5631
f 5596 5631 5632
f 5646 5632 5685
f 5648 5687 5638
f 5638 5677 5639
f 5639 5678 5640
f 5642 5641 5680
f 5640 5679 5641
f 5642 5681 5645
f 5643 5682 5644
f 5644 5683 5737
f 5645 5684 5643
f 5646 5685 5647
f 5647 5686 5648
f 5638 5687 5677
f 5639 5677 5678
f 5640 5678 5679
f 5641 5679 5680
f 5642 5680 5681
f 5645 5681 5684
f 5644 5682 5683
f 5737 5683 5778
f 5643 5684 5682
f 5647 5685 5686
f 5648 5686 5687
f 5698 5784 5699
f 5703 5702 5722
f 5698 5699 5702
f 5703 5723 5701
f 5701 5721 5704
f 5705 5704 5724
f 5705 5725 5707
f 5707 5727 5708
f 5709 5708 5728
f 5706 5709 5729
f 5711 5710 5730
f 5706 5726 5710
f 5700 5711 5731
f 5700 5731 5720
f 5702 5699 5722
f 5703 5722 5723
f 5701 5723 5721
f 5704 5721 5724
f 5705 5724 5725
f 5707 5725 5727
f 5708 5727 5728
f 5709 5728 5729
f 5706 5729 5726
f 5710 5726 5730
f 5711 5730 5731
f 5735 5733 5774
f 5735 5776 5734
f 5736 5737 5778
f 5736 5777 5738
f 5738 5779 5733
f 5740 5739 5780
f 5734 5775 5741
f 5741 5782 5739
f 5743 5742 5783
f 5740 5781 5742
f 5698 5743 5784
f 5735 5774 5776
f 5734 5776 5775
f 5736 5778 5777
f 5738 5777 5779
f 5733 5779 5774
f 5740 5780 5781
f 5741 5775 5782
f 5739 5782 5780
f 5742 5781 5783
f 5743 5783 5784
f 5835 5836 5841
f 5837 5838 5843
f 5836 5837 5842
f 5839 5844 5838
f 5835 5841 5840
f 5839 5896 5844
f 5837 5843 5842
f 5836 5842 5841
f 5838 5844 5843
f 5874 5848 5853
f 5845 5846 5851
f 5849 5847 5852
f 5848 5849 5854
f 5845 5850 5847
f 5845 5851 5850
f 5849 5852 5854
f 5848 5854 5853
f 5847 5850 5852
f 5861 5856 5894
f 5855 5893 5856
f 5855 5857 5895
f 5871 5903 5857
f 5839 5858 5896
f 5858 5859 5897
f 5859 5860 5898
f 5861 5899 5860
f 5871 5872 5904
f 5873 5905 5872
f 5874 5906 5873
f 5861 5894 5899
f 5856 5893 5894
f 5855 5895 5893
f 5857 5903 5895
f 5858 5897 5896
f 5859 5898 5897
f 5860 5899 5898
f 5871 5904 5903
f 5872 5905 5904
f 5873 5906 5905
f 5874 5853 5906
f 5505 5915 5959
f 5915 5916 5960
f 5916 5917 5961
f 5920 5918 5962
f 5918 5919 5963
f 5917 5920 5964
f 5919 5939 5971
f 5939 5940 5972
f 5835 5840 5940
f 5505 5959 5525
f 5915 5960 5959
f 5916 5961 5960
f 5917 5964 5961
f 5920 5962 5964
f 5918 5963 5962
f 5919 5971 5963
f 5939 5972 5971
f 5940 5840 5972
f 5995 5999 6043
f 6001 5994 6038
f 5994 5995 6039
f 5999 5997 6041
f 5996 6040 5997
f 5998 6042 5996
f 5700 5720 5998
f 6001 6045 6000
f 5846 6000 6044
f 5995 6043 6039
f 5994 6039 6038
f 5997 6040 6041
f 5998 5720 6042
f 5996 6042 6040
f 5999 6041 6043
f 6001 6038 6045
f 6000 6045 6044
f 5846 6044 5851
f 3771 3772 3774
f 3773 3775 3772
f 3773 3770 3777
f 3772 3775 3774
f 3773 3777 3775
f 3777 3770 3776
f 3777 3776 3778
f 3771 4514 3772
f 3771 3774 4517
f 3773 3772 4515
f 3773 4513 3770
f 3774 3775 4518
f 3775 3777 4520
f 3777 3778 4520
f 3772 4514 4515
f 3771 4517 4514
f 3773 4515 4516
f 3773 4516 4513
f 3774 4518 4517
f 3775 4520 4518
f 4520 3778 4521
f 4514 4517 4515
f 4516 4515 4518
f 4516 4519 4513
f 4515 4517 4518
f 4516 4520 4519
f 4516 4518 4520
f 4520 4521 4519
f 3755 3760 3756
f 3755 3758 3761
f 3758 3757 3759
f 3758 3759 3763
f 3755 3761 3760
f 3758 3763 3761
f 3763 3759 3762
f 3763 3762 3764
f 3755 4498 3758
f 3755 3756 4499
f 3758 4500 3757
f 3756 3760 4503
f 3760 3761 4504
f 3761 3763 4506
f 3763 3764 4506
f 3758 4498 4501
f 3755 4499 4498
f 3758 4501 4500
f 3756 4503 4499
f 3760 4504 4503
f 3761 4506 4504
f 4506 3764 4507
f 4498 4499 4503
f 4498 4504 4501
f 4501 4502 4500
f 4501 4505 4502
f 4498 4503 4504
f 4501 4506 4505
f 4501 4504 4506
f 4506 4507 4505
f 3746 3749 3747
f 3746 3748 3750
f 3748 3722 3751
f 3748 3751 3752
f 3746 3750 3749
f 3748 3752 3750
f 3752 3751 3753
f 3752 3753 3754
f 3748 4462 3722
f 3746 4489 3748
f 3746 3747 4490
f 3747 3749 4492
f 3749 3750 4493
f 3750 3752 4495
f 3752 3754 4495
f 3748 4489 4491
f 3746 4490 4489
f 3748 4491 4462
f 3747 4492 4490
f 3749 4493 4492
f 3750 4495 4493
f 4495 3754 4497
f 4489 4490 4492
f 4489 4493 4491
f 4491 4494 4462
f 4491 4496 4494
f 4489 4492 4493
f 4491 4495 4496
f 4491 4493 4495
f 4495 4497 4496
f 3714 3718 3713
f 3715 3719 3714
f 3715 3716 3717
f 3715 3717 3721
f 3714 3719 3718
f 3715 3721 3719
f 3721 3717 3720
f 3714 3713 4453
f 3715 3714 4454
f 3715 4456 3716
f 3713 3718 4458
f 3718 3719 4459
f 3719 3721 4461
f 3721 3720 4461
f 3714 4453 4454
f 3715 4454 4455
f 3715 4455 4456
f 3713 4458 4453
f 3718 4459 4458
f 3719 4461 4459
f 4461 3720 4460
f 4454 4453 4458
f 4455 4454 4459
f 4455 4457 4456
f 4455 4461 4457
f 4454 4458 4459
f 4455 4459 4461
f 4461 4460 4457
f 3704 3707 3709
f 3704 3706 3705
f 3704 3709 3706
f 3707 3708 3711
f 3707 3711 3709
f 3711 3708 3710
f 3711 3710 3712
f 3704 4441 3707
f 3704 3705 4442
f 3705 3706 4443
f 3706 3709 4446
f 3707 4445 3708
f 3709 3711 4451
f 3711 3712 4451
f 3707 4441 4444
f 3704 4442 4441
f 3705 4443 4442
f 3706 4446 4443
f 3707 4444 4445
f 3709 4451 4446
f 4451 3712 4452
f 4441 4446 4444
f 4441 4442 4443
f 4441 4443 4446
f 4444 4447 4445
f 4444 4446 4451
f 4444 4451 4447
f 4451 4452 4447
f 3695 3699 3696
f 3696 3698 3697
f 3696 3699 3698
f 3695 3700 3702
f 3695 3702 3699
f 3702 3700 3701
f 3702 3701 3703
f 3696 3697 4434
f 3695 3696 4433
f 3697 3698 4435
f 3698 3699 4436
f 3695 4437 3700
f 3699 3702 4439
f 3702 3703 4439
f 3695 4433 4432
f 3696 4434 4433
f 3697 4435 4434
f 3698 4436 4435
f 3695 4432 4437
f 3699 4439 4436
f 4439 3703 4440
f 4432 4433 4436
f 4433 4434 4435
f 4433 4435 4436
f 4432 4438 4437
f 4432 4436 4439
f 4432 4439 4438
f 4439 4440 4438
f 3657 3659 3658
f 3657 3658 3664
f 3656 3661 3660
f 3656 3663 3661
f 3657 3663 3656
f 3657 3664 3663
f 3664 3658 3662
f 3664 3662 3665
f 3657 3656 4392
f 3657 4395 3659
f 3656 3660 4396
f 3660 3661 4397
f 3661 3663 4399
f 3663 3664 4400
f 3664 3665 4400
f 3656 4396 4392
f 3657 4392 4393
f 3657 4393 4395
f 3660 4397 4396
f 3661 4399 4397
f 3663 4400 4399
f 4400 3665 4401
f 4393 4394 4395
f 4393 4398 4394
f 4392 4396 4397
f 4392 4397 4399
f 4393 4392 4399
f 4393 4399 4400
f 4393 4400 4398
f 4400 4401 4398
f 3647 3648 3649
f 3646 3651 3650
f 3646 3652 3651
f 3646 3647 3652
f 3647 3649 3653
f 3647 3653 3652
f 3653 3649 3654
f 3653 3654 3655
f 3646 4382 3647
f 3647 4384 3648
f 3646 3650 4386
f 3650 3651 4387
f 3651 3652 4388
f 3652 3653 4389
f 3653 3655 4389
f 3647 4382 4383
f 3647 4383 4384
f 3646 4386 4382
f 3650 4387 4386
f 3651 4388 4387
f 3652 4389 4388
f 4389 3655 4391
f 4383 4385 4384
f 4382 4386 4387
f 4382 4387 4388
f 4382 4388 4383
f 4383 4388 4389
f 4383 4390 4385
f 4383 4389 4390
f 4389 4391 4390
f 3628 3631 3629
f 3628 3626 3632
f 3628 3632 3631
f 3626 3627 3644
f 3644 3627 3630
f 3626 3644 3632
f 3644 3630 3645
f 3626 4368 3627
f 3628 4369 3626
f 3628 3629 4370
f 3629 3631 4372
f 3631 3632 4373
f 3632 3644 4380
f 3644 3645 4380
f 3626 4369 4367
f 3626 4367 4368
f 3628 4370 4369
f 3629 4372 4370
f 3631 4373 4372
f 3632 4380 4373
f 4380 3645 4381
f 4367 4371 4368
f 4369 4370 4372
f 4369 4373 4367
f 4369 4372 4373
f 4367 4380 4371
f 4367 4373 4380
f 4380 4381 4371
f 3595 3596 3600
f 3596 3597 3625
f 3595 3599 3598
f 3595 3600 3599
f 3596 3625 3600
f 3625 3597 3601
f 3625 3601 3602
f 3595 4343 3596
f 3595 3598 4346
f 3596 4345 3597
f 3598 3599 4347
f 3599 3600 4348
f 3600 3625 4366
f 3625 3602 4366
f 3595 4346 4343
f 3596 4343 4344
f 3596 4344 4345
f 3598 4347 4346
f 3599 4348 4347
f 3600 4366 4348
f 4366 3602 4350
f 4344 4349 4345
f 4343 4348 4344
f 4343 4346 4347
f 4343 4347 4348
f 4344 4348 4366
f 4344 4366 4349
f 4366 4350 4349
f 3586 3590 3589
f 3586 3591 3590
f 3587 3591 3586
f 3587 3588 3593
f 3587 3593 3591
f 3593 3588 3592
f 3593 3592 3594
f 3587 3586 4334
f 3587 4336 3588
f 3586 3589 4337
f 3589 3590 4338
f 3590 3591 4339
f 3591 3593 4341
f 3593 3594 4341
f 3587 4334 4335
f 3587 4335 4336
f 3586 4337 4334
f 3589 4338 4337
f 3590 4339 4338
f 3591 4341 4339
f 4341 3594 4342
f 4335 4340 4336
f 4334 4337 4338
f 4334 4338 4339
f 4335 4334 4339
f 4335 4339 4341
f 4335 4341 4340
f 4341 4342 4340
f 3577 3581 3578
f 3577 3579 3582
f 3579 3576 3580
f 3579 3580 3584
f 3577 3582 3581
f 3579 3584 3582
f 3584 3580 3583
f 3584 3583 3585
f 3579 4324 3576
f 3577 4325 3579
f 3577 3578 4326
f 3578 3581 4329
f 3581 3582 4330
f 3582 3584 4332
f 3584 3585 4332
f 3579 4327 4324
f 3579 4325 4327
f 3577 4326 4325
f 3578 4329 4326
f 3581 4330 4329
f 3582 4332 4330
f 4332 3585 4333
f 4325 4326 4329
f 4325 4330 4327
f 4327 4328 4324
f 4327 4331 4328
f 4325 4329 4330
f 4327 4330 4332
f 4327 4332 4331
f 4332 4333 4331
f 3543 3545 3544
f 3543 3549 3545
f 3546 3547 3548
f 3543 3546 3549
f 3546 3548 3550
f 3546 3550 3549
f 3550 3548 3574
f 3550 3574 3575
f 3543 4294 3546
f 3543 3544 4295
f 3544 3545 4296
f 3546 4298 3547
f 3545 3549 4300
f 3549 3550 4301
f 3550 3575 4301
f 3543 4295 4294
f 3544 4296 4295
f 3546 4297 4298
f 3546 4294 4297
f 3545 4300 4296
f 3549 4301 4300
f 4301 3575 4323
f 4294 4295 4296
f 4294 4296 4300
f 4297 4299 4298
f 4294 4300 4297
f 4297 4300 4301
f 4297 4322 4299
f 4297 4301 4322
f 4301 4323 4322
f 3520 3521 3526
f 3520 3524 3523
f 3520 3526 3524
f 3527 3521 3522
f 3526 3521 3527
f 3527 3522 3528
f 3528 3522 3525
f 3520 4258 3521
f 3520 3523 4260
f 3523 3524 4261
f 3524 3526 4263
f 3526 3527 4264
f 3527 3528 4265
f 3528 3525 4265
f 3520 4257 4258
f 3520 4260 4257
f 3523 4261 4260
f 3524 4263 4261
f 4265 3525 4262
f 3526 4264 4263
f 3527 4265 4264
f 4257 4259 4258
f 4257 4260 4261
f 4257 4261 4263
f 4257 4263 4259
f 4263 4264 4259
f 4264 4262 4259
f 4264 4265 4262
f 3512 3514 3511
f 3512 3513 3515
f 3512 3515 3514
f 3517 3513 3516
f 3515 3513 3517
f 3519 3516 3518
f 3517 3516 3519
f 3512 3511 4248
f 3512 4250 3513
f 3511 3514 4251
f 3514 3515 4252
f 3515 3517 4254
f 3517 3519 4256
f 3519 3518 4256
f 3512 4248 4249
f 3512 4249 4250
f 3511 4251 4248
f 3514 4252 4251
f 3515 4254 4252
f 3517 4256 4254
f 4256 3518 4255
f 4249 4248 4251
f 4249 4253 4250
f 4249 4251 4252
f 4249 4252 4253
f 4252 4254 4253
f 4254 4255 4253
f 4254 4256 4255
f 3495 3497 3496
f 3495 3494 3498
f 3495 3498 3497
f 3500 3494 3499
f 3498 3494 3500
f 3500 3499 3509
f 3509 3499 3510
f 3495 4233 3494
f 3495 3496 4235
f 3496 3497 4236
f 3497 3498 4237
f 3498 3500 4239
f 3500 3509 4246
f 3509 3510 4246
f 3495 4235 4234
f 3495 4234 4233
f 3496 4236 4235
f 3497 4237 4236
f 3498 4239 4237
f 3500 4246 4239
f 4246 3510 4247
f 4234 4235 4236
f 4234 4236 4237
f 4234 4238 4233
f 4234 4237 4238
f 4237 4239 4238
f 4239 4247 4238
f 4239 4246 4247
f 3486 3463 3487
f 3486 3488 3485
f 3486 3487 3489
f 3486 3489 3488
f 3489 3487 3491
f 3491 3487 3490
f 3491 3490 3492
f 3492 3490 3493
f 3486 4218 3463
f 3486 3485 4224
f 3485 3488 4227
f 3488 3489 4228
f 3489 3491 4230
f 3491 3492 4231
f 3492 3493 4231
f 3486 4225 4218
f 3486 4224 4225
f 3485 4227 4224
f 3488 4228 4227
f 3489 4230 4228
f 3491 4231 4230
f 4231 3493 4232
f 4225 4226 4218
f 4225 4224 4227
f 4225 4227 4228
f 4225 4229 4226
f 4225 4228 4229
f 4228 4230 4229
f 4230 4231 4232
f 4230 4232 4229
f 3453 3457 3454
f 3453 3455 3458
f 3458 3455 3456
f 3453 3458 3457
f 3458 3456 3459
f 3459 3456 3462
f 3462 3456 3460
f 3462 3460 3461
f 3453 3454 4209
f 3453 4210 3455
f 3454 3457 4212
f 3457 3458 4213
f 3458 3459 4214
f 3459 3462 4217
f 3462 3461 4217
f 3453 4209 4208
f 3453 4208 4210
f 3454 4212 4209
f 3457 4213 4212
f 3458 4214 4213
f 3459 4217 4214
f 4217 3461 4216
f 4208 4209 4212
f 4208 4211 4210
f 4208 4213 4211
f 4208 4212 4213
f 4213 4215 4211
f 4213 4214 4215
f 4214 4217 4215
f 4217 4216 4215
f 3429 3428 3432
f 3429 3431 3427
f 3429 3432 3431
f 3433 3428 3430
f 3432 3428 3433
f 3433 3430 3435
f 3435 3430 3434
f 3429 4168 3428
f 3429 3427 4167
f 3427 3431 4171
f 3431 3432 4172
f 3432 3433 4173
f 3435 3434 4175
f 3433 3435 4175
f 3429 4169 4168
f 3429 4167 4169
f 3427 4171 4167
f 3431 4172 4171
f 3432 4173 4172
f 4175 3434 4174
f 3433 4175 4173
f 4169 4170 4168
f 4169 4167 4171
f 4169 4171 4172
f 4169 4172 4170
f 4172 4173 4170
f 4173 4174 4170
f 4173 4175 4174
f 3418 3421 3420
f 3418 3419 3422
f 3418 3422 3421
f 3422 3419 3424
f 3424 3419 3423
f 3424 3423 3426
f 3426 3423 3425
f 3418 4155 3419
f 3418 3420 4156
f 3420 3421 4157
f 3421 3422 4158
f 3422 3424 4160
f 3424 3426 4162
f 3426 3425 4162
f 3418 4154 4155
f 3418 4156 4154
f 3420 4157 4156
f 3421 4158 4157
f 3422 4160 4158
f 3424 4162 4160
f 4162 3425 4161
f 4154 4156 4157
f 4154 4159 4155
f 4154 4157 4158
f 4154 4158 4159
f 4158 4160 4159
f 4160 4161 4159
f 4160 4162 4161
f 3402 3404 3403
f 3402 3405 3406
f 3402 3406 3404
f 3406 3405 3407
f 3407 3405 3408
f 3407 3408 3409
f 3409 3408 3410
f 3402 3403 4143
f 3403 3404 4144
f 3402 4145 3405
f 3404 3406 4146
f 3406 3407 4147
f 3407 3409 4149
f 3409 3410 4149
f 3402 4143 4142
f 3403 4144 4143
f 3402 4142 4145
f 3404 4146 4144
f 3406 4147 4146
f 3407 4149 4147
f 4149 3410 4150
f 4142 4143 4144
f 4142 4148 4145
f 4142 4144 4146
f 4142 4146 4148
f 4146 4147 4148
f 4147 4150 4148
f 4147 4149 4150
f 3360 3362 3361
f 3360 3364 3363
f 3360 3361 3365
f 3360 3365 3364
f 3365 3361 3366
f 3369 3361 3367
f 3366 3361 3369
f 3369 3367 3368
f 3360 3363 4118
f 3360 4117 3362
f 3363 3364 4119
f 3364 3365 4120
f 3365 3366 4121
f 3366 3369 4124
f 3369 3368 4124
f 3360 4118 4115
f 3360 4115 4117
f 3363 4119 4118
f 3364 4120 4119
f 3365 4121 4120
f 3366 4124 4121
f 4124 3368 4123
f 4115 4116 4117
f 4115 4118 4119
f 4115 4119 4120
f 4115 4122 4116
f 4115 4120 4122
f 4120 4121 4122
f 4121 4124 4122
f 4124 4123 4122
f 3345 3348 3347
f 3345 3350 3348
f 3345 3346 3350
f 3350 3346 3349
f 3350 3349 3351
f 3351 3349 3353
f 3353 3349 3352
f 3353 3352 3359
f 3345 4085 3346
f 3345 3347 4086
f 3347 3348 4087
f 3348 3350 4089
f 3350 3351 4090
f 3351 3353 4092
f 3353 3359 4092
f 3345 4084 4085
f 3345 4086 4084
f 3347 4087 4086
f 3348 4089 4087
f 3350 4090 4089
f 3351 4092 4090
f 4092 3359 4114
f 4084 4088 4085
f 4084 4086 4087
f 4084 4087 4089
f 4084 4089 4088
f 4089 4091 4088
f 4089 4090 4091
f 4090 4092 4091
f 4092 4114 4091
f 3336 3339 3338
f 3336 3337 3341
f 3336 3341 3339
f 3342 3337 3340
f 3341 3337 3342
f 3343 3340 3344
f 3342 3340 3343
f 3336 4074 3337
f 3336 3338 4077
f 3338 3339 4078
f 3339 3341 4080
f 3341 3342 4081
f 3342 3343 4082
f 3343 3344 4082
f 3336 4073 4074
f 3336 4077 4073
f 3338 4078 4077
f 3339 4080 4078
f 3341 4081 4080
f 3342 4082 4081
f 4082 3344 4083
f 4073 4077 4078
f 4073 4078 4080
f 4073 4079 4074
f 4073 4080 4079
f 4080 4081 4079
f 4081 4083 4079
f 4081 4082 4083
f 3321 3325 3323
f 3321 3322 3326
f 3321 3326 3325
f 3327 3322 3324
f 3326 3322 3327
f 3327 3324 3328
f 3328 3324 3329
f 3321 3323 4060
f 3321 4059 3322
f 3323 3325 4062
f 3325 3326 4063
f 3326 3327 4064
f 3327 3328 4065
f 3328 3329 4065
f 3321 4058 4059
f 3321 4060 4058
f 3323 4062 4060
f 3325 4063 4062
f 3326 4064 4063
f 3327 4065 4064
f 4065 3329 4066
f 4058 4060 4062
f 4058 4062 4063
f 4058 4061 4059
f 4058 4063 4061
f 4063 4064 4061
f 4064 4066 4061
f 4064 4065 4066
f 3312 3314 3313
f 3312 3315 3316
f 3312 3316 3314
f 3316 3315 3317
f 3317 3315 3318
f 3319 3318 3320
f 3317 3318 3319
f 3312 3313 4050
f 3313 3314 4051
f 3312 4052 3315
f 3314 3316 4053
f 3316 3317 4054
f 3317 3319 4056
f 3319 3320 4056
f 3312 4049 4052
f 3312 4050 4049
f 3313 4051 4050
f 3314 4053 4051
f 3316 4054 4053
f 3317 4056 4054
f 4056 3320 4057
f 4049 4050 4051
f 4049 4055 4052
f 4049 4051 4053
f 4049 4053 4055
f 4053 4054 4055
f 4054 4057 4055
f 4054 4056 4057
f 3276 3257 3277
f 3278 3257 3256
f 3277 3257 3278
f 3278 3256 3279
f 3279 3256 3283
f 3283 3256 3280
f 3281 3283 3280
f 3281 3280 3282
f 3276 4005 3257
f 3276 3277 4028
f 3277 3278 4029
f 3278 3279 4030
f 3279 3283 4034
f 3281 4032 3283
f 3281 3282 4032
f 3276 4027 4005
f 3276 4028 4027
f 3277 4029 4028
f 3278 4030 4029
f 3279 4034 4030
f 4032 3282 4033
f 3283 4032 4034
f 4027 4004 4005
f 4027 4028 4004
f 4028 4029 4004
f 4029 4031 4004
f 4029 4030 4031
f 4030 4034 4031
f 4034 4033 4031
f 4032 4033 4034
f 3247 3246 3249
f 3250 3246 3248
f 3249 3246 3250
f 3250 3248 3251
f 3251 3248 3254
f 3254 3248 3253
f 3252 3253 3255
f 3254 3253 3252
f 3247 3994 3246
f 3247 3249 3997
f 3249 3250 3998
f 3250 3251 3999
f 3251 3254 4002
f 3254 3252 4000
f 3252 3255 4000
f 3247 3995 3994
f 3247 3997 3995
f 3249 3998 3997
f 3250 3999 3998
f 3251 4002 3999
f 3254 4000 4002
f 4000 3255 4003
f 3995 3996 3994
f 3995 3997 3996
f 3997 3998 3996
f 3998 4001 3996
f 3998 3999 4001
f 3999 4002 4001
f 4002 4003 4001
f 4002 4000 4003
f 3238 3237 3240
f 3242 3237 3239
f 3240 3237 3241
f 3241 3237 3242
f 3242 3239 3245
f 3245 3239 3244
f 3244 3239 3243
f 3238 3985 3237
f 3238 3240 3988
f 3240 3241 3989
f 3241 3242 3990
f 3242 3245 3993
f 3244 3243 3992
f 3245 3244 3992
f 3238 3986 3985
f 3238 3988 3986
f 3240 3989 3988
f 3241 3990 3989
f 3242 3993 3990
f 3992 3243 3991
f 3245 3992 3993
f 3986 3987 3985
f 3986 3988 3987
f 3988 3989 3987
f 3989 3990 3987
f 3990 3991 3987
f 3993 3992 3991
f 3990 3993 3991
f 3211 3229 3231
f 3233 3229 3230
f 3231 3229 3232
f 3232 3229 3233
f 3233 3230 3234
f 3236 3234 3230
f 3236 3230 3235
f 3211 3977 3229
f 3211 3231 3979
f 3231 3232 3980
f 3232 3233 3981
f 3233 3234 3982
f 3236 3984 3234
f 3236 3235 3984
f 3211 3952 3977
f 3211 3979 3952
f 3231 3980 3979
f 3232 3981 3980
f 3233 3982 3981
f 3984 3235 3983
f 3234 3984 3982
f 3952 3978 3977
f 3952 3979 3978
f 3979 3980 3978
f 3980 3981 3978
f 3981 3983 3978
f 3981 3982 3983
f 3984 3983 3982
f 3203 3202 3204
f 3204 3202 3205
f 3205 3202 3206
f 3206 3202 3207
f 3208 3207 3209
f 3206 3207 3208
f 3209 3207 3210
f 3203 3938 3202
f 3203 3204 3945
f 3204 3205 3946
f 3205 3206 3947
f 3206 3208 3949
f 3209 3210 3950
f 3208 3209 3950
f 3203 3939 3938
f 3203 3945 3939
f 3204 3946 3945
f 3205 3947 3946
f 3206 3949 3947
f 3208 3950 3949
f 3950 3210 3951
f 3939 3948 3938
f 3939 3945 3948
f 3945 3946 3948
f 3946 3947 3948
f 3947 3951 3948
f 3947 3949 3951
f 3949 3950 3951
f 3188 3187 3186
f 3188 3186 3189
f 3189 3186 3190
f 3190 3186 3191
f 3191 3186 3201
f 3201 3186 3198
f 3201 3198 3200
f 3200 3198 3199
f 3188 3923 3187
f 3188 3189 3925
f 3189 3190 3926
f 3190 3191 3927
f 3191 3201 3937
f 3200 3199 3936
f 3201 3200 3936
f 3188 3924 3923
f 3188 3925 3924
f 3189 3926 3925
f 3190 3927 3926
f 3191 3937 3927
f 3936 3199 3935
f 3201 3936 3937
f 3924 3922 3923
f 3924 3934 3922
f 3924 3925 3934
f 3925 3926 3934
f 3926 3927 3934
f 3927 3937 3934
f 3937 3935 3934
f 3937 3936 3935
f 3176 3177 3178
f 3178 3177 3180
f 3180 3177 3179
f 3180 3179 3181
f 3181 3179 3182
f 3183 3184 3179
f 3182 3179 3185
f 3185 3179 3184
f 3176 3913 3177
f 3176 3178 3914
f 3178 3180 3916
f 3180 3181 3917
f 3181 3182 3918
f 3185 3184 3921
f 3182 3185 3921
f 3176 3912 3913
f 3176 3914 3912
f 3178 3916 3914
f 3180 3917 3916
f 3181 3918 3917
f 3182 3921 3918
f 3921 3184 3920
f 3912 3915 3913
f 3912 3914 3915
f 3914 3916 3915
f 3916 3919 3915
f 3916 3917 3919
f 3917 3918 3919
f 3921 3920 3919
f 3918 3921 3919
f 3141 3140 3144
f 3144 3140 3145
f 3145 3140 3142
f 3147 3142 3148
f 3148 3142 3143
f 3145 3142 3146
f 3146 3142 3147
f 3141 3877 3140
f 3141 3144 3881
f 3148 3143 3885
f 3144 3145 3882
f 3145 3146 3883
f 3146 3147 3884
f 3147 3148 3885
f 3141 3878 3877
f 3141 3881 3878
f 3885 3143 3880
f 3144 3882 3881
f 3145 3883 3882
f 3146 3884 3883
f 3147 3885 3884
f 3878 3879 3877
f 3878 3881 3879
f 3881 3882 3879
f 3882 3880 3879
f 3882 3883 3880
f 3883 3884 3880
f 3884 3885 3880
f 3125 3126 3133
f 3133 3126 3135
f 3136 3126 3134
f 3135 3126 3136
f 3138 3139 3134
f 3138 3134 3137
f 3136 3134 3139
f 3125 3866 3126
f 3125 3133 3870
f 3133 3135 3872
f 3135 3136 3873
f 3138 3137 3875
f 3136 3139 3876
f 3138 3875 3139
f 3125 3865 3866
f 3125 3870 3865
f 3133 3872 3870
f 3135 3873 3872
f 3875 3137 3874
f 3136 3876 3873
f 3139 3875 3876
f 3865 3871 3866
f 3865 3870 3871
f 3870 3872 3871
f 3872 3873 3871
f 3873 3874 3871
f 3875 3874 3876
f 3873 3876 3874
f 3116 3117 3118
f 3118 3117 3119
f 3123 3117 3120
f 3119 3117 3122
f 3122 3117 3123
f 3124 3120 3121
f 3123 3120 3124
f 3116 3857 3117
f 3116 3118 3858
f 3118 3119 3859
f 3119 3122 3862
f 3124 3121 3864
f 3122 3123 3863
f 3123 3124 3864
f 3116 3856 3857
f 3116 3858 3856
f 3118 3859 3858
f 3119 3862 3859
f 3864 3121 3861
f 3122 3863 3862
f 3123 3864 3863
f 3856 3860 3857
f 3856 3858 3860
f 3858 3859 3860
f 3859 3862 3860
f 3863 3861 3860
f 3862 3863 3860
f 3863 3864 3861
f 3080 3082 3081
f 3080 3081 3083
f 3083 3081 3084
f 3084 3081 3086
f 3086 3081 3088
f 3088 3081 3085
f 3088 3085 3087
f 3087 3085 3115
f 3080 3823 3082
f 3080 3083 3824
f 3083 3084 3825
f 3084 3086 3827
f 3086 3088 3829
f 3087 3115 3828
f 3088 3087 3828
f 3080 3821 3823
f 3080 3824 3821
f 3083 3825 3824
f 3084 3827 3825
f 3086 3829 3827
f 3088 3828 3829
f 3828 3115 3855
f 3821 3822 3823
f 3821 3824 3822
f 3824 3826 3822
f 3824 3825 3826
f 3825 3827 3826
f 3827 3829 3826
f 3829 3828 3826
f 3828 3855 3826
f 3070 3071 3073
f 3073 3071 3074
f 3074 3071 3072
f 3074 3072 3077
f 3075 3079 3072
f 3076 3072 3079
f 3076 3078 3072
f 3077 3072 3078
f 3070 3812 3071
f 3070 3073 3814
f 3073 3074 3815
f 3074 3077 3818
f 3076 3079 3817
f 3077 3078 3819
f 3076 3817 3078
f 3070 3811 3812
f 3070 3814 3811
f 3073 3815 3814
f 3074 3818 3815
f 3077 3819 3818
f 3078 3817 3819
f 3817 3079 3820
f 3811 3813 3812
f 3811 3814 3813
f 3814 3815 3813
f 3815 3816 3813
f 3817 3820 3816
f 3817 3816 3819
f 3815 3818 3816
f 3818 3819 3816
f 3055 3056 3057
f 3059 3056 3058
f 3057 3056 3059
f 3059 3058 3062
f 3060 3062 3058
f 3060 3058 3061
f 3061 3058 3063
f 3055 3798 3056
f 3055 3057 3799
f 3057 3059 3801
f 3059 3062 3804
f 3061 3063 3803
f 3060 3061 3803
f 3060 3802 3062
f 3055 3797 3798
f 3055 3799 3797
f 3057 3801 3799
f 3059 3804 3801
f 3803 3063 3805
f 3060 3803 3802
f 3062 3802 3804
f 3797 3800 3798
f 3797 3799 3800
f 3799 3801 3800
f 3801 3805 3800
f 3801 3804 3805
f 3802 3805 3804
f 3802 3803 3805
f 748 747 749
f 749 747 751
f 751 747 750
f 748 1488 747
f 748 749 1490
f 749 751 1491
f 748 1489 1488
f 748 1490 1489
f 749 1491 1490
f 1489 3793 1488
f 1489 1490 3793
f 1490 1491 3793
f 3052 750 3053
f 751 750 3052
f 3053 750 3054
f 751 3052 3794
f 3053 3054 3795
f 3052 3053 3795
f 751 3794 1491
f 3795 3054 3796
f 3052 3795 3794
f 1491 3796 3793
f 3794 3795 3796
f 1491 3794 3796
f 739 738 740
f 740 738 741
f 743 738 742
f 743 741 738
f 746 742 744
f 744 742 745
f 743 742 746
f 739 1479 738
f 739 740 1481
f 740 741 1482
f 744 745 1485
f 746 744 1485
f 743 746 1487
f 743 1484 741
f 739 1480 1479
f 739 1481 1480
f 740 1482 1481
f 1485 745 1486
f 746 1485 1487
f 743 1487 1484
f 741 1484 1482
f 1480 1483 1479
f 1480 1481 1483
f 1481 1482 1483
f 1484 1483 1482
f 1484 1486 1483
f 1487 1485 1486
f 1484 1487 1486
f 725 723 724
f 725 724 726
f 726 724 727
f 727 724 732
f 731 724 728
f 731 732 724
f 729 728 730
f 731 728 729
f 725 1464 723
f 725 726 1467
f 726 727 1468
f 729 730 1470
f 731 729 1470
f 727 732 1473
f 731 1472 732
f 725 1466 1464
f 725 1467 1466
f 726 1468 1467
f 1470 730 1471
f 731 1470 1472
f 727 1473 1468
f 732 1472 1473
f 1465 1464 1469
f 1466 1469 1464
f 1466 1467 1469
f 1467 1468 1469
f 1472 1469 1473
f 1472 1470 1471
f 1472 1471 1469
f 1468 1473 1469
f 716 687 714
f 715 687 716
f 716 714 717
f 717 714 721
f 718 719 720
f 722 721 714
f 722 714 719
f 722 719 718
f 715 1425 687
f 715 716 1457
f 716 717 1458
f 718 720 1459
f 717 721 1462
f 722 718 1459
f 722 1463 721
f 715 1456 1425
f 715 1457 1456
f 716 1458 1457
f 1459 720 1461
f 717 1462 1458
f 722 1459 1463
f 721 1463 1462
f 1456 1455 1425
f 1456 1457 1455
f 1457 1460 1455
f 1459 1461 1460
f 1457 1458 1460
f 1458 1462 1460
f 1463 1460 1462
f 1463 1459 1460
f 681 678 679
f 680 678 681
f 681 679 682
f 684 679 683
f 684 686 679
f 682 679 685
f 685 679 686
f 680 1416 678
f 680 681 1419
f 681 682 1420
f 684 1422 686
f 684 683 1422
f 682 685 1423
f 685 686 1424
f 680 1418 1416
f 680 1419 1418
f 681 1420 1419
f 1422 683 1421
f 686 1422 1424
f 682 1423 1420
f 685 1424 1423
f 1418 1417 1416
f 1418 1419 1417
f 1419 1420 1417
f 1420 1421 1417
f 1422 1421 1424
f 1423 1424 1421
f 1420 1423 1421
f 665 664 666
f 669 664 667
f 666 664 669
f 670 667 668
f 676 667 677
f 676 668 667
f 669 667 670
f 665 1399 664
f 665 666 1401
f 666 669 1404
f 669 670 1405
f 670 668 1403
f 676 677 1414
f 676 1414 668
f 665 1400 1399
f 665 1401 1400
f 666 1404 1401
f 668 1414 1403
f 669 1405 1404
f 670 1403 1405
f 1414 677 1415
f 1400 1402 1399
f 1400 1401 1402
f 1401 1404 1402
f 1404 1415 1402
f 1414 1415 1403
f 1405 1403 1415
f 1404 1405 1415
f 662 655 656
f 658 656 657
f 662 656 663
f 658 663 656
f 659 655 660
f 660 655 661
f 661 655 662
f 659 1390 655
f 658 657 1393
f 658 1393 663
f 659 660 1395
f 660 661 1396
f 661 662 1397
f 662 663 1398
f 659 1394 1390
f 1393 657 1392
f 663 1393 1398
f 659 1395 1394
f 660 1396 1395
f 661 1397 1396
f 662 1398 1397
f 1394 1391 1390
f 1394 1395 1391
f 1397 1392 1391
f 1397 1398 1392
f 1393 1392 1398
f 1395 1396 1391
f 1396 1397 1391
f 618 617 616
f 618 616 619
f 619 616 621
f 625 616 620
f 625 622 616
f 621 616 622
f 624 620 623
f 624 625 620
f 618 1351 617
f 618 619 1353
f 619 621 1355
f 621 622 1356
f 624 1358 625
f 624 623 1358
f 625 1359 622
f 618 1352 1351
f 618 1353 1352
f 619 1355 1353
f 621 1356 1355
f 622 1359 1356
f 1358 623 1357
f 625 1358 1359
f 1350 1351 1354
f 1352 1354 1351
f 1352 1353 1354
f 1353 1355 1354
f 1355 1356 1354
f 1359 1354 1356
f 1359 1357 1354
f 1358 1357 1359
f 595 594 596
f 596 594 593
f 596 593 612
f 612 593 613
f 614 593 610
f 615 613 593
f 614 615 593
f 614 610 611
f 595 1328 594
f 595 596 1330
f 596 612 1346
f 612 613 1347
f 614 611 1348
f 614 1348 615
f 615 1349 613
f 595 1329 1328
f 595 1330 1329
f 596 1346 1330
f 612 1347 1346
f 1348 611 1345
f 615 1348 1349
f 613 1349 1347
f 1329 1327 1328
f 1329 1330 1327
f 1330 1344 1327
f 1330 1346 1344
f 1346 1347 1344
f 1348 1345 1344
f 1348 1344 1349
f 1349 1344 1347
f 592 600 591
f 598 599 601
f 602 599 600
f 601 599 602
f 602 600 603
f 604 600 592
f 604 603 600
f 592 591 1326
f 598 1338 599
f 598 601 1340
f 601 602 1341
f 602 603 1342
f 604 1343 603
f 604 592 1326
f 1326 591 1325
f 598 1337 1338
f 598 1340 1337
f 601 1341 1340
f 602 1342 1341
f 603 1343 1342
f 604 1326 1343
f 1343 1326 1325
f 1337 1339 1338
f 1337 1340 1339
f 1340 1341 1339
f 1341 1325 1339
f 1341 1342 1325
f 1343 1325 1342
f 597 528 529
f 597 534 528
f 531 530 532
f 533 530 528
f 532 530 533
f 533 528 535
f 535 528 534
f 597 1336 534
f 531 1276 530
f 531 532 1278
f 532 533 1279
f 533 535 1281
f 535 534 1280
f 597 529 1336
f 1336 529 1275
f 531 1277 1276
f 531 1278 1277
f 532 1279 1278
f 533 1281 1279
f 534 1336 1280
f 535 1280 1281
f 1281 1275 1274
f 1336 1275 1280
f 1277 1274 1276
f 1277 1278 1274
f 1278 1279 1274
f 1279 1281 1274
f 1281 1280 1275
f 521 519 520
f 521 527 519
f 523 522 524
f 524 522 525
f 526 522 519
f 525 522 526
f 526 519 527
f 521 520 1267
f 521 1267 527
f 523 1268 522
f 523 524 1270
f 524 525 1271
f 525 526 1272
f 526 527 1273
f 1267 520 1266
f 523 1269 1268
f 523 1270 1269
f 524 1271 1270
f 525 1272 1271
f 527 1267 1273
f 526 1273 1272
f 1272 1266 1265
f 1267 1266 1273
f 1269 1265 1268
f 1269 1270 1265
f 1270 1271 1265
f 1271 1272 1265
f 1272 1273 1266
f 512 509 511
f 510 509 512
f 512 511 513
f 513 511 517
f 516 514 515
f 518 511 514
f 517 511 518
f 516 518 514
f 510 1255 509
f 510 512 1258
f 512 513 1259
f 516 515 1262
f 513 517 1263
f 516 1262 518
f 517 518 1264
f 510 1256 1255
f 510 1258 1256
f 512 1259 1258
f 1262 515 1261
f 513 1263 1259
f 518 1262 1264
f 517 1264 1263
f 1256 1257 1255
f 1256 1258 1257
f 1258 1260 1257
f 1258 1259 1260
f 1264 1261 1260
f 1262 1261 1264
f 1259 1263 1260
f 1263 1264 1260
f 549 550 552
f 552 550 551
f 556 551 507
f 556 554 551
f 552 551 553
f 553 551 554
f 555 507 508
f 555 556 507
f 549 1299 550
f 549 552 1301
f 552 553 1302
f 553 554 1303
f 555 508 1304
f 555 1304 556
f 556 1305 554
f 1304 508 1254
f 549 1298 1299
f 549 1301 1298
f 552 1302 1301
f 553 1303 1302
f 556 1304 1305
f 554 1305 1303
f 1298 1300 1299
f 1298 1301 1300
f 1301 1253 1300
f 1301 1302 1253
f 1302 1303 1253
f 1305 1254 1253
f 1304 1254 1305
f 1305 1253 1303
f 148 144 145
f 146 144 148
f 150 145 147
f 150 152 145
f 149 145 152
f 148 145 149
f 150 151 152
f 146 879 144
f 146 148 883
f 148 149 884
f 149 152 887
f 150 147 885
f 150 885 151
f 151 886 152
f 146 881 879
f 146 883 881
f 885 147 882
f 148 884 883
f 149 887 884
f 151 885 886
f 152 886 887
f 881 880 879
f 881 883 880
f 883 882 880
f 883 884 882
f 884 887 882
f 885 882 887
f 885 887 886
f 137 135 136
f 137 143 135
f 137 138 143
f 140 139 141
f 141 139 135
f 141 135 142
f 142 135 143
f 137 872 138
f 137 136 872
f 138 873 143
f 140 874 139
f 140 141 876
f 141 142 877
f 142 143 878
f 872 136 871
f 138 872 873
f 143 873 878
f 140 875 874
f 140 876 875
f 141 877 876
f 142 878 877
f 877 871 870
f 872 871 878
f 877 878 871
f 872 878 873
f 875 870 874
f 875 876 870
f 876 877 870
f 132 122 129
f 127 122 128
f 128 122 132
f 115 129 116
f 115 131 129
f 132 129 131
f 115 130 131
f 115 116 850
f 127 859 122
f 127 128 865
f 115 850 130
f 130 867 131
f 128 132 869
f 132 131 868
f 850 116 851
f 127 864 859
f 127 865 864
f 128 869 865
f 130 850 867
f 131 867 868
f 132 868 869
f 864 866 859
f 864 865 866
f 869 851 866
f 850 851 868
f 850 868 867
f 869 868 851
f 865 869 866
f 126 123 119
f 117 119 118
f 126 119 121
f 117 121 119
f 117 120 121
f 124 93 123
f 124 123 125
f 125 123 126
f 117 118 854
f 117 854 120
f 120 857 121
f 124 846 93
f 124 125 862
f 125 126 863
f 126 121 858
f 854 118 855
f 120 854 857
f 121 857 858
f 124 861 846
f 124 862 861
f 125 863 862
f 126 858 863
f 861 856 860
f 861 862 856
f 863 855 856
f 862 863 856
f 863 858 855
f 854 855 858
f 854 858 857
f 861 860 846
f 86 83 84
f 85 83 86
f 86 84 91
f 89 84 87
f 89 92 84
f 89 87 88
f 89 90 92
f 92 91 84
f 85 836 83
f 85 86 839
f 89 88 842
f 89 842 90
f 92 90 843
f 86 91 844
f 92 845 91
f 85 838 836
f 85 839 838
f 842 88 841
f 90 842 843
f 86 844 839
f 91 845 844
f 92 843 845
f 839 840 837
f 838 837 836
f 838 839 837
f 842 841 840
f 842 840 845
f 845 840 844
f 842 845 843
f 839 844 840
f 209 205 203
f 206 204 208
f 208 204 205
f 208 205 207
f 209 211 205
f 207 205 211
f 209 210 211
f 209 203 947
f 206 942 204
f 206 208 946
f 208 207 945
f 207 211 949
f 209 947 210
f 210 948 211
f 947 203 941
f 206 944 942
f 206 946 944
f 208 945 946
f 207 949 945
f 210 947 948
f 211 948 949
f 947 941 949
f 944 943 942
f 944 946 943
f 946 941 943
f 946 945 941
f 945 949 941
f 947 949 948
f 188 181 189
f 183 182 184
f 184 182 181
f 184 181 188
f 186 181 185
f 186 189 181
f 186 187 189
f 183 916 182
f 183 184 918
f 184 188 922
f 186 185 920
f 186 920 187
f 187 921 189
f 188 189 923
f 183 917 916
f 183 918 917
f 184 922 918
f 920 185 919
f 187 920 921
f 189 921 923
f 188 923 922
f 922 919 915
f 917 915 916
f 917 918 915
f 918 922 915
f 920 919 923
f 920 923 921
f 922 923 919
f 191 190 197
f 197 190 198
f 194 192 193
f 198 190 192
f 194 195 192
f 194 196 195
f 198 192 195
f 191 928 190
f 191 197 935
f 194 193 932
f 194 932 196
f 196 934 195
f 198 195 933
f 197 198 936
f 191 929 928
f 191 935 929
f 932 193 931
f 196 932 934
f 195 934 933
f 198 933 936
f 197 936 935
f 929 930 928
f 929 935 930
f 932 931 933
f 936 931 930
f 935 936 930
f 936 933 931
f 932 933 934
f 7 6 5
f 7 5 8
f 13 5 9
f 8 5 13
f 11 9 10
f 11 14 9
f 11 12 14
f 13 9 14
f 7 759 6
f 7 8 761
f 11 10 764
f 11 764 12
f 8 13 766
f 13 14 767
f 12 765 14
f 7 760 759
f 7 761 760
f 8 766 761
f 764 10 763
f 12 764 765
f 13 767 766
f 14 765 767
f 758 759 762
f 760 762 759
f 760 761 762
f 761 766 762
f 766 763 762
f 764 763 767
f 764 767 765
f 766 767 763
f 69 59 68
f 69 71 59
f 60 58 59
f 57 58 60
f 71 61 59
f 60 59 61
f 69 68 4
f 69 70 71
f 57 795 58
f 57 60 797
f 60 61 798
f 69 4 806
f 69 806 70
f 70 807 71
f 71 808 61
f 57 794 795
f 57 797 794
f 60 798 797
f 806 4 757
f 70 806 807
f 71 807 808
f 61 808 798
f 794 796 795
f 794 797 796
f 797 805 796
f 797 798 805
f 806 757 805
f 808 805 798
f 806 805 808
f 806 808 807
f 65 62 56
f 65 67 62
f 63 37 62
f 36 37 63
f 63 62 64
f 64 62 67
f 65 66 67
f 36 772 37
f 36 63 800
f 63 64 801
f 65 56 802
f 65 802 66
f 66 803 67
f 64 67 804
f 36 771 772
f 36 800 771
f 63 801 800
f 802 56 793
f 66 802 803
f 67 803 804
f 64 804 801
f 800 793 799
f 771 799 772
f 771 800 799
f 800 801 793
f 802 793 804
f 801 804 793
f 802 804 803
f 49 48 50
f 50 48 47
f 50 47 55
f 52 47 51
f 52 54 47
f 52 53 54
f 54 55 47
f 49 783 48
f 49 50 785
f 50 55 790
f 52 51 787
f 52 787 53
f 54 789 55
f 53 788 54
f 49 784 783
f 49 785 784
f 50 790 785
f 787 51 786
f 53 787 788
f 55 789 790
f 54 788 789
f 790 786 782
f 784 782 783
f 784 785 782
f 785 790 782
f 787 786 789
f 787 789 788
f 789 786 790
f 46 38 40
f 41 40 39
f 46 40 43
f 41 43 40
f 41 42 43
f 44 38 45
f 45 38 46
f 44 773 38
f 41 39 776
f 41 776 42
f 42 777 43
f 46 43 778
f 44 45 780
f 45 46 781
f 776 39 774
f 42 776 777
f 46 778 781
f 43 777 778
f 44 779 773
f 44 780 779
f 45 781 780
f 779 775 773
f 779 780 775
f 776 774 778
f 781 774 775
f 780 781 775
f 781 778 774
f 776 778 777
f 355 354 356
f 361 249 354
f 355 361 354
f 355 359 361
f 355 357 359
f 357 358 359
f 360 250 249
f 360 249 361
f 360 996 250
f 355 1104 357
f 355 356 1104
f 357 1106 358
f 358 1107 359
f 360 361 1110
f 361 359 1108
f 1104 356 1105
f 357 1104 1106
f 358 1106 1107
f 359 1107 1108
f 360 1109 996
f 360 1110 1109
f 361 1108 1110
f 1109 1103 995
f 1104 1105 1110
f 1110 1105 1103
f 1109 1110 1103
f 1104 1110 1108
f 1104 1108 1106
f 1106 1108 1107
f 1109 995 996
f 253 251 252
f 255 256 254
f 255 259 256
f 255 257 260
f 257 258 260
f 259 252 256
f 253 252 259
f 255 260 259
f 253 997 251
f 255 254 1001
f 255 1001 257
f 257 1003 258
f 253 259 1005
f 258 1004 260
f 260 1006 259
f 253 999 997
f 1001 254 1000
f 257 1001 1003
f 258 1003 1004
f 253 1005 999
f 260 1004 1006
f 259 1006 1005
f 999 998 997
f 1001 1000 1002
f 1001 1002 1005
f 1001 1006 1003
f 1003 1006 1004
f 999 1002 998
f 999 1005 1002
f 1001 1005 1006
f 263 262 261
f 263 261 277
f 273 261 272
f 273 277 261
f 273 276 277
f 273 274 276
f 274 275 276
f 263 1008 262
f 273 272 1019
f 273 1019 274
f 274 1020 275
f 275 1021 276
f 263 277 1023
f 277 276 1022
f 263 1009 1008
f 263 1023 1009
f 1019 272 1018
f 274 1019 1020
f 275 1020 1021
f 276 1021 1022
f 277 1022 1023
f 1009 1018 1007
f 1009 1007 1008
f 1019 1018 1023
f 1009 1023 1018
f 1019 1023 1022
f 1019 1022 1020
f 1020 1022 1021
f 322 264 265
f 322 265 269
f 267 265 266
f 267 268 271
f 267 269 265
f 267 271 269
f 268 270 271
f 322 1010 264
f 267 266 1013
f 267 1013 268
f 268 1014 270
f 322 269 1015
f 270 1016 271
f 271 1017 269
f 322 1015 1061
f 1013 266 1012
f 268 1013 1014
f 270 1014 1016
f 269 1017 1015
f 271 1016 1017
f 322 1061 1010
f 1061 1011 1010
f 1061 1015 1011
f 1013 1012 1015
f 1013 1017 1014
f 1015 1012 1011
f 1013 1015 1017
f 1014 1017 1016
f 301 300 328
f 323 325 324
f 323 328 325
f 323 326 329
f 323 329 328
f 326 327 329
f 328 300 325
f 301 1034 300
f 323 324 1062
f 323 1062 326
f 326 1065 327
f 327 1066 329
f 301 328 1067
f 328 329 1068
f 301 1035 1034
f 1062 324 1063
f 326 1062 1065
f 327 1065 1066
f 301 1067 1035
f 328 1068 1067
f 329 1066 1068
f 1035 1064 1034
f 1062 1063 1067
f 1067 1063 1064
f 1062 1068 1065
f 1062 1067 1068
f 1065 1068 1066
f 1035 1067 1064
f 304 302 303
f 309 306 302
f 304 309 302
f 304 311 309
f 308 307 306
f 308 306 309
f 304 305 311
f 305 310 311
f 304 303 1038
f 304 1038 305
f 308 1041 307
f 308 309 1043
f 305 1039 310
f 310 1044 311
f 309 311 1045
f 1038 303 1037
f 305 1038 1039
f 308 1042 1041
f 308 1043 1042
f 309 1045 1043
f 310 1039 1044
f 311 1044 1045
f 1042 1036 1040
f 1038 1037 1043
f 1043 1037 1036
f 1042 1043 1036
f 1038 1043 1045
f 1042 1040 1041
f 1038 1045 1039
f 1039 1045 1044
f 315 313 314
f 315 312 313
f 315 316 318
f 315 321 312
f 315 318 321
f 316 317 318
f 320 319 312
f 320 312 321
f 315 314 1049
f 315 1049 316
f 316 1050 317
f 317 1051 318
f 321 318 1052
f 320 1053 319
f 320 321 1055
f 1049 314 1048
f 316 1049 1050
f 317 1050 1051
f 318 1051 1052
f 320 1054 1053
f 320 1055 1054
f 321 1052 1055
f 1054 1047 1046
f 1049 1048 1047
f 1049 1047 1055
f 1049 1052 1050
f 1049 1055 1052
f 1054 1055 1047
f 1050 1052 1051
f 1054 1046 1053
f 408 398 397
f 400 399 398
f 408 412 398
f 400 398 412
f 408 409 410
f 408 410 412
f 409 411 410
f 408 397 1143
f 400 1134 399
f 400 412 1147
f 408 1143 409
f 409 1144 411
f 410 1145 412
f 410 411 1146
f 1143 397 1132
f 400 1135 1134
f 400 1147 1135
f 409 1143 1144
f 411 1144 1146
f 410 1146 1145
f 412 1145 1147
f 1143 1132 1147
f 1135 1133 1134
f 1135 1132 1133
f 1135 1147 1132
f 1143 1145 1144
f 1143 1147 1145
f 1144 1145 1146
f 402 403 401
f 415 416 403
f 402 404 403
f 415 403 404
f 402 405 407
f 402 407 404
f 405 406 407
f 402 401 1137
f 415 404 1139
f 402 1137 405
f 405 1140 406
f 406 1141 407
f 407 1142 404
f 415 1154 416
f 1137 401 1136
f 405 1137 1140
f 406 1140 1141
f 407 1141 1142
f 404 1142 1139
f 415 1153 1154
f 415 1139 1153
f 1137 1136 1139
f 1153 1138 1154
f 1139 1136 1138
f 1153 1139 1138
f 1137 1142 1140
f 1137 1139 1142
f 1140 1142 1141
f 417 414 413
f 417 424 414
f 417 418 423
f 418 419 423
f 424 420 414
f 421 420 424
f 417 423 424
f 417 413 1155
f 417 1155 418
f 418 1156 419
f 421 1158 420
f 421 424 1162
f 423 1161 424
f 423 419 1157
f 1155 413 1151
f 418 1155 1156
f 419 1156 1157
f 421 1159 1158
f 421 1162 1159
f 424 1161 1162
f 423 1157 1161
f 1155 1151 1162
f 1162 1151 1152
f 1155 1161 1156
f 1156 1161 1157
f 1159 1152 1158
f 1159 1162 1152
f 1155 1162 1161
f 457 459 458
f 460 456 422
f 460 463 456
f 460 461 464
f 461 462 464
f 463 458 456
f 457 458 463
f 460 464 463
f 457 1200 459
f 460 422 1201
f 460 1201 461
f 461 1202 462
f 457 463 1204
f 462 1203 464
f 463 464 1205
f 1201 422 1160
f 457 1198 1200
f 461 1201 1202
f 462 1202 1203
f 457 1204 1198
f 464 1203 1205
f 463 1205 1204
f 1198 1197 1199
f 1198 1199 1200
f 1204 1160 1197
f 1201 1160 1204
f 1201 1205 1202
f 1202 1205 1203
f 1198 1204 1197
f 1201 1204 1205
f 467 466 465
f 467 470 466
f 467 468 474
f 468 469 474
f 471 472 470
f 467 473 470
f 473 471 470
f 467 474 473
f 467 465 1208
f 467 1208 468
f 468 1209 469
f 471 1213 472
f 473 1214 471
f 469 1210 474
f 473 474 1215
f 1208 465 1206
f 468 1208 1209
f 469 1209 1210
f 471 1212 1213
f 471 1214 1212
f 474 1210 1215
f 473 1215 1214
f 1208 1206 1207
f 1208 1207 1214
f 1208 1215 1209
f 1209 1215 1210
f 1212 1207 1211
f 1212 1211 1213
f 1214 1207 1212
f 1208 1214 1215
f 481 483 480
f 481 482 486
f 481 487 483
f 484 485 483
f 487 484 483
f 481 486 487
f 482 488 486
f 481 480 1222
f 481 1222 482
f 484 1226 485
f 487 1228 484
f 487 486 1227
f 482 1223 488
f 486 488 1229
f 1222 480 1221
f 482 1222 1223
f 484 1225 1226
f 484 1228 1225
f 487 1227 1228
f 488 1223 1229
f 486 1229 1227
f 1222 1221 1228
f 1222 1227 1223
f 1225 1221 1224
f 1228 1221 1225
f 1225 1224 1226
f 1222 1228 1227
f 1223 1227 1229
f 490 1534 489
f 490 491 1536
f 490 489 1231
f 490 1231 491
f 491 1232 1538
f 1231 489 1230
f 491 1231 1232
f 1232 2281 1538
f 2278 1230 2277
f 1231 1230 2278
f 1231 2279 1232
f 490 1535 1534
f 1535 1537 1534
f 490 1536 1535
f 491 1538 1536
f 1535 2280 1537
f 1536 1538 2281
f 1535 1536 2279
f 1535 2278 2280
f 1536 2281 2279
f 1535 2279 2278
f 2278 2277 2280
f 1231 2278 2279
f 1232 2279 2281
f 1539 1541 1540
f 1539 1547 1541
f 1539 1542 1544
f 1542 1543 1545
f 1539 1544 1547
f 1542 1545 1544
f 1543 1546 1545
f 1539 1540 2282
f 1539 2282 1542
f 1542 2285 1543
f 1544 2290 1547
f 1545 2288 1544
f 1543 2286 1546
f 1545 1546 2289
f 2282 1540 2283
f 1542 2282 2285
f 1543 2285 2286
f 1544 2287 2290
f 1544 2288 2287
f 1546 2286 2289
f 1545 2289 2288
f 2282 2283 2284
f 2282 2287 2285
f 2282 2284 2287
f 2285 2288 2286
f 2287 2284 2290
f 2285 2287 2288
f 2286 2288 2289
f 1554 1556 1555
f 1554 1559 1556
f 1554 1557 1560
f 1557 1558 1563
f 1554 1560 1559
f 1560 1561 1559
f 1557 1563 1560
f 1558 1562 1563
f 1554 1555 2296
f 1554 2296 1557
f 1557 2299 1558
f 1558 2300 1562
f 1560 2303 1561
f 1562 2304 1563
f 1560 1563 2305
f 2296 1555 2297
f 1557 2296 2299
f 1558 2299 2300
f 1562 2300 2304
f 1560 2302 2303
f 1563 2304 2305
f 1560 2305 2302
f 2296 2297 2298
f 2296 2302 2299
f 2296 2298 2302
f 2299 2305 2300
f 2302 2298 2301
f 2302 2301 2303
f 2299 2302 2305
f 2300 2305 2304
f 1564 1565 1566
f 1564 1567 1565
f 1564 1568 1570
f 1568 1569 1572
f 1564 1570 1567
f 1570 1599 1567
f 1568 1572 1570
f 1569 1571 1572
f 1564 1566 2306
f 1564 2306 1568
f 1568 2310 1569
f 1569 2311 1571
f 1571 2313 1572
f 1570 1572 2314
f 1570 2340 1599
f 2306 1566 2308
f 1568 2306 2310
f 1569 2310 2311
f 1571 2311 2313
f 1570 2312 2340
f 1572 2313 2314
f 1570 2314 2312
f 2306 2308 2307
f 2306 2312 2310
f 2306 2307 2312
f 2310 2314 2311
f 2312 2307 2309
f 2312 2309 2340
f 2310 2312 2314
f 2311 2314 2313
f 1600 1604 1601
f 1600 1602 1606
f 1602 1603 1607
f 1600 1606 1604
f 1606 1605 1604
f 1602 1607 1606
f 1603 1608 1607
f 1600 2341 1602
f 1600 1601 2341
f 1602 2343 1603
f 1603 2344 1608
f 1606 2346 1605
f 1607 2348 1606
f 1608 2349 1607
f 2341 1601 2342
f 1602 2341 2343
f 1603 2343 2344
f 1608 2344 2349
f 1606 2347 2346
f 1606 2348 2347
f 1607 2349 2348
f 2341 2342 2345
f 2341 2347 2343
f 2343 2348 2344
f 2341 2345 2347
f 2347 2345 2346
f 2343 2347 2348
f 2344 2348 2349
f 1609 1614 1610
f 1609 1616 1614
f 1609 1615 1617
f 1609 1617 1616
f 1615 1618 1620
f 1618 1619 1620
f 1615 1620 1617
f 1609 1610 2350
f 1609 2350 1615
f 1617 2354 1616
f 1615 2353 1618
f 1618 2356 1619
f 1619 2357 1620
f 1617 1620 2358
f 2350 1610 2351
f 1615 2350 2353
f 1617 2355 2354
f 1618 2353 2356
f 1619 2356 2357
f 1620 2357 2358
f 1617 2358 2355
f 2350 2351 2352
f 2350 2352 2355
f 2350 2355 2353
f 2355 2352 2354
f 2353 2358 2356
f 2356 2358 2357
f 2353 2355 2358
f 1622 1623 1621
f 1622 1624 1623
f 1622 1625 1629
f 1622 1629 1624
f 1625 1626 1628
f 1626 1627 1628
f 1625 1628 1629
f 1622 1621 2360
f 1622 2360 1625
f 1629 2362 1624
f 1625 2363 1626
f 1626 2364 1627
f 1628 2366 1629
f 1627 2365 1628
f 2360 1621 2359
f 1625 2360 2363
f 1629 2367 2362
f 1626 2363 2364
f 1627 2364 2365
f 1628 2365 2366
f 1629 2366 2367
f 2360 2359 2361
f 2360 2361 2367
f 2360 2367 2363
f 2367 2361 2362
f 2363 2366 2364
f 2364 2366 2365
f 2363 2367 2366
f 1661 1663 1660
f 1661 1666 1663
f 1661 1662 1668
f 1662 1669 1668
f 1662 1664 1669
f 1664 1665 1669
f 1661 1668 1666
f 1668 1667 1666
f 1661 1660 2398
f 1661 2398 1662
f 1662 2399 1664
f 1664 2401 1665
f 1665 2402 1669
f 1668 2404 1667
f 1669 2406 1668
f 2398 1660 2397
f 1662 2398 2399
f 1664 2399 2401
f 1665 2401 2402
f 1668 2405 2404
f 1668 2406 2405
f 1669 2402 2406
f 2398 2397 2400
f 2398 2400 2405
f 2398 2405 2399
f 2399 2405 2406
f 2399 2406 2401
f 2401 2406 2402
f 2405 2400 2403
f 2405 2403 2404
f 1672 1670 1671
f 1672 1676 1670
f 1672 1673 1678
f 1672 1678 1676
f 1673 1679 1678
f 1673 1674 1679
f 1674 1675 1679
f 1678 1677 1676
f 1672 1671 2409
f 1672 2409 1673
f 1673 2410 1674
f 1674 2411 1675
f 1675 2412 1679
f 1678 2414 1677
f 1678 1679 2416
f 2409 1671 2408
f 1673 2409 2410
f 1674 2410 2411
f 1675 2411 2412
f 1679 2412 2416
f 1678 2415 2414
f 1678 2416 2415
f 2409 2408 2407
f 2409 2407 2415
f 2415 2407 2413
f 2409 2415 2410
f 2410 2415 2416
f 2410 2416 2411
f 2411 2416 2412
f 2415 2413 2414
f 1681 1690 1680
f 1681 1688 1693
f 1681 1694 1690
f 1681 1693 1694
f 1688 1689 1692
f 1688 1692 1693
f 1689 1691 1692
f 1681 1680 2418
f 1681 2418 1688
f 1688 2430 1689
f 1689 2431 1691
f 1691 2433 1692
f 1693 1692 2434
f 1693 2436 1694
f 2418 1680 2417
f 1688 2418 2430
f 1689 2430 2431
f 1691 2431 2433
f 1692 2433 2434
f 1693 2435 2436
f 1693 2434 2435
f 2418 2417 2432
f 2418 2435 2430
f 2418 2432 2435
f 2430 2434 2431
f 2430 2435 2434
f 2431 2434 2433
f 2435 2432 2436
f 1695 1712 1711
f 1695 1716 1712
f 1695 1713 1717
f 1713 1714 1718
f 1714 1715 1718
f 1695 1717 1716
f 1713 1718 1717
f 1695 1711 2437
f 1695 2437 1713
f 1713 2462 1714
f 1714 2463 1715
f 1717 2465 1716
f 1715 2464 1718
f 1717 1718 2467
f 2437 1711 2460
f 1713 2437 2462
f 1714 2462 2463
f 1715 2463 2464
f 1717 2466 2465
f 1717 2467 2466
f 1718 2464 2467
f 2437 2460 2461
f 2437 2461 2466
f 2437 2466 2462
f 2462 2467 2463
f 2463 2467 2464
f 2462 2466 2467
f 2466 2461 2465
f 1720 1721 1719
f 1720 1725 1721
f 1720 1722 1726
f 1720 1726 1725
f 1722 1727 1726
f 1722 1723 1727
f 1723 1724 1727
f 1720 1719 2469
f 1720 2469 1722
f 1722 2471 1723
f 1723 2472 1724
f 1724 2473 1727
f 1726 2474 1725
f 1727 2476 1726
f 2469 1719 2468
f 1722 2469 2471
f 1723 2471 2472
f 1724 2472 2473
f 1727 2473 2476
f 1726 2475 2474
f 1726 2476 2475
f 2469 2468 2470
f 2469 2470 2475
f 2469 2475 2471
f 2471 2475 2476
f 2471 2476 2472
f 2472 2476 2473
f 2475 2470 2474
f 1729 1730 1728
f 1729 1734 1730
f 1729 1731 1733
f 1731 1732 1736
f 1729 1733 1734
f 1733 1737 1734
f 1731 1736 1733
f 1732 1735 1736
f 1729 1728 2478
f 1729 2478 1731
f 1731 2480 1732
f 1732 2481 1735
f 1735 2484 1736
f 1733 1736 2485
f 1733 2486 1737
f 2478 1728 2477
f 1731 2478 2480
f 1732 2480 2481
f 1735 2481 2484
f 1736 2484 2485
f 1733 2485 2482
f 1733 2482 2486
f 2478 2477 2479
f 2478 2479 2482
f 2478 2482 2480
f 2480 2485 2481
f 2482 2479 2483
f 2482 2483 2486
f 2480 2482 2485
f 2481 2485 2484
f 1760 1738 1739
f 1760 1762 1738
f 1760 1761 1763
f 1760 1763 1762
f 1761 1767 1763
f 1763 1764 1762
f 1761 1765 1767
f 1765 1766 1767
f 1760 1739 2512
f 1760 2512 1761
f 1761 2513 1765
f 1763 2516 1764
f 1765 2517 1766
f 1766 2518 1767
f 1763 1767 2519
f 2512 1739 2488
f 1761 2512 2513
f 1765 2513 2517
f 1763 2515 2516
f 1763 2519 2515
f 1766 2517 2518
f 1767 2518 2519
f 2512 2488 2487
f 2512 2487 2515
f 2515 2487 2514
f 2512 2515 2513
f 2513 2515 2519
f 2515 2514 2516
f 2513 2519 2517
f 2517 2519 2518
f 1796 1802 1799
f 1796 1797 1802
f 1797 1798 1803
f 1797 1803 1802
f 1798 1800 1804
f 1800 1801 1804
f 1798 1804 1803
f 1796 1799 2534
f 1796 2534 1797
f 1797 2535 1798
f 1798 2536 1800
f 1800 2538 1801
f 1801 2539 1804
f 1804 2541 1803
f 1797 2534 2535
f 1798 2535 2536
f 2534 1799 2537
f 1800 2536 2538
f 1801 2538 2539
f 1804 2539 2542
f 1804 2542 2541
f 2534 2537 2535
f 2535 2537 2540
f 2535 2540 2536
f 2536 2540 2542
f 2536 2542 2538
f 2538 2542 2539
f 2542 2540 2541
f 1805 1807 1808
f 1805 1808 1806
f 1807 1809 1811
f 1807 1811 1808
f 1809 1810 1812
f 1809 1812 1811
f 1810 1813 1812
f 1805 2543 1807
f 1805 1806 2543
f 1807 2545 1809
f 1809 2547 1810
f 1810 2548 1813
f 1812 2549 1811
f 1813 2551 1812
f 2543 1806 2544
f 1807 2543 2545
f 1809 2545 2547
f 1810 2547 2548
f 1813 2548 2551
f 1812 2550 2549
f 1812 2551 2550
f 2543 2544 2545
f 2545 2544 2546
f 2545 2546 2547
f 2547 2546 2550
f 2547 2550 2548
f 2550 2546 2549
f 2548 2550 2551
f 1814 1823 1815
f 1814 1822 1823
f 1822 1824 1828
f 1822 1828 1823
f 1824 1825 1827
f 1824 1827 1828
f 1825 1826 1827
f 1814 1815 2552
f 1814 2552 1822
f 1822 2562 1824
f 1824 2564 1825
f 1825 2565 1826
f 1826 2566 1827
f 1827 2568 1828
f 2552 1815 2553
f 1822 2552 2562
f 1824 2562 2564
f 1825 2564 2565
f 1826 2565 2566
f 1827 2567 2568
f 1827 2566 2567
f 2552 2553 2562
f 2562 2553 2563
f 2562 2563 2564
f 2564 2563 2567
f 2567 2563 2568
f 2564 2567 2565
f 2565 2567 2566
f 1829 1832 1830
f 1829 1831 1832
f 1831 1835 1832
f 1831 1833 1835
f 1833 1834 1836
f 1833 1836 1835
f 1834 1837 1836
f 1836 1843 1835
f 1829 1830 2569
f 1829 2569 1831
f 1831 2571 1833
f 1833 2573 1834
f 1834 2574 1837
f 1837 2577 1836
f 1836 2599 1843
f 2569 1830 2570
f 1831 2569 2571
f 1833 2571 2573
f 1834 2573 2574
f 1837 2574 2577
f 1836 2577 2576
f 1836 2576 2599
f 2569 2570 2571
f 2571 2570 2572
f 2571 2572 2573
f 2573 2572 2576
f 2576 2572 2575
f 2573 2576 2574
f 2574 2576 2577
f 2576 2575 2599
f 1844 1845 1846
f 1844 1850 1845
f 1844 1847 1850
f 1847 1848 1850
f 1848 1849 1853
f 1848 1851 1850
f 1848 1853 1851
f 1849 1852 1853
f 1844 1846 2600
f 1844 2600 1847
f 1847 2603 1848
f 1848 2604 1849
f 1849 2605 1852
f 1853 2607 1851
f 1852 2608 1853
f 2600 1846 2602
f 1847 2600 2603
f 1848 2603 2604
f 1849 2604 2605
f 1852 2605 2608
f 1853 2609 2607
f 1853 2608 2609
f 2600 2602 2601
f 2600 2601 2603
f 2603 2601 2604
f 2604 2601 2606
f 2604 2609 2605
f 2604 2606 2609
f 2609 2606 2607
f 2605 2609 2608
f 1886 1891 1887
f 1886 1888 1891
f 1888 1889 1893
f 1888 1893 1891
f 1889 1890 1892
f 1890 1894 1892
f 1889 1892 1893
f 1886 2627 1888
f 1886 1887 2627
f 1888 2629 1889
f 1889 2630 1890
f 1890 2631 1894
f 1894 2635 1892
f 1892 2634 1893
f 1888 2627 2629
f 2627 1887 2628
f 1889 2629 2630
f 1890 2630 2631
f 1894 2631 2635
f 1892 2635 2633
f 1892 2633 2634
f 2627 2628 2629
f 2629 2628 2632
f 2629 2632 2630
f 2630 2632 2633
f 2630 2633 2631
f 2631 2633 2635
f 2633 2632 2634
f 1899 1902 1900
f 1899 1901 1902
f 1901 1906 1902
f 1901 1903 1906
f 1903 1904 1907
f 1903 1907 1906
f 1904 1905 1907
f 1899 1900 2636
f 1899 2636 1901
f 1901 2638 1903
f 1903 2640 1904
f 1904 2641 1905
f 1905 2642 1907
f 1907 2643 1906
f 2636 1900 2637
f 1901 2636 2638
f 1903 2638 2640
f 1904 2640 2641
f 1905 2641 2642
f 1907 2642 2644
f 1907 2644 2643
f 2636 2637 2638
f 2638 2637 2639
f 2638 2639 2640
f 2640 2639 2644
f 2640 2644 2641
f 2644 2639 2643
f 2641 2644 2642
f 1912 1913 1911
f 1912 1914 1913
f 1914 1916 1913
f 1914 1915 1916
f 1915 1917 1919
f 1915 1919 1916
f 1917 1918 1919
f 1912 1911 2653
f 1912 2653 1914
f 1914 2655 1915
f 1915 2656 1917
f 1919 2657 1916
f 1917 2658 1918
f 1918 2659 1919
f 2653 1911 2652
f 1914 2653 2655
f 1915 2655 2656
f 1917 2656 2658
f 1919 2660 2657
f 1918 2658 2659
f 1919 2659 2660
f 2653 2652 2655
f 2655 2652 2654
f 2655 2654 2656
f 2656 2654 2660
f 2656 2660 2658
f 2660 2654 2657
f 2658 2660 2659
f 1937 1939 1938
f 1937 1940 1944
f 1937 1944 1939
f 1940 1941 1944
f 1941 1942 1946
f 1941 1946 1944
f 1942 1943 1946
f 1946 1945 1944
f 1937 1938 2693
f 1937 2693 1940
f 1940 2696 1941
f 1941 2697 1942
f 1942 2698 1943
f 1946 2701 1945
f 1943 2699 1946
f 2693 1938 2694
f 1940 2693 2696
f 1941 2696 2697
f 1942 2697 2698
f 1943 2698 2699
f 1946 2702 2701
f 1946 2699 2702
f 2693 2694 2695
f 2693 2695 2696
f 2696 2695 2697
f 2697 2695 2702
f 2702 2695 2700
f 2697 2702 2698
f 2698 2702 2699
f 2702 2700 2701
f 1969 1970 1947
f 1969 1973 1970
f 1969 1971 1973
f 1971 1972 1973
f 1972 1977 1973
f 1972 1976 1977
f 1972 1974 1976
f 1974 1975 1976
f 1969 1947 2709
f 1969 2709 1971
f 1971 2711 1972
f 1972 2712 1974
f 1974 2714 1975
f 1975 2715 1976
f 1976 2717 1977
f 2709 1947 2703
f 1971 2709 2711
f 1972 2711 2712
f 1974 2712 2714
f 1975 2714 2715
f 1976 2715 2716
f 1976 2716 2717
f 2709 2703 2710
f 2709 2710 2711
f 2711 2710 2712
f 2712 2710 2713
f 2712 2713 2716
f 2712 2716 2714
f 2714 2716 2715
f 2716 2713 2717
f 1979 1980 1982
f 1979 1982 1978
f 1980 1981 1988
f 1980 1988 1982
f 1981 1983 1987
f 1981 1987 1988
f 1983 1984 1987
f 1979 1978 2719
f 1979 2719 1980
f 1980 2720 1981
f 1981 2721 1983
f 1983 2723 1984
f 1984 2724 1987
f 1987 2726 1988
f 2719 1978 2718
f 1980 2719 2720
f 1981 2720 2721
f 1983 2721 2723
f 1984 2723 2724
f 1987 2724 2725
f 1987 2725 2726
f 2719 2718 2720
f 2720 2718 2722
f 2720 2722 2721
f 2721 2722 2725
f 2725 2722 2726
f 2721 2725 2723
f 2723 2725 2724
f 1996 2000 1995
f 1996 1997 2000
f 1997 1998 2002
f 1997 2002 2000
f 1998 1999 2003
f 1998 2003 2002
f 1999 2001 2003
f 1996 1995 2734
f 1996 2734 1997
f 1997 2735 1998
f 1998 2736 1999
f 1999 2737 2001
f 2003 2740 2002
f 2001 2739 2003
f 2734 1995 2733
f 1997 2734 2735
f 1998 2735 2736
f 1999 2736 2737
f 2001 2737 2739
f 2003 2741 2740
f 2003 2739 2741
f 2734 2733 2735
f 2735 2733 2738
f 2735 2738 2736
f 2736 2738 2741
f 2741 2738 2740
f 2736 2741 2737
f 2737 2741 2739
f 2005 2007 2006
f 2005 2006 2004
f 2007 2009 2006
f 2007 2008 2009
f 2008 2010 2012
f 2008 2012 2009
f 2010 2011 2012
f 2005 2004 2743
f 2005 2743 2007
f 2007 2745 2008
f 2008 2746 2010
f 2012 2747 2009
f 2010 2748 2011
f 2011 2749 2012
f 2743 2004 2742
f 2007 2743 2745
f 2008 2745 2746
f 2010 2746 2748
f 2011 2748 2749
f 2012 2749 2750
f 2012 2750 2747
f 2743 2742 2745
f 2745 2742 2744
f 2745 2744 2746
f 2746 2744 2750
f 2746 2750 2748
f 2750 2744 2747
f 2748 2750 2749
f 2028 2030 2029
f 2027 2030 2028
f 2027 2056 2030
f 2027 2031 2056
f 2031 2032 2056
f 2032 2033 2057
f 2032 2057 2056
f 2033 2034 2057
f 2027 2028 2780
f 2028 2029 2780
f 2027 2779 2031
f 2031 2783 2032
f 2032 2784 2033
f 2033 2785 2034
f 2034 2806 2057
f 2027 2780 2779
f 2780 2029 2781
f 2031 2779 2783
f 2032 2783 2784
f 2033 2784 2785
f 2034 2785 2786
f 2034 2786 2806
f 2779 2780 2781
f 2779 2781 2782
f 2779 2782 2783
f 2783 2782 2784
f 2784 2782 2805
f 2784 2805 2785
f 2785 2805 2786
f 2786 2805 2806
f 2060 2059 2061
f 2060 2061 2058
f 2059 2065 2061
f 2059 2062 2065
f 2062 2063 2065
f 2063 2064 2067
f 2063 2067 2065
f 2064 2066 2067
f 2060 2058 2809
f 2060 2809 2059
f 2059 2808 2062
f 2062 2811 2063
f 2063 2812 2064
f 2064 2813 2066
f 2066 2816 2067
f 2809 2058 2807
f 2059 2809 2808
f 2062 2808 2811
f 2063 2811 2812
f 2064 2812 2813
f 2066 2813 2815
f 2066 2815 2816
f 2808 2807 2810
f 2809 2807 2808
f 2808 2810 2811
f 2811 2810 2812
f 2812 2810 2814
f 2812 2814 2813
f 2813 2814 2815
f 2815 2814 2816
f 2069 2074 2070
f 2069 2068 2074
f 2068 2071 2074
f 2071 2072 2076
f 2072 2073 2076
f 2071 2076 2074
f 2073 2075 2076
f 2069 2818 2068
f 2069 2070 2818
f 2068 2817 2071
f 2071 2820 2072
f 2072 2821 2073
f 2073 2822 2075
f 2075 2825 2076
f 2068 2818 2817
f 2818 2070 2819
f 2071 2817 2820
f 2072 2820 2821
f 2073 2821 2822
f 2075 2822 2824
f 2075 2824 2825
f 2817 2819 2820
f 2818 2819 2817
f 2820 2819 2823
f 2820 2823 2821
f 2821 2823 2822
f 2822 2823 2824
f 2824 2823 2825
f 2077 2083 2078
f 2079 2083 2077
f 2079 2080 2083
f 2080 2081 2084
f 2081 2082 2084
f 2080 2084 2083
f 2082 2109 2084
f 2077 2078 2826
f 2079 2077 2826
f 2079 2828 2080
f 2080 2829 2081
f 2081 2830 2082
f 2082 2831 2109
f 2109 2833 2084
f 2079 2826 2828
f 2826 2078 2827
f 2080 2828 2829
f 2081 2829 2830
f 2082 2830 2831
f 2109 2831 2851
f 2109 2851 2833
f 2828 2826 2827
f 2828 2827 2829
f 2829 2827 2832
f 2829 2832 2830
f 2830 2832 2831
f 2831 2832 2851
f 2851 2832 2833
f 2110 2113 2111
f 2112 2114 2113
f 2110 2112 2113
f 2114 2123 2113
f 2114 2115 2123
f 2115 2116 2123
f 2116 2122 2123
f 2110 2852 2112
f 2110 2111 2852
f 2112 2854 2114
f 2114 2856 2115
f 2115 2857 2116
f 2116 2858 2122
f 2122 2860 2123
f 2852 2111 2853
f 2112 2852 2854
f 2114 2854 2856
f 2115 2856 2857
f 2116 2857 2858
f 2122 2858 2859
f 2122 2859 2860
f 2852 2853 2854
f 2854 2853 2856
f 2856 2853 2855
f 2856 2855 2857
f 2857 2855 2858
f 2858 2855 2859
f 2859 2855 2860
f 2125 2127 2126
f 2125 2124 2127
f 2124 2138 2127
f 2124 2134 2138
f 2134 2135 2138
f 2135 2136 2138
f 2136 2137 2138
f 2137 2139 2138
f 2125 2862 2124
f 2125 2126 2862
f 2124 2861 2134
f 2134 2871 2135
f 2135 2872 2136
f 2136 2873 2137
f 2137 2876 2139
f 2124 2862 2861
f 2862 2126 2863
f 2134 2861 2871
f 2135 2871 2872
f 2136 2872 2873
f 2137 2873 2874
f 2137 2874 2876
f 2862 2863 2861
f 2861 2863 2864
f 2861 2864 2871
f 2871 2864 2872
f 2872 2864 2873
f 2873 2864 2874
f 2874 2864 2875
f 2874 2875 2876
f 2140 2146 2142
f 2140 2143 2146
f 2141 2142 2146
f 2143 2144 2146
f 2144 2145 2146
f 2145 2148 2146
f 2145 2147 2148
f 2147 2149 2148
f 2140 2877 2143
f 2140 2142 2877
f 2143 2880 2144
f 2144 2881 2145
f 2145 2882 2147
f 2147 2884 2149
f 2149 2885 2148
f 2877 2142 2879
f 2143 2877 2880
f 2144 2880 2881
f 2145 2881 2882
f 2147 2882 2884
f 2149 2884 2886
f 2149 2886 2885
f 2877 2878 2880
f 2877 2879 2878
f 2880 2878 2881
f 2881 2878 2882
f 2882 2878 2883
f 2882 2883 2884
f 2884 2883 2886
f 2886 2883 2885
f 2177 2178 2182
f 2178 2179 2182
f 2176 2182 2181
f 2176 2177 2182
f 2179 2184 2182
f 2179 2180 2184
f 2180 2183 2184
f 2176 2914 2177
f 2177 2915 2178
f 2178 2916 2179
f 2179 2917 2180
f 2176 2181 2914
f 2180 2918 2183
f 2183 2922 2184
f 2177 2914 2915
f 2178 2915 2916
f 2179 2916 2917
f 2180 2917 2918
f 2914 2181 2919
f 2183 2918 2921
f 2183 2921 2922
f 2914 2919 2915
f 2915 2919 2916
f 2916 2919 2917
f 2917 2919 2920
f 2917 2920 2918
f 2918 2920 2921
f 2921 2920 2922
f 2185 2188 2190
f 2186 2190 2187
f 2185 2190 2186
f 2188 2189 2196
f 2188 2196 2190
f 2189 2191 2196
f 2191 2195 2196
f 2185 2186 2924
f 2185 2923 2188
f 2186 2187 2924
f 2188 2926 2189
f 2189 2927 2191
f 2191 2929 2195
f 2195 2937 2196
f 2185 2924 2923
f 2188 2923 2926
f 2924 2187 2925
f 2189 2926 2927
f 2191 2927 2929
f 2195 2929 2936
f 2195 2936 2937
f 2923 2925 2926
f 2923 2924 2925
f 2926 2925 2928
f 2926 2928 2927
f 2927 2928 2929
f 2929 2928 2936
f 2936 2928 2937
f 2197 2198 2201
f 2197 2201 2200
f 2198 2199 2204
f 2199 2202 2204
f 2198 2204 2201
f 2202 2203 2204
f 2203 2205 2204
f 2197 2938 2198
f 2198 2939 2199
f 2197 2200 2938
f 2199 2940 2202
f 2202 2943 2203
f 2203 2944 2205
f 2205 2945 2204
f 2198 2938 2939
f 2199 2939 2940
f 2938 2200 2941
f 2202 2940 2943
f 2203 2943 2944
f 2205 2946 2945
f 2205 2944 2946
f 2938 2941 2939
f 2939 2942 2940
f 2939 2941 2942
f 2940 2942 2943
f 2943 2942 2944
f 2944 2942 2946
f 2946 2942 2945
f 2231 2233 2206
f 2231 2230 2233
f 2230 2237 2233
f 2230 2232 2237
f 2232 2234 2237
f 2234 2235 2237
f 2235 2236 2237
f 2236 2238 2237
f 2231 2975 2230
f 2231 2206 2975
f 2230 2974 2232
f 2232 2976 2234
f 2234 2978 2235
f 2235 2979 2236
f 2236 2982 2238
f 2975 2206 2947
f 2230 2975 2974
f 2232 2974 2976
f 2234 2976 2978
f 2235 2978 2979
f 2236 2979 2980
f 2236 2980 2982
f 2975 2947 2977
f 2975 2977 2974
f 2974 2977 2976
f 2976 2977 2978
f 2978 2977 2979
f 2979 2977 2981
f 2979 2981 2980
f 2980 2981 2982
f 2240 2241 2246
f 2240 2246 2242
f 2242 2246 2239
f 2243 2239 2246
f 2241 2244 2246
f 2244 2248 2246
f 2244 2245 2248
f 2245 2247 2248
f 2240 2242 2986
f 2240 2984 2241
f 2242 2239 2986
f 2241 2985 2244
f 2244 2988 2245
f 2245 2989 2247
f 2247 2992 2248
f 2986 2239 2983
f 2240 2986 2984
f 2241 2984 2985
f 2244 2985 2988
f 2245 2988 2989
f 2247 2989 2991
f 2247 2991 2992
f 2984 2987 2985
f 2985 2987 2988
f 2984 2986 2987
f 2986 2983 2987
f 2988 2987 2990
f 2988 2990 2989
f 2989 2990 2991
f 2991 2990 2992
f 2256 2259 2254
f 2256 2257 2259
f 2255 2259 2257
f 2255 2258 2259
f 2258 2260 2262
f 2258 2262 2259
f 2260 2261 2262
f 2255 2257 3001
f 2256 3000 2257
f 2256 2254 3000
f 2255 2999 2258
f 2258 3002 2260
f 2260 3004 2261
f 2261 3006 2262
f 2255 3001 2999
f 2257 3000 3001
f 3000 2254 2998
f 2258 2999 3002
f 2260 3002 3004
f 2261 3004 3005
f 2261 3005 3006
f 3000 2998 3001
f 2999 3001 2998
f 2999 2998 3002
f 3002 2998 3003
f 3002 3003 3004
f 3004 3003 3005
f 3005 3003 3006
f 2264 4568 2263
f 2265 4567 4568
f 2264 2265 4568
f 2264 3008 2265
f 2264 2263 3008
f 2265 3009 4567
f 2265 3008 3009
f 3008 2263 3007
f 3009 5315 4567
f 3009 3007 5315
f 3008 3007 3009
f 5315 3007 5316
f 4567 4571 4568
f 4567 4569 4571
f 4569 4570 4571
f 4567 5315 4569
f 4569 5317 4570
f 4570 5319 4571
f 4569 5315 5317
f 4570 5317 5318
f 4570 5318 5319
f 5315 5316 5317
f 5317 5316 5318
f 5318 5316 5319
f 4572 4575 4576
f 4573 4576 4574
f 4573 4572 4576
f 4577 4580 4575
f 4575 4580 4576
f 4577 4578 4580
f 4578 4579 4580
f 4577 4575 5323
f 4572 5320 4575
f 4573 5321 4572
f 4573 4574 5321
f 4577 5325 4578
f 4578 5326 4579
f 4579 5328 4580
f 4577 5323 5325
f 4575 5320 5323
f 4572 5321 5320
f 5321 4574 5322
f 4578 5325 5326
f 4579 5326 5327
f 4579 5327 5328
f 5320 5322 5323
f 5321 5322 5320
f 5323 5322 5324
f 5325 5323 5324
f 5325 5324 5326
f 5326 5324 5327
f 5327 5324 5328
f 4589 4588 4591
f 4589 4591 4590
f 4587 4595 4588
f 4588 4595 4591
f 4587 4592 4595
f 4592 4593 4595
f 4593 4594 4595
f 4594 4596 4595
f 4587 4588 5335
f 4587 5334 4592
f 4589 5336 4588
f 4589 4590 5336
f 4592 5339 4593
f 4593 5340 4594
f 4594 5343 4596
f 4587 5335 5334
f 4592 5334 5339
f 4588 5336 5335
f 5336 4590 5337
f 4593 5339 5340
f 4594 5340 5341
f 4594 5341 5343
f 5334 5338 5339
f 5335 5337 5338
f 5336 5337 5335
f 5334 5335 5338
f 5339 5338 5340
f 5340 5338 5341
f 5341 5338 5343
f 5342 5343 5338
f 4599 4597 4600
f 4597 4605 4600
f 4598 4605 4597
f 4599 4600 4601
f 4598 4602 4605
f 4602 4603 4605
f 4603 4604 4635
f 4603 4635 4605
f 4598 4597 5344
f 4599 5346 4597
f 4598 5345 4602
f 4599 4601 5346
f 4602 5349 4603
f 4603 5350 4604
f 4604 5381 4635
f 4598 5344 5345
f 4597 5346 5344
f 4602 5345 5349
f 5346 4601 5348
f 4603 5349 5350
f 4604 5350 5351
f 4604 5351 5381
f 5346 5347 5344
f 5345 5344 5347
f 5345 5347 5349
f 5349 5347 5350
f 5346 5348 5347
f 5350 5347 5352
f 5350 5352 5351
f 5351 5352 5381
f 4636 4637 4643
f 4637 4640 4643
f 4636 4643 4638
f 4638 4643 4639
f 4640 4641 4643
f 4641 4642 4644
f 4641 4644 4643
f 4636 5382 4637
f 4637 5383 4640
f 4636 4638 5384
f 4638 4639 5384
f 4640 5386 4641
f 4641 5387 4642
f 4642 5390 4644
f 4637 5382 5383
f 4640 5383 5386
f 4636 5384 5382
f 5384 4639 5385
f 4641 5386 5387
f 4642 5387 5388
f 4642 5388 5390
f 5383 5385 5386
f 5382 5385 5383
f 5382 5384 5385
f 5386 5385 5389
f 5386 5389 5387
f 5387 5389 5388
f 5388 5389 5390
f 4655 4656 4658
f 4657 4658 4645
f 4645 4658 4646
f 4657 4655 4658
f 4656 4659 4661
f 4656 4661 4658
f 4659 4660 4661
f 4657 4645 5391
f 4645 4646 5391
f 4657 5400 4655
f 4655 5398 4656
f 4656 5399 4659
f 4659 5402 4660
f 4660 5404 4661
f 5391 4646 5392
f 4655 5400 5398
f 4656 5398 5399
f 4657 5391 5400
f 4659 5399 5402
f 4660 5402 5403
f 4660 5403 5404
f 5398 5392 5399
f 5400 5392 5398
f 5400 5391 5392
f 5399 5392 5401
f 5399 5401 5402
f 5402 5401 5403
f 5403 5401 5404
f 4663 4664 4670
f 4664 4665 4670
f 4665 4666 4670
f 4662 4669 4667
f 4662 4663 4669
f 4667 4669 4668
f 4663 4670 4669
f 4662 5405 4663
f 4663 5406 4664
f 4664 5407 4665
f 4665 5408 4666
f 4662 4667 5410
f 4667 4668 5410
f 4666 5413 4670
f 4663 5405 5406
f 4664 5406 5407
f 4665 5407 5408
f 4666 5408 5409
f 4662 5410 5405
f 5410 4668 5411
f 4666 5409 5413
f 5406 5412 5407
f 5407 5412 5408
f 5405 5410 5411
f 5405 5411 5406
f 5406 5411 5412
f 5408 5412 5409
f 5409 5412 5413
f 4701 4706 4702
f 4702 4706 4703
f 4704 4705 4709
f 4704 4709 4701
f 4701 4709 4706
f 4705 4707 4709
f 4707 4708 4709
f 4708 4710 4709
f 4704 4701 5443
f 4702 4703 5444
f 4701 4702 5444
f 4704 5446 4705
f 4705 5447 4707
f 4707 5449 4708
f 4708 5452 4710
f 4701 5444 5443
f 5444 4703 5445
f 4704 5443 5446
f 4705 5446 5447
f 4707 5447 5449
f 4708 5449 5450
f 4708 5450 5452
f 5443 5444 5445
f 5443 5445 5448
f 5446 5443 5448
f 5446 5448 5447
f 5447 5448 5449
f 5449 5448 5450
f 5450 5448 5452
f 5451 5452 5448
f 4712 4715 4716
f 4711 4733 4712
f 4713 4733 4711
f 4712 4733 4715
f 4713 4714 4733
f 4714 4730 4733
f 4730 4732 4733
f 4730 4731 4732
f 4713 4711 5453
f 4711 4712 5454
f 4712 4716 5454
f 4713 5455 4714
f 4714 5456 4730
f 4730 5472 4731
f 4731 5474 4732
f 4713 5453 5455
f 4711 5454 5453
f 5454 4716 5458
f 4714 5455 5456
f 4730 5456 5472
f 4731 5472 5473
f 4731 5473 5474
f 5455 5453 5457
f 5453 5454 5457
f 5454 5458 5457
f 5455 5457 5456
f 5456 5457 5472
f 5472 5457 5475
f 5472 5475 5473
f 5473 5475 5474
f 4718 4721 4717
f 4734 4717 4721
f 4718 4719 4721
f 4719 4720 4723
f 4719 4723 4721
f 4720 4722 4723
f 4734 4721 4735
f 4734 5476 4717
f 4718 4717 5464
f 4718 5465 4719
f 4719 5466 4720
f 4720 5467 4722
f 4722 5470 4723
f 4734 4735 5476
f 4717 5476 5464
f 4718 5464 5465
f 4719 5465 5466
f 4720 5466 5467
f 4722 5467 5469
f 4722 5469 5470
f 5476 4735 5477
f 5465 5464 5477
f 5465 5477 5466
f 5466 5477 5468
f 5466 5468 5467
f 5467 5468 5469
f 5469 5468 5470
f 5476 5477 5464
f 4780 4779 4786
f 4779 4781 4786
f 4781 4782 4784
f 4781 4784 4786
f 4782 4783 4784
f 4780 4786 4724
f 4724 4786 4785
f 4724 4785 5471
f 4780 5534 4779
f 4779 5533 4781
f 4781 5535 4782
f 4782 5536 4783
f 4783 5538 4784
f 4780 4724 5471
f 4779 5534 5533
f 4780 5471 5534
f 4781 5533 5535
f 4782 5535 5536
f 4783 5536 5537
f 4783 5537 5538
f 5471 4785 5539
f 5534 5539 5533
f 5533 5540 5535
f 5535 5540 5536
f 5536 5540 5537
f 5537 5540 5538
f 5534 5471 5539
f 5533 5539 5540
f 4787 4788 4795
f 4788 4789 4792
f 4788 4792 4795
f 4789 4790 4792
f 4790 4791 4792
f 4787 4795 4793
f 4793 4795 4794
f 4787 5541 4788
f 4788 5542 4789
f 4789 5543 4790
f 4790 5544 4791
f 4791 5546 4792
f 4787 4793 5547
f 4793 4794 5547
f 4788 5541 5542
f 4787 5547 5541
f 4789 5542 5543
f 4790 5543 5544
f 4791 5544 5545
f 4791 5545 5546
f 5547 4794 5548
f 5541 5548 5542
f 5542 5549 5543
f 5543 5549 5544
f 5544 5549 5545
f 5545 5549 5546
f 5541 5547 5548
f 5542 5548 5549
f 4796 4800 4798
f 4796 4797 4804
f 4796 4804 4800
f 4798 4800 4799
f 4797 4801 4804
f 4801 4802 4804
f 4802 4805 4804
f 4802 4803 4805
f 4796 5550 4797
f 4796 4798 5552
f 4797 5551 4801
f 4798 4799 5552
f 4801 5555 4802
f 4802 5556 4803
f 4803 5559 4805
f 4797 5550 5551
f 4796 5552 5550
f 4801 5551 5555
f 5552 4799 5553
f 4802 5555 5556
f 4803 5556 5557
f 4803 5557 5559
f 5550 5554 5551
f 5551 5554 5555
f 5550 5552 5553
f 5550 5553 5554
f 5555 5554 5556
f 5556 5554 5558
f 5556 5558 5557
f 5557 5558 5559
f 4755 4806 4756
f 4756 4806 4807
f 4757 4758 4760
f 4758 4759 4760
f 4757 4760 4755
f 4755 4760 4806
f 4759 4762 4760
f 4759 4761 4762
f 4757 4755 5512
f 4755 4756 5513
f 4756 4807 5513
f 4757 5514 4758
f 4758 5515 4759
f 4759 5516 4761
f 4761 5519 4762
f 4757 5512 5514
f 4755 5513 5512
f 4758 5514 5515
f 4759 5515 5516
f 4761 5518 5519
f 4761 5516 5518
f 5513 4807 5561
f 5514 5512 5560
f 5512 5513 5561
f 5512 5561 5560
f 5514 5560 5515
f 5515 5560 5516
f 5516 5560 5517
f 5516 5517 5518
f 5518 5517 5519
f 5178 5180 5179
f 5181 5182 5185
f 5178 5181 5185
f 5178 5185 5180
f 5180 5185 5183
f 5182 5184 5186
f 5182 5186 5185
f 5178 5179 5922
f 5179 5180 5923
f 5180 5183 5923
f 5178 5921 5181
f 5181 5924 5182
f 5182 5925 5184
f 5184 5929 5186
f 5178 5922 5921
f 5179 5923 5922
f 5181 5921 5924
f 5182 5924 5925
f 5923 5183 5926
f 5184 5925 5927
f 5184 5927 5929
f 5921 5922 5923
f 5921 5923 5926
f 5921 5926 5924
f 5924 5926 5925
f 5925 5926 5928
f 5925 5928 5927
f 5927 5928 5929
f 5187 5188 5195
f 5188 5189 5195
f 5189 5191 5195
f 5189 5190 5191
f 5187 5193 5192
f 5187 5195 5193
f 5193 5195 5194
f 5187 5930 5188
f 5188 5931 5189
f 5189 5932 5190
f 5190 5934 5191
f 5187 5192 5935
f 5192 5193 5936
f 5193 5194 5936
f 5188 5930 5931
f 5189 5931 5932
f 5190 5932 5933
f 5190 5933 5934
f 5187 5935 5930
f 5192 5936 5935
f 5936 5194 5937
f 5931 5938 5932
f 5932 5938 5933
f 5933 5938 5934
f 5930 5935 5936
f 5930 5937 5931
f 5930 5936 5937
f 5931 5937 5938
f 5197 5214 5198
f 5197 5196 5199
f 5197 5199 5214
f 5214 5199 5215
f 5196 5200 5206
f 5200 5201 5206
f 5196 5206 5199
f 5197 5942 5196
f 5196 5941 5200
f 5197 5198 5943
f 5198 5214 5957
f 5200 5945 5201
f 5201 5951 5206
f 5214 5215 5957
f 5196 5942 5941
f 5197 5943 5942
f 5198 5957 5943
f 5200 5941 5945
f 5201 5945 5946
f 5201 5946 5951
f 5957 5215 5958
f 5941 5944 5945
f 5942 5958 5941
f 5942 5943 5957
f 5942 5957 5958
f 5941 5958 5944
f 5945 5944 5946
f 5946 5944 5951
f 5202 5203 5205
f 5203 5204 5205
f 5204 5219 5205
f 5207 5210 5208
f 5207 5209 5210
f 5207 5202 5209
f 5210 5209 5211
f 5202 5205 5209
f 5207 5952 5202
f 5202 5947 5203
f 5203 5948 5204
f 5204 5980 5219
f 5207 5208 5953
f 5208 5210 5955
f 5210 5211 5955
f 5202 5952 5947
f 5203 5947 5948
f 5204 5948 5949
f 5204 5949 5980
f 5207 5953 5952
f 5208 5955 5953
f 5955 5211 5956
f 5949 5950 5980
f 5952 5953 5955
f 5952 5955 5956
f 5952 5956 5947
f 5947 5954 5948
f 5947 5956 5954
f 5948 5954 5949
f 5949 5954 5950
f 5221 5228 5220
f 5222 5220 5223
f 5223 5224 5225
f 5220 5228 5223
f 5223 5228 5224
f 5221 5226 5228
f 5226 5227 5229
f 5226 5229 5228
f 5221 5220 5981
f 5221 5982 5226
f 5222 5983 5220
f 5222 5223 5984
f 5223 5225 5984
f 5226 5987 5227
f 5227 5990 5229
f 5220 5983 5981
f 5221 5981 5982
f 5226 5982 5987
f 5222 5984 5983
f 5984 5225 5986
f 5227 5987 5988
f 5227 5988 5990
f 5982 5985 5987
f 5983 5984 5981
f 5982 5981 5985
f 5981 5984 5985
f 5984 5986 5985
f 5987 5989 5988
f 5988 5989 5990
f 5987 5985 5989
f 5116 5118 5117
f 5116 5120 5122
f 5116 5122 5118
f 5120 5119 5122
f 5119 5123 5122
f 5119 5121 5123
f 5118 5122 5124
f 5116 5117 5863
f 5117 5118 5864
f 5116 5862 5120
f 5120 5866 5119
f 5119 5865 5121
f 5121 5869 5123
f 5118 5124 5864
f 5116 5863 5862
f 5117 5864 5863
f 5120 5862 5866
f 5119 5866 5865
f 5121 5865 5867
f 5121 5867 5869
f 5864 5124 5870
f 5862 5863 5864
f 5862 5870 5866
f 5866 5870 5865
f 5865 5870 5868
f 5865 5868 5867
f 5867 5868 5869
f 5862 5864 5870
f 5142 5145 5144
f 5142 5150 5145
f 5145 5150 5146
f 5143 5147 5150
f 5147 5149 5150
f 5147 5148 5149
f 5142 5143 5150
f 5142 5884 5143
f 5142 5144 5886
f 5144 5145 5887
f 5145 5146 5887
f 5143 5885 5147
f 5147 5889 5148
f 5148 5891 5149
f 5143 5884 5885
f 5142 5886 5884
f 5144 5887 5886
f 5887 5146 5888
f 5147 5885 5889
f 5148 5889 5890
f 5148 5890 5891
f 5884 5888 5885
f 5884 5886 5887
f 5884 5887 5888
f 5885 5892 5889
f 5889 5892 5890
f 5890 5892 5891
f 5885 5888 5892
f 5132 5129 5135
f 5132 5133 5131
f 5132 5135 5133
f 5129 5137 5135
f 5133 5135 5134
f 5129 5130 5137
f 5130 5136 5137
f 5129 5875 5130
f 5132 5878 5129
f 5132 5131 5877
f 5131 5133 5879
f 5133 5134 5879
f 5130 5876 5136
f 5136 5883 5137
f 5130 5875 5876
f 5129 5878 5875
f 5132 5877 5878
f 5131 5879 5877
f 5879 5134 5880
f 5136 5876 5882
f 5136 5882 5883
f 5878 5877 5879
f 5878 5880 5875
f 5875 5881 5876
f 5875 5880 5881
f 5878 5879 5880
f 5876 5881 5882
f 5882 5881 5883
f 5298 5299 5303
f 5298 5301 5300
f 5298 5303 5301
f 5301 5303 5302
f 5299 5304 5306
f 5299 5306 5303
f 5304 5305 5306
f 5305 5307 5306
f 5298 5300 6061
f 5298 6059 5299
f 5299 6060 5304
f 5300 5301 6062
f 5301 5302 6062
f 5304 6065 5305
f 5305 6068 5307
f 5298 6061 6059
f 5299 6059 6060
f 5300 6062 6061
f 6062 5302 6063
f 5304 6060 6065
f 5305 6065 6066
f 5305 6066 6068
f 6059 6063 6060
f 6059 6061 6062
f 6059 6062 6063
f 6060 6063 6064
f 6060 6064 6065
f 6065 6064 6066
f 6066 6064 6068
f 6067 6068 6064
f 5257 5259 5258
f 5259 5260 5308
f 5267 5268 5269
f 5267 5269 5257
f 5268 5271 5269
f 5268 5270 5271
f 5257 5269 5259
f 5259 5269 5260
f 5267 5257 6002
f 5257 5258 6003
f 5258 5259 6004
f 5259 5308 6004
f 5267 6012 5268
f 5268 6013 5270
f 5270 6016 5271
f 5267 6002 6012
f 5257 6003 6002
f 5258 6004 6003
f 6004 5308 6069
f 5268 6012 6013
f 5270 6013 6015
f 5270 6015 6016
f 6002 6003 6004
f 6002 6004 6005
f 6012 6002 6005
f 6004 6069 6005
f 6012 6005 6013
f 6013 6005 6014
f 6013 6014 6015
f 6015 6014 6016
f 5261 5263 5262
f 5261 5264 5266
f 5264 5265 5266
f 5265 5293 5294
f 5265 5294 5266
f 5261 5266 5263
f 5263 5266 5272
f 5261 6006 5264
f 5261 5262 6007
f 5262 5263 6008
f 5263 5272 6008
f 5264 6009 5265
f 5265 6010 5293
f 5293 6037 5294
f 5264 6006 6009
f 5261 6007 6006
f 5262 6008 6007
f 6008 5272 6017
f 5265 6009 6010
f 5293 6010 6036
f 5293 6036 6037
f 6006 6007 6008
f 6006 6017 6009
f 6006 6008 6017
f 6009 6017 6010
f 6010 6011 6036
f 6036 6011 6037
f 6010 6017 6011
f 5275 5283 5276
f 5276 5278 5277
f 5276 5283 5278
f 5278 5283 5279
f 5275 5280 5283
f 5280 5282 5283
f 5280 5281 5282
f 5276 5277 6020
f 5275 5276 6019
f 5277 5278 6021
f 5278 5279 6021
f 5275 6018 5280
f 5280 6023 5281
f 5281 6025 5282
f 5276 6020 6019
f 5275 6019 6018
f 5277 6021 6020
f 6021 5279 6022
f 5280 6018 6023
f 5281 6024 6025
f 5281 6023 6024
f 6018 6019 6022
f 6019 6020 6021
f 6019 6021 6022
f 6018 6026 6023
f 6023 6026 6024
f 6024 6026 6025
f 6018 6022 6026
f 5284 5285 5292
f 5285 5286 5292
f 5287 5289 5288
f 5287 5290 5289
f 5287 5284 5290
f 5289 5290 5291
f 5284 5292 5290
f 5284 6027 5285
f 5285 6028 5286
f 5287 6030 5284
f 5287 5288 6031
f 5288 5289 6032
f 5289 5291 6032
f 5286 6035 5292
f 5285 6027 6028
f 5286 6028 6029
f 5286 6029 6035
f 5287 6031 6030
f 5284 6030 6027
f 5288 6032 6031
f 6032 5291 6034
f 6030 6031 6032
f 6030 6034 6027
f 6027 6033 6028
f 6027 6034 6033
f 6030 6032 6034
f 6028 6033 6029
f 6029 6033 6035
f 4955 4956 5069
f 4956 5070 5069
f 4957 4959 4958
f 4957 4960 4959
f 4957 4955 4960
f 4955 4962 4960
f 4955 5069 4962
f 4960 4962 4961
f 4957 5714 4955
f 4955 5712 4956
f 4957 4958 5715
f 4958 4959 5716
f 4959 4960 5717
f 4960 4961 5717
f 4956 5824 5070
f 4955 5714 5712
f 4956 5712 5713
f 4956 5713 5824
f 4957 5715 5714
f 4958 5716 5715
f 4959 5717 5716
f 5717 4961 5718
f 5713 5823 5824
f 5714 5715 5716
f 5714 5716 5717
f 5714 5717 5712
f 5712 5719 5713
f 5712 5718 5719
f 5712 5717 5718
f 5713 5719 5823
f 5060 5063 5059
f 5060 5066 5067
f 5060 5067 5064
f 5059 5062 5061
f 5059 5063 5062
f 5060 5064 5063
f 5063 5064 5065
f 5066 5068 5067
f 5060 5059 5813
f 5059 5061 5815
f 5060 5814 5066
f 5061 5062 5816
f 5062 5063 5817
f 5063 5065 5817
f 5066 5822 5068
f 5060 5813 5814
f 5059 5815 5813
f 5066 5814 5820
f 5061 5816 5815
f 5062 5817 5816
f 5817 5065 5819
f 5066 5820 5822
f 5814 5813 5817
f 5814 5818 5820
f 5820 5818 5821
f 5813 5815 5816
f 5813 5816 5817
f 5814 5817 5818
f 5817 5819 5818
f 5820 5821 5822
f 5043 5045 5044
f 5043 5046 5045
f 5043 5042 5046
f 5042 5058 5046
f 5046 5058 5047
f 5042 5056 5058
f 5056 5057 5058
f 5043 5797 5042
f 5042 5796 5056
f 5043 5044 5798
f 5044 5045 5799
f 5045 5046 5800
f 5046 5047 5800
f 5056 5811 5057
f 5042 5797 5796
f 5043 5798 5797
f 5044 5799 5798
f 5045 5800 5799
f 5800 5047 5801
f 5056 5796 5810
f 5056 5810 5811
f 5797 5798 5799
f 5797 5799 5800
f 5797 5800 5796
f 5796 5801 5810
f 5796 5800 5801
f 5810 5812 5811
f 5810 5801 5812
f 5048 5051 5049
f 5050 5052 5048
f 5050 5054 5052
f 5048 5052 5051
f 5052 5054 5053
f 5050 5004 5054
f 5004 5055 5054
f 5050 5048 5802
f 5048 5049 5803
f 5050 5804 5004
f 5049 5051 5805
f 5051 5052 5806
f 5052 5053 5806
f 5004 5809 5055
f 5004 5751 5809
f 5048 5803 5802
f 5050 5802 5804
f 5049 5805 5803
f 5051 5806 5805
f 5806 5053 5807
f 5004 5804 5751
f 5802 5803 5805
f 5804 5802 5806
f 5804 5807 5808
f 5802 5805 5806
f 5804 5806 5807
f 5804 5808 5751
f 5751 5808 5809
f 4998 5031 5001
f 4997 5000 4999
f 4997 4998 5002
f 4997 5002 5000
f 4998 5001 5002
f 5002 5001 5003
f 4998 5030 5031
f 4997 5744 4998
f 4998 5745 5030
f 4997 4999 5746
f 4999 5000 5747
f 5000 5002 5749
f 5002 5003 5749
f 5030 5773 5031
f 4997 5746 5744
f 4998 5744 5745
f 5030 5745 5772
f 4999 5747 5746
f 5000 5749 5747
f 5749 5003 5750
f 5030 5772 5773
f 5745 5748 5772
f 5744 5746 5747
f 5744 5749 5745
f 5744 5747 5749
f 5745 5750 5748
f 5745 5749 5750
f 5772 5748 5773
f 5020 5026 5021
f 5020 5027 5026
f 5022 5023 5024
f 5023 5025 5024
f 5020 5022 5027
f 5022 5029 5027
f 5022 5024 5029
f 5027 5029 5028
f 5020 5762 5022
f 5020 5021 5763
f 5021 5026 5768
f 5022 5764 5023
f 5023 5767 5025
f 5026 5027 5769
f 5027 5028 5769
f 5020 5763 5762
f 5021 5768 5763
f 5022 5762 5764
f 5023 5764 5765
f 5023 5765 5767
f 5026 5769 5768
f 5769 5028 5770
f 5762 5763 5768
f 5762 5768 5769
f 5765 5766 5767
f 5762 5769 5764
f 5764 5771 5765
f 5764 5769 5770
f 5764 5770 5771
f 5765 5771 5766
f 5010 5011 5019
f 5011 5012 5019
f 5013 5015 5014
f 5013 5010 5016
f 5010 5019 5016
f 5013 5016 5015
f 5016 5019 5017
f 5016 5017 5018
f 5010 5752 5011
f 5011 5754 5012
f 5013 5755 5010
f 5013 5014 5756
f 5014 5015 5757
f 5015 5016 5758
f 5016 5018 5758
f 5010 5755 5752
f 5011 5752 5753
f 5011 5753 5754
f 5013 5756 5755
f 5014 5757 5756
f 5015 5758 5757
f 5758 5018 5760
f 5753 5761 5754
f 5755 5756 5757
f 5752 5759 5753
f 5755 5758 5752
f 5755 5757 5758
f 5752 5758 5759
f 5758 5760 5759
f 5753 5759 5761
f 4919 4920 4921
f 4918 4922 4920
f 4920 4922 4921
f 4918 4930 4932
f 4918 4932 4922
f 4930 4931 4932
f 4922 4932 4933
f 4919 5662 4920
f 4918 4920 5663
f 4919 4921 5664
f 4921 4922 5665
f 4918 5661 4930
f 4930 5674 4931
f 4922 4933 5665
f 4918 5663 5661
f 4920 5662 5663
f 4919 5664 5662
f 4921 5665 5664
f 4930 5661 5673
f 4930 5673 5674
f 5665 4933 5676
f 5662 5664 5663
f 5661 5663 5665
f 5663 5664 5665
f 5661 5676 5673
f 5673 5676 5675
f 5673 5675 5674
f 5661 5665 5676
f 4923 4925 4924
f 4926 4928 4923
f 4923 4928 4925
f 4926 4911 4927
f 4926 4927 4928
f 4911 4912 4927
f 4928 4927 4929
f 4911 5658 4912
f 4926 4923 5666
f 4923 4924 5667
f 4924 4925 5668
f 4925 4928 5671
f 4926 5669 4911
f 4928 4929 5671
f 4911 5669 5657
f 4911 5657 5658
f 4926 5666 5669
f 4923 5667 5666
f 4924 5668 5667
f 4925 5671 5668
f 5671 4929 5672
f 5666 5667 5668
f 5669 5666 5671
f 5666 5668 5671
f 5669 5670 5657
f 5669 5672 5670
f 5657 5670 5658
f 5669 5671 5672
f 4903 4910 4904
f 4903 4906 4907
f 4903 4907 4913
f 4908 4904 4909
f 4904 4910 4909
f 4903 4913 4910
f 4910 4913 4914
f 4908 5654 4904
f 4903 4904 5650
f 4903 5649 4906
f 4906 5653 4907
f 4908 4909 5655
f 4909 4910 5656
f 4910 4914 5656
f 4904 5654 5650
f 4903 5650 5649
f 4906 5652 5653
f 4906 5649 5652
f 4908 5655 5654
f 4909 5656 5655
f 5656 4914 5660
f 5649 5650 5656
f 5649 5659 5652
f 5652 5659 5653
f 5654 5655 5650
f 5650 5655 5656
f 5649 5660 5659
f 5649 5656 5660
f 4860 4861 4864
f 4861 4865 4866
f 4861 4866 4868
f 4860 4863 4862
f 4860 4864 4863
f 4861 4868 4864
f 4864 4868 4905
f 4865 4867 4866
f 4860 5607 4861
f 4860 4862 5609
f 4861 5608 4865
f 4862 4863 5610
f 4863 4864 5611
f 4864 4905 5611
f 4865 5614 4867
f 4861 5607 5608
f 4860 5609 5607
f 4865 5608 5612
f 4862 5610 5609
f 4863 5611 5610
f 4865 5612 5614
f 5611 4905 5651
f 5607 5611 5608
f 5608 5615 5612
f 5607 5609 5610
f 5607 5610 5611
f 5608 5611 5651
f 5608 5651 5615
f 5612 5613 5614
f 5612 5615 5613
f 4850 4851 4857
f 4852 4854 4851
f 4851 4854 4857
f 4852 4853 4854
f 4850 4856 4855
f 4850 4857 4856
f 4857 4854 4858
f 4857 4858 4859
f 4850 5597 4851
f 4850 4855 5602
f 4852 4851 5598
f 4852 5600 4853
f 4855 4856 5603
f 4856 4857 5604
f 4857 4859 5604
f 4851 5597 5598
f 4850 5602 5597
f 4852 5598 5599
f 4852 5599 5600
f 4855 5603 5602
f 4856 5604 5603
f 5604 4859 5606
f 5597 5604 5598
f 5599 5598 5605
f 5599 5601 5600
f 5599 5605 5601
f 5597 5602 5603
f 5597 5603 5604
f 5598 5604 5605
f 5604 5606 5605
f 4835 4837 4841
f 4837 4836 4842
f 4838 4840 4836
f 4838 4839 4840
f 4836 4840 4842
f 4837 4842 4841
f 4842 4840 4843
f 4835 5583 4837
f 4835 4841 5589
f 4837 5585 4836
f 4838 4836 5584
f 4838 5587 4839
f 4841 4842 5590
f 4842 4843 5590
f 4837 5583 5585
f 4835 5589 5583
f 4836 5585 5584
f 4838 5584 5586
f 4838 5586 5587
f 4841 5590 5589
f 5590 4843 5591
f 5583 5589 5585
f 5585 5590 5584
f 5586 5588 5587
f 5586 5584 5591
f 5586 5591 5588
f 5585 5589 5590
f 5584 5590 5591
f 3780 3781 4832
f 3781 3779 4833
f 3780 4523 3781
f 3780 4830 5578
f 3781 4522 3779
f 3781 4523 4524
f 3780 5578 4523
f 3781 4524 4522
f 4523 5580 4524
f 4524 5581 4522
f 3780 4831 4830
f 3780 4832 4831
f 3781 4833 4832
f 4832 4833 4834
f 4830 4831 5579
f 4831 4832 5580
f 4832 4834 5580
f 4830 5579 5578
f 4831 5580 5579
f 5580 4834 5582
f 4523 5578 5579
f 4523 5579 5580
f 4524 5580 5582
f 4524 5582 5581

