# https://github.com/mikedh/trimesh
mtllib material.mtl
usemtl material_0
v -3.25359726 -0.98696792 -6.50000000
v -3.33467007 -0.66330707 -6.50000000
v -3.38362813 -0.33325827 -6.50000000
v -0.98696792 -3.25359726 -6.50000000
v -0.66330707 -3.33467007 -6.50000000
v -0.33325827 -3.38362813 -6.50000000
v -2.62823558 -2.15693712 -6.50000000
v -2.82699656 -1.88893878 -6.50000000
v -2.15693712 -2.62823558 -6.50000000
v -1.88893878 -2.82699656 -6.50000000
v -2.40416312 -2.40416312 -6.50000000
v -3.14119053 -1.30112362 -6.50000000
v -2.99853230 -1.60274887 -6.50000000
v -1.60274887 -2.99853230 -6.50000000
v -1.30112362 -3.14119053 -6.50000000
v -1.85203469 -0.98993313 -4.80000019
v -1.74608624 -1.16669750 -4.80000019
v -2.05964899 -0.40968966 -4.80000019
v -2.08988786 -0.20583600 -4.80000019
v -1.94014704 -0.80363518 -4.80000019
v -2.00957465 -0.60959780 -4.80000019
v -1.16669750 -1.74608624 -4.80000019
v -0.98993313 -1.85203469 -4.80000019
v -0.40968966 -2.05964899 -4.80000019
v -0.80363518 -1.94014704 -4.80000019
v -0.60959780 -2.00957465 -4.80000019
v -0.20583600 -2.08988786 -4.80000019
v -1.48492420 -1.48492420 -4.80000019
v -1.62332201 -1.33222592 -4.80000019
v -1.33222592 -1.62332201 -4.80000019
v -9.82402039 -8.12713623 0.25000000
v -9.92034626 -8.20682430 0.37500000
v -9.82402039 -8.12713623 0.37500000
v -11.08204079 -6.55390024 0.37500000
v -10.64864922 -7.23681498 0.37500000
v -10.65960121 -6.76478863 0.12500000
v -10.76515484 -6.83177519 0.25000000
v -10.65960121 -6.76478863 0.25000000
v -10.87070942 -6.89876175 0.37500000
v -10.76515484 -6.83177519 0.37500000
v -10.11266232 -7.34727955 0.00000000
v -9.87688923 -7.66130018 0.00000000
v -10.17323399 -7.89116907 0.37500000
v -10.21380234 -7.42076159 0.12500000
v -10.31494141 -7.49424362 0.25000000
v -10.21380234 -7.42076159 0.25000000
v -10.41608143 -7.56772614 0.37500000
v -10.31494141 -7.49424362 0.37500000
v -9.97567081 -7.73792315 0.12500000
v -10.07445240 -7.81454611 0.25000000
v -9.97567081 -7.73792315 0.25000000
v -10.07445240 -7.81454611 0.37500000
v -10.11266232 -7.34727955 0.12500000
v -9.87688923 -7.66130018 0.12500000
v -10.33845615 -7.02600765 0.00000000
v -10.55404663 -6.69780159 0.00000000
v -10.54525185 -7.16654587 0.25000000
v -10.44185352 -7.09627676 0.12500000
v -10.44185352 -7.09627676 0.25000000
v -10.33845615 -7.02600765 0.12500000
v -10.54525185 -7.16654587 0.37500000
v -10.55404663 -6.69780159 0.12500000
v -9.75144386 -8.59705448 0.50000000
v -10.01667213 -8.28651142 0.50000000
v -9.92034626 -8.20682430 0.50000000
v -10.97626305 -6.96574831 0.50000000
v -11.18964672 -6.61753845 0.50000000
v -11.08204079 -6.55390024 0.50000000
v -10.75204754 -7.30708408 0.50000000
v -10.64864922 -7.23681498 0.50000000
v -10.87070942 -6.89876175 0.50000000
v -10.27201557 -7.96779156 0.50000000
v -10.17323399 -7.89116907 0.50000000
v -10.51722050 -7.64120817 0.50000000
v -10.41608143 -7.56772614 0.50000000
v -8.12713623 -9.82402039 0.25000000
v -8.20682430 -9.92034626 0.37500000
v -8.12713623 -9.82402039 0.37500000
v -7.66130018 -9.87688923 0.00000000
v -7.34727955 -10.11266232 0.00000000
v -7.89116907 -10.17323399 0.37500000
v -7.73792315 -9.97567081 0.12500000
v -7.81454611 -10.07445240 0.25000000
v -7.73792315 -9.97567081 0.25000000
v -7.81454611 -10.07445240 0.37500000
v -7.42076159 -10.21380234 0.12500000
v -7.49424362 -10.31494141 0.25000000
v -7.42076159 -10.21380234 0.25000000
v -7.56772614 -10.41608143 0.37500000
v -7.49424362 -10.31494141 0.37500000
v -7.66130018 -9.87688923 0.12500000
v -7.34727955 -10.11266232 0.12500000
v -7.23681498 -10.64864922 0.37500000
v -6.55390024 -11.08204079 0.37500000
v -6.76478863 -10.65960121 0.12500000
v -6.83177519 -10.76515484 0.25000000
v -6.76478863 -10.65960121 0.25000000
v -6.89876175 -10.87070942 0.37500000
v -6.83177519 -10.76515484 0.37500000
v -7.02600765 -10.33845615 0.00000000
v -6.69780159 -10.55404663 0.00000000
v -7.16654587 -10.54525185 0.25000000
v -7.09627676 -10.44185352 0.12500000
v -7.09627676 -10.44185352 0.25000000
v -7.02600765 -10.33845615 0.12500000
v -7.16654587 -10.54525185 0.37500000
v -6.69780159 -10.55404663 0.12500000
v -8.59705448 -9.75144386 0.50000000
v -8.28651142 -10.01667213 0.50000000
v -8.20682430 -9.92034626 0.50000000
v -7.96779156 -10.27201557 0.50000000
v -7.89116907 -10.17323399 0.50000000
v -7.64120817 -10.51722050 0.50000000
v -7.56772614 -10.41608143 0.50000000
v -6.96574831 -10.97626305 0.50000000
v -7.30708408 -10.75204754 0.50000000
v -7.23681498 -10.64864922 0.50000000
v -6.61753845 -11.18964672 0.50000000
v -6.55390024 -11.08204079 0.50000000
v -6.89876175 -10.87070942 0.50000000
v -9.01558971 -9.01558971 0.25000000
v -9.10398865 -9.10398865 0.37500000
v -9.01558971 -9.01558971 0.37500000
v -9.37634182 -8.26635742 0.00000000
v -9.11206245 -8.55679703 0.00000000
v -9.38545990 -8.81353378 0.37500000
v -9.56389332 -8.43170547 0.25000000
v -9.47011757 -8.34903145 0.12500000
v -9.47011757 -8.34903145 0.25000000
v -9.37634182 -8.26635742 0.12500000
v -9.65766811 -8.51438046 0.37500000
v -9.56389332 -8.43170547 0.37500000
v -9.20319557 -8.64237595 0.12500000
v -9.29432774 -8.72795391 0.25000000
v -9.20319557 -8.64237595 0.25000000
v -9.11206245 -8.55679703 0.12500000
v -9.29432774 -8.72795391 0.37500000
v -8.55679703 -9.11206245 0.00000000
v -8.26635742 -9.37634182 0.00000000
v -8.81353378 -9.38545990 0.37500000
v -8.64237595 -9.20319557 0.12500000
v -8.72795391 -9.29432774 0.25000000
v -8.64237595 -9.20319557 0.25000000
v -8.55679703 -9.11206245 0.12500000
v -8.72795391 -9.29432774 0.37500000
v -8.43170547 -9.56389332 0.25000000
v -8.34903145 -9.47011757 0.12500000
v -8.34903145 -9.47011757 0.25000000
v -8.26635742 -9.37634182 0.12500000
v -8.51438046 -9.65766811 0.37500000
v -8.43170547 -9.56389332 0.37500000
v -8.83879089 -8.83879089 0.00000000
v -8.92719078 -8.92719078 0.12500000
v -8.83879089 -8.83879089 0.12500000
v -8.92719078 -8.92719078 0.25000000
v -9.63136768 -7.96776056 0.00000000
v -9.72769451 -8.04744816 0.12500000
v -9.63136768 -7.96776056 0.12500000
v -9.72769451 -8.04744816 0.25000000
v -7.96776056 -9.63136768 0.00000000
v -8.04744816 -9.72769451 0.12500000
v -7.96776056 -9.63136768 0.12500000
v -8.04744816 -9.72769451 0.25000000
v -9.19238853 -9.19238853 0.50000000
v -9.10398865 -9.10398865 0.50000000
v -9.47659206 -8.89911270 0.50000000
v -9.38545990 -8.81353378 0.50000000
v -9.65766811 -8.51438046 0.50000000
v -8.89911270 -9.47659206 0.50000000
v -8.81353378 -9.38545990 0.50000000
v -8.51438046 -9.65766811 0.50000000
v -9.75144386 -8.59705448 3.00000000
v -10.01667213 -8.28651142 3.00000000
v -10.97626305 -6.96574831 3.00000000
v -11.18964672 -6.61753845 3.00000000
v -10.75204754 -7.30708408 3.00000000
v -10.27201557 -7.96779156 3.00000000
v -10.51722050 -7.64120817 3.00000000
v -8.59705448 -9.75144386 3.00000000
v -8.28651142 -10.01667213 3.00000000
v -7.96779156 -10.27201557 3.00000000
v -7.64120817 -10.51722050 3.00000000
v -6.96574831 -10.97626305 3.00000000
v -7.30708408 -10.75204754 3.00000000
v -6.61753845 -11.18964672 3.00000000
v -9.19238853 -9.19238853 3.00000000
v -9.47659206 -8.89911270 3.00000000
v -8.89911270 -9.47659206 3.00000000
v -7.12468815 -6.52233458 3.00000000
v -6.52233458 -7.12468815 3.00000000
v -11.47169495 -5.84512091 0.37500000
v -11.47187614 -4.96432400 0.00000000
v -11.81607628 -5.11327314 0.37500000
v -11.42339993 -5.37544394 0.12500000
v -11.53651714 -5.42867279 0.25000000
v -11.42339993 -5.37544394 0.25000000
v -11.64963436 -5.48190165 0.37500000
v -11.53651714 -5.42867279 0.37500000
v -11.58660984 -5.01397371 0.12500000
v -11.70134354 -5.06362343 0.25000000
v -11.58660984 -5.01397371 0.25000000
v -11.47187614 -4.96432400 0.12500000
v -11.70134354 -5.06362343 0.37500000
v -12.24483776 -3.97858906 0.37500000
v -12.24371529 -3.55712795 0.25000000
v -12.36376667 -3.59200621 0.37500000
v -12.24371529 -3.55712795 0.37500000
v -11.62214851 -4.60153437 0.00000000
v -11.76095200 -4.23420286 0.00000000
v -11.85462189 -4.69357681 0.25000000
v -11.97085762 -4.73959780 0.37500000
v -11.85462189 -4.69357681 0.37500000
v -11.99620056 -4.31889772 0.25000000
v -11.87857628 -4.27655077 0.12500000
v -11.87857628 -4.27655077 0.25000000
v -12.11382580 -4.36124563 0.37500000
v -11.99620056 -4.31889772 0.37500000
v -11.73838520 -4.64755535 0.12500000
v -11.62214851 -4.60153437 0.12500000
v -11.73838520 -4.64755535 0.25000000
v -11.76095200 -4.23420286 0.12500000
v -11.88814735 -3.86269331 0.00000000
v -12.00361156 -3.48737144 0.00000000
v -12.00704479 -3.90132523 0.12500000
v -12.12594128 -3.93995714 0.25000000
v -12.00704479 -3.90132523 0.25000000
v -11.88814735 -3.86269331 0.12500000
v -12.12594128 -3.93995714 0.37500000
v -12.12366295 -3.52224970 0.12500000
v -12.00361156 -3.48737144 0.12500000
v -12.12366295 -3.52224970 0.25000000
v -10.75922203 -6.36298656 0.00000000
v -10.95377922 -6.02189112 0.00000000
v -11.17288303 -6.14234447 0.25000000
v -10.97443390 -6.49026251 0.25000000
v -11.28243542 -6.20257092 0.37500000
v -11.17288303 -6.14234447 0.37500000
v -10.97443390 -6.49026251 0.37500000
v -11.24891567 -5.73160887 0.12500000
v -11.36030579 -5.78836489 0.25000000
v -11.24891567 -5.73160887 0.25000000
v -11.06333160 -6.08211756 0.12500000
v -11.06333160 -6.08211756 0.25000000
v -11.36030579 -5.78836489 0.37500000
v -10.86682796 -6.42662430 0.12500000
v -10.86682796 -6.42662430 0.25000000
v -10.75922203 -6.36298656 0.12500000
v -10.95377922 -6.02189112 0.12500000
v -11.31028271 -5.32221460 0.00000000
v -11.13752651 -5.67485332 0.00000000
v -11.31028271 -5.32221460 0.12500000
v -11.13752651 -5.67485332 0.12500000
v -11.39198685 -6.26279783 0.50000000
v -11.58308506 -5.90187645 0.50000000
v -11.47169495 -5.84512091 0.50000000
v -11.93080997 -5.16292238 0.50000000
v -11.81607628 -5.11327314 0.50000000
v -11.76275158 -5.53513098 0.50000000
v -11.64963436 -5.48190165 0.50000000
v -12.23145008 -4.40359306 0.50000000
v -12.36373425 -4.01722097 0.50000000
v -12.24483776 -3.97858906 0.50000000
v -12.48381805 -3.62688446 0.50000000
v -12.36376667 -3.59200621 0.50000000
v -12.08709431 -4.78561926 0.50000000
v -11.97085762 -4.73959780 0.50000000
v -12.11382580 -4.36124563 0.50000000
v -11.28243542 -6.20257092 0.50000000
v -12.19889927 -2.72677708 0.00000000
v -12.22831726 -3.13969851 0.12500000
v -12.34940529 -3.17078853 0.25000000
v -12.22831726 -3.13969851 0.25000000
v -12.47049332 -3.20187831 0.37500000
v -12.34940529 -3.17078853 0.37500000
v -12.44290829 -2.78131938 0.25000000
v -12.32090378 -2.75404811 0.12500000
v -12.19889927 -2.72677708 0.12500000
v -12.32090378 -2.75404811 0.25000000
v -12.56491280 -2.80859089 0.37500000
v -12.44290829 -2.78131938 0.37500000
v -12.27853012 -2.34225464 0.00000000
v -12.34604359 -1.95542133 0.00000000
v -12.64693356 -2.41253161 0.37500000
v -12.71647263 -2.01409125 0.37500000
v -12.40133095 -2.36568069 0.12500000
v -12.52413177 -2.38910604 0.25000000
v -12.40133095 -2.36568069 0.25000000
v -12.27853012 -2.34225464 0.12500000
v -12.52413177 -2.38910604 0.37500000
v -12.46951962 -1.97497773 0.12500000
v -12.59299564 -1.99453449 0.25000000
v -12.46951962 -1.97497773 0.25000000
v -12.34604359 -1.95542133 0.12500000
v -12.59299564 -1.99453449 0.37500000
v -12.10723019 -3.10860825 0.00000000
v -12.10723019 -3.10860825 0.12500000
v -12.40137291 -1.56665766 0.00000000
v -12.44446278 -1.17634821 0.00000000
v -12.64943218 -1.59799504 0.25000000
v -12.77346134 -1.61366343 0.37500000
v -12.64943218 -1.59799504 0.37500000
v -12.69338417 -1.19987798 0.25000000
v -12.81784534 -1.21164322 0.37500000
v -12.69338417 -1.19987798 0.37500000
v -12.52540207 -1.58232641 0.12500000
v -12.40137291 -1.56665766 0.12500000
v -12.52540207 -1.58232641 0.25000000
v -12.56892395 -1.18811309 0.12500000
v -12.44446278 -1.17634821 0.12500000
v -12.56892395 -1.18811309 0.25000000
v -12.47527218 -0.78487760 0.00000000
v -12.49377060 -0.39263260 0.00000000
v -12.60004139 -0.79272729 0.12500000
v -12.72480965 -0.80057734 0.25000000
v -12.60004139 -0.79272729 0.25000000
v -12.84957886 -0.80842668 0.37500000
v -12.72480965 -0.80057734 0.37500000
v -12.61872387 -0.39655957 0.12500000
v -12.74367809 -0.40048623 0.25000000
v -12.61872387 -0.39655957 0.25000000
v -12.86863136 -0.40441322 0.37500000
v -12.74367809 -0.40048623 0.37500000
v -12.47527218 -0.78487760 0.12500000
v -12.49377060 -0.39263260 0.12500000
v -12.68691826 -2.83586216 0.50000000
v -12.59158134 -3.23296857 0.50000000
v -12.47049332 -3.20187831 0.50000000
v -12.56491280 -2.80859089 0.50000000
v -12.83994865 -2.03364801 0.50000000
v -12.76973438 -2.43595719 0.50000000
v -12.64693356 -2.41253161 0.50000000
v -12.89749146 -1.62933207 0.50000000
v -12.71647263 -2.01409125 0.50000000
v -12.94230556 -1.22340810 0.50000000
v -12.77346134 -1.61366343 0.50000000
v -12.81784534 -1.21164322 0.50000000
v -12.97434711 -0.81627673 0.50000000
v -12.84957886 -0.80842668 0.50000000
v -12.99358559 -0.40833986 0.50000000
v -12.86863136 -0.40441322 0.50000000
v -11.39198685 -6.26279783 3.00000000
v -11.58308506 -5.90187645 3.00000000
v -11.93080997 -5.16292238 3.00000000
v -11.76275158 -5.53513098 3.00000000
v -12.23145008 -4.40359306 3.00000000
v -12.36373425 -4.01722097 3.00000000
v -12.48381805 -3.62688446 3.00000000
v -12.08709431 -4.78561926 3.00000000
v -12.68691826 -2.83586216 3.00000000
v -12.59158134 -3.23296857 3.00000000
v -12.83994865 -2.03364801 3.00000000
v -12.76973438 -2.43595719 3.00000000
v -12.89749146 -1.62933207 3.00000000
v -12.94230556 -1.22340810 3.00000000
v -12.97434711 -0.81627673 3.00000000
v -12.99358559 -0.40833986 3.00000000
v -8.33334637 -4.88223314 3.00000000
v -8.70190048 -4.18883228 3.00000000
v -8.77244949 -4.05479670 3.00000000
v -8.81706810 -3.95250845 3.00000000
v -7.79090261 -5.70668793 3.00000000
v -7.32110929 -6.30034494 3.00000000
v -8.09179401 -5.27064848 3.00000000
v -8.06875038 -4.87688494 3.08001518
v -7.29251003 -5.69278574 3.13789558
v -8.01888180 -4.04403830 3.22417307
v -7.25232077 -4.85986471 3.30166483
v -7.21150970 -4.03216791 3.43982911
v -9.10199738 -3.22860837 3.00000000
v -9.28839779 -2.63159394 3.00000000
v -9.35684204 -2.40767694 3.00000000
v -9.44913292 -1.99633038 3.00000000
v -8.76423454 -3.22557211 3.10936475
v -8.70344639 -2.40432262 3.20890164
v -9.54979420 -1.43450189 3.00000000
v -9.52958012 -1.59459472 3.00000000
v -9.41373253 -1.59433532 3.04010773
v -9.62621498 -0.79152715 3.00000000
v -9.64208984 -0.43809196 3.00000000
v -9.34201813 -0.79136592 3.09737611
v -8.64241505 -1.59255147 3.28401017
v -8.58135319 -0.79092079 3.33560205
v -7.96843863 -3.21818900 3.34277725
v -7.91760874 -2.40016508 3.43662047
v -7.17023277 -3.21057320 3.55306530
v -7.12863874 -2.39587784 3.64207768
v -7.86657429 -1.59070480 3.50651598
v -7.81550741 -0.79046011 3.55329013
v -7.08687162 -1.58880091 3.70759273
v -7.04506922 -0.78998530 3.75035024
v -5.84512091 -11.47169495 0.37500000
v -4.96432400 -11.47187614 0.00000000
v -5.37544394 -11.42339993 0.12500000
v -5.42867279 -11.53651714 0.25000000
v -5.37544394 -11.42339993 0.25000000
v -5.48190165 -11.64963436 0.37500000
v -5.42867279 -11.53651714 0.37500000
v -5.11327314 -11.81607628 0.37500000
v -5.01397371 -11.58660984 0.12500000
v -5.06362343 -11.70134354 0.25000000
v -5.01397371 -11.58660984 0.25000000
v -4.96432400 -11.47187614 0.12500000
v -5.06362343 -11.70134354 0.37500000
v -6.36298656 -10.75922203 0.00000000
v -6.02189112 -10.95377922 0.00000000
v -6.49026251 -10.97443390 0.25000000
v -6.14234447 -11.17288303 0.25000000
v -6.49026251 -10.97443390 0.37500000
v -6.20257092 -11.28243542 0.37500000
v -6.14234447 -11.17288303 0.37500000
v -6.42662430 -10.86682796 0.12500000
v -6.42662430 -10.86682796 0.25000000
v -6.36298656 -10.75922203 0.12500000
v -6.08211756 -11.06333160 0.12500000
v -6.08211756 -11.06333160 0.25000000
v -5.73160887 -11.24891567 0.12500000
v -5.78836489 -11.36030579 0.25000000
v -5.73160887 -11.24891567 0.25000000
v -5.78836489 -11.36030579 0.37500000
v -6.02189112 -10.95377922 0.12500000
v -5.67485332 -11.13752651 0.00000000
v -5.32221460 -11.31028271 0.00000000
v -5.67485332 -11.13752651 0.12500000
v -5.32221460 -11.31028271 0.12500000
v -4.60153437 -11.62214851 0.00000000
v -4.23420286 -11.76095200 0.00000000
v -4.69357681 -11.85462189 0.25000000
v -4.73959780 -11.97085762 0.37500000
v -4.69357681 -11.85462189 0.37500000
v -4.64755535 -11.73838520 0.12500000
v -4.60153437 -11.62214851 0.12500000
v -4.64755535 -11.73838520 0.25000000
v -4.31889772 -11.99620056 0.25000000
v -4.27655077 -11.87857628 0.12500000
v -4.27655077 -11.87857628 0.25000000
v -4.36124563 -12.11382580 0.37500000
v -4.31889772 -11.99620056 0.37500000
v -4.23420286 -11.76095200 0.12500000
v -3.97858906 -12.24483776 0.37500000
v -3.55712795 -12.24371529 0.25000000
v -3.59200621 -12.36376667 0.37500000
v -3.55712795 -12.24371529 0.37500000
v -3.86269331 -11.88814735 0.00000000
v -3.48737144 -12.00361156 0.00000000
v -3.90132523 -12.00704479 0.12500000
v -3.93995714 -12.12594128 0.25000000
v -3.90132523 -12.00704479 0.25000000
v -3.86269331 -11.88814735 0.12500000
v -3.93995714 -12.12594128 0.37500000
v -3.52224970 -12.12366295 0.12500000
v -3.48737144 -12.00361156 0.12500000
v -3.52224970 -12.12366295 0.25000000
v -6.26279783 -11.39198685 0.50000000
v -5.90187645 -11.58308506 0.50000000
v -5.84512091 -11.47169495 0.50000000
v -5.53513098 -11.76275158 0.50000000
v -5.48190165 -11.64963436 0.50000000
v -5.16292238 -11.93080997 0.50000000
v -5.11327314 -11.81607628 0.50000000
v -6.20257092 -11.28243542 0.50000000
v -4.40359306 -12.23145008 0.50000000
v -4.78561926 -12.08709431 0.50000000
v -4.73959780 -11.97085762 0.50000000
v -4.36124563 -12.11382580 0.50000000
v -4.01722097 -12.36373425 0.50000000
v -3.97858906 -12.24483776 0.50000000
v -3.62688446 -12.48381805 0.50000000
v -3.59200621 -12.36376667 0.50000000
v -2.72677708 -12.19889927 0.00000000
v -3.13969851 -12.22831726 0.12500000
v -3.17078853 -12.34940529 0.25000000
v -3.13969851 -12.22831726 0.25000000
v -3.20187831 -12.47049332 0.37500000
v -3.17078853 -12.34940529 0.37500000
v -2.78131938 -12.44290829 0.25000000
v -2.75404811 -12.32090378 0.12500000
v -2.72677708 -12.19889927 0.12500000
v -2.75404811 -12.32090378 0.25000000
v -2.80859089 -12.56491280 0.37500000
v -2.78131938 -12.44290829 0.37500000
v -3.10860825 -12.10723019 0.00000000
v -3.10860825 -12.10723019 0.12500000
v -2.34225464 -12.27853012 0.00000000
v -1.95542133 -12.34604359 0.00000000
v -2.41253161 -12.64693356 0.37500000
v -2.36568069 -12.40133095 0.12500000
v -2.38910604 -12.52413177 0.25000000
v -2.36568069 -12.40133095 0.25000000
v -2.34225464 -12.27853012 0.12500000
v -2.38910604 -12.52413177 0.37500000
v -2.01409125 -12.71647263 0.37500000
v -1.97497773 -12.46951962 0.12500000
v -1.99453449 -12.59299564 0.25000000
v -1.97497773 -12.46951962 0.25000000
v -1.95542133 -12.34604359 0.12500000
v -1.99453449 -12.59299564 0.37500000
v -1.56665766 -12.40137291 0.00000000
v -1.17634821 -12.44446278 0.00000000
v -1.59799504 -12.64943218 0.25000000
v -1.61366343 -12.77346134 0.37500000
v -1.59799504 -12.64943218 0.37500000
v -1.58232641 -12.52540207 0.12500000
v -1.56665766 -12.40137291 0.12500000
v -1.58232641 -12.52540207 0.25000000
v -1.19987798 -12.69338417 0.25000000
v -1.21164322 -12.81784534 0.37500000
v -1.19987798 -12.69338417 0.37500000
v -1.18811309 -12.56892395 0.12500000
v -1.17634821 -12.44446278 0.12500000
v -1.18811309 -12.56892395 0.25000000
v -0.78487760 -12.47527218 0.00000000
v -0.39263260 -12.49377060 0.00000000
v -0.79272729 -12.60004139 0.12500000
v -0.80057734 -12.72480965 0.25000000
v -0.79272729 -12.60004139 0.25000000
v -0.80842668 -12.84957886 0.37500000
v -0.80057734 -12.72480965 0.37500000
v -0.78487760 -12.47527218 0.12500000
v -0.39655957 -12.61872387 0.12500000
v -0.40048623 -12.74367809 0.25000000
v -0.39655957 -12.61872387 0.25000000
v -0.40441322 -12.86863136 0.37500000
v -0.40048623 -12.74367809 0.37500000
v -0.39263260 -12.49377060 0.12500000
v -3.23296857 -12.59158134 0.50000000
v -3.20187831 -12.47049332 0.50000000
v -2.83586216 -12.68691826 0.50000000
v -2.80859089 -12.56491280 0.50000000
v -2.43595719 -12.76973438 0.50000000
v -2.41253161 -12.64693356 0.50000000
v -2.03364801 -12.83994865 0.50000000
v -2.01409125 -12.71647263 0.50000000
v -1.62933207 -12.89749146 0.50000000
v -1.61366343 -12.77346134 0.50000000
v -1.22340810 -12.94230556 0.50000000
v -1.21164322 -12.81784534 0.50000000
v -0.81627673 -12.97434711 0.50000000
v -0.80842668 -12.84957886 0.50000000
v -0.40833986 -12.99358559 0.50000000
v -0.40441322 -12.86863136 0.50000000
v -6.26279783 -11.39198685 3.00000000
v -5.90187645 -11.58308506 3.00000000
v -5.53513098 -11.76275158 3.00000000
v -5.16292238 -11.93080997 3.00000000
v -4.40359306 -12.23145008 3.00000000
v -4.78561926 -12.08709431 3.00000000
v -4.01722097 -12.36373425 3.00000000
v -3.62688446 -12.48381805 3.00000000
v -4.88223314 -8.33334637 3.00000000
v -6.30034494 -7.32110929 3.00000000
v -5.70668793 -7.79090261 3.00000000
v -5.69278574 -7.29251003 3.13789558
v -5.27064848 -8.09179401 3.00000000
v -4.87688494 -8.06875038 3.08001518
v -4.18883228 -8.70190048 3.00000000
v -4.05479670 -8.77244949 3.00000000
v -3.95250845 -8.81706810 3.00000000
v -4.85986471 -7.25232077 3.30166483
v -4.04403830 -8.01888180 3.22417307
v -4.03216791 -7.21150970 3.43982911
v -3.23296857 -12.59158134 3.00000000
v -2.83586216 -12.68691826 3.00000000
v -2.43595719 -12.76973438 3.00000000
v -2.03364801 -12.83994865 3.00000000
v -1.62933207 -12.89749146 3.00000000
v -1.22340810 -12.94230556 3.00000000
v -0.81627673 -12.97434711 3.00000000
v -0.40833986 -12.99358559 3.00000000
v -3.22860837 -9.10199738 3.00000000
v -2.63159394 -9.28839779 3.00000000
v -3.22557211 -8.76423454 3.10936475
v -2.40767694 -9.35684204 3.00000000
v -1.99633038 -9.44913292 3.00000000
v -2.40432262 -8.70344639 3.20890164
v -1.43450189 -9.54979420 3.00000000
v -1.59459472 -9.52958012 3.00000000
v -1.59433532 -9.41373253 3.04010773
v -0.79152715 -9.62621498 3.00000000
v -0.43809196 -9.64208984 3.00000000
v -0.79136592 -9.34201813 3.09737611
v -3.21818900 -7.96843863 3.34277725
v -3.21057320 -7.17023277 3.55306530
v -2.40016508 -7.91760874 3.43662047
v -2.39587784 -7.12863874 3.64207768
v -1.59255147 -8.64241505 3.28401017
v -0.79092079 -8.58135319 3.33560205
v -1.59070480 -7.86657429 3.50651598
v -1.58880091 -7.08687162 3.70759273
v -0.79046011 -7.81550741 3.55329013
v -0.78998530 -7.04506922 3.75035024
v -1.85203469 -0.98993313 0.00000000
v -1.74608624 -1.16669750 0.00000000
v -2.05964899 -0.40968966 0.00000000
v -2.08988786 -0.20583600 0.00000000
v -1.94014704 -0.80363518 0.00000000
v -2.00957465 -0.60959780 0.00000000
v -1.16669750 -1.74608624 0.00000000
v -0.98993313 -1.85203469 0.00000000
v -0.40968966 -2.05964899 0.00000000
v -0.80363518 -1.94014704 0.00000000
v -0.60959780 -2.00957465 0.00000000
v -0.20583600 -2.08988786 0.00000000
v -1.48492420 -1.48492420 0.00000000
v -1.62332201 -1.33222592 0.00000000
v -1.33222592 -1.62332201 0.00000000
v -6.49928617 -6.49928617 3.15728545
v -6.46786451 -5.66911221 3.34070110
v -5.66911221 -6.46786451 3.34070110
v -5.64488029 -5.64488029 3.51834464
v -6.43583059 -4.84237194 3.49864221
v -6.40330648 -4.01997232 3.63166356
v -5.62018108 -4.82447100 3.67125797
v -5.59510517 -4.00749397 3.79991078
v -4.84237194 -6.43583059 3.49864221
v -4.82447100 -5.62018108 3.67125797
v -4.01997232 -6.40330648 3.63166356
v -4.00749397 -5.59510517 3.79991078
v -4.80622721 -4.80622721 3.81986237
v -4.78770351 -3.99477625 3.94484043
v -3.99477625 -4.78770351 3.94484043
v -3.98186183 -3.98186183 4.06675339
v -6.37041044 -3.20275021 3.74035454
v -6.33725786 -2.39147472 3.82533169
v -5.56973982 -3.19474673 3.90480494
v -5.54417181 -2.38696980 3.98646855
v -6.30396032 -1.58684576 3.88723278
v -6.27062368 -0.78949767 3.92671084
v -5.51848364 -1.58484530 4.04545116
v -5.49275589 -0.78899866 4.08231878
v -4.76896286 -3.18658900 4.04660654
v -4.75006628 -2.38237739 4.12560177
v -3.96879268 -3.17830300 4.16597843
v -3.95561028 -2.37771130 4.24286842
v -4.73107433 -1.58280528 4.18228626
v -4.71204472 -0.78848964 4.21713877
v -3.94235539 -1.58073211 4.29779673
v -3.92906761 -0.78797215 4.33115435
v -3.20275021 -6.37041044 3.74035454
v -3.19474673 -5.56973982 3.90480494
v -2.39147472 -6.33725786 3.82533169
v -2.38696980 -5.54417181 3.98646855
v -3.18658900 -4.76896286 4.04660654
v -3.17830300 -3.96879268 4.16597843
v -2.38237739 -4.75006628 4.12560177
v -2.37771130 -3.95561028 4.24286842
v -1.58684576 -6.30396032 3.88723278
v -1.58484530 -5.51848364 4.04545116
v -0.78949767 -6.27062368 3.92671084
v -0.78899866 -5.49275589 4.08231878
v -1.58280528 -4.73107433 4.18228626
v -1.58073211 -3.94235539 4.29779673
v -0.78848964 -4.71204472 4.21713877
v -0.78797215 -3.92906761 4.33115435
v -3.16991520 -3.16991520 4.26316357
v -3.16145110 -2.37298608 4.33842897
v -2.37298608 -3.16145110 4.33842897
v -2.36821580 -2.36821580 4.41246557
v -3.15293622 -1.57863164 4.39206123
v -3.14439559 -0.78744757 4.42436409
v -2.36341429 -1.57650995 4.46517849
v -2.35859537 -0.78691745 4.49678564
v -1.57863164 -3.15293622 4.39206123
v -1.57650995 -2.36341429 4.46517849
v -0.78744757 -3.14439559 4.42436409
v -0.78691745 -2.35859537 4.49678564
v -1.57437325 -1.57437325 4.51726437
v -1.57222748 -0.78638321 4.54845095
v -0.78638321 -1.57222748 4.54845095
v -0.78584641 -0.78584641 4.57940769
v -3.40000010 0.00000000 -6.50000000
v -3.38362813 0.33325827 -6.50000000
v -3.33467007 0.66330707 -6.50000000
v -3.25359726 0.98696792 -6.50000000
v -3.14119053 1.30112362 -6.50000000
v -2.99853230 1.60274887 -6.50000000
v -2.82699656 1.88893878 -6.50000000
v -2.62823558 2.15693712 -6.50000000
v -2.40416312 2.40416312 -6.50000000
v -2.15693712 2.62823558 -6.50000000
v -1.88893878 2.82699656 -6.50000000
v -1.60274887 2.99853230 -6.50000000
v -1.30112362 3.14119053 -6.50000000
v -2.09999990 0.00000000 -4.80000019
v -2.08988786 0.20583600 -4.80000019
v -2.05964899 0.40968966 -4.80000019
v -2.00957465 0.60959780 -4.80000019
v -1.94014704 0.80363518 -4.80000019
v -1.85203469 0.98993313 -4.80000019
v -1.74608624 1.16669750 -4.80000019
v -1.62332201 1.33222592 -4.80000019
v -1.48492420 1.48492420 -4.80000019
v -1.33222592 1.62332201 -4.80000019
v -1.16669750 1.74608624 -4.80000019
v -0.98993313 1.85203469 -4.80000019
v -0.80363518 1.94014704 -4.80000019
v -0.60959780 2.00957465 -4.80000019
v -0.40968966 2.05964899 -4.80000019
v -0.20583600 2.08988786 -4.80000019
v -0.98696792 3.25359726 -6.50000000
v -0.66330707 3.33467007 -6.50000000
v -0.33325827 3.38362813 -6.50000000
v -12.49993801 0.00000000 0.00000000
v -12.49377060 0.39263260 0.00000000
v -12.47527218 0.78487760 0.00000000
v -12.62495327 0.00000000 0.12500000
v -12.74996948 0.00000000 0.25000000
v -12.62495327 0.00000000 0.25000000
v -12.61872387 0.39655957 0.12500000
v -12.74367809 0.40048623 0.25000000
v -12.61872387 0.39655957 0.25000000
v -12.87498474 0.00000000 0.37500000
v -12.86863136 0.40441322 0.37500000
v -12.74996948 0.00000000 0.37500000
v -12.74367809 0.40048623 0.37500000
v -12.60004139 0.79272729 0.12500000
v -12.72480965 0.80057734 0.25000000
v -12.60004139 0.79272729 0.25000000
v -12.84957886 0.80842668 0.37500000
v -12.72480965 0.80057734 0.37500000
v -12.49993801 0.00000000 0.12500000
v -12.49377060 0.39263260 0.12500000
v -12.47527218 0.78487760 0.12500000
v -12.44446278 1.17634821 0.00000000
v -12.40137291 1.56665766 0.00000000
v -12.69338417 1.19987798 0.25000000
v -12.81784534 1.21164322 0.37500000
v -12.69338417 1.19987798 0.37500000
v -12.64943218 1.59799504 0.25000000
v -12.77346134 1.61366343 0.37500000
v -12.64943218 1.59799504 0.37500000
v -12.56892395 1.18811309 0.12500000
v -12.44446278 1.17634821 0.12500000
v -12.56892395 1.18811309 0.25000000
v -12.52540207 1.58232641 0.12500000
v -12.40137291 1.56665766 0.12500000
v -12.52540207 1.58232641 0.25000000
v -12.34604359 1.95542133 0.00000000
v -12.27853012 2.34225464 0.00000000
v -12.71647263 2.01409125 0.37500000
v -12.64693356 2.41253161 0.37500000
v -12.46951962 1.97497773 0.12500000
v -12.59299564 1.99453449 0.25000000
v -12.46951962 1.97497773 0.25000000
v -12.34604359 1.95542133 0.12500000
v -12.59299564 1.99453449 0.37500000
v -12.40133095 2.36568069 0.12500000
v -12.52413177 2.38910604 0.25000000
v -12.40133095 2.36568069 0.25000000
v -12.27853012 2.34225464 0.12500000
v -12.52413177 2.38910604 0.37500000
v -12.19889927 2.72677708 0.00000000
v -12.44290829 2.78131938 0.25000000
v -12.32090378 2.75404811 0.12500000
v -12.19889927 2.72677708 0.12500000
v -12.32090378 2.75404811 0.25000000
v -12.56491280 2.80859089 0.37500000
v -12.44290829 2.78131938 0.37500000
v -12.22831726 3.13969851 0.12500000
v -12.34940529 3.17078853 0.25000000
v -12.22831726 3.13969851 0.25000000
v -12.47049332 3.20187831 0.37500000
v -12.34940529 3.17078853 0.37500000
v -12.10723019 3.10860825 0.00000000
v -12.10723019 3.10860825 0.12500000
v -13.00000000 0.00000000 0.50000000
v -12.87498474 0.00000000 0.50000000
v -12.86863136 0.40441322 0.50000000
v -12.99358559 0.40833986 0.50000000
v -12.84957886 0.80842668 0.50000000
v -12.97434711 0.81627673 0.50000000
v -12.81784534 1.21164322 0.50000000
v -12.94230556 1.22340810 0.50000000
v -12.77346134 1.61366343 0.50000000
v -12.89749146 1.62933207 0.50000000
v -12.71647263 2.01409125 0.50000000
v -12.83994865 2.03364801 0.50000000
v -12.76973438 2.43595719 0.50000000
v -12.64693356 2.41253161 0.50000000
v -12.68691826 2.83586216 0.50000000
v -12.56491280 2.80859089 0.50000000
v -12.59158134 3.23296857 0.50000000
v -12.47049332 3.20187831 0.50000000
v -12.24371529 3.55712795 0.25000000
v -12.36376667 3.59200621 0.37500000
v -12.24371529 3.55712795 0.37500000
v -12.24483776 3.97858906 0.37500000
v -12.00361156 3.48737144 0.00000000
v -11.88814735 3.86269331 0.00000000
v -12.12366295 3.52224970 0.12500000
v -12.00361156 3.48737144 0.12500000
v -12.12366295 3.52224970 0.25000000
v -12.00704479 3.90132523 0.12500000
v -12.12594128 3.93995714 0.25000000
v -12.00704479 3.90132523 0.25000000
v -11.88814735 3.86269331 0.12500000
v -12.12594128 3.93995714 0.37500000
v -11.76095200 4.23420286 0.00000000
v -11.62214851 4.60153437 0.00000000
v -11.99620056 4.31889772 0.25000000
v -11.87857628 4.27655077 0.12500000
v -11.87857628 4.27655077 0.25000000
v -12.11382580 4.36124563 0.37500000
v -11.99620056 4.31889772 0.37500000
v -11.85462189 4.69357681 0.25000000
v -11.97085762 4.73959780 0.37500000
v -11.85462189 4.69357681 0.37500000
v -11.76095200 4.23420286 0.12500000
v -11.73838520 4.64755535 0.12500000
v -11.62214851 4.60153437 0.12500000
v -11.73838520 4.64755535 0.25000000
v -11.47187614 4.96432400 0.00000000
v -11.81607628 5.11327314 0.37500000
v -11.58660984 5.01397371 0.12500000
v -11.70134354 5.06362343 0.25000000
v -11.58660984 5.01397371 0.25000000
v -11.47187614 4.96432400 0.12500000
v -11.70134354 5.06362343 0.37500000
v -11.42339993 5.37544394 0.12500000
v -11.53651714 5.42867279 0.25000000
v -11.42339993 5.37544394 0.25000000
v -11.64963436 5.48190165 0.37500000
v -11.53651714 5.42867279 0.37500000
v -11.47169495 5.84512091 0.37500000
v -11.31028271 5.32221460 0.00000000
v -11.13752651 5.67485332 0.00000000
v -11.31028271 5.32221460 0.12500000
v -11.13752651 5.67485332 0.12500000
v -10.95377922 6.02189112 0.00000000
v -10.75922203 6.36298656 0.00000000
v -11.24891567 5.73160887 0.12500000
v -11.36030579 5.78836489 0.25000000
v -11.24891567 5.73160887 0.25000000
v -11.06333160 6.08211756 0.12500000
v -11.06333160 6.08211756 0.25000000
v -11.36030579 5.78836489 0.37500000
v -11.17288303 6.14234447 0.25000000
v -10.97443390 6.49026251 0.25000000
v -11.28243542 6.20257092 0.37500000
v -11.17288303 6.14234447 0.37500000
v -10.97443390 6.49026251 0.37500000
v -10.95377922 6.02189112 0.12500000
v -10.86682796 6.42662430 0.12500000
v -10.86682796 6.42662430 0.25000000
v -10.75922203 6.36298656 0.12500000
v -12.48381805 3.62688446 0.50000000
v -12.36376667 3.59200621 0.50000000
v -12.36373425 4.01722097 0.50000000
v -12.24483776 3.97858906 0.50000000
v -12.23145008 4.40359306 0.50000000
v -12.11382580 4.36124563 0.50000000
v -12.08709431 4.78561926 0.50000000
v -11.97085762 4.73959780 0.50000000
v -11.93080997 5.16292238 0.50000000
v -11.81607628 5.11327314 0.50000000
v -11.64963436 5.48190165 0.50000000
v -11.76275158 5.53513098 0.50000000
v -11.58308506 5.90187645 0.50000000
v -11.47169495 5.84512091 0.50000000
v -11.39198685 6.26279783 0.50000000
v -11.28243542 6.20257092 0.50000000
v -13.00000000 0.00000000 3.00000000
v -12.99358559 0.40833986 3.00000000
v -12.97434711 0.81627673 3.00000000
v -12.94230556 1.22340810 3.00000000
v -12.89749146 1.62933207 3.00000000
v -12.83994865 2.03364801 3.00000000
v -12.76973438 2.43595719 3.00000000
v -12.68691826 2.83586216 3.00000000
v -12.59158134 3.23296857 3.00000000
v -12.48381805 3.62688446 3.00000000
v -12.36373425 4.01722097 3.00000000
v -12.23145008 4.40359306 3.00000000
v -12.08709431 4.78561926 3.00000000
v -11.93080997 5.16292238 3.00000000
v -11.76275158 5.53513098 3.00000000
v -11.58308506 5.90187645 3.00000000
v -11.39198685 6.26279783 3.00000000
v -9.65847206 0.00000000 3.00000000
v -9.64208984 0.43809196 3.00000000
v -9.62621498 0.79152715 3.00000000
v -9.27050972 0.00000000 3.13169551
v -9.34201813 0.79136592 3.09737611
v -9.54979420 1.43450189 3.00000000
v -9.52958012 1.59459472 3.00000000
v -9.41373253 1.59433532 3.04010773
v -9.44913292 1.99633038 3.00000000
v -9.35684204 2.40767694 3.00000000
v -9.28839779 2.63159394 3.00000000
v -9.10199738 3.22860837 3.00000000
v -8.70344639 2.40432262 3.20890164
v -8.76423454 3.22557211 3.10936475
v -8.58135319 0.79092079 3.33560205
v -8.52046013 0.00000000 3.36459208
v -8.64241505 1.59255147 3.28401017
v -7.81550741 0.79046011 3.55329013
v -7.76457119 0.00000000 3.57777476
v -7.86657429 1.59070480 3.50651598
v -7.00336075 0.00000000 3.77109766
v -7.04506922 0.78998530 3.75035024
v -7.08687162 1.58880091 3.70759273
v -7.91760874 2.40016508 3.43662047
v -7.96843863 3.21818900 3.34277725
v -7.12863874 2.39587784 3.64207768
v -7.17023277 3.21057320 3.55306530
v -8.81706810 3.95250845 3.00000000
v -8.77244949 4.05479670 3.00000000
v -8.70190048 4.18883228 3.00000000
v -8.33334637 4.88223314 3.00000000
v -8.09179401 5.27064848 3.00000000
v -8.06875038 4.87688494 3.08001518
v -7.79090261 5.70668793 3.00000000
v -7.32110929 6.30034494 3.00000000
v -7.29251003 5.69278574 3.13789558
v -8.01888180 4.04403830 3.22417307
v -7.21150970 4.03216791 3.43982911
v -7.25232077 4.85986471 3.30166483
v -11.08204079 6.55390024 0.37500000
v -10.65960121 6.76478863 0.12500000
v -10.76515484 6.83177519 0.25000000
v -10.65960121 6.76478863 0.25000000
v -10.87070942 6.89876175 0.37500000
v -10.76515484 6.83177519 0.37500000
v -10.64864922 7.23681498 0.37500000
v -10.55404663 6.69780159 0.00000000
v -10.33845615 7.02600765 0.00000000
v -10.55404663 6.69780159 0.12500000
v -10.44185352 7.09627676 0.12500000
v -10.44185352 7.09627676 0.25000000
v -10.54525185 7.16654587 0.25000000
v -10.33845615 7.02600765 0.12500000
v -10.54525185 7.16654587 0.37500000
v -10.11266232 7.34727955 0.00000000
v -9.87688923 7.66130018 0.00000000
v -10.21380234 7.42076159 0.12500000
v -10.31494141 7.49424362 0.25000000
v -10.21380234 7.42076159 0.25000000
v -10.41608143 7.56772614 0.37500000
v -10.31494141 7.49424362 0.37500000
v -10.17323399 7.89116907 0.37500000
v -10.11266232 7.34727955 0.12500000
v -9.87688923 7.66130018 0.12500000
v -9.97567081 7.73792315 0.12500000
v -10.07445240 7.81454611 0.25000000
v -9.97567081 7.73792315 0.25000000
v -10.07445240 7.81454611 0.37500000
v -9.82402039 8.12713623 0.25000000
v -9.92034626 8.20682430 0.37500000
v -9.82402039 8.12713623 0.37500000
v -11.18964672 6.61753845 0.50000000
v -11.08204079 6.55390024 0.50000000
v -10.97626305 6.96574831 0.50000000
v -10.87070942 6.89876175 0.50000000
v -10.75204754 7.30708408 0.50000000
v -10.64864922 7.23681498 0.50000000
v -10.51722050 7.64120817 0.50000000
v -10.41608143 7.56772614 0.50000000
v -10.17323399 7.89116907 0.50000000
v -10.27201557 7.96779156 0.50000000
v -10.01667213 8.28651142 0.50000000
v -9.92034626 8.20682430 0.50000000
v -9.75144386 8.59705448 0.50000000
v -9.63136768 7.96776056 0.00000000
v -9.72769451 8.04744816 0.12500000
v -9.63136768 7.96776056 0.12500000
v -9.72769451 8.04744816 0.25000000
v -9.37634182 8.26635742 0.00000000
v -9.11206245 8.55679703 0.00000000
v -9.56389332 8.43170547 0.25000000
v -9.37634182 8.26635742 0.12500000
v -9.47011757 8.34903145 0.12500000
v -9.47011757 8.34903145 0.25000000
v -9.65766811 8.51438046 0.37500000
v -9.56389332 8.43170547 0.37500000
v -9.38545990 8.81353378 0.37500000
v -9.20319557 8.64237595 0.12500000
v -9.29432774 8.72795391 0.25000000
v -9.20319557 8.64237595 0.25000000
v -9.11206245 8.55679703 0.12500000
v -9.29432774 8.72795391 0.37500000
v -9.01558971 9.01558971 0.25000000
v -9.10398865 9.10398865 0.37500000
v -9.01558971 9.01558971 0.37500000
v -8.83879089 8.83879089 0.00000000
v -8.92719078 8.92719078 0.12500000
v -8.83879089 8.83879089 0.12500000
v -8.92719078 8.92719078 0.25000000
v -8.55679703 9.11206245 0.00000000
v -8.26635742 9.37634182 0.00000000
v -8.55679703 9.11206245 0.12500000
v -8.64237595 9.20319557 0.12500000
v -8.64237595 9.20319557 0.25000000
v -8.72795391 9.29432774 0.25000000
v -8.72795391 9.29432774 0.37500000
v -8.81353378 9.38545990 0.37500000
v -8.34903145 9.47011757 0.12500000
v -8.34903145 9.47011757 0.25000000
v -8.43170547 9.56389332 0.25000000
v -8.26635742 9.37634182 0.12500000
v -8.43170547 9.56389332 0.37500000
v -8.51438046 9.65766811 0.37500000
v -7.96776056 9.63136768 0.00000000
v -8.04744816 9.72769451 0.12500000
v -7.96776056 9.63136768 0.12500000
v -8.04744816 9.72769451 0.25000000
v -9.65766811 8.51438046 0.50000000
v -9.47659206 8.89911270 0.50000000
v -9.38545990 8.81353378 0.50000000
v -9.19238853 9.19238853 0.50000000
v -9.10398865 9.10398865 0.50000000
v -8.89911270 9.47659206 0.50000000
v -8.81353378 9.38545990 0.50000000
v -8.51438046 9.65766811 0.50000000
v -8.12713623 9.82402039 0.25000000
v -8.12713623 9.82402039 0.37500000
v -8.20682430 9.92034626 0.37500000
v -7.66130018 9.87688923 0.00000000
v -7.34727955 10.11266232 0.00000000
v -7.73792315 9.97567081 0.12500000
v -7.73792315 9.97567081 0.25000000
v -7.81454611 10.07445240 0.25000000
v -7.81454611 10.07445240 0.37500000
v -7.89116907 10.17323399 0.37500000
v -7.66130018 9.87688923 0.12500000
v -7.34727955 10.11266232 0.12500000
v -7.42076159 10.21380234 0.12500000
v -7.42076159 10.21380234 0.25000000
v -7.49424362 10.31494141 0.25000000
v -7.56772614 10.41608143 0.37500000
v -7.49424362 10.31494141 0.37500000
v -7.02600765 10.33845615 0.00000000
v -6.69780159 10.55404663 0.00000000
v -7.16654587 10.54525185 0.25000000
v -7.02600765 10.33845615 0.12500000
v -7.09627676 10.44185352 0.12500000
v -7.09627676 10.44185352 0.25000000
v -7.16654587 10.54525185 0.37500000
v -6.69780159 10.55404663 0.12500000
v -7.23681498 10.64864922 0.37500000
v -6.76478863 10.65960121 0.12500000
v -6.83177519 10.76515484 0.25000000
v -6.76478863 10.65960121 0.25000000
v -6.83177519 10.76515484 0.37500000
v -6.89876175 10.87070942 0.37500000
v -6.55390024 11.08204079 0.37500000
v -8.59705448 9.75144386 0.50000000
v -8.20682430 9.92034626 0.50000000
v -8.28651142 10.01667213 0.50000000
v -7.96779156 10.27201557 0.50000000
v -7.89116907 10.17323399 0.50000000
v -7.64120817 10.51722050 0.50000000
v -7.56772614 10.41608143 0.50000000
v -7.23681498 10.64864922 0.50000000
v -7.30708408 10.75204754 0.50000000
v -6.96574831 10.97626305 0.50000000
v -6.89876175 10.87070942 0.50000000
v -6.55390024 11.08204079 0.50000000
v -6.61753845 11.18964672 0.50000000
v -11.18964672 6.61753845 3.00000000
v -10.97626305 6.96574831 3.00000000
v -10.75204754 7.30708408 3.00000000
v -10.51722050 7.64120817 3.00000000
v -10.27201557 7.96779156 3.00000000
v -10.01667213 8.28651142 3.00000000
v -9.75144386 8.59705448 3.00000000
v -9.47659206 8.89911270 3.00000000
v -9.19238853 9.19238853 3.00000000
v -8.89911270 9.47659206 3.00000000
v -7.12468815 6.52233458 3.00000000
v -6.52233458 7.12468815 3.00000000
v -8.59705448 9.75144386 3.00000000
v -8.28651142 10.01667213 3.00000000
v -7.96779156 10.27201557 3.00000000
v -7.64120817 10.51722050 3.00000000
v -7.30708408 10.75204754 3.00000000
v -6.96574831 10.97626305 3.00000000
v -6.61753845 11.18964672 3.00000000
v -2.09999990 0.00000000 0.00000000
v -2.08988786 0.20583600 0.00000000
v -2.05964899 0.40968966 0.00000000
v -2.00957465 0.60959780 0.00000000
v -1.94014704 0.80363518 0.00000000
v -1.85203469 0.98993313 0.00000000
v -1.74608624 1.16669750 0.00000000
v -1.62332201 1.33222592 0.00000000
v -1.48492420 1.48492420 0.00000000
v -1.33222592 1.62332201 0.00000000
v -1.16669750 1.74608624 0.00000000
v -0.98993313 1.85203469 0.00000000
v -0.80363518 1.94014704 0.00000000
v -0.60959780 2.00957465 0.00000000
v -0.40968966 2.05964899 0.00000000
v -0.20583600 2.08988786 0.00000000
v -6.30396032 1.58684576 3.88723278
v -6.23735094 0.00000000 3.94442797
v -6.27062368 0.78949767 3.92671084
v -5.46706581 0.00000000 4.09764719
v -5.49275589 0.78899866 4.08231878
v -5.51848364 1.58484530 4.04545116
v -6.33725786 2.39147472 3.82533169
v -6.37041044 3.20275021 3.74035454
v -5.56973982 3.19474673 3.90480494
v -5.54417181 2.38696980 3.98646855
v -4.69303417 0.00000000 4.23065042
v -4.71204472 0.78848964 4.21713877
v -4.73107433 1.58280528 4.18228626
v -3.91578579 0.00000000 4.34334564
v -3.92906761 0.78797215 4.33115435
v -3.94235539 1.58073211 4.29779673
v -4.75006628 2.38237739 4.12560177
v -4.76896286 3.18658900 4.04660654
v -3.95561028 2.37771130 4.24286842
v -3.96879268 3.17830300 4.16597843
v -6.49928617 6.49928617 3.15728545
v -6.40330648 4.01997232 3.63166356
v -6.43583059 4.84237194 3.49864221
v -5.59510517 4.00749397 3.79991078
v -5.62018108 4.82447100 3.67125797
v -6.46786451 5.66911221 3.34070110
v -5.64488029 5.64488029 3.51834464
v -5.66911221 6.46786451 3.34070110
v -4.80622721 4.80622721 3.81986237
v -4.78770351 3.99477625 3.94484043
v -3.98186183 3.98186183 4.06675339
v -3.99477625 4.78770351 3.94484043
v -4.82447100 5.62018108 3.67125797
v -4.84237194 6.43583059 3.49864221
v -4.00749397 5.59510517 3.79991078
v -4.01997232 6.40330648 3.63166356
v -3.13585401 0.00000000 4.43565702
v -3.14439559 0.78744757 4.42436409
v -3.15293622 1.57863164 4.39206123
v -2.35377288 0.00000000 4.50752020
v -2.35859537 0.78691745 4.49678564
v -2.36341429 1.57650995 4.46517849
v -3.16145110 2.37298608 4.33842897
v -3.16991520 3.16991520 4.26316357
v -2.36821580 2.36821580 4.41246557
v -2.37298608 3.16145110 4.33842897
v -1.57007873 0.00000000 4.55888605
v -1.57222748 0.78638321 4.54845095
v -1.57437325 1.57437325 4.51726437
v -0.78530842 0.00000000 4.58971977
v -0.78584641 0.78584641 4.57940769
v -0.78638321 1.57222748 4.54845095
v -1.57650995 2.36341429 4.46517849
v -1.57863164 3.15293622 4.39206123
v -0.78691745 2.35859537 4.49678564
v -0.78744757 3.14439559 4.42436409
v -3.17830300 3.96879268 4.16597843
v -3.18658900 4.76896286 4.04660654
v -2.37771130 3.95561028 4.24286842
v -2.38237739 4.75006628 4.12560177
v -3.19474673 5.56973982 3.90480494
v -3.20275021 6.37041044 3.74035454
v -2.39147472 6.33725786 3.82533169
v -2.38696980 5.54417181 3.98646855
v -1.58073211 3.94235539 4.29779673
v -1.58280528 4.73107433 4.18228626
v -0.78797215 3.92906761 4.33115435
v -0.78848964 4.71204472 4.21713877
v -1.58684576 6.30396032 3.88723278
v -1.58484530 5.51848364 4.04545116
v -0.78899866 5.49275589 4.08231878
v -0.78949767 6.27062368 3.92671084
v -6.36298656 10.75922203 0.00000000
v -6.02189112 10.95377922 0.00000000
v -6.36298656 10.75922203 0.12500000
v -6.42662430 10.86682796 0.12500000
v -6.42662430 10.86682796 0.25000000
v -6.49026251 10.97443390 0.25000000
v -6.14234447 11.17288303 0.25000000
v -6.49026251 10.97443390 0.37500000
v -6.20257092 11.28243542 0.37500000
v -6.14234447 11.17288303 0.37500000
v -6.02189112 10.95377922 0.12500000
v -6.08211756 11.06333160 0.12500000
v -6.08211756 11.06333160 0.25000000
v -5.73160887 11.24891567 0.12500000
v -5.73160887 11.24891567 0.25000000
v -5.78836489 11.36030579 0.25000000
v -5.78836489 11.36030579 0.37500000
v -5.67485332 11.13752651 0.00000000
v -5.32221460 11.31028271 0.00000000
v -5.67485332 11.13752651 0.12500000
v -5.32221460 11.31028271 0.12500000
v -5.84512091 11.47169495 0.37500000
v -4.96432400 11.47187614 0.00000000
v -5.37544394 11.42339993 0.12500000
v -5.42867279 11.53651714 0.25000000
v -5.37544394 11.42339993 0.25000000
v -5.42867279 11.53651714 0.37500000
v -5.48190165 11.64963436 0.37500000
v -4.96432400 11.47187614 0.12500000
v -5.01397371 11.58660984 0.12500000
v -5.01397371 11.58660984 0.25000000
v -5.06362343 11.70134354 0.25000000
v -5.06362343 11.70134354 0.37500000
v -5.11327314 11.81607628 0.37500000
v -4.60153437 11.62214851 0.00000000
v -4.23420286 11.76095200 0.00000000
v -4.60153437 11.62214851 0.12500000
v -4.64755535 11.73838520 0.12500000
v -4.64755535 11.73838520 0.25000000
v -4.69357681 11.85462189 0.25000000
v -4.69357681 11.85462189 0.37500000
v -4.73959780 11.97085762 0.37500000
v -4.23420286 11.76095200 0.12500000
v -4.27655077 11.87857628 0.12500000
v -4.27655077 11.87857628 0.25000000
v -4.31889772 11.99620056 0.25000000
v -4.31889772 11.99620056 0.37500000
v -4.36124563 12.11382580 0.37500000
v -3.86269331 11.88814735 0.00000000
v -3.48737144 12.00361156 0.00000000
v -3.86269331 11.88814735 0.12500000
v -3.90132523 12.00704479 0.12500000
v -3.90132523 12.00704479 0.25000000
v -3.93995714 12.12594128 0.25000000
v -3.93995714 12.12594128 0.37500000
v -3.48737144 12.00361156 0.12500000
v -3.52224970 12.12366295 0.12500000
v -3.52224970 12.12366295 0.25000000
v -3.97858906 12.24483776 0.37500000
v -3.55712795 12.24371529 0.25000000
v -3.55712795 12.24371529 0.37500000
v -3.59200621 12.36376667 0.37500000
v -6.20257092 11.28243542 0.50000000
v -6.26279783 11.39198685 0.50000000
v -5.90187645 11.58308506 0.50000000
v -5.84512091 11.47169495 0.50000000
v -5.53513098 11.76275158 0.50000000
v -5.48190165 11.64963436 0.50000000
v -5.11327314 11.81607628 0.50000000
v -5.16292238 11.93080997 0.50000000
v -4.73959780 11.97085762 0.50000000
v -4.78561926 12.08709431 0.50000000
v -4.36124563 12.11382580 0.50000000
v -4.40359306 12.23145008 0.50000000
v -3.97858906 12.24483776 0.50000000
v -4.01722097 12.36373425 0.50000000
v -3.59200621 12.36376667 0.50000000
v -3.62688446 12.48381805 0.50000000
v -3.10860825 12.10723019 0.00000000
v -3.10860825 12.10723019 0.12500000
v -2.72677708 12.19889927 0.00000000
v -3.13969851 12.22831726 0.12500000
v -3.17078853 12.34940529 0.25000000
v -3.13969851 12.22831726 0.25000000
v -3.17078853 12.34940529 0.37500000
v -3.20187831 12.47049332 0.37500000
v -2.75404811 12.32090378 0.12500000
v -2.72677708 12.19889927 0.12500000
v -2.75404811 12.32090378 0.25000000
v -2.78131938 12.44290829 0.25000000
v -2.78131938 12.44290829 0.37500000
v -2.80859089 12.56491280 0.37500000
v -2.34225464 12.27853012 0.00000000
v -1.95542133 12.34604359 0.00000000
v -2.34225464 12.27853012 0.12500000
v -2.36568069 12.40133095 0.12500000
v -2.36568069 12.40133095 0.25000000
v -2.38910604 12.52413177 0.25000000
v -2.38910604 12.52413177 0.37500000
v -2.41253161 12.64693356 0.37500000
v -1.95542133 12.34604359 0.12500000
v -1.97497773 12.46951962 0.12500000
v -1.97497773 12.46951962 0.25000000
v -1.99453449 12.59299564 0.25000000
v -1.99453449 12.59299564 0.37500000
v -2.01409125 12.71647263 0.37500000
v -1.56665766 12.40137291 0.00000000
v -1.17634821 12.44446278 0.00000000
v -1.56665766 12.40137291 0.12500000
v -1.58232641 12.52540207 0.12500000
v -1.58232641 12.52540207 0.25000000
v -1.59799504 12.64943218 0.25000000
v -1.59799504 12.64943218 0.37500000
v -1.61366343 12.77346134 0.37500000
v -1.17634821 12.44446278 0.12500000
v -1.18811309 12.56892395 0.12500000
v -1.18811309 12.56892395 0.25000000
v -1.19987798 12.69338417 0.25000000
v -1.19987798 12.69338417 0.37500000
v -1.21164322 12.81784534 0.37500000
v -0.78487760 12.47527218 0.00000000
v -0.39263260 12.49377060 0.00000000
v -0.78487760 12.47527218 0.12500000
v -0.79272729 12.60004139 0.12500000
v -0.79272729 12.60004139 0.25000000
v -0.80057734 12.72480965 0.25000000
v -0.80057734 12.72480965 0.37500000
v -0.80842668 12.84957886 0.37500000
v -0.39263260 12.49377060 0.12500000
v -0.39655957 12.61872387 0.12500000
v -0.39655957 12.61872387 0.25000000
v -0.40048623 12.74367809 0.25000000
v -0.40048623 12.74367809 0.37500000
v -0.40441322 12.86863136 0.37500000
v -3.20187831 12.47049332 0.50000000
v -3.23296857 12.59158134 0.50000000
v -2.80859089 12.56491280 0.50000000
v -2.83586216 12.68691826 0.50000000
v -2.41253161 12.64693356 0.50000000
v -2.43595719 12.76973438 0.50000000
v -2.03364801 12.83994865 0.50000000
v -2.01409125 12.71647263 0.50000000
v -1.62933207 12.89749146 0.50000000
v -1.61366343 12.77346134 0.50000000
v -1.22340810 12.94230556 0.50000000
v -1.21164322 12.81784534 0.50000000
v -0.81627673 12.97434711 0.50000000
v -0.80842668 12.84957886 0.50000000
v -0.40833986 12.99358559 0.50000000
v -0.40441322 12.86863136 0.50000000
v -5.69278574 7.29251003 3.13789558
v -6.30034494 7.32110929 3.00000000
v -5.70668793 7.79090261 3.00000000
v -5.27064848 8.09179401 3.00000000
v -4.87688494 8.06875038 3.08001518
v -4.88223314 8.33334637 3.00000000
v -4.18883228 8.70190048 3.00000000
v -4.05479670 8.77244949 3.00000000
v -3.95250845 8.81706810 3.00000000
v -4.85986471 7.25232077 3.30166483
v -4.03216791 7.21150970 3.43982911
v -4.04403830 8.01888180 3.22417307
v -6.26279783 11.39198685 3.00000000
v -5.90187645 11.58308506 3.00000000
v -5.53513098 11.76275158 3.00000000
v -5.16292238 11.93080997 3.00000000
v -4.78561926 12.08709431 3.00000000
v -4.40359306 12.23145008 3.00000000
v -4.01722097 12.36373425 3.00000000
v -3.62688446 12.48381805 3.00000000
v -3.22557211 8.76423454 3.10936475
v -3.22860837 9.10199738 3.00000000
v -2.63159394 9.28839779 3.00000000
v -2.40432262 8.70344639 3.20890164
v -2.40767694 9.35684204 3.00000000
v -1.99633038 9.44913292 3.00000000
v -1.59459472 9.52958012 3.00000000
v -1.43450189 9.54979420 3.00000000
v -1.59433532 9.41373253 3.04010773
v -0.79136592 9.34201813 3.09737611
v -0.79152715 9.62621498 3.00000000
v -0.43809196 9.64208984 3.00000000
v -3.21057320 7.17023277 3.55306530
v -3.21818900 7.96843863 3.34277725
v -2.39587784 7.12863874 3.64207768
v -2.40016508 7.91760874 3.43662047
v -1.58880091 7.08687162 3.70759273
v -1.59070480 7.86657429 3.50651598
v -0.78998530 7.04506922 3.75035024
v -0.79046011 7.81550741 3.55329013
v -1.59255147 8.64241505 3.28401017
v -0.79092079 8.58135319 3.33560205
v -3.23296857 12.59158134 3.00000000
v -2.83586216 12.68691826 3.00000000
v -2.43595719 12.76973438 3.00000000
v -2.03364801 12.83994865 3.00000000
v -1.62933207 12.89749146 3.00000000
v -1.22340810 12.94230556 3.00000000
v -0.81627673 12.97434711 3.00000000
v -0.40833986 12.99358559 3.00000000
v 0.00000000 -3.40000010 -6.50000000
v 0.33325827 -3.38362813 -6.50000000
v 0.66330707 -3.33467007 -6.50000000
v 0.98696792 -3.25359726 -6.50000000
v 1.30112362 -3.14119053 -6.50000000
v 1.60274887 -2.99853230 -6.50000000
v 1.88893878 -2.82699656 -6.50000000
v 2.15693712 -2.62823558 -6.50000000
v 2.40416312 -2.40416312 -6.50000000
v 2.62823558 -2.15693712 -6.50000000
v 2.82699656 -1.88893878 -6.50000000
v 2.99853230 -1.60274887 -6.50000000
v 3.14119053 -1.30112362 -6.50000000
v 0.00000000 -2.09999990 -4.80000019
v 0.20583600 -2.08988786 -4.80000019
v 0.40968966 -2.05964899 -4.80000019
v 0.60959780 -2.00957465 -4.80000019
v 0.80363518 -1.94014704 -4.80000019
v 0.98993313 -1.85203469 -4.80000019
v 1.16669750 -1.74608624 -4.80000019
v 1.33222592 -1.62332201 -4.80000019
v 1.48492420 -1.48492420 -4.80000019
v 1.62332201 -1.33222592 -4.80000019
v 1.74608624 -1.16669750 -4.80000019
v 1.85203469 -0.98993313 -4.80000019
v 1.94014704 -0.80363518 -4.80000019
v 2.00957465 -0.60959780 -4.80000019
v 2.05964899 -0.40968966 -4.80000019
v 2.08988786 -0.20583600 -4.80000019
v 3.25359726 -0.98696792 -6.50000000
v 3.33467007 -0.66330707 -6.50000000
v 3.38362813 -0.33325827 -6.50000000
v 0.00000000 -12.49993801 0.00000000
v 0.39263260 -12.49377060 0.00000000
v 0.78487760 -12.47527218 0.00000000
v 0.00000000 -12.62495327 0.12500000
v 0.00000000 -12.74996948 0.25000000
v 0.00000000 -12.62495327 0.25000000
v 0.39655957 -12.61872387 0.12500000
v 0.40048623 -12.74367809 0.25000000
v 0.39655957 -12.61872387 0.25000000
v 0.00000000 -12.87498474 0.37500000
v 0.00000000 -12.74996948 0.37500000
v 0.40441322 -12.86863136 0.37500000
v 0.40048623 -12.74367809 0.37500000
v 0.00000000 -12.49993801 0.12500000
v 0.39263260 -12.49377060 0.12500000
v 0.79272729 -12.60004139 0.12500000
v 0.80057734 -12.72480965 0.25000000
v 0.79272729 -12.60004139 0.25000000
v 0.80842668 -12.84957886 0.37500000
v 0.80057734 -12.72480965 0.37500000
v 0.78487760 -12.47527218 0.12500000
v 1.17634821 -12.44446278 0.00000000
v 1.56665766 -12.40137291 0.00000000
v 1.19987798 -12.69338417 0.25000000
v 1.21164322 -12.81784534 0.37500000
v 1.19987798 -12.69338417 0.37500000
v 1.18811309 -12.56892395 0.12500000
v 1.17634821 -12.44446278 0.12500000
v 1.18811309 -12.56892395 0.25000000
v 1.59799504 -12.64943218 0.25000000
v 1.61366343 -12.77346134 0.37500000
v 1.59799504 -12.64943218 0.37500000
v 1.58232641 -12.52540207 0.12500000
v 1.56665766 -12.40137291 0.12500000
v 1.58232641 -12.52540207 0.25000000
v 1.95542133 -12.34604359 0.00000000
v 2.34225464 -12.27853012 0.00000000
v 2.01409125 -12.71647263 0.37500000
v 1.97497773 -12.46951962 0.12500000
v 1.99453449 -12.59299564 0.25000000
v 1.97497773 -12.46951962 0.25000000
v 1.95542133 -12.34604359 0.12500000
v 1.99453449 -12.59299564 0.37500000
v 2.41253161 -12.64693356 0.37500000
v 2.36568069 -12.40133095 0.12500000
v 2.38910604 -12.52413177 0.25000000
v 2.36568069 -12.40133095 0.25000000
v 2.34225464 -12.27853012 0.12500000
v 2.38910604 -12.52413177 0.37500000
v 2.72677708 -12.19889927 0.00000000
v 2.78131938 -12.44290829 0.25000000
v 2.72677708 -12.19889927 0.12500000
v 2.75404811 -12.32090378 0.12500000
v 2.75404811 -12.32090378 0.25000000
v 2.80859089 -12.56491280 0.37500000
v 2.78131938 -12.44290829 0.37500000
v 3.13969851 -12.22831726 0.12500000
v 3.13969851 -12.22831726 0.25000000
v 3.17078853 -12.34940529 0.25000000
v 3.20187831 -12.47049332 0.37500000
v 3.17078853 -12.34940529 0.37500000
v 3.10860825 -12.10723019 0.00000000
v 3.10860825 -12.10723019 0.12500000
v 0.00000000 -13.00000000 0.50000000
v 0.00000000 -12.87498474 0.50000000
v 0.40441322 -12.86863136 0.50000000
v 0.40833986 -12.99358559 0.50000000
v 0.80842668 -12.84957886 0.50000000
v 0.81627673 -12.97434711 0.50000000
v 1.21164322 -12.81784534 0.50000000
v 1.22340810 -12.94230556 0.50000000
v 1.61366343 -12.77346134 0.50000000
v 1.62933207 -12.89749146 0.50000000
v 2.01409125 -12.71647263 0.50000000
v 2.03364801 -12.83994865 0.50000000
v 2.43595719 -12.76973438 0.50000000
v 2.41253161 -12.64693356 0.50000000
v 2.83586216 -12.68691826 0.50000000
v 2.80859089 -12.56491280 0.50000000
v 3.23296857 -12.59158134 0.50000000
v 3.20187831 -12.47049332 0.50000000
v 3.55712795 -12.24371529 0.25000000
v 3.59200621 -12.36376667 0.37500000
v 3.55712795 -12.24371529 0.37500000
v 3.97858906 -12.24483776 0.37500000
v 3.48737144 -12.00361156 0.00000000
v 3.86269331 -11.88814735 0.00000000
v 3.52224970 -12.12366295 0.12500000
v 3.48737144 -12.00361156 0.12500000
v 3.52224970 -12.12366295 0.25000000
v 3.90132523 -12.00704479 0.12500000
v 3.93995714 -12.12594128 0.25000000
v 3.90132523 -12.00704479 0.25000000
v 3.86269331 -11.88814735 0.12500000
v 3.93995714 -12.12594128 0.37500000
v 4.23420286 -11.76095200 0.00000000
v 4.60153437 -11.62214851 0.00000000
v 4.31889772 -11.99620056 0.25000000
v 4.27655077 -11.87857628 0.12500000
v 4.27655077 -11.87857628 0.25000000
v 4.36124563 -12.11382580 0.37500000
v 4.31889772 -11.99620056 0.37500000
v 4.23420286 -11.76095200 0.12500000
v 4.69357681 -11.85462189 0.25000000
v 4.73959780 -11.97085762 0.37500000
v 4.69357681 -11.85462189 0.37500000
v 4.64755535 -11.73838520 0.12500000
v 4.60153437 -11.62214851 0.12500000
v 4.64755535 -11.73838520 0.25000000
v 4.96432400 -11.47187614 0.00000000
v 5.11327314 -11.81607628 0.37500000
v 5.01397371 -11.58660984 0.12500000
v 5.06362343 -11.70134354 0.25000000
v 5.01397371 -11.58660984 0.25000000
v 4.96432400 -11.47187614 0.12500000
v 5.06362343 -11.70134354 0.37500000
v 5.37544394 -11.42339993 0.12500000
v 5.37544394 -11.42339993 0.25000000
v 5.42867279 -11.53651714 0.25000000
v 5.48190165 -11.64963436 0.37500000
v 5.42867279 -11.53651714 0.37500000
v 5.84512091 -11.47169495 0.37500000
v 5.32221460 -11.31028271 0.00000000
v 5.67485332 -11.13752651 0.00000000
v 5.32221460 -11.31028271 0.12500000
v 5.67485332 -11.13752651 0.12500000
v 6.02189112 -10.95377922 0.00000000
v 6.36298656 -10.75922203 0.00000000
v 5.73160887 -11.24891567 0.12500000
v 5.78836489 -11.36030579 0.25000000
v 5.73160887 -11.24891567 0.25000000
v 6.08211756 -11.06333160 0.12500000
v 6.08211756 -11.06333160 0.25000000
v 5.78836489 -11.36030579 0.37500000
v 6.02189112 -10.95377922 0.12500000
v 6.14234447 -11.17288303 0.25000000
v 6.49026251 -10.97443390 0.25000000
v 6.14234447 -11.17288303 0.37500000
v 6.20257092 -11.28243542 0.37500000
v 6.49026251 -10.97443390 0.37500000
v 6.42662430 -10.86682796 0.12500000
v 6.42662430 -10.86682796 0.25000000
v 6.36298656 -10.75922203 0.12500000
v 3.62688446 -12.48381805 0.50000000
v 3.59200621 -12.36376667 0.50000000
v 4.01722097 -12.36373425 0.50000000
v 3.97858906 -12.24483776 0.50000000
v 4.40359306 -12.23145008 0.50000000
v 4.36124563 -12.11382580 0.50000000
v 4.78561926 -12.08709431 0.50000000
v 4.73959780 -11.97085762 0.50000000
v 5.16292238 -11.93080997 0.50000000
v 5.11327314 -11.81607628 0.50000000
v 5.48190165 -11.64963436 0.50000000
v 5.53513098 -11.76275158 0.50000000
v 5.84512091 -11.47169495 0.50000000
v 5.90187645 -11.58308506 0.50000000
v 6.26279783 -11.39198685 0.50000000
v 6.20257092 -11.28243542 0.50000000
v 0.00000000 -13.00000000 3.00000000
v 0.40833986 -12.99358559 3.00000000
v 0.81627673 -12.97434711 3.00000000
v 1.22340810 -12.94230556 3.00000000
v 1.62933207 -12.89749146 3.00000000
v 2.03364801 -12.83994865 3.00000000
v 2.43595719 -12.76973438 3.00000000
v 2.83586216 -12.68691826 3.00000000
v 3.23296857 -12.59158134 3.00000000
v 0.00000000 -9.65847206 3.00000000
v 0.00000000 -9.27050972 3.13169551
v 0.43809196 -9.64208984 3.00000000
v 0.79152715 -9.62621498 3.00000000
v 0.79136592 -9.34201813 3.09737611
v 1.43450189 -9.54979420 3.00000000
v 1.59459472 -9.52958012 3.00000000
v 1.59433532 -9.41373253 3.04010773
v 1.99633038 -9.44913292 3.00000000
v 2.40767694 -9.35684204 3.00000000
v 2.40432262 -8.70344639 3.20890164
v 2.63159394 -9.28839779 3.00000000
v 3.22860837 -9.10199738 3.00000000
v 3.22557211 -8.76423454 3.10936475
v 0.00000000 -8.52046013 3.36459208
v 0.79092079 -8.58135319 3.33560205
v 1.59255147 -8.64241505 3.28401017
v 0.79046011 -7.81550741 3.55329013
v 0.00000000 -7.76457119 3.57777476
v 0.00000000 -7.00336075 3.77109766
v 0.78998530 -7.04506922 3.75035024
v 1.59070480 -7.86657429 3.50651598
v 1.58880091 -7.08687162 3.70759273
v 2.40016508 -7.91760874 3.43662047
v 2.39587784 -7.12863874 3.64207768
v 3.21818900 -7.96843863 3.34277725
v 3.21057320 -7.17023277 3.55306530
v 3.62688446 -12.48381805 3.00000000
v 4.01722097 -12.36373425 3.00000000
v 4.40359306 -12.23145008 3.00000000
v 4.78561926 -12.08709431 3.00000000
v 5.16292238 -11.93080997 3.00000000
v 5.53513098 -11.76275158 3.00000000
v 5.90187645 -11.58308506 3.00000000
v 6.26279783 -11.39198685 3.00000000
v 3.95250845 -8.81706810 3.00000000
v 4.05479670 -8.77244949 3.00000000
v 4.18883228 -8.70190048 3.00000000
v 4.88223314 -8.33334637 3.00000000
v 5.27064848 -8.09179401 3.00000000
v 4.87688494 -8.06875038 3.08001518
v 5.70668793 -7.79090261 3.00000000
v 6.30034494 -7.32110929 3.00000000
v 5.69278574 -7.29251003 3.13789558
v 4.04403830 -8.01888180 3.22417307
v 4.03216791 -7.21150970 3.43982911
v 4.85986471 -7.25232077 3.30166483
v 0.00000000 -2.09999990 0.00000000
v 0.20583600 -2.08988786 0.00000000
v 0.40968966 -2.05964899 0.00000000
v 0.60959780 -2.00957465 0.00000000
v 0.80363518 -1.94014704 0.00000000
v 0.98993313 -1.85203469 0.00000000
v 1.16669750 -1.74608624 0.00000000
v 1.33222592 -1.62332201 0.00000000
v 1.48492420 -1.48492420 0.00000000
v 1.62332201 -1.33222592 0.00000000
v 1.74608624 -1.16669750 0.00000000
v 1.85203469 -0.98993313 0.00000000
v 1.94014704 -0.80363518 0.00000000
v 2.00957465 -0.60959780 0.00000000
v 2.05964899 -0.40968966 0.00000000
v 2.08988786 -0.20583600 0.00000000
v 1.58684576 -6.30396032 3.88723278
v 0.00000000 -6.23735094 3.94442797
v 0.78949767 -6.27062368 3.92671084
v 0.00000000 -5.46706581 4.09764719
v 0.78899866 -5.49275589 4.08231878
v 1.58484530 -5.51848364 4.04545116
v 0.00000000 -4.69303417 4.23065042
v 0.78848964 -4.71204472 4.21713877
v 0.00000000 -3.91578579 4.34334564
v 0.78797215 -3.92906761 4.33115435
v 1.58280528 -4.73107433 4.18228626
v 1.58073211 -3.94235539 4.29779673
v 2.39147472 -6.33725786 3.82533169
v 3.20275021 -6.37041044 3.74035454
v 3.19474673 -5.56973982 3.90480494
v 2.38696980 -5.54417181 3.98646855
v 2.38237739 -4.75006628 4.12560177
v 2.37771130 -3.95561028 4.24286842
v 3.18658900 -4.76896286 4.04660654
v 3.17830300 -3.96879268 4.16597843
v 0.00000000 -3.13585401 4.43565702
v 0.78744757 -3.14439559 4.42436409
v 0.00000000 -2.35377288 4.50752020
v 0.78691745 -2.35859537 4.49678564
v 1.57863164 -3.15293622 4.39206123
v 1.57650995 -2.36341429 4.46517849
v 0.00000000 -1.57007873 4.55888605
v 0.78638321 -1.57222748 4.54845095
v 0.00000000 -0.78530842 4.58971977
v 0.78584641 -0.78584641 4.57940769
v 1.57437325 -1.57437325 4.51726437
v 1.57222748 -0.78638321 4.54845095
v 2.37298608 -3.16145110 4.33842897
v 2.36821580 -2.36821580 4.41246557
v 3.16991520 -3.16991520 4.26316357
v 3.16145110 -2.37298608 4.33842897
v 2.36341429 -1.57650995 4.46517849
v 2.35859537 -0.78691745 4.49678564
v 3.15293622 -1.57863164 4.39206123
v 3.14439559 -0.78744757 4.42436409
v 6.49928617 -6.49928617 3.15728545
v 4.01997232 -6.40330648 3.63166356
v 4.00749397 -5.59510517 3.79991078
v 4.84237194 -6.43583059 3.49864221
v 4.82447100 -5.62018108 3.67125797
v 4.80622721 -4.80622721 3.81986237
v 3.99477625 -4.78770351 3.94484043
v 3.98186183 -3.98186183 4.06675339
v 4.78770351 -3.99477625 3.94484043
v 5.66911221 -6.46786451 3.34070110
v 5.64488029 -5.64488029 3.51834464
v 6.46786451 -5.66911221 3.34070110
v 5.62018108 -4.82447100 3.67125797
v 5.59510517 -4.00749397 3.79991078
v 6.43583059 -4.84237194 3.49864221
v 6.40330648 -4.01997232 3.63166356
v 3.96879268 -3.17830300 4.16597843
v 3.95561028 -2.37771130 4.24286842
v 4.76896286 -3.18658900 4.04660654
v 4.75006628 -2.38237739 4.12560177
v 3.94235539 -1.58073211 4.29779673
v 3.92906761 -0.78797215 4.33115435
v 4.73107433 -1.58280528 4.18228626
v 4.71204472 -0.78848964 4.21713877
v 5.56973982 -3.19474673 3.90480494
v 6.37041044 -3.20275021 3.74035454
v 6.33725786 -2.39147472 3.82533169
v 5.54417181 -2.38696980 3.98646855
v 6.30396032 -1.58684576 3.88723278
v 5.51848364 -1.58484530 4.04545116
v 5.49275589 -0.78899866 4.08231878
v 6.27062368 -0.78949767 3.92671084
v 6.55390024 -11.08204079 0.37500000
v 6.76478863 -10.65960121 0.12500000
v 6.76478863 -10.65960121 0.25000000
v 6.83177519 -10.76515484 0.25000000
v 6.89876175 -10.87070942 0.37500000
v 6.83177519 -10.76515484 0.37500000
v 7.23681498 -10.64864922 0.37500000
v 6.69780159 -10.55404663 0.00000000
v 7.02600765 -10.33845615 0.00000000
v 6.69780159 -10.55404663 0.12500000
v 7.09627676 -10.44185352 0.12500000
v 7.09627676 -10.44185352 0.25000000
v 7.02600765 -10.33845615 0.12500000
v 7.16654587 -10.54525185 0.25000000
v 7.16654587 -10.54525185 0.37500000
v 7.34727955 -10.11266232 0.00000000
v 7.66130018 -9.87688923 0.00000000
v 7.42076159 -10.21380234 0.12500000
v 7.49424362 -10.31494141 0.25000000
v 7.42076159 -10.21380234 0.25000000
v 7.49424362 -10.31494141 0.37500000
v 7.56772614 -10.41608143 0.37500000
v 7.34727955 -10.11266232 0.12500000
v 7.66130018 -9.87688923 0.12500000
v 7.89116907 -10.17323399 0.37500000
v 7.73792315 -9.97567081 0.12500000
v 7.81454611 -10.07445240 0.25000000
v 7.73792315 -9.97567081 0.25000000
v 7.81454611 -10.07445240 0.37500000
v 8.12713623 -9.82402039 0.25000000
v 8.20682430 -9.92034626 0.37500000
v 8.12713623 -9.82402039 0.37500000
v 6.61753845 -11.18964672 0.50000000
v 6.55390024 -11.08204079 0.50000000
v 6.89876175 -10.87070942 0.50000000
v 6.96574831 -10.97626305 0.50000000
v 7.30708408 -10.75204754 0.50000000
v 7.23681498 -10.64864922 0.50000000
v 7.56772614 -10.41608143 0.50000000
v 7.64120817 -10.51722050 0.50000000
v 7.89116907 -10.17323399 0.50000000
v 7.96779156 -10.27201557 0.50000000
v 8.28651142 -10.01667213 0.50000000
v 8.20682430 -9.92034626 0.50000000
v 8.59705448 -9.75144386 0.50000000
v 7.96776056 -9.63136768 0.00000000
v 7.96776056 -9.63136768 0.12500000
v 8.04744816 -9.72769451 0.12500000
v 8.04744816 -9.72769451 0.25000000
v 8.26635742 -9.37634182 0.00000000
v 8.55679703 -9.11206245 0.00000000
v 8.26635742 -9.37634182 0.12500000
v 8.43170547 -9.56389332 0.25000000
v 8.34903145 -9.47011757 0.12500000
v 8.34903145 -9.47011757 0.25000000
v 8.51438046 -9.65766811 0.37500000
v 8.43170547 -9.56389332 0.37500000
v 8.81353378 -9.38545990 0.37500000
v 8.64237595 -9.20319557 0.12500000
v 8.72795391 -9.29432774 0.25000000
v 8.64237595 -9.20319557 0.25000000
v 8.55679703 -9.11206245 0.12500000
v 8.72795391 -9.29432774 0.37500000
v 8.83879089 -8.83879089 0.00000000
v 8.83879089 -8.83879089 0.12500000
v 8.92719078 -8.92719078 0.12500000
v 8.92719078 -8.92719078 0.25000000
v 9.01558971 -9.01558971 0.25000000
v 9.01558971 -9.01558971 0.37500000
v 9.10398865 -9.10398865 0.37500000
v 9.11206245 -8.55679703 0.00000000
v 9.37634182 -8.26635742 0.00000000
v 9.11206245 -8.55679703 0.12500000
v 9.20319557 -8.64237595 0.12500000
v 9.20319557 -8.64237595 0.25000000
v 9.29432774 -8.72795391 0.25000000
v 9.29432774 -8.72795391 0.37500000
v 9.38545990 -8.81353378 0.37500000
v 9.47011757 -8.34903145 0.12500000
v 9.47011757 -8.34903145 0.25000000
v 9.37634182 -8.26635742 0.12500000
v 9.56389332 -8.43170547 0.25000000
v 9.56389332 -8.43170547 0.37500000
v 9.65766811 -8.51438046 0.37500000
v 9.63136768 -7.96776056 0.00000000
v 9.63136768 -7.96776056 0.12500000
v 9.72769451 -8.04744816 0.12500000
v 9.72769451 -8.04744816 0.25000000
v 8.51438046 -9.65766811 0.50000000
v 8.81353378 -9.38545990 0.50000000
v 8.89911270 -9.47659206 0.50000000
v 9.10398865 -9.10398865 0.50000000
v 9.19238853 -9.19238853 0.50000000
v 9.38545990 -8.81353378 0.50000000
v 9.47659206 -8.89911270 0.50000000
v 9.65766811 -8.51438046 0.50000000
v 9.82402039 -8.12713623 0.25000000
v 9.82402039 -8.12713623 0.37500000
v 9.92034626 -8.20682430 0.37500000
v 9.87688923 -7.66130018 0.00000000
v 10.11266232 -7.34727955 0.00000000
v 9.97567081 -7.73792315 0.12500000
v 9.97567081 -7.73792315 0.25000000
v 10.07445240 -7.81454611 0.25000000
v 10.07445240 -7.81454611 0.37500000
v 9.87688923 -7.66130018 0.12500000
v 10.11266232 -7.34727955 0.12500000
v 10.17323399 -7.89116907 0.37500000
v 10.21380234 -7.42076159 0.12500000
v 10.21380234 -7.42076159 0.25000000
v 10.31494141 -7.49424362 0.25000000
v 10.31494141 -7.49424362 0.37500000
v 10.41608143 -7.56772614 0.37500000
v 10.33845615 -7.02600765 0.00000000
v 10.55404663 -6.69780159 0.00000000
v 10.33845615 -7.02600765 0.12500000
v 10.54525185 -7.16654587 0.25000000
v 10.44185352 -7.09627676 0.12500000
v 10.44185352 -7.09627676 0.25000000
v 10.54525185 -7.16654587 0.37500000
v 10.55404663 -6.69780159 0.12500000
v 10.64864922 -7.23681498 0.37500000
v 10.65960121 -6.76478863 0.12500000
v 10.65960121 -6.76478863 0.25000000
v 10.76515484 -6.83177519 0.25000000
v 10.76515484 -6.83177519 0.37500000
v 10.87070942 -6.89876175 0.37500000
v 11.08204079 -6.55390024 0.37500000
v 9.75144386 -8.59705448 0.50000000
v 9.92034626 -8.20682430 0.50000000
v 10.01667213 -8.28651142 0.50000000
v 10.27201557 -7.96779156 0.50000000
v 10.17323399 -7.89116907 0.50000000
v 10.41608143 -7.56772614 0.50000000
v 10.51722050 -7.64120817 0.50000000
v 10.64864922 -7.23681498 0.50000000
v 10.75204754 -7.30708408 0.50000000
v 10.87070942 -6.89876175 0.50000000
v 10.97626305 -6.96574831 0.50000000
v 11.08204079 -6.55390024 0.50000000
v 11.18964672 -6.61753845 0.50000000
v 6.61753845 -11.18964672 3.00000000
v 6.96574831 -10.97626305 3.00000000
v 7.30708408 -10.75204754 3.00000000
v 7.64120817 -10.51722050 3.00000000
v 7.96779156 -10.27201557 3.00000000
v 8.28651142 -10.01667213 3.00000000
v 8.59705448 -9.75144386 3.00000000
v 6.52233458 -7.12468815 3.00000000
v 7.12468815 -6.52233458 3.00000000
v 8.89911270 -9.47659206 3.00000000
v 9.19238853 -9.19238853 3.00000000
v 9.47659206 -8.89911270 3.00000000
v 9.75144386 -8.59705448 3.00000000
v 10.01667213 -8.28651142 3.00000000
v 10.27201557 -7.96779156 3.00000000
v 10.51722050 -7.64120817 3.00000000
v 10.75204754 -7.30708408 3.00000000
v 10.97626305 -6.96574831 3.00000000
v 11.18964672 -6.61753845 3.00000000
v 10.75922203 -6.36298656 0.00000000
v 10.95377922 -6.02189112 0.00000000
v 10.75922203 -6.36298656 0.12500000
v 10.86682796 -6.42662430 0.12500000
v 10.86682796 -6.42662430 0.25000000
v 10.95377922 -6.02189112 0.12500000
v 10.97443390 -6.49026251 0.25000000
v 11.17288303 -6.14234447 0.25000000
v 10.97443390 -6.49026251 0.37500000
v 11.17288303 -6.14234447 0.37500000
v 11.28243542 -6.20257092 0.37500000
v 11.06333160 -6.08211756 0.12500000
v 11.06333160 -6.08211756 0.25000000
v 11.24891567 -5.73160887 0.12500000
v 11.24891567 -5.73160887 0.25000000
v 11.36030579 -5.78836489 0.25000000
v 11.36030579 -5.78836489 0.37500000
v 11.13752651 -5.67485332 0.00000000
v 11.31028271 -5.32221460 0.00000000
v 11.13752651 -5.67485332 0.12500000
v 11.31028271 -5.32221460 0.12500000
v 11.47169495 -5.84512091 0.37500000
v 11.47187614 -4.96432400 0.00000000
v 11.42339993 -5.37544394 0.12500000
v 11.42339993 -5.37544394 0.25000000
v 11.53651714 -5.42867279 0.25000000
v 11.53651714 -5.42867279 0.37500000
v 11.64963436 -5.48190165 0.37500000
v 11.47187614 -4.96432400 0.12500000
v 11.58660984 -5.01397371 0.12500000
v 11.58660984 -5.01397371 0.25000000
v 11.70134354 -5.06362343 0.25000000
v 11.70134354 -5.06362343 0.37500000
v 11.81607628 -5.11327314 0.37500000
v 11.62214851 -4.60153437 0.00000000
v 11.76095200 -4.23420286 0.00000000
v 11.62214851 -4.60153437 0.12500000
v 11.73838520 -4.64755535 0.12500000
v 11.73838520 -4.64755535 0.25000000
v 11.76095200 -4.23420286 0.12500000
v 11.85462189 -4.69357681 0.25000000
v 11.85462189 -4.69357681 0.37500000
v 11.97085762 -4.73959780 0.37500000
v 11.87857628 -4.27655077 0.12500000
v 11.87857628 -4.27655077 0.25000000
v 11.99620056 -4.31889772 0.25000000
v 11.99620056 -4.31889772 0.37500000
v 12.11382580 -4.36124563 0.37500000
v 11.88814735 -3.86269331 0.00000000
v 12.00361156 -3.48737144 0.00000000
v 11.88814735 -3.86269331 0.12500000
v 12.00704479 -3.90132523 0.12500000
v 12.00704479 -3.90132523 0.25000000
v 12.12594128 -3.93995714 0.25000000
v 12.12594128 -3.93995714 0.37500000
v 12.00361156 -3.48737144 0.12500000
v 12.12366295 -3.52224970 0.12500000
v 12.12366295 -3.52224970 0.25000000
v 12.24483776 -3.97858906 0.37500000
v 12.24371529 -3.55712795 0.25000000
v 12.24371529 -3.55712795 0.37500000
v 12.36376667 -3.59200621 0.37500000
v 11.28243542 -6.20257092 0.50000000
v 11.39198685 -6.26279783 0.50000000
v 11.47169495 -5.84512091 0.50000000
v 11.58308506 -5.90187645 0.50000000
v 11.76275158 -5.53513098 0.50000000
v 11.64963436 -5.48190165 0.50000000
v 11.81607628 -5.11327314 0.50000000
v 11.93080997 -5.16292238 0.50000000
v 11.97085762 -4.73959780 0.50000000
v 12.08709431 -4.78561926 0.50000000
v 12.11382580 -4.36124563 0.50000000
v 12.23145008 -4.40359306 0.50000000
v 12.24483776 -3.97858906 0.50000000
v 12.36373425 -4.01722097 0.50000000
v 12.36376667 -3.59200621 0.50000000
v 12.48381805 -3.62688446 0.50000000
v 12.10723019 -3.10860825 0.00000000
v 12.10723019 -3.10860825 0.12500000
v 12.19889927 -2.72677708 0.00000000
v 12.22831726 -3.13969851 0.12500000
v 12.22831726 -3.13969851 0.25000000
v 12.34940529 -3.17078853 0.25000000
v 12.34940529 -3.17078853 0.37500000
v 12.47049332 -3.20187831 0.37500000
v 12.19889927 -2.72677708 0.12500000
v 12.32090378 -2.75404811 0.12500000
v 12.32090378 -2.75404811 0.25000000
v 12.44290829 -2.78131938 0.25000000
v 12.44290829 -2.78131938 0.37500000
v 12.56491280 -2.80859089 0.37500000
v 12.27853012 -2.34225464 0.00000000
v 12.34604359 -1.95542133 0.00000000
v 12.27853012 -2.34225464 0.12500000
v 12.40133095 -2.36568069 0.12500000
v 12.40133095 -2.36568069 0.25000000
v 12.52413177 -2.38910604 0.25000000
v 12.52413177 -2.38910604 0.37500000
v 12.34604359 -1.95542133 0.12500000
v 12.46951962 -1.97497773 0.12500000
v 12.46951962 -1.97497773 0.25000000
v 12.59299564 -1.99453449 0.25000000
v 12.59299564 -1.99453449 0.37500000
v 12.64693356 -2.41253161 0.37500000
v 12.71647263 -2.01409125 0.37500000
v 12.40137291 -1.56665766 0.00000000
v 12.44446278 -1.17634821 0.00000000
v 12.40137291 -1.56665766 0.12500000
v 12.52540207 -1.58232641 0.12500000
v 12.52540207 -1.58232641 0.25000000
v 12.44446278 -1.17634821 0.12500000
v 12.56892395 -1.18811309 0.12500000
v 12.56892395 -1.18811309 0.25000000
v 12.64943218 -1.59799504 0.25000000
v 12.64943218 -1.59799504 0.37500000
v 12.77346134 -1.61366343 0.37500000
v 12.69338417 -1.19987798 0.25000000
v 12.69338417 -1.19987798 0.37500000
v 12.81784534 -1.21164322 0.37500000
v 12.47527218 -0.78487760 0.00000000
v 12.49377060 -0.39263260 0.00000000
v 12.47527218 -0.78487760 0.12500000
v 12.49377060 -0.39263260 0.12500000
v 12.60004139 -0.79272729 0.12500000
v 12.60004139 -0.79272729 0.25000000
v 12.72480965 -0.80057734 0.25000000
v 12.72480965 -0.80057734 0.37500000
v 12.84957886 -0.80842668 0.37500000
v 12.61872387 -0.39655957 0.12500000
v 12.61872387 -0.39655957 0.25000000
v 12.74367809 -0.40048623 0.25000000
v 12.74367809 -0.40048623 0.37500000
v 12.86863136 -0.40441322 0.37500000
v 12.47049332 -3.20187831 0.50000000
v 12.59158134 -3.23296857 0.50000000
v 12.56491280 -2.80859089 0.50000000
v 12.68691826 -2.83586216 0.50000000
v 12.64693356 -2.41253161 0.50000000
v 12.76973438 -2.43595719 0.50000000
v 12.83994865 -2.03364801 0.50000000
v 12.71647263 -2.01409125 0.50000000
v 12.89749146 -1.62933207 0.50000000
v 12.77346134 -1.61366343 0.50000000
v 12.94230556 -1.22340810 0.50000000
v 12.81784534 -1.21164322 0.50000000
v 12.97434711 -0.81627673 0.50000000
v 12.84957886 -0.80842668 0.50000000
v 12.99358559 -0.40833986 0.50000000
v 12.86863136 -0.40441322 0.50000000
v 7.29251003 -5.69278574 3.13789558
v 7.32110929 -6.30034494 3.00000000
v 7.79090261 -5.70668793 3.00000000
v 8.09179401 -5.27064848 3.00000000
v 8.06875038 -4.87688494 3.08001518
v 8.33334637 -4.88223314 3.00000000
v 8.70190048 -4.18883228 3.00000000
v 8.77244949 -4.05479670 3.00000000
v 8.81706810 -3.95250845 3.00000000
v 7.25232077 -4.85986471 3.30166483
v 7.21150970 -4.03216791 3.43982911
v 8.01888180 -4.04403830 3.22417307
v 8.76423454 -3.22557211 3.10936475
v 8.70344639 -2.40432262 3.20890164
v 9.10199738 -3.22860837 3.00000000
v 9.28839779 -2.63159394 3.00000000
v 9.35684204 -2.40767694 3.00000000
v 9.44913292 -1.99633038 3.00000000
v 9.52958012 -1.59459472 3.00000000
v 9.54979420 -1.43450189 3.00000000
v 9.41373253 -1.59433532 3.04010773
v 9.34201813 -0.79136592 3.09737611
v 9.62621498 -0.79152715 3.00000000
v 9.64208984 -0.43809196 3.00000000
v 7.17023277 -3.21057320 3.55306530
v 7.12863874 -2.39587784 3.64207768
v 7.96843863 -3.21818900 3.34277725
v 7.91760874 -2.40016508 3.43662047
v 7.08687162 -1.58880091 3.70759273
v 7.04506922 -0.78998530 3.75035024
v 7.86657429 -1.59070480 3.50651598
v 7.81550741 -0.79046011 3.55329013
v 8.64241505 -1.59255147 3.28401017
v 8.58135319 -0.79092079 3.33560205
v 11.39198685 -6.26279783 3.00000000
v 11.58308506 -5.90187645 3.00000000
v 11.76275158 -5.53513098 3.00000000
v 11.93080997 -5.16292238 3.00000000
v 12.08709431 -4.78561926 3.00000000
v 12.23145008 -4.40359306 3.00000000
v 12.36373425 -4.01722097 3.00000000
v 12.48381805 -3.62688446 3.00000000
v 12.59158134 -3.23296857 3.00000000
v 12.68691826 -2.83586216 3.00000000
v 12.76973438 -2.43595719 3.00000000
v 12.83994865 -2.03364801 3.00000000
v 12.89749146 -1.62933207 3.00000000
v 12.94230556 -1.22340810 3.00000000
v 12.97434711 -0.81627673 3.00000000
v 12.99358559 -0.40833986 3.00000000
v 1.30112362 3.14119053 -6.50000000
v 1.60274887 2.99853230 -6.50000000
v 2.99853230 1.60274887 -6.50000000
v 3.14119053 1.30112362 -6.50000000
v 2.40416312 2.40416312 -6.50000000
v 1.88893878 2.82699656 -6.50000000
v 2.15693712 2.62823558 -6.50000000
v 2.82699656 1.88893878 -6.50000000
v 2.62823558 2.15693712 -6.50000000
v 1.33222592 1.62332201 -4.80000019
v 1.62332201 1.33222592 -4.80000019
v 1.48492420 1.48492420 -4.80000019
v 0.00000000 2.09999990 -4.80000019
v 0.20583600 2.08988786 -4.80000019
v 0.60959780 2.00957465 -4.80000019
v 0.80363518 1.94014704 -4.80000019
v 0.40968966 2.05964899 -4.80000019
v 0.98993313 1.85203469 -4.80000019
v 1.16669750 1.74608624 -4.80000019
v 2.00957465 0.60959780 -4.80000019
v 1.94014704 0.80363518 -4.80000019
v 2.09999990 0.00000000 -4.80000019
v 2.08988786 0.20583600 -4.80000019
v 2.05964899 0.40968966 -4.80000019
v 1.74608624 1.16669750 -4.80000019
v 1.85203469 0.98993313 -4.80000019
v 0.00000000 3.40000010 -6.50000000
v 0.33325827 3.38362813 -6.50000000
v 0.66330707 3.33467007 -6.50000000
v 0.98696792 3.25359726 -6.50000000
v 3.40000010 0.00000000 -6.50000000
v 3.38362813 0.33325827 -6.50000000
v 3.33467007 0.66330707 -6.50000000
v 3.25359726 0.98696792 -6.50000000
v 1.33222592 1.62332201 0.00000000
v 1.62332201 1.33222592 0.00000000
v 1.48492420 1.48492420 0.00000000
v 0.00000000 2.09999990 0.00000000
v 0.20583600 2.08988786 0.00000000
v 0.60959780 2.00957465 0.00000000
v 0.80363518 1.94014704 0.00000000
v 0.40968966 2.05964899 0.00000000
v 0.98993313 1.85203469 0.00000000
v 1.16669750 1.74608624 0.00000000
v 2.00957465 0.60959780 0.00000000
v 1.94014704 0.80363518 0.00000000
v 2.09999990 0.00000000 0.00000000
v 2.08988786 0.20583600 0.00000000
v 2.05964899 0.40968966 0.00000000
v 1.74608624 1.16669750 0.00000000
v 1.85203469 0.98993313 0.00000000
v 0.00000000 0.00000000 4.59999990
v 0.00000000 0.78530842 4.58971977
v 0.78530842 0.00000000 4.58971977
v 0.78584641 0.78584641 4.57940769
v 0.00000000 1.57007873 4.55888605
v 0.78638321 1.57222748 4.54845095
v 1.57007873 0.00000000 4.55888605
v 1.57222748 0.78638321 4.54845095
v 1.57437325 1.57437325 4.51726437
v 0.00000000 2.35377288 4.50752020
v 0.78691745 2.35859537 4.49678564
v 0.00000000 3.13585401 4.43565702
v 0.78744757 3.14439559 4.42436409
v 1.57650995 2.36341429 4.46517849
v 1.57863164 3.15293622 4.39206123
v 2.35377288 0.00000000 4.50752020
v 2.35859537 0.78691745 4.49678564
v 2.36341429 1.57650995 4.46517849
v 3.13585401 0.00000000 4.43565702
v 3.14439559 0.78744757 4.42436409
v 3.15293622 1.57863164 4.39206123
v 2.36821580 2.36821580 4.41246557
v 2.37298608 3.16145110 4.33842897
v 3.16145110 2.37298608 4.33842897
v 3.16991520 3.16991520 4.26316357
v 0.00000000 3.91578579 4.34334564
v 0.78797215 3.92906761 4.33115435
v 0.00000000 4.69303417 4.23065042
v 0.78848964 4.71204472 4.21713877
v 1.58073211 3.94235539 4.29779673
v 1.58280528 4.73107433 4.18228626
v 1.58684576 6.30396032 3.88723278
v 0.00000000 5.46706581 4.09764719
v 0.78899866 5.49275589 4.08231878
v 0.00000000 6.23735094 3.94442797
v 0.78949767 6.27062368 3.92671084
v 1.58484530 5.51848364 4.04545116
v 2.37771130 3.95561028 4.24286842
v 2.38237739 4.75006628 4.12560177
v 3.17830300 3.96879268 4.16597843
v 3.18658900 4.76896286 4.04660654
v 2.39147472 6.33725786 3.82533169
v 3.19474673 5.56973982 3.90480494
v 3.20275021 6.37041044 3.74035454
v 2.38696980 5.54417181 3.98646855
v 3.91578579 0.00000000 4.34334564
v 3.92906761 0.78797215 4.33115435
v 3.94235539 1.58073211 4.29779673
v 4.69303417 0.00000000 4.23065042
v 4.71204472 0.78848964 4.21713877
v 4.73107433 1.58280528 4.18228626
v 3.95561028 2.37771130 4.24286842
v 3.96879268 3.17830300 4.16597843
v 4.75006628 2.38237739 4.12560177
v 4.76896286 3.18658900 4.04660654
v 6.30396032 1.58684576 3.88723278
v 5.46706581 0.00000000 4.09764719
v 5.49275589 0.78899866 4.08231878
v 5.51848364 1.58484530 4.04545116
v 6.23735094 0.00000000 3.94442797
v 6.27062368 0.78949767 3.92671084
v 5.56973982 3.19474673 3.90480494
v 6.33725786 2.39147472 3.82533169
v 6.37041044 3.20275021 3.74035454
v 5.54417181 2.38696980 3.98646855
v 6.49928617 6.49928617 3.15728545
v 4.80622721 4.80622721 3.81986237
v 3.98186183 3.98186183 4.06675339
v 3.99477625 4.78770351 3.94484043
v 4.78770351 3.99477625 3.94484043
v 4.00749397 5.59510517 3.79991078
v 4.01997232 6.40330648 3.63166356
v 4.82447100 5.62018108 3.67125797
v 4.84237194 6.43583059 3.49864221
v 5.59510517 4.00749397 3.79991078
v 5.62018108 4.82447100 3.67125797
v 6.40330648 4.01997232 3.63166356
v 6.43583059 4.84237194 3.49864221
v 5.64488029 5.64488029 3.51834464
v 5.66911221 6.46786451 3.34070110
v 6.46786451 5.66911221 3.34070110
v 0.00000000 12.49993801 0.00000000
v 0.39263260 12.49377060 0.00000000
v 0.78487760 12.47527218 0.00000000
v 0.00000000 12.49993801 0.12500000
v 0.39263260 12.49377060 0.12500000
v 0.00000000 12.62495327 0.12500000
v 0.00000000 12.62495327 0.25000000
v 0.00000000 12.74996948 0.25000000
v 0.39655957 12.61872387 0.12500000
v 0.39655957 12.61872387 0.25000000
v 0.40048623 12.74367809 0.25000000
v 0.00000000 12.74996948 0.37500000
v 0.00000000 12.87498474 0.37500000
v 0.40048623 12.74367809 0.37500000
v 0.40441322 12.86863136 0.37500000
v 0.78487760 12.47527218 0.12500000
v 0.79272729 12.60004139 0.12500000
v 0.79272729 12.60004139 0.25000000
v 0.80057734 12.72480965 0.25000000
v 0.80057734 12.72480965 0.37500000
v 0.80842668 12.84957886 0.37500000
v 1.17634821 12.44446278 0.00000000
v 1.56665766 12.40137291 0.00000000
v 1.17634821 12.44446278 0.12500000
v 1.18811309 12.56892395 0.12500000
v 1.18811309 12.56892395 0.25000000
v 1.19987798 12.69338417 0.25000000
v 1.19987798 12.69338417 0.37500000
v 1.21164322 12.81784534 0.37500000
v 1.56665766 12.40137291 0.12500000
v 1.58232641 12.52540207 0.12500000
v 1.58232641 12.52540207 0.25000000
v 1.59799504 12.64943218 0.25000000
v 1.59799504 12.64943218 0.37500000
v 1.61366343 12.77346134 0.37500000
v 1.95542133 12.34604359 0.00000000
v 2.34225464 12.27853012 0.00000000
v 1.95542133 12.34604359 0.12500000
v 1.97497773 12.46951962 0.12500000
v 1.97497773 12.46951962 0.25000000
v 1.99453449 12.59299564 0.25000000
v 1.99453449 12.59299564 0.37500000
v 2.01409125 12.71647263 0.37500000
v 2.34225464 12.27853012 0.12500000
v 2.36568069 12.40133095 0.12500000
v 2.36568069 12.40133095 0.25000000
v 2.38910604 12.52413177 0.25000000
v 2.38910604 12.52413177 0.37500000
v 2.41253161 12.64693356 0.37500000
v 3.10860825 12.10723019 0.00000000
v 3.10860825 12.10723019 0.12500000
v 2.72677708 12.19889927 0.00000000
v 2.72677708 12.19889927 0.12500000
v 2.75404811 12.32090378 0.12500000
v 2.75404811 12.32090378 0.25000000
v 2.78131938 12.44290829 0.25000000
v 2.78131938 12.44290829 0.37500000
v 2.80859089 12.56491280 0.37500000
v 3.13969851 12.22831726 0.12500000
v 3.13969851 12.22831726 0.25000000
v 3.17078853 12.34940529 0.25000000
v 3.17078853 12.34940529 0.37500000
v 3.20187831 12.47049332 0.37500000
v 0.00000000 12.87498474 0.50000000
v 0.00000000 13.00000000 0.50000000
v 0.40441322 12.86863136 0.50000000
v 0.40833986 12.99358559 0.50000000
v 0.80842668 12.84957886 0.50000000
v 0.81627673 12.97434711 0.50000000
v 1.21164322 12.81784534 0.50000000
v 1.22340810 12.94230556 0.50000000
v 1.61366343 12.77346134 0.50000000
v 1.62933207 12.89749146 0.50000000
v 2.01409125 12.71647263 0.50000000
v 2.03364801 12.83994865 0.50000000
v 2.41253161 12.64693356 0.50000000
v 2.43595719 12.76973438 0.50000000
v 2.80859089 12.56491280 0.50000000
v 2.83586216 12.68691826 0.50000000
v 3.20187831 12.47049332 0.50000000
v 3.23296857 12.59158134 0.50000000
v 3.48737144 12.00361156 0.00000000
v 3.86269331 11.88814735 0.00000000
v 3.48737144 12.00361156 0.12500000
v 3.52224970 12.12366295 0.12500000
v 3.52224970 12.12366295 0.25000000
v 3.86269331 11.88814735 0.12500000
v 3.90132523 12.00704479 0.12500000
v 3.90132523 12.00704479 0.25000000
v 3.93995714 12.12594128 0.25000000
v 3.93995714 12.12594128 0.37500000
v 3.55712795 12.24371529 0.25000000
v 3.55712795 12.24371529 0.37500000
v 3.59200621 12.36376667 0.37500000
v 3.97858906 12.24483776 0.37500000
v 4.23420286 11.76095200 0.00000000
v 4.60153437 11.62214851 0.00000000
v 4.23420286 11.76095200 0.12500000
v 4.27655077 11.87857628 0.12500000
v 4.27655077 11.87857628 0.25000000
v 4.31889772 11.99620056 0.25000000
v 4.31889772 11.99620056 0.37500000
v 4.36124563 12.11382580 0.37500000
v 4.60153437 11.62214851 0.12500000
v 4.64755535 11.73838520 0.12500000
v 4.64755535 11.73838520 0.25000000
v 4.69357681 11.85462189 0.25000000
v 4.69357681 11.85462189 0.37500000
v 4.73959780 11.97085762 0.37500000
v 5.32221460 11.31028271 0.00000000
v 5.67485332 11.13752651 0.00000000
v 5.32221460 11.31028271 0.12500000
v 5.67485332 11.13752651 0.12500000
v 6.02189112 10.95377922 0.00000000
v 6.36298656 10.75922203 0.00000000
v 6.02189112 10.95377922 0.12500000
v 5.73160887 11.24891567 0.12500000
v 5.73160887 11.24891567 0.25000000
v 5.78836489 11.36030579 0.25000000
v 6.08211756 11.06333160 0.12500000
v 6.08211756 11.06333160 0.25000000
v 5.78836489 11.36030579 0.37500000
v 6.36298656 10.75922203 0.12500000
v 6.42662430 10.86682796 0.12500000
v 6.42662430 10.86682796 0.25000000
v 6.14234447 11.17288303 0.25000000
v 6.49026251 10.97443390 0.25000000
v 6.14234447 11.17288303 0.37500000
v 6.20257092 11.28243542 0.37500000
v 6.49026251 10.97443390 0.37500000
v 4.96432400 11.47187614 0.00000000
v 4.96432400 11.47187614 0.12500000
v 5.01397371 11.58660984 0.12500000
v 5.01397371 11.58660984 0.25000000
v 5.06362343 11.70134354 0.25000000
v 5.06362343 11.70134354 0.37500000
v 5.11327314 11.81607628 0.37500000
v 5.37544394 11.42339993 0.12500000
v 5.37544394 11.42339993 0.25000000
v 5.42867279 11.53651714 0.25000000
v 5.42867279 11.53651714 0.37500000
v 5.48190165 11.64963436 0.37500000
v 5.84512091 11.47169495 0.37500000
v 3.59200621 12.36376667 0.50000000
v 3.62688446 12.48381805 0.50000000
v 3.97858906 12.24483776 0.50000000
v 4.01722097 12.36373425 0.50000000
v 4.36124563 12.11382580 0.50000000
v 4.73959780 11.97085762 0.50000000
v 4.78561926 12.08709431 0.50000000
v 4.40359306 12.23145008 0.50000000
v 6.20257092 11.28243542 0.50000000
v 5.11327314 11.81607628 0.50000000
v 5.16292238 11.93080997 0.50000000
v 5.48190165 11.64963436 0.50000000
v 5.53513098 11.76275158 0.50000000
v 5.84512091 11.47169495 0.50000000
v 5.90187645 11.58308506 0.50000000
v 6.26279783 11.39198685 0.50000000
v 0.00000000 9.27050972 3.13169551
v 0.00000000 9.65847206 3.00000000
v 0.79136592 9.34201813 3.09737611
v 0.43809196 9.64208984 3.00000000
v 0.79152715 9.62621498 3.00000000
v 1.59459472 9.52958012 3.00000000
v 1.43450189 9.54979420 3.00000000
v 1.59433532 9.41373253 3.04010773
v 2.40432262 8.70344639 3.20890164
v 1.99633038 9.44913292 3.00000000
v 2.40767694 9.35684204 3.00000000
v 3.22557211 8.76423454 3.10936475
v 2.63159394 9.28839779 3.00000000
v 3.22860837 9.10199738 3.00000000
v 0.00000000 7.00336075 3.77109766
v 0.78998530 7.04506922 3.75035024
v 0.79046011 7.81550741 3.55329013
v 0.00000000 7.76457119 3.57777476
v 1.58880091 7.08687162 3.70759273
v 1.59070480 7.86657429 3.50651598
v 0.00000000 8.52046013 3.36459208
v 0.79092079 8.58135319 3.33560205
v 1.59255147 8.64241505 3.28401017
v 2.39587784 7.12863874 3.64207768
v 2.40016508 7.91760874 3.43662047
v 3.21057320 7.17023277 3.55306530
v 3.21818900 7.96843863 3.34277725
v 0.00000000 13.00000000 3.00000000
v 0.40833986 12.99358559 3.00000000
v 0.81627673 12.97434711 3.00000000
v 1.22340810 12.94230556 3.00000000
v 1.62933207 12.89749146 3.00000000
v 2.03364801 12.83994865 3.00000000
v 2.43595719 12.76973438 3.00000000
v 2.83586216 12.68691826 3.00000000
v 3.23296857 12.59158134 3.00000000
v 3.95250845 8.81706810 3.00000000
v 4.05479670 8.77244949 3.00000000
v 4.18883228 8.70190048 3.00000000
v 5.27064848 8.09179401 3.00000000
v 4.87688494 8.06875038 3.08001518
v 5.69278574 7.29251003 3.13789558
v 5.70668793 7.79090261 3.00000000
v 6.30034494 7.32110929 3.00000000
v 4.88223314 8.33334637 3.00000000
v 4.03216791 7.21150970 3.43982911
v 4.04403830 8.01888180 3.22417307
v 4.85986471 7.25232077 3.30166483
v 3.62688446 12.48381805 3.00000000
v 4.01722097 12.36373425 3.00000000
v 4.78561926 12.08709431 3.00000000
v 4.40359306 12.23145008 3.00000000
v 5.16292238 11.93080997 3.00000000
v 5.53513098 11.76275158 3.00000000
v 5.90187645 11.58308506 3.00000000
v 6.26279783 11.39198685 3.00000000
v 12.49993801 0.00000000 0.00000000
v 12.49377060 0.39263260 0.00000000
v 12.47527218 0.78487760 0.00000000
v 12.49993801 0.00000000 0.12500000
v 12.49377060 0.39263260 0.12500000
v 12.47527218 0.78487760 0.12500000
v 12.62495327 0.00000000 0.12500000
v 12.62495327 0.00000000 0.25000000
v 12.74996948 0.00000000 0.25000000
v 12.61872387 0.39655957 0.12500000
v 12.61872387 0.39655957 0.25000000
v 12.74367809 0.40048623 0.25000000
v 12.74996948 0.00000000 0.37500000
v 12.74367809 0.40048623 0.37500000
v 12.87498474 0.00000000 0.37500000
v 12.86863136 0.40441322 0.37500000
v 12.60004139 0.79272729 0.12500000
v 12.60004139 0.79272729 0.25000000
v 12.72480965 0.80057734 0.25000000
v 12.72480965 0.80057734 0.37500000
v 12.84957886 0.80842668 0.37500000
v 12.44446278 1.17634821 0.00000000
v 12.40137291 1.56665766 0.00000000
v 12.44446278 1.17634821 0.12500000
v 12.56892395 1.18811309 0.12500000
v 12.56892395 1.18811309 0.25000000
v 12.40137291 1.56665766 0.12500000
v 12.52540207 1.58232641 0.12500000
v 12.52540207 1.58232641 0.25000000
v 12.69338417 1.19987798 0.25000000
v 12.69338417 1.19987798 0.37500000
v 12.81784534 1.21164322 0.37500000
v 12.64943218 1.59799504 0.25000000
v 12.64943218 1.59799504 0.37500000
v 12.77346134 1.61366343 0.37500000
v 12.10723019 3.10860825 0.00000000
v 12.10723019 3.10860825 0.12500000
v 12.34604359 1.95542133 0.00000000
v 12.27853012 2.34225464 0.00000000
v 12.34604359 1.95542133 0.12500000
v 12.46951962 1.97497773 0.12500000
v 12.46951962 1.97497773 0.25000000
v 12.59299564 1.99453449 0.25000000
v 12.59299564 1.99453449 0.37500000
v 12.27853012 2.34225464 0.12500000
v 12.40133095 2.36568069 0.12500000
v 12.40133095 2.36568069 0.25000000
v 12.52413177 2.38910604 0.25000000
v 12.52413177 2.38910604 0.37500000
v 12.71647263 2.01409125 0.37500000
v 12.64693356 2.41253161 0.37500000
v 12.19889927 2.72677708 0.00000000
v 12.19889927 2.72677708 0.12500000
v 12.32090378 2.75404811 0.12500000
v 12.32090378 2.75404811 0.25000000
v 12.44290829 2.78131938 0.25000000
v 12.44290829 2.78131938 0.37500000
v 12.56491280 2.80859089 0.37500000
v 12.22831726 3.13969851 0.12500000
v 12.22831726 3.13969851 0.25000000
v 12.34940529 3.17078853 0.25000000
v 12.34940529 3.17078853 0.37500000
v 12.47049332 3.20187831 0.37500000
v 12.87498474 0.00000000 0.50000000
v 13.00000000 0.00000000 0.50000000
v 12.86863136 0.40441322 0.50000000
v 12.99358559 0.40833986 0.50000000
v 12.84957886 0.80842668 0.50000000
v 12.97434711 0.81627673 0.50000000
v 12.81784534 1.21164322 0.50000000
v 12.77346134 1.61366343 0.50000000
v 12.94230556 1.22340810 0.50000000
v 12.71647263 2.01409125 0.50000000
v 12.89749146 1.62933207 0.50000000
v 12.64693356 2.41253161 0.50000000
v 12.76973438 2.43595719 0.50000000
v 12.83994865 2.03364801 0.50000000
v 12.56491280 2.80859089 0.50000000
v 12.47049332 3.20187831 0.50000000
v 12.59158134 3.23296857 0.50000000
v 12.68691826 2.83586216 0.50000000
v 11.13752651 5.67485332 0.00000000
v 11.31028271 5.32221460 0.00000000
v 11.13752651 5.67485332 0.12500000
v 11.31028271 5.32221460 0.12500000
v 10.95377922 6.02189112 0.00000000
v 10.75922203 6.36298656 0.00000000
v 10.95377922 6.02189112 0.12500000
v 10.75922203 6.36298656 0.12500000
v 10.86682796 6.42662430 0.12500000
v 10.86682796 6.42662430 0.25000000
v 11.06333160 6.08211756 0.12500000
v 11.06333160 6.08211756 0.25000000
v 11.24891567 5.73160887 0.12500000
v 11.24891567 5.73160887 0.25000000
v 11.36030579 5.78836489 0.25000000
v 11.36030579 5.78836489 0.37500000
v 10.97443390 6.49026251 0.25000000
v 11.17288303 6.14234447 0.25000000
v 10.97443390 6.49026251 0.37500000
v 11.17288303 6.14234447 0.37500000
v 11.28243542 6.20257092 0.37500000
v 12.00361156 3.48737144 0.00000000
v 11.88814735 3.86269331 0.00000000
v 12.00361156 3.48737144 0.12500000
v 12.12366295 3.52224970 0.12500000
v 12.12366295 3.52224970 0.25000000
v 11.88814735 3.86269331 0.12500000
v 12.00704479 3.90132523 0.12500000
v 12.00704479 3.90132523 0.25000000
v 12.12594128 3.93995714 0.25000000
v 12.12594128 3.93995714 0.37500000
v 11.76095200 4.23420286 0.00000000
v 11.62214851 4.60153437 0.00000000
v 11.76095200 4.23420286 0.12500000
v 11.62214851 4.60153437 0.12500000
v 11.73838520 4.64755535 0.12500000
v 11.73838520 4.64755535 0.25000000
v 11.87857628 4.27655077 0.12500000
v 11.87857628 4.27655077 0.25000000
v 11.99620056 4.31889772 0.25000000
v 11.99620056 4.31889772 0.37500000
v 12.11382580 4.36124563 0.37500000
v 11.85462189 4.69357681 0.25000000
v 11.85462189 4.69357681 0.37500000
v 11.97085762 4.73959780 0.37500000
v 12.24371529 3.55712795 0.25000000
v 12.24371529 3.55712795 0.37500000
v 12.36376667 3.59200621 0.37500000
v 12.24483776 3.97858906 0.37500000
v 11.47187614 4.96432400 0.00000000
v 11.47187614 4.96432400 0.12500000
v 11.58660984 5.01397371 0.12500000
v 11.58660984 5.01397371 0.25000000
v 11.70134354 5.06362343 0.25000000
v 11.70134354 5.06362343 0.37500000
v 11.42339993 5.37544394 0.12500000
v 11.42339993 5.37544394 0.25000000
v 11.53651714 5.42867279 0.25000000
v 11.53651714 5.42867279 0.37500000
v 11.64963436 5.48190165 0.37500000
v 11.81607628 5.11327314 0.37500000
v 11.47169495 5.84512091 0.37500000
v 11.28243542 6.20257092 0.50000000
v 12.11382580 4.36124563 0.50000000
v 11.97085762 4.73959780 0.50000000
v 12.08709431 4.78561926 0.50000000
v 12.36376667 3.59200621 0.50000000
v 12.48381805 3.62688446 0.50000000
v 12.24483776 3.97858906 0.50000000
v 12.36373425 4.01722097 0.50000000
v 12.23145008 4.40359306 0.50000000
v 11.64963436 5.48190165 0.50000000
v 11.76275158 5.53513098 0.50000000
v 11.81607628 5.11327314 0.50000000
v 11.93080997 5.16292238 0.50000000
v 11.47169495 5.84512091 0.50000000
v 11.58308506 5.90187645 0.50000000
v 11.39198685 6.26279783 0.50000000
v 9.27050972 0.00000000 3.13169551
v 9.34201813 0.79136592 3.09737611
v 9.65847206 0.00000000 3.00000000
v 9.64208984 0.43809196 3.00000000
v 9.62621498 0.79152715 3.00000000
v 9.52958012 1.59459472 3.00000000
v 9.54979420 1.43450189 3.00000000
v 9.41373253 1.59433532 3.04010773
v 8.70344639 2.40432262 3.20890164
v 8.76423454 3.22557211 3.10936475
v 9.44913292 1.99633038 3.00000000
v 9.35684204 2.40767694 3.00000000
v 9.28839779 2.63159394 3.00000000
v 9.10199738 3.22860837 3.00000000
v 7.00336075 0.00000000 3.77109766
v 7.04506922 0.78998530 3.75035024
v 7.08687162 1.58880091 3.70759273
v 7.81550741 0.79046011 3.55329013
v 7.76457119 0.00000000 3.57777476
v 7.86657429 1.59070480 3.50651598
v 7.12863874 2.39587784 3.64207768
v 7.17023277 3.21057320 3.55306530
v 7.91760874 2.40016508 3.43662047
v 7.96843863 3.21818900 3.34277725
v 8.52046013 0.00000000 3.36459208
v 8.58135319 0.79092079 3.33560205
v 8.64241505 1.59255147 3.28401017
v 7.29251003 5.69278574 3.13789558
v 8.09179401 5.27064848 3.00000000
v 8.06875038 4.87688494 3.08001518
v 7.32110929 6.30034494 3.00000000
v 7.79090261 5.70668793 3.00000000
v 8.81706810 3.95250845 3.00000000
v 8.77244949 4.05479670 3.00000000
v 8.70190048 4.18883228 3.00000000
v 8.33334637 4.88223314 3.00000000
v 7.21150970 4.03216791 3.43982911
v 7.25232077 4.85986471 3.30166483
v 8.01888180 4.04403830 3.22417307
v 13.00000000 0.00000000 3.00000000
v 12.99358559 0.40833986 3.00000000
v 12.97434711 0.81627673 3.00000000
v 12.94230556 1.22340810 3.00000000
v 12.89749146 1.62933207 3.00000000
v 12.76973438 2.43595719 3.00000000
v 12.83994865 2.03364801 3.00000000
v 12.59158134 3.23296857 3.00000000
v 12.68691826 2.83586216 3.00000000
v 12.08709431 4.78561926 3.00000000
v 12.48381805 3.62688446 3.00000000
v 12.36373425 4.01722097 3.00000000
v 12.23145008 4.40359306 3.00000000
v 11.76275158 5.53513098 3.00000000
v 11.93080997 5.16292238 3.00000000
v 11.58308506 5.90187645 3.00000000
v 11.39198685 6.26279783 3.00000000
v 7.96776056 9.63136768 0.00000000
v 7.96776056 9.63136768 0.12500000
v 8.04744816 9.72769451 0.12500000
v 8.04744816 9.72769451 0.25000000
v 9.63136768 7.96776056 0.00000000
v 9.63136768 7.96776056 0.12500000
v 9.72769451 8.04744816 0.12500000
v 9.72769451 8.04744816 0.25000000
v 8.83879089 8.83879089 0.00000000
v 8.83879089 8.83879089 0.12500000
v 8.92719078 8.92719078 0.12500000
v 8.92719078 8.92719078 0.25000000
v 8.26635742 9.37634182 0.00000000
v 8.55679703 9.11206245 0.00000000
v 8.26635742 9.37634182 0.12500000
v 8.34903145 9.47011757 0.12500000
v 8.34903145 9.47011757 0.25000000
v 8.43170547 9.56389332 0.25000000
v 8.43170547 9.56389332 0.37500000
v 8.51438046 9.65766811 0.37500000
v 8.55679703 9.11206245 0.12500000
v 8.64237595 9.20319557 0.12500000
v 8.64237595 9.20319557 0.25000000
v 8.72795391 9.29432774 0.25000000
v 8.72795391 9.29432774 0.37500000
v 8.81353378 9.38545990 0.37500000
v 9.11206245 8.55679703 0.00000000
v 9.37634182 8.26635742 0.00000000
v 9.11206245 8.55679703 0.12500000
v 9.20319557 8.64237595 0.12500000
v 9.20319557 8.64237595 0.25000000
v 9.29432774 8.72795391 0.25000000
v 9.29432774 8.72795391 0.37500000
v 9.37634182 8.26635742 0.12500000
v 9.47011757 8.34903145 0.12500000
v 9.47011757 8.34903145 0.25000000
v 9.56389332 8.43170547 0.25000000
v 9.56389332 8.43170547 0.37500000
v 9.65766811 8.51438046 0.37500000
v 9.38545990 8.81353378 0.37500000
v 9.01558971 9.01558971 0.25000000
v 9.01558971 9.01558971 0.37500000
v 9.10398865 9.10398865 0.37500000
v 8.51438046 9.65766811 0.50000000
v 8.81353378 9.38545990 0.50000000
v 8.89911270 9.47659206 0.50000000
v 9.65766811 8.51438046 0.50000000
v 9.38545990 8.81353378 0.50000000
v 9.47659206 8.89911270 0.50000000
v 9.10398865 9.10398865 0.50000000
v 9.19238853 9.19238853 0.50000000
v 6.69780159 10.55404663 0.00000000
v 7.02600765 10.33845615 0.00000000
v 6.69780159 10.55404663 0.12500000
v 7.02600765 10.33845615 0.12500000
v 7.09627676 10.44185352 0.12500000
v 7.09627676 10.44185352 0.25000000
v 7.16654587 10.54525185 0.25000000
v 7.16654587 10.54525185 0.37500000
v 6.76478863 10.65960121 0.12500000
v 6.76478863 10.65960121 0.25000000
v 6.83177519 10.76515484 0.25000000
v 6.83177519 10.76515484 0.37500000
v 6.89876175 10.87070942 0.37500000
v 6.55390024 11.08204079 0.37500000
v 7.23681498 10.64864922 0.37500000
v 7.34727955 10.11266232 0.00000000
v 7.66130018 9.87688923 0.00000000
v 7.34727955 10.11266232 0.12500000
v 7.66130018 9.87688923 0.12500000
v 7.42076159 10.21380234 0.12500000
v 7.42076159 10.21380234 0.25000000
v 7.49424362 10.31494141 0.25000000
v 7.49424362 10.31494141 0.37500000
v 7.56772614 10.41608143 0.37500000
v 7.73792315 9.97567081 0.12500000
v 7.73792315 9.97567081 0.25000000
v 7.81454611 10.07445240 0.25000000
v 7.81454611 10.07445240 0.37500000
v 7.89116907 10.17323399 0.37500000
v 8.12713623 9.82402039 0.25000000
v 8.12713623 9.82402039 0.37500000
v 8.20682430 9.92034626 0.37500000
v 6.89876175 10.87070942 0.50000000
v 6.55390024 11.08204079 0.50000000
v 6.61753845 11.18964672 0.50000000
v 7.23681498 10.64864922 0.50000000
v 7.30708408 10.75204754 0.50000000
v 6.96574831 10.97626305 0.50000000
v 7.56772614 10.41608143 0.50000000
v 7.64120817 10.51722050 0.50000000
v 7.89116907 10.17323399 0.50000000
v 7.96779156 10.27201557 0.50000000
v 8.20682430 9.92034626 0.50000000
v 8.28651142 10.01667213 0.50000000
v 8.59705448 9.75144386 0.50000000
v 10.55404663 6.69780159 0.00000000
v 10.33845615 7.02600765 0.00000000
v 10.55404663 6.69780159 0.12500000
v 10.33845615 7.02600765 0.12500000
v 10.44185352 7.09627676 0.12500000
v 10.44185352 7.09627676 0.25000000
v 10.54525185 7.16654587 0.25000000
v 10.54525185 7.16654587 0.37500000
v 9.87688923 7.66130018 0.00000000
v 10.11266232 7.34727955 0.00000000
v 9.87688923 7.66130018 0.12500000
v 10.11266232 7.34727955 0.12500000
v 9.97567081 7.73792315 0.12500000
v 9.97567081 7.73792315 0.25000000
v 10.07445240 7.81454611 0.25000000
v 10.07445240 7.81454611 0.37500000
v 10.21380234 7.42076159 0.12500000
v 10.21380234 7.42076159 0.25000000
v 10.31494141 7.49424362 0.25000000
v 10.31494141 7.49424362 0.37500000
v 10.41608143 7.56772614 0.37500000
v 10.17323399 7.89116907 0.37500000
v 10.65960121 6.76478863 0.12500000
v 10.65960121 6.76478863 0.25000000
v 10.76515484 6.83177519 0.25000000
v 10.76515484 6.83177519 0.37500000
v 10.87070942 6.89876175 0.37500000
v 10.64864922 7.23681498 0.37500000
v 11.08204079 6.55390024 0.37500000
v 9.82402039 8.12713623 0.25000000
v 9.82402039 8.12713623 0.37500000
v 9.92034626 8.20682430 0.37500000
v 10.41608143 7.56772614 0.50000000
v 10.51722050 7.64120817 0.50000000
v 10.17323399 7.89116907 0.50000000
v 10.27201557 7.96779156 0.50000000
v 10.87070942 6.89876175 0.50000000
v 10.64864922 7.23681498 0.50000000
v 10.75204754 7.30708408 0.50000000
v 11.08204079 6.55390024 0.50000000
v 11.18964672 6.61753845 0.50000000
v 10.97626305 6.96574831 0.50000000
v 9.92034626 8.20682430 0.50000000
v 10.01667213 8.28651142 0.50000000
v 9.75144386 8.59705448 0.50000000
v 6.52233458 7.12468815 3.00000000
v 7.12468815 6.52233458 3.00000000
v 8.89911270 9.47659206 3.00000000
v 9.47659206 8.89911270 3.00000000
v 9.19238853 9.19238853 3.00000000
v 6.61753845 11.18964672 3.00000000
v 7.30708408 10.75204754 3.00000000
v 6.96574831 10.97626305 3.00000000
v 7.64120817 10.51722050 3.00000000
v 7.96779156 10.27201557 3.00000000
v 8.28651142 10.01667213 3.00000000
v 8.59705448 9.75144386 3.00000000
v 10.51722050 7.64120817 3.00000000
v 10.27201557 7.96779156 3.00000000
v 10.75204754 7.30708408 3.00000000
v 11.18964672 6.61753845 3.00000000
v 10.97626305 6.96574831 3.00000000
v 10.01667213 8.28651142 3.00000000
v 9.75144386 8.59705448 3.00000000
vt 0.37486164 0.46203970
vt 0.37174346 0.47448819
vt 0.36986046 0.48718237
vt 0.46203970 0.37486164
vt 0.47448819 0.37174346
vt 0.48718237 0.36986046
vt 0.39891402 0.41704088
vt 0.39126936 0.42734851
vt 0.41704088 0.39891402
vt 0.42734851 0.39126936
vt 0.40753219 0.40753219
vt 0.37918498 0.44995678
vt 0.38467183 0.43835581
vt 0.43835581 0.38467183
vt 0.44995678 0.37918498
vt 0.42876790 0.46192565
vt 0.43284284 0.45512702
vt 0.42078273 0.48424271
vt 0.41961970 0.49208323
vt 0.42537896 0.46909095
vt 0.42270867 0.47655393
vt 0.45512702 0.43284284
vt 0.46192565 0.42876790
vt 0.48424271 0.42078273
vt 0.46909095 0.42537896
vt 0.47655393 0.42270867
vt 0.49208323 0.41961970
vt 0.44288753 0.44288753
vt 0.43756454 0.44876054
vt 0.44876054 0.43756454
vt 0.12215306 0.18741784
vt 0.11844822 0.18435291
vt 0.12215306 0.18741784
vt 0.07376766 0.24792691
vt 0.09043657 0.22166096
vt 0.09001534 0.23981582
vt 0.08595558 0.23723942
vt 0.09001534 0.23981582
vt 0.08189579 0.23466301
vt 0.08595558 0.23723942
vt 0.11105145 0.21741233
vt 0.12011965 0.20533461
vt 0.10872177 0.19649350
vt 0.10716145 0.21458609
vt 0.10327148 0.21175986
vt 0.10716145 0.21458609
vt 0.09938148 0.20893361
vt 0.10327148 0.21175986
vt 0.11632035 0.20238757
vt 0.11252106 0.19944053
vt 0.11632035 0.20238757
vt 0.11252106 0.19944053
vt 0.11105145 0.21741233
vt 0.12011965 0.20533461
vt 0.10236707 0.22976894
vt 0.09407513 0.24239225
vt 0.09441339 0.22436362
vt 0.09839025 0.22706628
vt 0.09839025 0.22706628
vt 0.10236707 0.22976894
vt 0.09441339 0.22436362
vt 0.09407513 0.24239225
vt 0.12494447 0.16934406
vt 0.11474338 0.18128802
vt 0.11844822 0.18435291
vt 0.07783604 0.23208660
vt 0.06962897 0.24547929
vt 0.07376766 0.24792691
vt 0.08645971 0.21895830
vt 0.09043657 0.22166096
vt 0.08189579 0.23466301
vt 0.10492248 0.19354648
vt 0.10872177 0.19649350
vt 0.09549152 0.20610738
vt 0.09938148 0.20893361
vt 0.18741784 0.12215306
vt 0.18435291 0.11844822
vt 0.18741784 0.12215306
vt 0.20533461 0.12011965
vt 0.21741233 0.11105145
vt 0.19649350 0.10872177
vt 0.20238757 0.11632035
vt 0.19944053 0.11252106
vt 0.20238757 0.11632035
vt 0.19944053 0.11252106
vt 0.21458609 0.10716145
vt 0.21175986 0.10327148
vt 0.21458609 0.10716145
vt 0.20893361 0.09938148
vt 0.21175986 0.10327148
vt 0.20533461 0.12011965
vt 0.21741233 0.11105145
vt 0.22166096 0.09043657
vt 0.24792691 0.07376766
vt 0.23981582 0.09001534
vt 0.23723942 0.08595558
vt 0.23981582 0.09001534
vt 0.23466301 0.08189579
vt 0.23723942 0.08595558
vt 0.22976894 0.10236707
vt 0.24239225 0.09407513
vt 0.22436362 0.09441339
vt 0.22706628 0.09839025
vt 0.22706628 0.09839025
vt 0.22976894 0.10236707
vt 0.22436362 0.09441339
vt 0.24239225 0.09407513
vt 0.16934406 0.12494447
vt 0.18128802 0.11474338
vt 0.18435291 0.11844822
vt 0.19354648 0.10492248
vt 0.19649350 0.10872177
vt 0.20610738 0.09549152
vt 0.20893361 0.09938148
vt 0.23208660 0.07783604
vt 0.21895830 0.08645971
vt 0.22166096 0.09043657
vt 0.24547929 0.06962897
vt 0.24792691 0.07376766
vt 0.23466301 0.08189579
vt 0.15324655 0.15324655
vt 0.14984659 0.14984659
vt 0.15324655 0.15324655
vt 0.13937147 0.18206318
vt 0.14953606 0.17089242
vt 0.13902077 0.16101793
vt 0.13215795 0.17570364
vt 0.13576471 0.17888341
vt 0.13576471 0.17888341
vt 0.13937147 0.18206318
vt 0.12855123 0.17252383
vt 0.13215795 0.17570364
vt 0.14603094 0.16760093
vt 0.14252586 0.16430946
vt 0.14603094 0.16760093
vt 0.14953606 0.17089242
vt 0.14252586 0.16430946
vt 0.17089242 0.14953606
vt 0.18206318 0.13937147
vt 0.16101793 0.13902077
vt 0.16760093 0.14603094
vt 0.16430946 0.14252586
vt 0.16760093 0.14603094
vt 0.17089242 0.14953606
vt 0.16430946 0.14252586
vt 0.17570364 0.13215795
vt 0.17888341 0.13576471
vt 0.17888341 0.13576471
vt 0.18206318 0.13937147
vt 0.17252383 0.12855123
vt 0.17570364 0.13215795
vt 0.16004650 0.16004650
vt 0.15664651 0.15664651
vt 0.16004650 0.16004650
vt 0.15664651 0.15664651
vt 0.12956278 0.19354767
vt 0.12585790 0.19048276
vt 0.12956278 0.19354767
vt 0.12585790 0.19048276
vt 0.19354767 0.12956278
vt 0.19048276 0.12585790
vt 0.19354767 0.12956278
vt 0.19048276 0.12585790
vt 0.14644659 0.14644659
vt 0.14984659 0.14984659
vt 0.13551569 0.15772643
vt 0.13902077 0.16101793
vt 0.12855123 0.17252383
vt 0.15772643 0.13551569
vt 0.16101793 0.13902077
vt 0.17252383 0.12855123
vt 0.12494447 0.16934406
vt 0.11474338 0.18128802
vt 0.07783604 0.23208660
vt 0.06962897 0.24547929
vt 0.08645971 0.21895830
vt 0.10492248 0.19354648
vt 0.09549152 0.20610738
vt 0.16934406 0.12494447
vt 0.18128802 0.11474338
vt 0.19354648 0.10492248
vt 0.20610738 0.09549152
vt 0.23208660 0.07783604
vt 0.21895830 0.08645971
vt 0.24547929 0.06962897
vt 0.14644659 0.14644659
vt 0.13551569 0.15772643
vt 0.15772643 0.13551569
vt 0.22597353 0.24914098
vt 0.24914098 0.22597353
vt 0.05878096 0.27518766
vt 0.05877399 0.30906446
vt 0.04553553 0.30333565
vt 0.06063846 0.29325216
vt 0.05628780 0.29120489
vt 0.06063846 0.29325216
vt 0.05193714 0.28915763
vt 0.05628780 0.29120489
vt 0.05436116 0.30715486
vt 0.04994833 0.30524525
vt 0.05436116 0.30715486
vt 0.05877399 0.30906446
vt 0.04994833 0.30524525
vt 0.02904470 0.34697734
vt 0.02908787 0.36318739
vt 0.02447051 0.36184592
vt 0.02908787 0.36318739
vt 0.05299429 0.32301791
vt 0.04765569 0.33714604
vt 0.04405300 0.31947781
vt 0.03958240 0.31770778
vt 0.04405300 0.31947781
vt 0.03860767 0.33388855
vt 0.04313168 0.33551728
vt 0.04313168 0.33551728
vt 0.03408362 0.33225978
vt 0.03860767 0.33388855
vt 0.04852365 0.32124787
vt 0.05299429 0.32301791
vt 0.04852365 0.32124787
vt 0.04765569 0.33714604
vt 0.04276356 0.35143487
vt 0.03832263 0.36587033
vt 0.03819058 0.34994903
vt 0.03361764 0.34846319
vt 0.03819058 0.34994903
vt 0.04276356 0.35143487
vt 0.03361764 0.34846319
vt 0.03370527 0.36452886
vt 0.03832263 0.36587033
vt 0.03370527 0.36452886
vt 0.08618377 0.25526975
vt 0.07870080 0.26838880
vt 0.07027373 0.26375598
vt 0.07790639 0.25037452
vt 0.06606018 0.26143958
vt 0.07027373 0.26375598
vt 0.07790639 0.25037452
vt 0.06734940 0.27955351
vt 0.06306516 0.27737058
vt 0.06734940 0.27955351
vt 0.07448725 0.26607240
vt 0.07448725 0.26607240
vt 0.06306516 0.27737058
vt 0.08204508 0.25282214
vt 0.08204508 0.25282214
vt 0.08618377 0.25526975
vt 0.07870080 0.26838880
vt 0.06498913 0.29529944
vt 0.07163360 0.28173641
vt 0.06498913 0.29529944
vt 0.07163360 0.28173641
vt 0.06184666 0.25912316
vt 0.05449673 0.27300475
vt 0.05878096 0.27518766
vt 0.04112269 0.30142606
vt 0.04553553 0.30333565
vt 0.04758648 0.28711035
vt 0.05193714 0.28915763
vt 0.02955961 0.33063104
vt 0.02447176 0.34549150
vt 0.02904470 0.34697734
vt 0.01985315 0.36050444
vt 0.02447051 0.36184592
vt 0.03511176 0.31593772
vt 0.03958240 0.31770778
vt 0.03408362 0.33225978
vt 0.06606018 0.26143958
vt 0.03081157 0.39512396
vt 0.02968011 0.37924237
vt 0.02502287 0.37804660
vt 0.02968011 0.37924237
vt 0.02036564 0.37685083
vt 0.02502287 0.37804660
vt 0.02142660 0.39302618
vt 0.02611909 0.39407507
vt 0.03081157 0.39512396
vt 0.02611909 0.39407507
vt 0.01673412 0.39197727
vt 0.02142660 0.39302618
vt 0.02774884 0.40991328
vt 0.02515217 0.42479149
vt 0.01357948 0.40721032
vt 0.01090490 0.42253495
vt 0.02302573 0.40901228
vt 0.01830262 0.40811131
vt 0.02302573 0.40901228
vt 0.02774884 0.40991328
vt 0.01830262 0.40811131
vt 0.02040309 0.42403932
vt 0.01565401 0.42328713
vt 0.02040309 0.42403932
vt 0.02515217 0.42479149
vt 0.01565401 0.42328713
vt 0.03433730 0.38043814
vt 0.03433730 0.38043814
vt 0.02302412 0.43974394
vt 0.02136682 0.45475584
vt 0.01348338 0.43853865
vt 0.00871303 0.43793602
vt 0.01348338 0.43853865
vt 0.01179292 0.45385085
vt 0.00700595 0.45339834
vt 0.01179292 0.45385085
vt 0.01825377 0.43914129
vt 0.02302412 0.43974394
vt 0.01825377 0.43914129
vt 0.01657985 0.45430334
vt 0.02136682 0.45475584
vt 0.01657985 0.45430334
vt 0.02018184 0.46981240
vt 0.01947036 0.48489875
vt 0.01538302 0.46951049
vt 0.01058424 0.46920856
vt 0.01538302 0.46951049
vt 0.00578543 0.46890667
vt 0.01058424 0.46920856
vt 0.01466447 0.48474771
vt 0.00985853 0.48459668
vt 0.01466447 0.48474771
vt 0.00505264 0.48444565
vt 0.00985853 0.48459668
vt 0.02018184 0.46981240
vt 0.01947036 0.48489875
vt 0.01204161 0.39092838
vt 0.01570841 0.37565506
vt 0.02036564 0.37685083
vt 0.01673412 0.39197727
vt 0.00615582 0.42178277
vt 0.00885637 0.40630934
vt 0.01357948 0.40721032
vt 0.00394264 0.43733338
vt 0.01090490 0.42253495
vt 0.00221902 0.45294584
vt 0.00871303 0.43793602
vt 0.00700595 0.45339834
vt 0.00098665 0.46860474
vt 0.00578543 0.46890667
vt 0.00024671 0.48429462
vt 0.00505264 0.48444565
vt 0.06184666 0.25912316
vt 0.05449673 0.27300475
vt 0.04112269 0.30142606
vt 0.04758648 0.28711035
vt 0.02955961 0.33063104
vt 0.02447176 0.34549150
vt 0.01985315 0.36050444
vt 0.03511176 0.31593772
vt 0.01204161 0.39092838
vt 0.01570841 0.37565506
vt 0.00615582 0.42178277
vt 0.00885637 0.40630934
vt 0.00394264 0.43733338
vt 0.00221902 0.45294584
vt 0.00098665 0.46860474
vt 0.00024671 0.48429462
vt 0.17948668 0.31222180
vt 0.16531152 0.33889107
vt 0.16259810 0.34404628
vt 0.16088200 0.34798044
vt 0.20034990 0.28051200
vt 0.21841887 0.25767904
vt 0.18877715 0.29728275
vt 0.18966345 0.31242750
vt 0.21951884 0.28104670
vt 0.19158147 0.34446007
vt 0.22106459 0.31308213
vt 0.22263424 0.34491662
vt 0.14992318 0.37582276
vt 0.14275393 0.39878485
vt 0.14012146 0.40739704
vt 0.13657181 0.42321806
vt 0.16291406 0.37593953
vt 0.16525206 0.40752605
vt 0.13270022 0.44482685
vt 0.13347769 0.43866943
vt 0.13793336 0.43867941
vt 0.12976096 0.46955665
vt 0.12915039 0.48315031
vt 0.14069161 0.46956285
vt 0.16759942 0.43874802
vt 0.16994795 0.46957997
vt 0.19352159 0.37622350
vt 0.19547659 0.40768596
vt 0.22422182 0.37651642
vt 0.22582159 0.40785085
vt 0.19743945 0.43881905
vt 0.19940356 0.46959769
vt 0.22742801 0.43889227
vt 0.22903580 0.46961595
vt 0.27518766 0.05878096
vt 0.30906446 0.05877399
vt 0.29325216 0.06063846
vt 0.29120489 0.05628780
vt 0.29325216 0.06063846
vt 0.28915763 0.05193714
vt 0.29120489 0.05628780
vt 0.30333565 0.04553553
vt 0.30715486 0.05436116
vt 0.30524525 0.04994833
vt 0.30715486 0.05436116
vt 0.30906446 0.05877399
vt 0.30524525 0.04994833
vt 0.25526975 0.08618377
vt 0.26838880 0.07870080
vt 0.25037452 0.07790639
vt 0.26375598 0.07027373
vt 0.25037452 0.07790639
vt 0.26143958 0.06606018
vt 0.26375598 0.07027373
vt 0.25282214 0.08204508
vt 0.25282214 0.08204508
vt 0.25526975 0.08618377
vt 0.26607240 0.07448725
vt 0.26607240 0.07448725
vt 0.27955351 0.06734940
vt 0.27737058 0.06306516
vt 0.27955351 0.06734940
vt 0.27737058 0.06306516
vt 0.26838880 0.07870080
vt 0.28173641 0.07163360
vt 0.29529944 0.06498913
vt 0.28173641 0.07163360
vt 0.29529944 0.06498913
vt 0.32301791 0.05299429
vt 0.33714604 0.04765569
vt 0.31947781 0.04405300
vt 0.31770778 0.03958240
vt 0.31947781 0.04405300
vt 0.32124787 0.04852365
vt 0.32301791 0.05299429
vt 0.32124787 0.04852365
vt 0.33388855 0.03860767
vt 0.33551728 0.04313168
vt 0.33551728 0.04313168
vt 0.33225978 0.03408362
vt 0.33388855 0.03860767
vt 0.33714604 0.04765569
vt 0.34697734 0.02904470
vt 0.36318739 0.02908787
vt 0.36184592 0.02447051
vt 0.36318739 0.02908787
vt 0.35143487 0.04276356
vt 0.36587033 0.03832263
vt 0.34994903 0.03819058
vt 0.34846319 0.03361764
vt 0.34994903 0.03819058
vt 0.35143487 0.04276356
vt 0.34846319 0.03361764
vt 0.36452886 0.03370527
vt 0.36587033 0.03832263
vt 0.36452886 0.03370527
vt 0.25912316 0.06184666
vt 0.27300475 0.05449673
vt 0.27518766 0.05878096
vt 0.28711035 0.04758648
vt 0.28915763 0.05193714
vt 0.30142606 0.04112269
vt 0.30333565 0.04553553
vt 0.26143958 0.06606018
vt 0.33063104 0.02955961
vt 0.31593772 0.03511176
vt 0.31770778 0.03958240
vt 0.33225978 0.03408362
vt 0.34549150 0.02447176
vt 0.34697734 0.02904470
vt 0.36050444 0.01985315
vt 0.36184592 0.02447051
vt 0.39512396 0.03081157
vt 0.37924237 0.02968011
vt 0.37804660 0.02502287
vt 0.37924237 0.02968011
vt 0.37685083 0.02036564
vt 0.37804660 0.02502287
vt 0.39302618 0.02142660
vt 0.39407507 0.02611909
vt 0.39512396 0.03081157
vt 0.39407507 0.02611909
vt 0.39197727 0.01673412
vt 0.39302618 0.02142660
vt 0.38043814 0.03433730
vt 0.38043814 0.03433730
vt 0.40991328 0.02774884
vt 0.42479149 0.02515217
vt 0.40721032 0.01357948
vt 0.40901228 0.02302573
vt 0.40811131 0.01830262
vt 0.40901228 0.02302573
vt 0.40991328 0.02774884
vt 0.40811131 0.01830262
vt 0.42253495 0.01090490
vt 0.42403932 0.02040309
vt 0.42328713 0.01565401
vt 0.42403932 0.02040309
vt 0.42479149 0.02515217
vt 0.42328713 0.01565401
vt 0.43974394 0.02302412
vt 0.45475584 0.02136682
vt 0.43853865 0.01348338
vt 0.43793602 0.00871303
vt 0.43853865 0.01348338
vt 0.43914129 0.01825377
vt 0.43974394 0.02302412
vt 0.43914129 0.01825377
vt 0.45385085 0.01179292
vt 0.45339834 0.00700595
vt 0.45385085 0.01179292
vt 0.45430334 0.01657985
vt 0.45475584 0.02136682
vt 0.45430334 0.01657985
vt 0.46981240 0.02018184
vt 0.48489875 0.01947036
vt 0.46951049 0.01538302
vt 0.46920856 0.01058424
vt 0.46951049 0.01538302
vt 0.46890667 0.00578543
vt 0.46920856 0.01058424
vt 0.46981240 0.02018184
vt 0.48474771 0.01466447
vt 0.48459668 0.00985853
vt 0.48474771 0.01466447
vt 0.48444565 0.00505264
vt 0.48459668 0.00985853
vt 0.48489875 0.01947036
vt 0.37565506 0.01570841
vt 0.37685083 0.02036564
vt 0.39092838 0.01204161
vt 0.39197727 0.01673412
vt 0.40630934 0.00885637
vt 0.40721032 0.01357948
vt 0.42178277 0.00615582
vt 0.42253495 0.01090490
vt 0.43733338 0.00394264
vt 0.43793602 0.00871303
vt 0.45294584 0.00221902
vt 0.45339834 0.00700595
vt 0.46860474 0.00098665
vt 0.46890667 0.00578543
vt 0.48429462 0.00024671
vt 0.48444565 0.00505264
vt 0.25912316 0.06184666
vt 0.27300475 0.05449673
vt 0.28711035 0.04758648
vt 0.30142606 0.04112269
vt 0.33063104 0.02955961
vt 0.31593772 0.03511176
vt 0.34549150 0.02447176
vt 0.36050444 0.01985315
vt 0.31222180 0.17948668
vt 0.25767904 0.21841887
vt 0.28051200 0.20034990
vt 0.28104670 0.21951884
vt 0.29728275 0.18877715
vt 0.31242750 0.18966345
vt 0.33889107 0.16531152
vt 0.34404628 0.16259810
vt 0.34798044 0.16088200
vt 0.31308213 0.22106459
vt 0.34446007 0.19158147
vt 0.34491662 0.22263424
vt 0.37565506 0.01570841
vt 0.39092838 0.01204161
vt 0.40630934 0.00885637
vt 0.42178277 0.00615582
vt 0.43733338 0.00394264
vt 0.45294584 0.00221902
vt 0.46860474 0.00098665
vt 0.48429462 0.00024671
vt 0.37582276 0.14992318
vt 0.39878485 0.14275393
vt 0.37593953 0.16291406
vt 0.40739704 0.14012146
vt 0.42321806 0.13657181
vt 0.40752605 0.16525206
vt 0.44482685 0.13270022
vt 0.43866943 0.13347769
vt 0.43867941 0.13793336
vt 0.46955665 0.12976096
vt 0.48315031 0.12915039
vt 0.46956285 0.14069161
vt 0.37622350 0.19352159
vt 0.37651642 0.22422182
vt 0.40768596 0.19547659
vt 0.40785085 0.22582159
vt 0.43874802 0.16759942
vt 0.46957997 0.16994795
vt 0.43881905 0.19743945
vt 0.43889227 0.22742801
vt 0.46959769 0.19940356
vt 0.46961595 0.22903580
vt 0.42876790 0.46192565
vt 0.43284284 0.45512702
vt 0.42078273 0.48424271
vt 0.41961970 0.49208323
vt 0.42537896 0.46909095
vt 0.42270867 0.47655393
vt 0.45512702 0.43284284
vt 0.46192565 0.42876790
vt 0.48424271 0.42078273
vt 0.46909095 0.42537896
vt 0.47655393 0.42270867
vt 0.49208323 0.41961970
vt 0.44288753 0.44288753
vt 0.43756454 0.44876054
vt 0.44876054 0.43756454
vt 0.25002745 0.25002745
vt 0.25123598 0.28195722
vt 0.28195722 0.25123598
vt 0.28288922 0.28288922
vt 0.25246805 0.31375493
vt 0.25371898 0.34538568
vt 0.28383919 0.31444342
vt 0.28480365 0.34586562
vt 0.31375493 0.25246805
vt 0.31444342 0.28383919
vt 0.34538568 0.25371898
vt 0.34586562 0.28480365
vt 0.31514511 0.31514511
vt 0.31585756 0.34635476
vt 0.34635476 0.31585756
vt 0.34685147 0.34685147
vt 0.25498421 0.37681730
vt 0.25625931 0.40802020
vt 0.28577924 0.37712513
vt 0.28676262 0.40819347
vt 0.25753999 0.43896747
vt 0.25882217 0.46963470
vt 0.28775063 0.43904441
vt 0.28874016 0.46965390
vt 0.31657835 0.37743888
vt 0.31730514 0.40837010
vt 0.34735413 0.37775758
vt 0.34786114 0.40854957
vt 0.31803560 0.43912287
vt 0.31876751 0.46967348
vt 0.34837095 0.43920261
vt 0.34888201 0.46969338
vt 0.37681730 0.25498421
vt 0.37712513 0.28577924
vt 0.40802020 0.25625931
vt 0.40819347 0.28676262
vt 0.37743888 0.31657835
vt 0.37775758 0.34735413
vt 0.40837010 0.31730514
vt 0.40854957 0.34786114
vt 0.43896747 0.25753999
vt 0.43904441 0.28775063
vt 0.46963470 0.25882217
vt 0.46965390 0.28874016
vt 0.43912287 0.31803560
vt 0.43920261 0.34837095
vt 0.46967348 0.31876751
vt 0.46969338 0.34888201
vt 0.37808018 0.37808018
vt 0.37840573 0.40873130
vt 0.40873130 0.37840573
vt 0.40891478 0.40891478
vt 0.37873322 0.43928340
vt 0.37906171 0.46971355
vt 0.40909945 0.43936500
vt 0.40928479 0.46973394
vt 0.43928340 0.37873322
vt 0.43936500 0.40909945
vt 0.46971355 0.37906171
vt 0.46973394 0.40928479
vt 0.43944718 0.43944718
vt 0.43952971 0.46975449
vt 0.46975449 0.43952971
vt 0.46977514 0.46977514
vt 0.36923077 0.50000000
vt 0.36986046 0.51281763
vt 0.37174346 0.52551181
vt 0.37486164 0.53796030
vt 0.37918498 0.55004322
vt 0.38467183 0.56164419
vt 0.39126936 0.57265149
vt 0.39891402 0.58295912
vt 0.40753219 0.59246781
vt 0.41704088 0.60108598
vt 0.42734851 0.60873064
vt 0.43835581 0.61532817
vt 0.44995678 0.62081502
vt 0.41923077 0.50000000
vt 0.41961970 0.50791677
vt 0.42078273 0.51575729
vt 0.42270867 0.52344607
vt 0.42537896 0.53090905
vt 0.42876790 0.53807435
vt 0.43284284 0.54487298
vt 0.43756454 0.55123946
vt 0.44288753 0.55711247
vt 0.44876054 0.56243546
vt 0.45512702 0.56715716
vt 0.46192565 0.57123210
vt 0.46909095 0.57462104
vt 0.47655393 0.57729133
vt 0.48424271 0.57921727
vt 0.49208323 0.58038030
vt 0.46203970 0.62513836
vt 0.47448819 0.62825654
vt 0.48718237 0.63013954
vt 0.01923315 0.50000000
vt 0.01947036 0.51510125
vt 0.02018184 0.53018760
vt 0.01442487 0.50000000
vt 0.00961656 0.50000000
vt 0.01442487 0.50000000
vt 0.01466447 0.51525229
vt 0.00985853 0.51540332
vt 0.01466447 0.51525229
vt 0.00480828 0.50000000
vt 0.00505264 0.51555435
vt 0.00961656 0.50000000
vt 0.00985853 0.51540332
vt 0.01538302 0.53048951
vt 0.01058424 0.53079144
vt 0.01538302 0.53048951
vt 0.00578543 0.53109333
vt 0.01058424 0.53079144
vt 0.01923315 0.50000000
vt 0.01947036 0.51510125
vt 0.02018184 0.53018760
vt 0.02136682 0.54524416
vt 0.02302412 0.56025606
vt 0.01179292 0.54614915
vt 0.00700595 0.54660166
vt 0.01179292 0.54614915
vt 0.01348338 0.56146135
vt 0.00871303 0.56206398
vt 0.01348338 0.56146135
vt 0.01657985 0.54569666
vt 0.02136682 0.54524416
vt 0.01657985 0.54569666
vt 0.01825377 0.56085871
vt 0.02302412 0.56025606
vt 0.01825377 0.56085871
vt 0.02515217 0.57520851
vt 0.02774884 0.59008672
vt 0.01090490 0.57746505
vt 0.01357948 0.59278968
vt 0.02040309 0.57596068
vt 0.01565401 0.57671287
vt 0.02040309 0.57596068
vt 0.02515217 0.57520851
vt 0.01565401 0.57671287
vt 0.02302573 0.59098772
vt 0.01830262 0.59188869
vt 0.02302573 0.59098772
vt 0.02774884 0.59008672
vt 0.01830262 0.59188869
vt 0.03081157 0.60487604
vt 0.02142660 0.60697382
vt 0.02611909 0.60592493
vt 0.03081157 0.60487604
vt 0.02611909 0.60592493
vt 0.01673412 0.60802273
vt 0.02142660 0.60697382
vt 0.02968011 0.62075763
vt 0.02502287 0.62195340
vt 0.02968011 0.62075763
vt 0.02036564 0.62314917
vt 0.02502287 0.62195340
vt 0.03433730 0.61956186
vt 0.03433730 0.61956186
vt 0.00000000 0.50000000
vt 0.00480828 0.50000000
vt 0.00505264 0.51555435
vt 0.00024671 0.51570538
vt 0.00578543 0.53109333
vt 0.00098665 0.53139526
vt 0.00700595 0.54660166
vt 0.00221902 0.54705416
vt 0.00871303 0.56206398
vt 0.00394264 0.56266662
vt 0.01090490 0.57746505
vt 0.00615582 0.57821723
vt 0.00885637 0.59369066
vt 0.01357948 0.59278968
vt 0.01204161 0.60907162
vt 0.01673412 0.60802273
vt 0.01570841 0.62434494
vt 0.02036564 0.62314917
vt 0.02908787 0.63681261
vt 0.02447051 0.63815408
vt 0.02908787 0.63681261
vt 0.02904470 0.65302266
vt 0.03832263 0.63412967
vt 0.04276356 0.64856513
vt 0.03370527 0.63547114
vt 0.03832263 0.63412967
vt 0.03370527 0.63547114
vt 0.03819058 0.65005097
vt 0.03361764 0.65153681
vt 0.03819058 0.65005097
vt 0.04276356 0.64856513
vt 0.03361764 0.65153681
vt 0.04765569 0.66285396
vt 0.05299429 0.67698209
vt 0.03860767 0.66611145
vt 0.04313168 0.66448272
vt 0.04313168 0.66448272
vt 0.03408362 0.66774022
vt 0.03860767 0.66611145
vt 0.04405300 0.68052219
vt 0.03958240 0.68229222
vt 0.04405300 0.68052219
vt 0.04765569 0.66285396
vt 0.04852365 0.67875213
vt 0.05299429 0.67698209
vt 0.04852365 0.67875213
vt 0.05877399 0.69093554
vt 0.04553553 0.69666435
vt 0.05436116 0.69284514
vt 0.04994833 0.69475475
vt 0.05436116 0.69284514
vt 0.05877399 0.69093554
vt 0.04994833 0.69475475
vt 0.06063846 0.70674784
vt 0.05628780 0.70879511
vt 0.06063846 0.70674784
vt 0.05193714 0.71084237
vt 0.05628780 0.70879511
vt 0.05878096 0.72481234
vt 0.06498913 0.70470056
vt 0.07163360 0.71826359
vt 0.06498913 0.70470056
vt 0.07163360 0.71826359
vt 0.07870080 0.73161120
vt 0.08618377 0.74473025
vt 0.06734940 0.72044649
vt 0.06306516 0.72262942
vt 0.06734940 0.72044649
vt 0.07448725 0.73392760
vt 0.07448725 0.73392760
vt 0.06306516 0.72262942
vt 0.07027373 0.73624402
vt 0.07790639 0.74962548
vt 0.06606018 0.73856042
vt 0.07027373 0.73624402
vt 0.07790639 0.74962548
vt 0.07870080 0.73161120
vt 0.08204508 0.74717786
vt 0.08204508 0.74717786
vt 0.08618377 0.74473025
vt 0.01985315 0.63949556
vt 0.02447051 0.63815408
vt 0.02447176 0.65450850
vt 0.02904470 0.65302266
vt 0.02955961 0.66936896
vt 0.03408362 0.66774022
vt 0.03511176 0.68406228
vt 0.03958240 0.68229222
vt 0.04112269 0.69857394
vt 0.04553553 0.69666435
vt 0.05193714 0.71084237
vt 0.04758648 0.71288965
vt 0.05449673 0.72699525
vt 0.05878096 0.72481234
vt 0.06184666 0.74087684
vt 0.06606018 0.73856042
vt 0.00000000 0.50000000
vt 0.00024671 0.51570538
vt 0.00098665 0.53139526
vt 0.00221902 0.54705416
vt 0.00394264 0.56266662
vt 0.00615582 0.57821723
vt 0.00885637 0.59369066
vt 0.01204161 0.60907162
vt 0.01570841 0.62434494
vt 0.01985315 0.63949556
vt 0.02447176 0.65450850
vt 0.02955961 0.66936896
vt 0.03511176 0.68406228
vt 0.04112269 0.69857394
vt 0.04758648 0.71288965
vt 0.05449673 0.72699525
vt 0.06184666 0.74087684
vt 0.12852031 0.50000000
vt 0.12915039 0.51684969
vt 0.12976096 0.53044335
vt 0.14344193 0.50000000
vt 0.14069161 0.53043715
vt 0.13270022 0.55517315
vt 0.13347769 0.56133057
vt 0.13793336 0.56132059
vt 0.13657181 0.57678194
vt 0.14012146 0.59260296
vt 0.14275393 0.60121515
vt 0.14992318 0.62417724
vt 0.16525206 0.59247395
vt 0.16291406 0.62406047
vt 0.16994795 0.53042003
vt 0.17229000 0.50000000
vt 0.16759942 0.56125198
vt 0.19940356 0.53040231
vt 0.20136265 0.50000000
vt 0.19743945 0.56118095
vt 0.23063997 0.50000000
vt 0.22903580 0.53038405
vt 0.22742801 0.56110773
vt 0.19547659 0.59231404
vt 0.19352159 0.62377650
vt 0.22582159 0.59214915
vt 0.22422182 0.62348358
vt 0.16088200 0.65201956
vt 0.16259810 0.65595372
vt 0.16531152 0.66110893
vt 0.17948668 0.68777820
vt 0.18877715 0.70271725
vt 0.18966345 0.68757250
vt 0.20034990 0.71948800
vt 0.21841887 0.74232096
vt 0.21951884 0.71895330
vt 0.19158147 0.65553993
vt 0.22263424 0.65508338
vt 0.22106459 0.68691787
vt 0.07376766 0.75207309
vt 0.09001534 0.76018418
vt 0.08595558 0.76276058
vt 0.09001534 0.76018418
vt 0.08189579 0.76533699
vt 0.08595558 0.76276058
vt 0.09043657 0.77833904
vt 0.09407513 0.75760775
vt 0.10236707 0.77023106
vt 0.09407513 0.75760775
vt 0.09839025 0.77293372
vt 0.09839025 0.77293372
vt 0.09441339 0.77563638
vt 0.10236707 0.77023106
vt 0.09441339 0.77563638
vt 0.11105145 0.78258767
vt 0.12011965 0.79466539
vt 0.10716145 0.78541391
vt 0.10327148 0.78824014
vt 0.10716145 0.78541391
vt 0.09938148 0.79106639
vt 0.10327148 0.78824014
vt 0.10872177 0.80350650
vt 0.11105145 0.78258767
vt 0.12011965 0.79466539
vt 0.11632035 0.79761243
vt 0.11252106 0.80055947
vt 0.11632035 0.79761243
vt 0.11252106 0.80055947
vt 0.12215306 0.81258216
vt 0.11844822 0.81564709
vt 0.12215306 0.81258216
vt 0.06962897 0.75452071
vt 0.07376766 0.75207309
vt 0.07783604 0.76791340
vt 0.08189579 0.76533699
vt 0.08645971 0.78104170
vt 0.09043657 0.77833904
vt 0.09549152 0.79389262
vt 0.09938148 0.79106639
vt 0.10872177 0.80350650
vt 0.10492248 0.80645352
vt 0.11474338 0.81871198
vt 0.11844822 0.81564709
vt 0.12494447 0.83065594
vt 0.12956278 0.80645233
vt 0.12585790 0.80951724
vt 0.12956278 0.80645233
vt 0.12585790 0.80951724
vt 0.13937147 0.81793682
vt 0.14953606 0.82910758
vt 0.13215795 0.82429636
vt 0.13937147 0.81793682
vt 0.13576471 0.82111659
vt 0.13576471 0.82111659
vt 0.12855123 0.82747617
vt 0.13215795 0.82429636
vt 0.13902077 0.83898207
vt 0.14603094 0.83239907
vt 0.14252586 0.83569054
vt 0.14603094 0.83239907
vt 0.14953606 0.82910758
vt 0.14252586 0.83569054
vt 0.15324655 0.84675345
vt 0.14984659 0.85015341
vt 0.15324655 0.84675345
vt 0.16004650 0.83995350
vt 0.15664651 0.84335349
vt 0.16004650 0.83995350
vt 0.15664651 0.84335349
vt 0.17089242 0.85046394
vt 0.18206318 0.86062853
vt 0.17089242 0.85046394
vt 0.16760093 0.85396906
vt 0.16760093 0.85396906
vt 0.16430946 0.85747414
vt 0.16430946 0.85747414
vt 0.16101793 0.86097923
vt 0.17888341 0.86423529
vt 0.17888341 0.86423529
vt 0.17570364 0.86784205
vt 0.18206318 0.86062853
vt 0.17570364 0.86784205
vt 0.17252383 0.87144877
vt 0.19354767 0.87043722
vt 0.19048276 0.87414210
vt 0.19354767 0.87043722
vt 0.19048276 0.87414210
vt 0.12855123 0.82747617
vt 0.13551569 0.84227357
vt 0.13902077 0.83898207
vt 0.14644659 0.85355341
vt 0.14984659 0.85015341
vt 0.15772643 0.86448431
vt 0.16101793 0.86097923
vt 0.17252383 0.87144877
vt 0.18741784 0.87784694
vt 0.18741784 0.87784694
vt 0.18435291 0.88155178
vt 0.20533461 0.87988035
vt 0.21741233 0.88894855
vt 0.20238757 0.88367965
vt 0.20238757 0.88367965
vt 0.19944053 0.88747894
vt 0.19944053 0.88747894
vt 0.19649350 0.89127823
vt 0.20533461 0.87988035
vt 0.21741233 0.88894855
vt 0.21458609 0.89283855
vt 0.21458609 0.89283855
vt 0.21175986 0.89672852
vt 0.20893361 0.90061852
vt 0.21175986 0.89672852
vt 0.22976894 0.89763293
vt 0.24239225 0.90592487
vt 0.22436362 0.90558661
vt 0.22976894 0.89763293
vt 0.22706628 0.90160975
vt 0.22706628 0.90160975
vt 0.22436362 0.90558661
vt 0.24239225 0.90592487
vt 0.22166096 0.90956343
vt 0.23981582 0.90998466
vt 0.23723942 0.91404442
vt 0.23981582 0.90998466
vt 0.23723942 0.91404442
vt 0.23466301 0.91810421
vt 0.24792691 0.92623234
vt 0.16934406 0.87505553
vt 0.18435291 0.88155178
vt 0.18128802 0.88525662
vt 0.19354648 0.89507752
vt 0.19649350 0.89127823
vt 0.20610738 0.90450848
vt 0.20893361 0.90061852
vt 0.22166096 0.90956343
vt 0.21895830 0.91354029
vt 0.23208660 0.92216396
vt 0.23466301 0.91810421
vt 0.24792691 0.92623234
vt 0.24547929 0.93037103
vt 0.06962897 0.75452071
vt 0.07783604 0.76791340
vt 0.08645971 0.78104170
vt 0.09549152 0.79389262
vt 0.10492248 0.80645352
vt 0.11474338 0.81871198
vt 0.12494447 0.83065594
vt 0.13551569 0.84227357
vt 0.14644659 0.85355341
vt 0.15772643 0.86448431
vt 0.22597353 0.75085902
vt 0.24914098 0.77402647
vt 0.16934406 0.87505553
vt 0.18128802 0.88525662
vt 0.19354648 0.89507752
vt 0.20610738 0.90450848
vt 0.21895830 0.91354029
vt 0.23208660 0.92216396
vt 0.24547929 0.93037103
vt 0.41923077 0.50000000
vt 0.41961970 0.50791677
vt 0.42078273 0.51575729
vt 0.42270867 0.52344607
vt 0.42537896 0.53090905
vt 0.42876790 0.53807435
vt 0.43284284 0.54487298
vt 0.43756454 0.55123946
vt 0.44288753 0.55711247
vt 0.44876054 0.56243546
vt 0.45512702 0.56715716
vt 0.46192565 0.57123210
vt 0.46909095 0.57462104
vt 0.47655393 0.57729133
vt 0.48424271 0.57921727
vt 0.49208323 0.58038030
vt 0.25753999 0.56103253
vt 0.26010189 0.50000000
vt 0.25882217 0.53036530
vt 0.28972824 0.50000000
vt 0.28874016 0.53034610
vt 0.28775063 0.56095559
vt 0.25625931 0.59197980
vt 0.25498421 0.62318270
vt 0.28577924 0.62287487
vt 0.28676262 0.59180653
vt 0.31949869 0.50000000
vt 0.31876751 0.53032652
vt 0.31803560 0.56087713
vt 0.34939285 0.50000000
vt 0.34888201 0.53030662
vt 0.34837095 0.56079739
vt 0.31730514 0.59162990
vt 0.31657835 0.62256112
vt 0.34786114 0.59145043
vt 0.34735413 0.62224242
vt 0.25002745 0.74997255
vt 0.25371898 0.65461432
vt 0.25246805 0.68624507
vt 0.28480365 0.65413438
vt 0.28383919 0.68555658
vt 0.25123598 0.71804278
vt 0.28288922 0.71711078
vt 0.28195722 0.74876402
vt 0.31514511 0.68485489
vt 0.31585756 0.65364524
vt 0.34685147 0.65314853
vt 0.34635476 0.68414244
vt 0.31444342 0.71616081
vt 0.31375493 0.74753195
vt 0.34586562 0.71519635
vt 0.34538568 0.74628102
vt 0.37939023 0.50000000
vt 0.37906171 0.53028645
vt 0.37873322 0.56071660
vt 0.40947027 0.50000000
vt 0.40928479 0.53026606
vt 0.40909945 0.56063500
vt 0.37840573 0.59126870
vt 0.37808018 0.62191982
vt 0.40891478 0.59108522
vt 0.40873130 0.62159427
vt 0.43961236 0.50000000
vt 0.43952971 0.53024551
vt 0.43944718 0.56055282
vt 0.46979583 0.50000000
vt 0.46977514 0.53022486
vt 0.46975449 0.56047029
vt 0.43936500 0.59090055
vt 0.43928340 0.62126678
vt 0.46973394 0.59071521
vt 0.46971355 0.62093829
vt 0.37775758 0.65264587
vt 0.37743888 0.68342165
vt 0.40854957 0.65213886
vt 0.40837010 0.68269486
vt 0.37712513 0.71422076
vt 0.37681730 0.74501579
vt 0.40802020 0.74374069
vt 0.40819347 0.71323738
vt 0.43920261 0.65162905
vt 0.43912287 0.68196440
vt 0.46969338 0.65111799
vt 0.46967348 0.68123249
vt 0.43896747 0.74246001
vt 0.43904441 0.71224937
vt 0.46965390 0.71125984
vt 0.46963470 0.74117783
vt 0.25526975 0.91381623
vt 0.26838880 0.92129920
vt 0.25526975 0.91381623
vt 0.25282214 0.91795492
vt 0.25282214 0.91795492
vt 0.25037452 0.92209361
vt 0.26375598 0.92972627
vt 0.25037452 0.92209361
vt 0.26143958 0.93393982
vt 0.26375598 0.92972627
vt 0.26838880 0.92129920
vt 0.26607240 0.92551275
vt 0.26607240 0.92551275
vt 0.27955351 0.93265060
vt 0.27955351 0.93265060
vt 0.27737058 0.93693484
vt 0.27737058 0.93693484
vt 0.28173641 0.92836640
vt 0.29529944 0.93501087
vt 0.28173641 0.92836640
vt 0.29529944 0.93501087
vt 0.27518766 0.94121904
vt 0.30906446 0.94122601
vt 0.29325216 0.93936154
vt 0.29120489 0.94371220
vt 0.29325216 0.93936154
vt 0.29120489 0.94371220
vt 0.28915763 0.94806286
vt 0.30906446 0.94122601
vt 0.30715486 0.94563884
vt 0.30715486 0.94563884
vt 0.30524525 0.95005167
vt 0.30524525 0.95005167
vt 0.30333565 0.95446447
vt 0.32301791 0.94700571
vt 0.33714604 0.95234431
vt 0.32301791 0.94700571
vt 0.32124787 0.95147635
vt 0.32124787 0.95147635
vt 0.31947781 0.95594700
vt 0.31947781 0.95594700
vt 0.31770778 0.96041760
vt 0.33714604 0.95234431
vt 0.33551728 0.95686832
vt 0.33551728 0.95686832
vt 0.33388855 0.96139233
vt 0.33388855 0.96139233
vt 0.33225978 0.96591638
vt 0.35143487 0.95723644
vt 0.36587033 0.96167737
vt 0.35143487 0.95723644
vt 0.34994903 0.96180942
vt 0.34994903 0.96180942
vt 0.34846319 0.96638236
vt 0.34846319 0.96638236
vt 0.36587033 0.96167737
vt 0.36452886 0.96629473
vt 0.36452886 0.96629473
vt 0.34697734 0.97095530
vt 0.36318739 0.97091213
vt 0.36318739 0.97091213
vt 0.36184592 0.97552949
vt 0.26143958 0.93393982
vt 0.25912316 0.93815334
vt 0.27300475 0.94550327
vt 0.27518766 0.94121904
vt 0.28711035 0.95241352
vt 0.28915763 0.94806286
vt 0.30333565 0.95446447
vt 0.30142606 0.95887731
vt 0.31770778 0.96041760
vt 0.31593772 0.96488824
vt 0.33225978 0.96591638
vt 0.33063104 0.97044039
vt 0.34697734 0.97095530
vt 0.34549150 0.97552824
vt 0.36184592 0.97552949
vt 0.36050444 0.98014685
vt 0.38043814 0.96566270
vt 0.38043814 0.96566270
vt 0.39512396 0.96918843
vt 0.37924237 0.97031989
vt 0.37804660 0.97497713
vt 0.37924237 0.97031989
vt 0.37804660 0.97497713
vt 0.37685083 0.97963436
vt 0.39407507 0.97388091
vt 0.39512396 0.96918843
vt 0.39407507 0.97388091
vt 0.39302618 0.97857340
vt 0.39302618 0.97857340
vt 0.39197727 0.98326588
vt 0.40991328 0.97225116
vt 0.42479149 0.97484783
vt 0.40991328 0.97225116
vt 0.40901228 0.97697427
vt 0.40901228 0.97697427
vt 0.40811131 0.98169738
vt 0.40811131 0.98169738
vt 0.40721032 0.98642052
vt 0.42479149 0.97484783
vt 0.42403932 0.97959691
vt 0.42403932 0.97959691
vt 0.42328713 0.98434599
vt 0.42328713 0.98434599
vt 0.42253495 0.98909510
vt 0.43974394 0.97697588
vt 0.45475584 0.97863318
vt 0.43974394 0.97697588
vt 0.43914129 0.98174623
vt 0.43914129 0.98174623
vt 0.43853865 0.98651662
vt 0.43853865 0.98651662
vt 0.43793602 0.99128697
vt 0.45475584 0.97863318
vt 0.45430334 0.98342015
vt 0.45430334 0.98342015
vt 0.45385085 0.98820708
vt 0.45385085 0.98820708
vt 0.45339834 0.99299405
vt 0.46981240 0.97981816
vt 0.48489875 0.98052964
vt 0.46981240 0.97981816
vt 0.46951049 0.98461698
vt 0.46951049 0.98461698
vt 0.46920856 0.98941576
vt 0.46920856 0.98941576
vt 0.46890667 0.99421457
vt 0.48489875 0.98052964
vt 0.48474771 0.98533553
vt 0.48474771 0.98533553
vt 0.48459668 0.99014147
vt 0.48459668 0.99014147
vt 0.48444565 0.99494736
vt 0.37685083 0.97963436
vt 0.37565506 0.98429159
vt 0.39197727 0.98326588
vt 0.39092838 0.98795839
vt 0.40721032 0.98642052
vt 0.40630934 0.99114363
vt 0.42178277 0.99384418
vt 0.42253495 0.98909510
vt 0.43733338 0.99605736
vt 0.43793602 0.99128697
vt 0.45294584 0.99778098
vt 0.45339834 0.99299405
vt 0.46860474 0.99901335
vt 0.46890667 0.99421457
vt 0.48429462 0.99975329
vt 0.48444565 0.99494736
vt 0.28104670 0.78048116
vt 0.25767904 0.78158113
vt 0.28051200 0.79965010
vt 0.29728275 0.81122285
vt 0.31242750 0.81033655
vt 0.31222180 0.82051332
vt 0.33889107 0.83468848
vt 0.34404628 0.83740190
vt 0.34798044 0.83911800
vt 0.31308213 0.77893541
vt 0.34491662 0.77736576
vt 0.34446007 0.80841853
vt 0.25912316 0.93815334
vt 0.27300475 0.94550327
vt 0.28711035 0.95241352
vt 0.30142606 0.95887731
vt 0.31593772 0.96488824
vt 0.33063104 0.97044039
vt 0.34549150 0.97552824
vt 0.36050444 0.98014685
vt 0.37593953 0.83708594
vt 0.37582276 0.85007682
vt 0.39878485 0.85724607
vt 0.40752605 0.83474794
vt 0.40739704 0.85987854
vt 0.42321806 0.86342819
vt 0.43866943 0.86652231
vt 0.44482685 0.86729978
vt 0.43867941 0.86206664
vt 0.46956285 0.85930839
vt 0.46955665 0.87023904
vt 0.48315031 0.87084961
vt 0.37651642 0.77577818
vt 0.37622350 0.80647841
vt 0.40785085 0.77417841
vt 0.40768596 0.80452341
vt 0.43889227 0.77257199
vt 0.43881905 0.80256055
vt 0.46961595 0.77096420
vt 0.46959769 0.80059644
vt 0.43874802 0.83240058
vt 0.46957997 0.83005205
vt 0.37565506 0.98429159
vt 0.39092838 0.98795839
vt 0.40630934 0.99114363
vt 0.42178277 0.99384418
vt 0.43733338 0.99605736
vt 0.45294584 0.99778098
vt 0.46860474 0.99901335
vt 0.48429462 0.99975329
vt 0.50000000 0.36923077
vt 0.51281763 0.36986046
vt 0.52551181 0.37174346
vt 0.53796030 0.37486164
vt 0.55004322 0.37918498
vt 0.56164419 0.38467183
vt 0.57265149 0.39126936
vt 0.58295912 0.39891402
vt 0.59246781 0.40753219
vt 0.60108598 0.41704088
vt 0.60873064 0.42734851
vt 0.61532817 0.43835581
vt 0.62081502 0.44995678
vt 0.50000000 0.41923077
vt 0.50791677 0.41961970
vt 0.51575729 0.42078273
vt 0.52344607 0.42270867
vt 0.53090905 0.42537896
vt 0.53807435 0.42876790
vt 0.54487298 0.43284284
vt 0.55123946 0.43756454
vt 0.55711247 0.44288753
vt 0.56243546 0.44876054
vt 0.56715716 0.45512702
vt 0.57123210 0.46192565
vt 0.57462104 0.46909095
vt 0.57729133 0.47655393
vt 0.57921727 0.48424271
vt 0.58038030 0.49208323
vt 0.62513836 0.46203970
vt 0.62825654 0.47448819
vt 0.63013954 0.48718237
vt 0.50000000 0.01923315
vt 0.51510125 0.01947036
vt 0.53018760 0.02018184
vt 0.50000000 0.01442487
vt 0.50000000 0.00961656
vt 0.50000000 0.01442487
vt 0.51525229 0.01466447
vt 0.51540332 0.00985853
vt 0.51525229 0.01466447
vt 0.50000000 0.00480828
vt 0.50000000 0.00961656
vt 0.51555435 0.00505264
vt 0.51540332 0.00985853
vt 0.50000000 0.01923315
vt 0.51510125 0.01947036
vt 0.53048951 0.01538302
vt 0.53079144 0.01058424
vt 0.53048951 0.01538302
vt 0.53109333 0.00578543
vt 0.53079144 0.01058424
vt 0.53018760 0.02018184
vt 0.54524416 0.02136682
vt 0.56025606 0.02302412
vt 0.54614915 0.01179292
vt 0.54660166 0.00700595
vt 0.54614915 0.01179292
vt 0.54569666 0.01657985
vt 0.54524416 0.02136682
vt 0.54569666 0.01657985
vt 0.56146135 0.01348338
vt 0.56206398 0.00871303
vt 0.56146135 0.01348338
vt 0.56085871 0.01825377
vt 0.56025606 0.02302412
vt 0.56085871 0.01825377
vt 0.57520851 0.02515217
vt 0.59008672 0.02774884
vt 0.57746505 0.01090490
vt 0.57596068 0.02040309
vt 0.57671287 0.01565401
vt 0.57596068 0.02040309
vt 0.57520851 0.02515217
vt 0.57671287 0.01565401
vt 0.59278968 0.01357948
vt 0.59098772 0.02302573
vt 0.59188869 0.01830262
vt 0.59098772 0.02302573
vt 0.59008672 0.02774884
vt 0.59188869 0.01830262
vt 0.60487604 0.03081157
vt 0.60697382 0.02142660
vt 0.60487604 0.03081157
vt 0.60592493 0.02611909
vt 0.60592493 0.02611909
vt 0.60802273 0.01673412
vt 0.60697382 0.02142660
vt 0.62075763 0.02968011
vt 0.62075763 0.02968011
vt 0.62195340 0.02502287
vt 0.62314917 0.02036564
vt 0.62195340 0.02502287
vt 0.61956186 0.03433730
vt 0.61956186 0.03433730
vt 0.50000000 0.00000000
vt 0.50000000 0.00480828
vt 0.51555435 0.00505264
vt 0.51570538 0.00024671
vt 0.53109333 0.00578543
vt 0.53139526 0.00098665
vt 0.54660166 0.00700595
vt 0.54705416 0.00221902
vt 0.56206398 0.00871303
vt 0.56266662 0.00394264
vt 0.57746505 0.01090490
vt 0.57821723 0.00615582
vt 0.59369066 0.00885637
vt 0.59278968 0.01357948
vt 0.60907162 0.01204161
vt 0.60802273 0.01673412
vt 0.62434494 0.01570841
vt 0.62314917 0.02036564
vt 0.63681261 0.02908787
vt 0.63815408 0.02447051
vt 0.63681261 0.02908787
vt 0.65302266 0.02904470
vt 0.63412967 0.03832263
vt 0.64856513 0.04276356
vt 0.63547114 0.03370527
vt 0.63412967 0.03832263
vt 0.63547114 0.03370527
vt 0.65005097 0.03819058
vt 0.65153681 0.03361764
vt 0.65005097 0.03819058
vt 0.64856513 0.04276356
vt 0.65153681 0.03361764
vt 0.66285396 0.04765569
vt 0.67698209 0.05299429
vt 0.66611145 0.03860767
vt 0.66448272 0.04313168
vt 0.66448272 0.04313168
vt 0.66774022 0.03408362
vt 0.66611145 0.03860767
vt 0.66285396 0.04765569
vt 0.68052219 0.04405300
vt 0.68229222 0.03958240
vt 0.68052219 0.04405300
vt 0.67875213 0.04852365
vt 0.67698209 0.05299429
vt 0.67875213 0.04852365
vt 0.69093554 0.05877399
vt 0.69666435 0.04553553
vt 0.69284514 0.05436116
vt 0.69475475 0.04994833
vt 0.69284514 0.05436116
vt 0.69093554 0.05877399
vt 0.69475475 0.04994833
vt 0.70674784 0.06063846
vt 0.70674784 0.06063846
vt 0.70879511 0.05628780
vt 0.71084237 0.05193714
vt 0.70879511 0.05628780
vt 0.72481234 0.05878096
vt 0.70470056 0.06498913
vt 0.71826359 0.07163360
vt 0.70470056 0.06498913
vt 0.71826359 0.07163360
vt 0.73161120 0.07870080
vt 0.74473025 0.08618377
vt 0.72044649 0.06734940
vt 0.72262942 0.06306516
vt 0.72044649 0.06734940
vt 0.73392760 0.07448725
vt 0.73392760 0.07448725
vt 0.72262942 0.06306516
vt 0.73161120 0.07870080
vt 0.73624402 0.07027373
vt 0.74962548 0.07790639
vt 0.73624402 0.07027373
vt 0.73856042 0.06606018
vt 0.74962548 0.07790639
vt 0.74717786 0.08204508
vt 0.74717786 0.08204508
vt 0.74473025 0.08618377
vt 0.63949556 0.01985315
vt 0.63815408 0.02447051
vt 0.65450850 0.02447176
vt 0.65302266 0.02904470
vt 0.66936896 0.02955961
vt 0.66774022 0.03408362
vt 0.68406228 0.03511176
vt 0.68229222 0.03958240
vt 0.69857394 0.04112269
vt 0.69666435 0.04553553
vt 0.71084237 0.05193714
vt 0.71288965 0.04758648
vt 0.72481234 0.05878096
vt 0.72699525 0.05449673
vt 0.74087684 0.06184666
vt 0.73856042 0.06606018
vt 0.50000000 0.00000000
vt 0.51570538 0.00024671
vt 0.53139526 0.00098665
vt 0.54705416 0.00221902
vt 0.56266662 0.00394264
vt 0.57821723 0.00615582
vt 0.59369066 0.00885637
vt 0.60907162 0.01204161
vt 0.62434494 0.01570841
vt 0.50000000 0.12852031
vt 0.50000000 0.14344193
vt 0.51684969 0.12915039
vt 0.53044335 0.12976096
vt 0.53043715 0.14069161
vt 0.55517315 0.13270022
vt 0.56133057 0.13347769
vt 0.56132059 0.13793336
vt 0.57678194 0.13657181
vt 0.59260296 0.14012146
vt 0.59247395 0.16525206
vt 0.60121515 0.14275393
vt 0.62417724 0.14992318
vt 0.62406047 0.16291406
vt 0.50000000 0.17229000
vt 0.53042003 0.16994795
vt 0.56125198 0.16759942
vt 0.53040231 0.19940356
vt 0.50000000 0.20136265
vt 0.50000000 0.23063997
vt 0.53038405 0.22903580
vt 0.56118095 0.19743945
vt 0.56110773 0.22742801
vt 0.59231404 0.19547659
vt 0.59214915 0.22582159
vt 0.62377650 0.19352159
vt 0.62348358 0.22422182
vt 0.63949556 0.01985315
vt 0.65450850 0.02447176
vt 0.66936896 0.02955961
vt 0.68406228 0.03511176
vt 0.69857394 0.04112269
vt 0.71288965 0.04758648
vt 0.72699525 0.05449673
vt 0.74087684 0.06184666
vt 0.65201956 0.16088200
vt 0.65595372 0.16259810
vt 0.66110893 0.16531152
vt 0.68777820 0.17948668
vt 0.70271725 0.18877715
vt 0.68757250 0.18966345
vt 0.71948800 0.20034990
vt 0.74232096 0.21841887
vt 0.71895330 0.21951884
vt 0.65553993 0.19158147
vt 0.65508338 0.22263424
vt 0.68691787 0.22106459
vt 0.50000000 0.41923077
vt 0.50791677 0.41961970
vt 0.51575729 0.42078273
vt 0.52344607 0.42270867
vt 0.53090905 0.42537896
vt 0.53807435 0.42876790
vt 0.54487298 0.43284284
vt 0.55123946 0.43756454
vt 0.55711247 0.44288753
vt 0.56243546 0.44876054
vt 0.56715716 0.45512702
vt 0.57123210 0.46192565
vt 0.57462104 0.46909095
vt 0.57729133 0.47655393
vt 0.57921727 0.48424271
vt 0.58038030 0.49208323
vt 0.56103253 0.25753999
vt 0.50000000 0.26010189
vt 0.53036530 0.25882217
vt 0.50000000 0.28972824
vt 0.53034610 0.28874016
vt 0.56095559 0.28775063
vt 0.50000000 0.31949869
vt 0.53032652 0.31876751
vt 0.50000000 0.34939285
vt 0.53030662 0.34888201
vt 0.56087713 0.31803560
vt 0.56079739 0.34837095
vt 0.59197980 0.25625931
vt 0.62318270 0.25498421
vt 0.62287487 0.28577924
vt 0.59180653 0.28676262
vt 0.59162990 0.31730514
vt 0.59145043 0.34786114
vt 0.62256112 0.31657835
vt 0.62224242 0.34735413
vt 0.50000000 0.37939023
vt 0.53028645 0.37906171
vt 0.50000000 0.40947027
vt 0.53026606 0.40928479
vt 0.56071660 0.37873322
vt 0.56063500 0.40909945
vt 0.50000000 0.43961236
vt 0.53024551 0.43952971
vt 0.50000000 0.46979583
vt 0.53022486 0.46977514
vt 0.56055282 0.43944718
vt 0.56047029 0.46975449
vt 0.59126870 0.37840573
vt 0.59108522 0.40891478
vt 0.62191982 0.37808018
vt 0.62159427 0.40873130
vt 0.59090055 0.43936500
vt 0.59071521 0.46973394
vt 0.62126678 0.43928340
vt 0.62093829 0.46971355
vt 0.74997255 0.25002745
vt 0.65461432 0.25371898
vt 0.65413438 0.28480365
vt 0.68624507 0.25246805
vt 0.68555658 0.28383919
vt 0.68485489 0.31514511
vt 0.65364524 0.31585756
vt 0.65314853 0.34685147
vt 0.68414244 0.34635476
vt 0.71804278 0.25123598
vt 0.71711078 0.28288922
vt 0.74876402 0.28195722
vt 0.71616081 0.31444342
vt 0.71519635 0.34586562
vt 0.74753195 0.31375493
vt 0.74628102 0.34538568
vt 0.65264587 0.37775758
vt 0.65213886 0.40854957
vt 0.68342165 0.37743888
vt 0.68269486 0.40837010
vt 0.65162905 0.43920261
vt 0.65111799 0.46969338
vt 0.68196440 0.43912287
vt 0.68123249 0.46967348
vt 0.71422076 0.37712513
vt 0.74501579 0.37681730
vt 0.74374069 0.40802020
vt 0.71323738 0.40819347
vt 0.74246001 0.43896747
vt 0.71224937 0.43904441
vt 0.71125984 0.46965390
vt 0.74117783 0.46963470
vt 0.75207309 0.07376766
vt 0.76018418 0.09001534
vt 0.76018418 0.09001534
vt 0.76276058 0.08595558
vt 0.76533699 0.08189579
vt 0.76276058 0.08595558
vt 0.77833904 0.09043657
vt 0.75760775 0.09407513
vt 0.77023106 0.10236707
vt 0.75760775 0.09407513
vt 0.77293372 0.09839025
vt 0.77293372 0.09839025
vt 0.77023106 0.10236707
vt 0.77563638 0.09441339
vt 0.77563638 0.09441339
vt 0.78258767 0.11105145
vt 0.79466539 0.12011965
vt 0.78541391 0.10716145
vt 0.78824014 0.10327148
vt 0.78541391 0.10716145
vt 0.78824014 0.10327148
vt 0.79106639 0.09938148
vt 0.78258767 0.11105145
vt 0.79466539 0.12011965
vt 0.80350650 0.10872177
vt 0.79761243 0.11632035
vt 0.80055947 0.11252106
vt 0.79761243 0.11632035
vt 0.80055947 0.11252106
vt 0.81258216 0.12215306
vt 0.81564709 0.11844822
vt 0.81258216 0.12215306
vt 0.75452071 0.06962897
vt 0.75207309 0.07376766
vt 0.76533699 0.08189579
vt 0.76791340 0.07783604
vt 0.78104170 0.08645971
vt 0.77833904 0.09043657
vt 0.79106639 0.09938148
vt 0.79389262 0.09549152
vt 0.80350650 0.10872177
vt 0.80645352 0.10492248
vt 0.81871198 0.11474338
vt 0.81564709 0.11844822
vt 0.83065594 0.12494447
vt 0.80645233 0.12956278
vt 0.80645233 0.12956278
vt 0.80951724 0.12585790
vt 0.80951724 0.12585790
vt 0.81793682 0.13937147
vt 0.82910758 0.14953606
vt 0.81793682 0.13937147
vt 0.82429636 0.13215795
vt 0.82111659 0.13576471
vt 0.82111659 0.13576471
vt 0.82747617 0.12855123
vt 0.82429636 0.13215795
vt 0.83898207 0.13902077
vt 0.83239907 0.14603094
vt 0.83569054 0.14252586
vt 0.83239907 0.14603094
vt 0.82910758 0.14953606
vt 0.83569054 0.14252586
vt 0.83995350 0.16004650
vt 0.83995350 0.16004650
vt 0.84335349 0.15664651
vt 0.84335349 0.15664651
vt 0.84675345 0.15324655
vt 0.84675345 0.15324655
vt 0.85015341 0.14984659
vt 0.85046394 0.17089242
vt 0.86062853 0.18206318
vt 0.85046394 0.17089242
vt 0.85396906 0.16760093
vt 0.85396906 0.16760093
vt 0.85747414 0.16430946
vt 0.85747414 0.16430946
vt 0.86097923 0.16101793
vt 0.86423529 0.17888341
vt 0.86423529 0.17888341
vt 0.86062853 0.18206318
vt 0.86784205 0.17570364
vt 0.86784205 0.17570364
vt 0.87144877 0.17252383
vt 0.87043722 0.19354767
vt 0.87043722 0.19354767
vt 0.87414210 0.19048276
vt 0.87414210 0.19048276
vt 0.82747617 0.12855123
vt 0.83898207 0.13902077
vt 0.84227357 0.13551569
vt 0.85015341 0.14984659
vt 0.85355341 0.14644659
vt 0.86097923 0.16101793
vt 0.86448431 0.15772643
vt 0.87144877 0.17252383
vt 0.87784694 0.18741784
vt 0.87784694 0.18741784
vt 0.88155178 0.18435291
vt 0.87988035 0.20533461
vt 0.88894855 0.21741233
vt 0.88367965 0.20238757
vt 0.88367965 0.20238757
vt 0.88747894 0.19944053
vt 0.88747894 0.19944053
vt 0.87988035 0.20533461
vt 0.88894855 0.21741233
vt 0.89127823 0.19649350
vt 0.89283855 0.21458609
vt 0.89283855 0.21458609
vt 0.89672852 0.21175986
vt 0.89672852 0.21175986
vt 0.90061852 0.20893361
vt 0.89763293 0.22976894
vt 0.90592487 0.24239225
vt 0.89763293 0.22976894
vt 0.90558661 0.22436362
vt 0.90160975 0.22706628
vt 0.90160975 0.22706628
vt 0.90558661 0.22436362
vt 0.90592487 0.24239225
vt 0.90956343 0.22166096
vt 0.90998466 0.23981582
vt 0.90998466 0.23981582
vt 0.91404442 0.23723942
vt 0.91404442 0.23723942
vt 0.91810421 0.23466301
vt 0.92623234 0.24792691
vt 0.87505553 0.16934406
vt 0.88155178 0.18435291
vt 0.88525662 0.18128802
vt 0.89507752 0.19354648
vt 0.89127823 0.19649350
vt 0.90061852 0.20893361
vt 0.90450848 0.20610738
vt 0.90956343 0.22166096
vt 0.91354029 0.21895830
vt 0.91810421 0.23466301
vt 0.92216396 0.23208660
vt 0.92623234 0.24792691
vt 0.93037103 0.24547929
vt 0.75452071 0.06962897
vt 0.76791340 0.07783604
vt 0.78104170 0.08645971
vt 0.79389262 0.09549152
vt 0.80645352 0.10492248
vt 0.81871198 0.11474338
vt 0.83065594 0.12494447
vt 0.75085902 0.22597353
vt 0.77402647 0.24914098
vt 0.84227357 0.13551569
vt 0.85355341 0.14644659
vt 0.86448431 0.15772643
vt 0.87505553 0.16934406
vt 0.88525662 0.18128802
vt 0.89507752 0.19354648
vt 0.90450848 0.20610738
vt 0.91354029 0.21895830
vt 0.92216396 0.23208660
vt 0.93037103 0.24547929
vt 0.91381623 0.25526975
vt 0.92129920 0.26838880
vt 0.91381623 0.25526975
vt 0.91795492 0.25282214
vt 0.91795492 0.25282214
vt 0.92129920 0.26838880
vt 0.92209361 0.25037452
vt 0.92972627 0.26375598
vt 0.92209361 0.25037452
vt 0.92972627 0.26375598
vt 0.93393982 0.26143958
vt 0.92551275 0.26607240
vt 0.92551275 0.26607240
vt 0.93265060 0.27955351
vt 0.93265060 0.27955351
vt 0.93693484 0.27737058
vt 0.93693484 0.27737058
vt 0.92836640 0.28173641
vt 0.93501087 0.29529944
vt 0.92836640 0.28173641
vt 0.93501087 0.29529944
vt 0.94121904 0.27518766
vt 0.94122601 0.30906446
vt 0.93936154 0.29325216
vt 0.93936154 0.29325216
vt 0.94371220 0.29120489
vt 0.94371220 0.29120489
vt 0.94806286 0.28915763
vt 0.94122601 0.30906446
vt 0.94563884 0.30715486
vt 0.94563884 0.30715486
vt 0.95005167 0.30524525
vt 0.95005167 0.30524525
vt 0.95446447 0.30333565
vt 0.94700571 0.32301791
vt 0.95234431 0.33714604
vt 0.94700571 0.32301791
vt 0.95147635 0.32124787
vt 0.95147635 0.32124787
vt 0.95234431 0.33714604
vt 0.95594700 0.31947781
vt 0.95594700 0.31947781
vt 0.96041760 0.31770778
vt 0.95686832 0.33551728
vt 0.95686832 0.33551728
vt 0.96139233 0.33388855
vt 0.96139233 0.33388855
vt 0.96591638 0.33225978
vt 0.95723644 0.35143487
vt 0.96167737 0.36587033
vt 0.95723644 0.35143487
vt 0.96180942 0.34994903
vt 0.96180942 0.34994903
vt 0.96638236 0.34846319
vt 0.96638236 0.34846319
vt 0.96167737 0.36587033
vt 0.96629473 0.36452886
vt 0.96629473 0.36452886
vt 0.97095530 0.34697734
vt 0.97091213 0.36318739
vt 0.97091213 0.36318739
vt 0.97552949 0.36184592
vt 0.93393982 0.26143958
vt 0.93815334 0.25912316
vt 0.94121904 0.27518766
vt 0.94550327 0.27300475
vt 0.95241352 0.28711035
vt 0.94806286 0.28915763
vt 0.95446447 0.30333565
vt 0.95887731 0.30142606
vt 0.96041760 0.31770778
vt 0.96488824 0.31593772
vt 0.96591638 0.33225978
vt 0.97044039 0.33063104
vt 0.97095530 0.34697734
vt 0.97552824 0.34549150
vt 0.97552949 0.36184592
vt 0.98014685 0.36050444
vt 0.96566270 0.38043814
vt 0.96566270 0.38043814
vt 0.96918843 0.39512396
vt 0.97031989 0.37924237
vt 0.97031989 0.37924237
vt 0.97497713 0.37804660
vt 0.97497713 0.37804660
vt 0.97963436 0.37685083
vt 0.96918843 0.39512396
vt 0.97388091 0.39407507
vt 0.97388091 0.39407507
vt 0.97857340 0.39302618
vt 0.97857340 0.39302618
vt 0.98326588 0.39197727
vt 0.97225116 0.40991328
vt 0.97484783 0.42479149
vt 0.97225116 0.40991328
vt 0.97697427 0.40901228
vt 0.97697427 0.40901228
vt 0.98169738 0.40811131
vt 0.98169738 0.40811131
vt 0.97484783 0.42479149
vt 0.97959691 0.42403932
vt 0.97959691 0.42403932
vt 0.98434599 0.42328713
vt 0.98434599 0.42328713
vt 0.98642052 0.40721032
vt 0.98909510 0.42253495
vt 0.97697588 0.43974394
vt 0.97863318 0.45475584
vt 0.97697588 0.43974394
vt 0.98174623 0.43914129
vt 0.98174623 0.43914129
vt 0.97863318 0.45475584
vt 0.98342015 0.45430334
vt 0.98342015 0.45430334
vt 0.98651662 0.43853865
vt 0.98651662 0.43853865
vt 0.99128697 0.43793602
vt 0.98820708 0.45385085
vt 0.98820708 0.45385085
vt 0.99299405 0.45339834
vt 0.97981816 0.46981240
vt 0.98052964 0.48489875
vt 0.97981816 0.46981240
vt 0.98052964 0.48489875
vt 0.98461698 0.46951049
vt 0.98461698 0.46951049
vt 0.98941576 0.46920856
vt 0.98941576 0.46920856
vt 0.99421457 0.46890667
vt 0.98533553 0.48474771
vt 0.98533553 0.48474771
vt 0.99014147 0.48459668
vt 0.99014147 0.48459668
vt 0.99494736 0.48444565
vt 0.97963436 0.37685083
vt 0.98429159 0.37565506
vt 0.98326588 0.39197727
vt 0.98795839 0.39092838
vt 0.98642052 0.40721032
vt 0.99114363 0.40630934
vt 0.99384418 0.42178277
vt 0.98909510 0.42253495
vt 0.99605736 0.43733338
vt 0.99128697 0.43793602
vt 0.99778098 0.45294584
vt 0.99299405 0.45339834
vt 0.99901335 0.46860474
vt 0.99421457 0.46890667
vt 0.99975329 0.48429462
vt 0.99494736 0.48444565
vt 0.78048116 0.28104670
vt 0.78158113 0.25767904
vt 0.79965010 0.28051200
vt 0.81122285 0.29728275
vt 0.81033655 0.31242750
vt 0.82051332 0.31222180
vt 0.83468848 0.33889107
vt 0.83740190 0.34404628
vt 0.83911800 0.34798044
vt 0.77893541 0.31308213
vt 0.77736576 0.34491662
vt 0.80841853 0.34446007
vt 0.83708594 0.37593953
vt 0.83474794 0.40752605
vt 0.85007682 0.37582276
vt 0.85724607 0.39878485
vt 0.85987854 0.40739704
vt 0.86342819 0.42321806
vt 0.86652231 0.43866943
vt 0.86729978 0.44482685
vt 0.86206664 0.43867941
vt 0.85930839 0.46956285
vt 0.87023904 0.46955665
vt 0.87084961 0.48315031
vt 0.77577818 0.37651642
vt 0.77417841 0.40785085
vt 0.80647841 0.37622350
vt 0.80452341 0.40768596
vt 0.77257199 0.43889227
vt 0.77096420 0.46961595
vt 0.80256055 0.43881905
vt 0.80059644 0.46959769
vt 0.83240058 0.43874802
vt 0.83005205 0.46957997
vt 0.93815334 0.25912316
vt 0.94550327 0.27300475
vt 0.95241352 0.28711035
vt 0.95887731 0.30142606
vt 0.96488824 0.31593772
vt 0.97044039 0.33063104
vt 0.97552824 0.34549150
vt 0.98014685 0.36050444
vt 0.98429159 0.37565506
vt 0.98795839 0.39092838
vt 0.99114363 0.40630934
vt 0.99384418 0.42178277
vt 0.99605736 0.43733338
vt 0.99778098 0.45294584
vt 0.99901335 0.46860474
vt 0.99975329 0.48429462
vt 0.55004322 0.62081502
vt 0.56164419 0.61532817
vt 0.61532817 0.56164419
vt 0.62081502 0.55004322
vt 0.59246781 0.59246781
vt 0.57265149 0.60873064
vt 0.58295912 0.60108598
vt 0.60873064 0.57265149
vt 0.60108598 0.58295912
vt 0.55123946 0.56243546
vt 0.56243546 0.55123946
vt 0.55711247 0.55711247
vt 0.50000000 0.58076923
vt 0.50791677 0.58038030
vt 0.52344607 0.57729133
vt 0.53090905 0.57462104
vt 0.51575729 0.57921727
vt 0.53807435 0.57123210
vt 0.54487298 0.56715716
vt 0.57729133 0.52344607
vt 0.57462104 0.53090905
vt 0.58076923 0.50000000
vt 0.58038030 0.50791677
vt 0.57921727 0.51575729
vt 0.56715716 0.54487298
vt 0.57123210 0.53807435
vt 0.50000000 0.63076923
vt 0.51281763 0.63013954
vt 0.52551181 0.62825654
vt 0.53796030 0.62513836
vt 0.63076923 0.50000000
vt 0.63013954 0.51281763
vt 0.62825654 0.52551181
vt 0.62513836 0.53796030
vt 0.55123946 0.56243546
vt 0.56243546 0.55123946
vt 0.55711247 0.55711247
vt 0.50000000 0.58076923
vt 0.50791677 0.58038030
vt 0.52344607 0.57729133
vt 0.53090905 0.57462104
vt 0.51575729 0.57921727
vt 0.53807435 0.57123210
vt 0.54487298 0.56715716
vt 0.57729133 0.52344607
vt 0.57462104 0.53090905
vt 0.58076923 0.50000000
vt 0.58038030 0.50791677
vt 0.57921727 0.51575729
vt 0.56715716 0.54487298
vt 0.57123210 0.53807435
vt 0.50000000 0.50000000
vt 0.50000000 0.53020417
vt 0.53020417 0.50000000
vt 0.53022486 0.53022486
vt 0.50000000 0.56038764
vt 0.53024551 0.56047029
vt 0.56038764 0.50000000
vt 0.56047029 0.53024551
vt 0.56055282 0.56055282
vt 0.50000000 0.59052973
vt 0.53026606 0.59071521
vt 0.50000000 0.62060977
vt 0.53028645 0.62093829
vt 0.56063500 0.59090055
vt 0.56071660 0.62126678
vt 0.59052973 0.50000000
vt 0.59071521 0.53026606
vt 0.59090055 0.56063500
vt 0.62060977 0.50000000
vt 0.62093829 0.53028645
vt 0.62126678 0.56071660
vt 0.59108522 0.59108522
vt 0.59126870 0.62159427
vt 0.62159427 0.59126870
vt 0.62191982 0.62191982
vt 0.50000000 0.65060715
vt 0.53030662 0.65111799
vt 0.50000000 0.68050131
vt 0.53032652 0.68123249
vt 0.56079739 0.65162905
vt 0.56087713 0.68196440
vt 0.56103253 0.74246001
vt 0.50000000 0.71027176
vt 0.53034610 0.71125984
vt 0.50000000 0.73989811
vt 0.53036530 0.74117783
vt 0.56095559 0.71224937
vt 0.59145043 0.65213886
vt 0.59162990 0.68269486
vt 0.62224242 0.65264587
vt 0.62256112 0.68342165
vt 0.59197980 0.74374069
vt 0.62287487 0.71422076
vt 0.62318270 0.74501579
vt 0.59180653 0.71323738
vt 0.65060715 0.50000000
vt 0.65111799 0.53030662
vt 0.65162905 0.56079739
vt 0.68050131 0.50000000
vt 0.68123249 0.53032652
vt 0.68196440 0.56087713
vt 0.65213886 0.59145043
vt 0.65264587 0.62224242
vt 0.68269486 0.59162990
vt 0.68342165 0.62256112
vt 0.74246001 0.56103253
vt 0.71027176 0.50000000
vt 0.71125984 0.53034610
vt 0.71224937 0.56095559
vt 0.73989811 0.50000000
vt 0.74117783 0.53036530
vt 0.71422076 0.62287487
vt 0.74374069 0.59197980
vt 0.74501579 0.62318270
vt 0.71323738 0.59180653
vt 0.74997255 0.74997255
vt 0.68485489 0.68485489
vt 0.65314853 0.65314853
vt 0.65364524 0.68414244
vt 0.68414244 0.65364524
vt 0.65413438 0.71519635
vt 0.65461432 0.74628102
vt 0.68555658 0.71616081
vt 0.68624507 0.74753195
vt 0.71519635 0.65413438
vt 0.71616081 0.68555658
vt 0.74628102 0.65461432
vt 0.74753195 0.68624507
vt 0.71711078 0.71711078
vt 0.71804278 0.74876402
vt 0.74876402 0.71804278
vt 0.50000000 0.98076685
vt 0.51510125 0.98052964
vt 0.53018760 0.97981816
vt 0.50000000 0.98076685
vt 0.51510125 0.98052964
vt 0.50000000 0.98557513
vt 0.50000000 0.98557513
vt 0.50000000 0.99038344
vt 0.51525229 0.98533553
vt 0.51525229 0.98533553
vt 0.51540332 0.99014147
vt 0.50000000 0.99038344
vt 0.50000000 0.99519172
vt 0.51540332 0.99014147
vt 0.51555435 0.99494736
vt 0.53018760 0.97981816
vt 0.53048951 0.98461698
vt 0.53048951 0.98461698
vt 0.53079144 0.98941576
vt 0.53079144 0.98941576
vt 0.53109333 0.99421457
vt 0.54524416 0.97863318
vt 0.56025606 0.97697588
vt 0.54524416 0.97863318
vt 0.54569666 0.98342015
vt 0.54569666 0.98342015
vt 0.54614915 0.98820708
vt 0.54614915 0.98820708
vt 0.54660166 0.99299405
vt 0.56025606 0.97697588
vt 0.56085871 0.98174623
vt 0.56085871 0.98174623
vt 0.56146135 0.98651662
vt 0.56146135 0.98651662
vt 0.56206398 0.99128697
vt 0.57520851 0.97484783
vt 0.59008672 0.97225116
vt 0.57520851 0.97484783
vt 0.57596068 0.97959691
vt 0.57596068 0.97959691
vt 0.57671287 0.98434599
vt 0.57671287 0.98434599
vt 0.57746505 0.98909510
vt 0.59008672 0.97225116
vt 0.59098772 0.97697427
vt 0.59098772 0.97697427
vt 0.59188869 0.98169738
vt 0.59188869 0.98169738
vt 0.59278968 0.98642052
vt 0.61956186 0.96566270
vt 0.61956186 0.96566270
vt 0.60487604 0.96918843
vt 0.60487604 0.96918843
vt 0.60592493 0.97388091
vt 0.60592493 0.97388091
vt 0.60697382 0.97857340
vt 0.60697382 0.97857340
vt 0.60802273 0.98326588
vt 0.62075763 0.97031989
vt 0.62075763 0.97031989
vt 0.62195340 0.97497713
vt 0.62195340 0.97497713
vt 0.62314917 0.97963436
vt 0.50000000 0.99519172
vt 0.50000000 1.00000000
vt 0.51555435 0.99494736
vt 0.51570538 0.99975329
vt 0.53109333 0.99421457
vt 0.53139526 0.99901335
vt 0.54660166 0.99299405
vt 0.54705416 0.99778098
vt 0.56206398 0.99128697
vt 0.56266662 0.99605736
vt 0.57746505 0.98909510
vt 0.57821723 0.99384418
vt 0.59278968 0.98642052
vt 0.59369066 0.99114363
vt 0.60802273 0.98326588
vt 0.60907162 0.98795839
vt 0.62314917 0.97963436
vt 0.62434494 0.98429159
vt 0.63412967 0.96167737
vt 0.64856513 0.95723644
vt 0.63412967 0.96167737
vt 0.63547114 0.96629473
vt 0.63547114 0.96629473
vt 0.64856513 0.95723644
vt 0.65005097 0.96180942
vt 0.65005097 0.96180942
vt 0.65153681 0.96638236
vt 0.65153681 0.96638236
vt 0.63681261 0.97091213
vt 0.63681261 0.97091213
vt 0.63815408 0.97552949
vt 0.65302266 0.97095530
vt 0.66285396 0.95234431
vt 0.67698209 0.94700571
vt 0.66285396 0.95234431
vt 0.66448272 0.95686832
vt 0.66448272 0.95686832
vt 0.66611145 0.96139233
vt 0.66611145 0.96139233
vt 0.66774022 0.96591638
vt 0.67698209 0.94700571
vt 0.67875213 0.95147635
vt 0.67875213 0.95147635
vt 0.68052219 0.95594700
vt 0.68052219 0.95594700
vt 0.68229222 0.96041760
vt 0.70470056 0.93501087
vt 0.71826359 0.92836640
vt 0.70470056 0.93501087
vt 0.71826359 0.92836640
vt 0.73161120 0.92129920
vt 0.74473025 0.91381623
vt 0.73161120 0.92129920
vt 0.72044649 0.93265060
vt 0.72044649 0.93265060
vt 0.72262942 0.93693484
vt 0.73392760 0.92551275
vt 0.73392760 0.92551275
vt 0.72262942 0.93693484
vt 0.74473025 0.91381623
vt 0.74717786 0.91795492
vt 0.74717786 0.91795492
vt 0.73624402 0.92972627
vt 0.74962548 0.92209361
vt 0.73624402 0.92972627
vt 0.73856042 0.93393982
vt 0.74962548 0.92209361
vt 0.69093554 0.94122601
vt 0.69093554 0.94122601
vt 0.69284514 0.94563884
vt 0.69284514 0.94563884
vt 0.69475475 0.95005167
vt 0.69475475 0.95005167
vt 0.69666435 0.95446447
vt 0.70674784 0.93936154
vt 0.70674784 0.93936154
vt 0.70879511 0.94371220
vt 0.70879511 0.94371220
vt 0.71084237 0.94806286
vt 0.72481234 0.94121904
vt 0.63815408 0.97552949
vt 0.63949556 0.98014685
vt 0.65302266 0.97095530
vt 0.65450850 0.97552824
vt 0.66774022 0.96591638
vt 0.68229222 0.96041760
vt 0.68406228 0.96488824
vt 0.66936896 0.97044039
vt 0.73856042 0.93393982
vt 0.69666435 0.95446447
vt 0.69857394 0.95887731
vt 0.71084237 0.94806286
vt 0.71288965 0.95241352
vt 0.72481234 0.94121904
vt 0.72699525 0.94550327
vt 0.74087684 0.93815334
vt 0.50000000 0.85655807
vt 0.50000000 0.87147969
vt 0.53043715 0.85930839
vt 0.51684969 0.87084961
vt 0.53044335 0.87023904
vt 0.56133057 0.86652231
vt 0.55517315 0.86729978
vt 0.56132059 0.86206664
vt 0.59247395 0.83474794
vt 0.57678194 0.86342819
vt 0.59260296 0.85987854
vt 0.62406047 0.83708594
vt 0.60121515 0.85724607
vt 0.62417724 0.85007682
vt 0.50000000 0.76936003
vt 0.53038405 0.77096420
vt 0.53040231 0.80059644
vt 0.50000000 0.79863735
vt 0.56110773 0.77257199
vt 0.56118095 0.80256055
vt 0.50000000 0.82771000
vt 0.53042003 0.83005205
vt 0.56125198 0.83240058
vt 0.59214915 0.77417841
vt 0.59231404 0.80452341
vt 0.62348358 0.77577818
vt 0.62377650 0.80647841
vt 0.50000000 1.00000000
vt 0.51570538 0.99975329
vt 0.53139526 0.99901335
vt 0.54705416 0.99778098
vt 0.56266662 0.99605736
vt 0.57821723 0.99384418
vt 0.59369066 0.99114363
vt 0.60907162 0.98795839
vt 0.62434494 0.98429159
vt 0.65201956 0.83911800
vt 0.65595372 0.83740190
vt 0.66110893 0.83468848
vt 0.70271725 0.81122285
vt 0.68757250 0.81033655
vt 0.71895330 0.78048116
vt 0.71948800 0.79965010
vt 0.74232096 0.78158113
vt 0.68777820 0.82051332
vt 0.65508338 0.77736576
vt 0.65553993 0.80841853
vt 0.68691787 0.77893541
vt 0.63949556 0.98014685
vt 0.65450850 0.97552824
vt 0.68406228 0.96488824
vt 0.66936896 0.97044039
vt 0.69857394 0.95887731
vt 0.71288965 0.95241352
vt 0.72699525 0.94550327
vt 0.74087684 0.93815334
vt 0.98076685 0.50000000
vt 0.98052964 0.51510125
vt 0.97981816 0.53018760
vt 0.98076685 0.50000000
vt 0.98052964 0.51510125
vt 0.97981816 0.53018760
vt 0.98557513 0.50000000
vt 0.98557513 0.50000000
vt 0.99038344 0.50000000
vt 0.98533553 0.51525229
vt 0.98533553 0.51525229
vt 0.99014147 0.51540332
vt 0.99038344 0.50000000
vt 0.99014147 0.51540332
vt 0.99519172 0.50000000
vt 0.99494736 0.51555435
vt 0.98461698 0.53048951
vt 0.98461698 0.53048951
vt 0.98941576 0.53079144
vt 0.98941576 0.53079144
vt 0.99421457 0.53109333
vt 0.97863318 0.54524416
vt 0.97697588 0.56025606
vt 0.97863318 0.54524416
vt 0.98342015 0.54569666
vt 0.98342015 0.54569666
vt 0.97697588 0.56025606
vt 0.98174623 0.56085871
vt 0.98174623 0.56085871
vt 0.98820708 0.54614915
vt 0.98820708 0.54614915
vt 0.99299405 0.54660166
vt 0.98651662 0.56146135
vt 0.98651662 0.56146135
vt 0.99128697 0.56206398
vt 0.96566270 0.61956186
vt 0.96566270 0.61956186
vt 0.97484783 0.57520851
vt 0.97225116 0.59008672
vt 0.97484783 0.57520851
vt 0.97959691 0.57596068
vt 0.97959691 0.57596068
vt 0.98434599 0.57671287
vt 0.98434599 0.57671287
vt 0.97225116 0.59008672
vt 0.97697427 0.59098772
vt 0.97697427 0.59098772
vt 0.98169738 0.59188869
vt 0.98169738 0.59188869
vt 0.98909510 0.57746505
vt 0.98642052 0.59278968
vt 0.96918843 0.60487604
vt 0.96918843 0.60487604
vt 0.97388091 0.60592493
vt 0.97388091 0.60592493
vt 0.97857340 0.60697382
vt 0.97857340 0.60697382
vt 0.98326588 0.60802273
vt 0.97031989 0.62075763
vt 0.97031989 0.62075763
vt 0.97497713 0.62195340
vt 0.97497713 0.62195340
vt 0.97963436 0.62314917
vt 0.99519172 0.50000000
vt 1.00000000 0.50000000
vt 0.99494736 0.51555435
vt 0.99975329 0.51570538
vt 0.99421457 0.53109333
vt 0.99901335 0.53139526
vt 0.99299405 0.54660166
vt 0.99128697 0.56206398
vt 0.99778098 0.54705416
vt 0.98909510 0.57746505
vt 0.99605736 0.56266662
vt 0.98642052 0.59278968
vt 0.99114363 0.59369066
vt 0.99384418 0.57821723
vt 0.98326588 0.60802273
vt 0.97963436 0.62314917
vt 0.98429159 0.62434494
vt 0.98795839 0.60907162
vt 0.92836640 0.71826359
vt 0.93501087 0.70470056
vt 0.92836640 0.71826359
vt 0.93501087 0.70470056
vt 0.92129920 0.73161120
vt 0.91381623 0.74473025
vt 0.92129920 0.73161120
vt 0.91381623 0.74473025
vt 0.91795492 0.74717786
vt 0.91795492 0.74717786
vt 0.92551275 0.73392760
vt 0.92551275 0.73392760
vt 0.93265060 0.72044649
vt 0.93265060 0.72044649
vt 0.93693484 0.72262942
vt 0.93693484 0.72262942
vt 0.92209361 0.74962548
vt 0.92972627 0.73624402
vt 0.92209361 0.74962548
vt 0.92972627 0.73624402
vt 0.93393982 0.73856042
vt 0.96167737 0.63412967
vt 0.95723644 0.64856513
vt 0.96167737 0.63412967
vt 0.96629473 0.63547114
vt 0.96629473 0.63547114
vt 0.95723644 0.64856513
vt 0.96180942 0.65005097
vt 0.96180942 0.65005097
vt 0.96638236 0.65153681
vt 0.96638236 0.65153681
vt 0.95234431 0.66285396
vt 0.94700571 0.67698209
vt 0.95234431 0.66285396
vt 0.94700571 0.67698209
vt 0.95147635 0.67875213
vt 0.95147635 0.67875213
vt 0.95686832 0.66448272
vt 0.95686832 0.66448272
vt 0.96139233 0.66611145
vt 0.96139233 0.66611145
vt 0.96591638 0.66774022
vt 0.95594700 0.68052219
vt 0.95594700 0.68052219
vt 0.96041760 0.68229222
vt 0.97091213 0.63681261
vt 0.97091213 0.63681261
vt 0.97552949 0.63815408
vt 0.97095530 0.65302266
vt 0.94122601 0.69093554
vt 0.94122601 0.69093554
vt 0.94563884 0.69284514
vt 0.94563884 0.69284514
vt 0.95005167 0.69475475
vt 0.95005167 0.69475475
vt 0.93936154 0.70674784
vt 0.93936154 0.70674784
vt 0.94371220 0.70879511
vt 0.94371220 0.70879511
vt 0.94806286 0.71084237
vt 0.95446447 0.69666435
vt 0.94121904 0.72481234
vt 0.93393982 0.73856042
vt 0.96591638 0.66774022
vt 0.96041760 0.68229222
vt 0.96488824 0.68406228
vt 0.97552949 0.63815408
vt 0.98014685 0.63949556
vt 0.97095530 0.65302266
vt 0.97552824 0.65450850
vt 0.97044039 0.66936896
vt 0.94806286 0.71084237
vt 0.95241352 0.71288965
vt 0.95446447 0.69666435
vt 0.95887731 0.69857394
vt 0.94121904 0.72481234
vt 0.94550327 0.72699525
vt 0.93815334 0.74087684
vt 0.85655807 0.50000000
vt 0.85930839 0.53043715
vt 0.87147969 0.50000000
vt 0.87084961 0.51684969
vt 0.87023904 0.53044335
vt 0.86652231 0.56133057
vt 0.86729978 0.55517315
vt 0.86206664 0.56132059
vt 0.83474794 0.59247395
vt 0.83708594 0.62406047
vt 0.86342819 0.57678194
vt 0.85987854 0.59260296
vt 0.85724607 0.60121515
vt 0.85007682 0.62417724
vt 0.76936003 0.50000000
vt 0.77096420 0.53038405
vt 0.77257199 0.56110773
vt 0.80059644 0.53040231
vt 0.79863735 0.50000000
vt 0.80256055 0.56118095
vt 0.77417841 0.59214915
vt 0.77577818 0.62348358
vt 0.80452341 0.59231404
vt 0.80647841 0.62377650
vt 0.82771000 0.50000000
vt 0.83005205 0.53042003
vt 0.83240058 0.56125198
vt 0.78048116 0.71895330
vt 0.81122285 0.70271725
vt 0.81033655 0.68757250
vt 0.78158113 0.74232096
vt 0.79965010 0.71948800
vt 0.83911800 0.65201956
vt 0.83740190 0.65595372
vt 0.83468848 0.66110893
vt 0.82051332 0.68777820
vt 0.77736576 0.65508338
vt 0.77893541 0.68691787
vt 0.80841853 0.65553993
vt 1.00000000 0.50000000
vt 0.99975329 0.51570538
vt 0.99901335 0.53139526
vt 0.99778098 0.54705416
vt 0.99605736 0.56266662
vt 0.99114363 0.59369066
vt 0.99384418 0.57821723
vt 0.98429159 0.62434494
vt 0.98795839 0.60907162
vt 0.96488824 0.68406228
vt 0.98014685 0.63949556
vt 0.97552824 0.65450850
vt 0.97044039 0.66936896
vt 0.95241352 0.71288965
vt 0.95887731 0.69857394
vt 0.94550327 0.72699525
vt 0.93815334 0.74087684
vt 0.80645233 0.87043722
vt 0.80645233 0.87043722
vt 0.80951724 0.87414210
vt 0.80951724 0.87414210
vt 0.87043722 0.80645233
vt 0.87043722 0.80645233
vt 0.87414210 0.80951724
vt 0.87414210 0.80951724
vt 0.83995350 0.83995350
vt 0.83995350 0.83995350
vt 0.84335349 0.84335349
vt 0.84335349 0.84335349
vt 0.81793682 0.86062853
vt 0.82910758 0.85046394
vt 0.81793682 0.86062853
vt 0.82111659 0.86423529
vt 0.82111659 0.86423529
vt 0.82429636 0.86784205
vt 0.82429636 0.86784205
vt 0.82747617 0.87144877
vt 0.82910758 0.85046394
vt 0.83239907 0.85396906
vt 0.83239907 0.85396906
vt 0.83569054 0.85747414
vt 0.83569054 0.85747414
vt 0.83898207 0.86097923
vt 0.85046394 0.82910758
vt 0.86062853 0.81793682
vt 0.85046394 0.82910758
vt 0.85396906 0.83239907
vt 0.85396906 0.83239907
vt 0.85747414 0.83569054
vt 0.85747414 0.83569054
vt 0.86062853 0.81793682
vt 0.86423529 0.82111659
vt 0.86423529 0.82111659
vt 0.86784205 0.82429636
vt 0.86784205 0.82429636
vt 0.87144877 0.82747617
vt 0.86097923 0.83898207
vt 0.84675345 0.84675345
vt 0.84675345 0.84675345
vt 0.85015341 0.85015341
vt 0.82747617 0.87144877
vt 0.83898207 0.86097923
vt 0.84227357 0.86448431
vt 0.87144877 0.82747617
vt 0.86097923 0.83898207
vt 0.86448431 0.84227357
vt 0.85015341 0.85015341
vt 0.85355341 0.85355341
vt 0.75760775 0.90592487
vt 0.77023106 0.89763293
vt 0.75760775 0.90592487
vt 0.77023106 0.89763293
vt 0.77293372 0.90160975
vt 0.77293372 0.90160975
vt 0.77563638 0.90558661
vt 0.77563638 0.90558661
vt 0.76018418 0.90998466
vt 0.76018418 0.90998466
vt 0.76276058 0.91404442
vt 0.76276058 0.91404442
vt 0.76533699 0.91810421
vt 0.75207309 0.92623234
vt 0.77833904 0.90956343
vt 0.78258767 0.88894855
vt 0.79466539 0.87988035
vt 0.78258767 0.88894855
vt 0.79466539 0.87988035
vt 0.78541391 0.89283855
vt 0.78541391 0.89283855
vt 0.78824014 0.89672852
vt 0.78824014 0.89672852
vt 0.79106639 0.90061852
vt 0.79761243 0.88367965
vt 0.79761243 0.88367965
vt 0.80055947 0.88747894
vt 0.80055947 0.88747894
vt 0.80350650 0.89127823
vt 0.81258216 0.87784694
vt 0.81258216 0.87784694
vt 0.81564709 0.88155178
vt 0.76533699 0.91810421
vt 0.75207309 0.92623234
vt 0.75452071 0.93037103
vt 0.77833904 0.90956343
vt 0.78104170 0.91354029
vt 0.76791340 0.92216396
vt 0.79106639 0.90061852
vt 0.79389262 0.90450848
vt 0.80350650 0.89127823
vt 0.80645352 0.89507752
vt 0.81564709 0.88155178
vt 0.81871198 0.88525662
vt 0.83065594 0.87505553
vt 0.90592487 0.75760775
vt 0.89763293 0.77023106
vt 0.90592487 0.75760775
vt 0.89763293 0.77023106
vt 0.90160975 0.77293372
vt 0.90160975 0.77293372
vt 0.90558661 0.77563638
vt 0.90558661 0.77563638
vt 0.87988035 0.79466539
vt 0.88894855 0.78258767
vt 0.87988035 0.79466539
vt 0.88894855 0.78258767
vt 0.88367965 0.79761243
vt 0.88367965 0.79761243
vt 0.88747894 0.80055947
vt 0.88747894 0.80055947
vt 0.89283855 0.78541391
vt 0.89283855 0.78541391
vt 0.89672852 0.78824014
vt 0.89672852 0.78824014
vt 0.90061852 0.79106639
vt 0.89127823 0.80350650
vt 0.90998466 0.76018418
vt 0.90998466 0.76018418
vt 0.91404442 0.76276058
vt 0.91404442 0.76276058
vt 0.91810421 0.76533699
vt 0.90956343 0.77833904
vt 0.92623234 0.75207309
vt 0.87784694 0.81258216
vt 0.87784694 0.81258216
vt 0.88155178 0.81564709
vt 0.90061852 0.79106639
vt 0.90450848 0.79389262
vt 0.89127823 0.80350650
vt 0.89507752 0.80645352
vt 0.91810421 0.76533699
vt 0.90956343 0.77833904
vt 0.91354029 0.78104170
vt 0.92623234 0.75207309
vt 0.93037103 0.75452071
vt 0.92216396 0.76791340
vt 0.88155178 0.81564709
vt 0.88525662 0.81871198
vt 0.87505553 0.83065594
vt 0.75085902 0.77402647
vt 0.77402647 0.75085902
vt 0.84227357 0.86448431
vt 0.86448431 0.84227357
vt 0.85355341 0.85355341
vt 0.75452071 0.93037103
vt 0.78104170 0.91354029
vt 0.76791340 0.92216396
vt 0.79389262 0.90450848
vt 0.80645352 0.89507752
vt 0.81871198 0.88525662
vt 0.83065594 0.87505553
vt 0.90450848 0.79389262
vt 0.89507752 0.80645352
vt 0.91354029 0.78104170
vt 0.93037103 0.75452071
vt 0.92216396 0.76791340
vt 0.88525662 0.81871198
vt 0.87505553 0.83065594
f 64/64 72/72 65/65
f 64/64 65/65 168/168
f 63/63 64/64 168/168
f 63/63 173/173 64/64
f 69/69 70/70 75/75
f 66/66 67/67 71/71
f 67/67 68/68 71/71
f 66/66 70/70 69/69
f 66/66 71/71 70/70
f 72/72 74/74 73/73
f 73/73 74/74 75/75
f 69/69 75/75 74/74
f 65/65 72/72 73/73
f 69/69 74/74 176/176
f 66/66 175/175 67/67
f 66/66 69/69 174/174
f 72/72 178/178 74/74
f 64/64 177/177 72/72
f 108/108 171/171 110/110
f 108/108 110/110 109/109
f 109/109 110/110 112/112
f 108/108 109/109 179/179
f 109/109 111/111 180/180
f 113/113 117/117 116/116
f 111/111 114/114 113/113
f 111/111 112/112 114/114
f 109/109 112/112 111/111
f 113/113 114/114 117/117
f 116/116 117/117 120/120
f 115/115 116/116 120/120
f 115/115 120/120 119/119
f 115/115 119/119 118/118
f 113/113 116/116 182/182
f 111/111 113/113 181/181
f 115/115 184/184 116/116
f 115/115 118/118 183/183
f 164/164 170/170 169/169
f 164/164 166/166 165/165
f 165/165 166/166 167/167
f 164/164 165/165 170/170
f 63/63 168/168 167/167
f 63/63 167/167 166/166
f 169/169 170/170 171/171
f 108/108 169/169 171/171
f 164/164 187/187 166/166
f 164/164 169/169 186/186
f 63/63 166/166 172/172
f 108/108 188/188 169/169
f 64/64 173/173 177/177
f 63/63 172/172 173/173
f 74/74 178/178 176/176
f 66/66 174/174 175/175
f 69/69 176/176 174/174
f 72/72 177/177 178/178
f 109/109 180/180 179/179
f 116/116 184/184 182/182
f 111/111 181/181 180/180
f 113/113 182/182 181/181
f 115/115 183/183 184/184
f 118/118 185/185 183/183
f 183/183 185/185 190/190
f 169/169 188/188 186/186
f 164/164 186/186 187/187
f 166/166 187/187 172/172
f 108/108 179/179 188/188
f 179/179 180/180 363/363
f 186/186 188/188 360/360
f 186/186 369/369 187/187
f 179/179 357/357 188/188
f 179/179 363/363 357/357
f 181/181 182/182 362/362
f 182/182 184/184 189/189
f 180/180 181/181 361/361
f 183/183 190/190 184/184
f 184/184 190/190 189/189
f 182/182 189/189 362/362
f 181/181 362/362 361/361
f 180/180 361/361 363/363
f 253/253 254/254 268/268
f 254/254 258/258 255/255
f 254/254 255/255 268/268
f 256/256 257/257 259/259
f 256/256 265/265 257/257
f 257/257 265/265 266/266
f 255/255 258/258 259/259
f 256/256 259/259 258/258
f 253/253 342/342 254/254
f 256/256 258/258 343/343
f 256/256 348/348 265/265
f 254/254 344/344 258/258
f 260/260 261/261 267/267
f 261/261 262/262 267/267
f 261/261 263/263 262/262
f 262/262 263/263 264/264
f 263/263 327/327 264/264
f 263/263 326/326 327/327
f 260/260 266/266 265/265
f 260/260 267/267 266/266
f 260/260 346/346 261/261
f 261/261 347/347 263/263
f 263/263 350/350 326/326
f 260/260 265/265 345/345
f 67/67 253/253 68/68
f 68/68 253/253 268/268
f 67/67 341/341 253/253
f 325/325 328/328 326/326
f 325/325 331/331 328/328
f 325/325 330/330 331/331
f 326/326 328/328 327/327
f 330/330 333/333 331/331
f 329/329 333/333 330/330
f 329/329 335/335 333/333
f 325/325 326/326 349/349
f 325/325 352/352 330/330
f 329/329 330/330 351/351
f 329/329 353/353 332/332
f 329/329 332/332 336/336
f 329/329 336/336 335/335
f 332/332 338/338 336/336
f 332/332 340/340 338/338
f 332/332 766/766 340/340
f 332/332 334/334 774/774
f 334/334 337/337 772/772
f 337/337 339/339 770/770
f 339/339 765/765 768/768
f 332/332 774/774 766/766
f 332/332 354/354 334/334
f 334/334 355/355 337/337
f 337/337 356/356 339/339
f 339/339 861/861 765/765
f 253/253 341/341 342/342
f 254/254 342/342 344/344
f 258/258 344/344 343/343
f 256/256 343/343 348/348
f 260/260 345/345 346/346
f 261/261 346/346 347/347
f 263/263 347/347 350/350
f 265/265 348/348 345/345
f 67/67 175/175 341/341
f 326/326 350/350 349/349
f 325/325 349/349 352/352
f 330/330 352/352 351/351
f 329/329 351/351 353/353
f 343/343 344/344 875/875
f 342/342 876/876 344/344
f 341/341 877/877 342/342
f 332/332 353/353 354/354
f 334/334 354/354 355/355
f 337/337 355/355 356/356
f 339/339 356/356 861/861
f 349/349 350/350 869/869
f 345/345 872/872 346/346
f 347/347 870/870 350/350
f 346/346 871/871 347/347
f 353/353 865/865 354/354
f 351/351 866/866 353/353
f 349/349 868/868 352/352
f 351/351 352/352 867/867
f 354/354 864/864 355/355
f 355/355 863/863 356/356
f 356/356 862/862 861/861
f 345/345 348/348 873/873
f 343/343 874/874 348/348
f 175/175 1058/1058 341/341
f 174/174 1059/1059 175/175
f 174/174 176/176 1060/1060
f 176/176 178/178 1061/1061
f 177/177 1062/1062 178/178
f 173/173 1063/1063 177/177
f 172/172 1064/1064 173/173
f 172/172 187/187 372/372
f 186/186 360/360 369/369
f 187/187 369/369 370/370
f 188/188 357/357 358/358
f 188/188 358/358 359/359
f 188/188 359/359 360/360
f 187/187 370/370 371/371
f 172/172 372/372 376/376
f 187/187 371/371 372/372
f 172/172 376/376 375/375
f 172/172 375/375 378/378
f 172/172 378/378 379/379
f 172/172 379/379 878/878
f 453/453 460/460 455/455
f 453/453 455/455 454/454
f 454/454 455/455 457/457
f 454/454 457/457 456/456
f 456/456 457/457 459/459
f 456/456 459/459 458/458
f 458/458 463/463 462/462
f 458/458 459/459 463/463
f 453/453 454/454 541/541
f 454/454 456/456 542/542
f 456/456 458/458 543/543
f 458/458 462/462 544/544
f 118/118 119/119 460/460
f 118/118 460/460 453/453
f 118/118 453/453 185/185
f 461/461 464/464 466/466
f 461/461 466/466 465/465
f 462/462 463/463 464/464
f 461/461 462/462 464/464
f 465/465 466/466 468/468
f 465/465 468/468 467/467
f 467/467 468/468 526/526
f 467/467 526/526 525/525
f 461/461 465/465 545/545
f 461/461 546/546 462/462
f 465/465 467/467 547/547
f 467/467 525/525 548/548
f 525/525 528/528 527/527
f 525/525 526/526 528/528
f 527/527 528/528 530/530
f 527/527 530/530 529/529
f 529/529 530/530 532/532
f 529/529 532/532 531/531
f 531/531 532/532 534/534
f 531/531 534/534 533/533
f 525/525 527/527 561/561
f 527/527 529/529 562/562
f 529/529 531/531 563/563
f 531/531 533/533 564/564
f 533/533 534/534 536/536
f 533/533 536/536 535/535
f 535/535 536/536 538/538
f 535/535 538/538 537/537
f 537/537 538/538 540/540
f 537/537 540/540 539/539
f 539/539 540/540 1461/1461
f 539/539 1461/1461 1460/1460
f 533/533 535/535 565/565
f 535/535 537/537 566/566
f 537/537 539/539 567/567
f 539/539 1460/1460 568/568
f 454/454 542/542 541/541
f 458/458 544/544 543/543
f 456/456 543/543 542/542
f 462/462 546/546 544/544
f 185/185 453/453 541/541
f 185/185 541/541 551/551
f 541/541 542/542 551/551
f 543/543 544/544 549/549
f 542/542 543/543 553/553
f 465/465 547/547 545/545
f 461/461 545/545 546/546
f 467/467 548/548 547/547
f 525/525 561/561 548/548
f 548/548 561/561 569/569
f 544/544 546/546 555/555
f 545/545 555/555 546/546
f 545/545 547/547 557/557
f 545/545 556/556 555/555
f 545/545 557/557 556/556
f 547/547 548/548 569/569
f 547/547 569/569 557/557
f 185/185 550/550 190/190
f 185/185 551/551 550/550
f 542/542 553/553 551/551
f 543/543 549/549 553/553
f 544/544 555/555 549/549
f 527/527 562/562 561/561
f 529/529 563/563 562/562
f 531/531 564/564 563/563
f 533/533 565/565 564/564
f 561/561 562/562 570/570
f 562/562 563/563 572/572
f 563/563 564/564 573/573
f 564/564 565/565 576/576
f 561/561 570/570 569/569
f 562/562 572/572 570/570
f 564/564 576/576 573/573
f 563/563 573/573 572/572
f 535/535 566/566 565/565
f 537/537 567/567 566/566
f 539/539 568/568 567/567
f 568/568 1460/1460 1556/1556
f 565/565 566/566 578/578
f 566/566 567/567 578/578
f 567/567 568/568 579/579
f 568/568 1556/1556 1565/1565
f 565/565 575/575 576/576
f 565/565 578/578 575/575
f 567/567 579/579 578/578
f 568/568 1565/1565 579/579
f 339/339 768/768 770/770
f 337/337 770/770 772/772
f 334/334 772/772 774/774
f 766/766 774/774 767/767
f 767/767 776/776 769/769
f 767/767 774/774 776/776
f 769/769 776/776 771/771
f 765/765 862/862 768/768
f 768/768 863/863 770/770
f 770/770 864/864 772/772
f 772/772 865/865 774/774
f 771/771 776/776 777/777
f 771/771 777/777 773/773
f 773/773 777/777 775/775
f 775/775 777/777 779/779
f 775/775 779/779 778/778
f 778/778 779/779 781/781
f 778/778 781/781 780/780
f 780/780 781/781 845/845
f 780/780 845/845 782/782
f 774/774 866/866 776/776
f 776/776 867/867 777/777
f 777/777 868/868 779/779
f 779/779 869/869 781/781
f 782/782 847/847 846/846
f 782/782 845/845 847/847
f 846/846 847/847 848/848
f 847/847 849/849 848/848
f 848/848 849/849 850/850
f 849/849 851/851 850/850
f 850/850 851/851 852/852
f 781/781 870/870 845/845
f 845/845 871/871 847/847
f 847/847 872/872 849/849
f 849/849 873/873 851/851
f 851/851 853/853 852/852
f 852/852 853/853 854/854
f 853/853 856/856 854/854
f 854/854 856/856 855/855
f 855/855 856/856 857/857
f 855/855 857/857 858/858
f 857/857 859/859 858/858
f 858/858 859/859 860/860
f 851/851 874/874 853/853
f 853/853 875/875 856/856
f 856/856 876/876 857/857
f 857/857 877/877 859/859
f 859/859 949/949 860/860
f 860/860 949/949 950/950
f 859/859 1058/1058 949/949
f 765/765 861/861 862/862
f 768/768 862/862 863/863
f 770/770 863/863 864/864
f 772/772 864/864 865/865
f 356/356 863/863 862/862
f 355/355 864/864 863/863
f 354/354 865/865 864/864
f 353/353 866/866 865/865
f 351/351 867/867 866/866
f 352/352 868/868 867/867
f 349/349 869/869 868/868
f 350/350 870/870 869/869
f 347/347 871/871 870/870
f 346/346 872/872 871/871
f 345/345 873/873 872/872
f 774/774 865/865 866/866
f 776/776 866/866 867/867
f 777/777 867/867 868/868
f 779/779 868/868 869/869
f 348/348 874/874 873/873
f 343/343 875/875 874/874
f 344/344 876/876 875/875
f 342/342 877/877 876/876
f 341/341 1058/1058 877/877
f 175/175 1059/1059 1058/1058
f 174/174 1060/1060 1059/1059
f 176/176 1061/1061 1060/1060
f 178/178 1062/1062 1061/1061
f 177/177 1063/1063 1062/1062
f 173/173 1064/1064 1063/1063
f 781/781 869/869 870/870
f 845/845 870/870 871/871
f 847/847 871/871 872/872
f 849/849 872/872 873/873
f 851/851 873/873 874/874
f 853/853 874/874 875/875
f 856/856 875/875 876/876
f 857/857 876/876 877/877
f 859/859 877/877 1058/1058
f 172/172 878/878 1064/1064
f 878/878 879/879 1064/1064
f 879/879 880/880 1064/1064
f 880/880 883/883 1065/1065
f 883/883 884/884 1065/1065
f 884/884 886/886 1065/1065
f 886/886 887/887 1065/1065
f 887/887 888/888 1066/1066
f 888/888 889/889 1066/1066
f 889/889 905/905 1067/1067
f 880/880 1065/1065 1064/1064
f 905/905 906/906 1067/1067
f 906/906 907/907 1067/1067
f 907/907 908/908 1071/1071
f 949/949 951/951 950/950
f 950/950 951/951 952/952
f 951/951 953/953 952/952
f 952/952 953/953 954/954
f 953/953 955/955 954/954
f 954/954 955/955 956/956
f 955/955 958/958 956/956
f 956/956 958/958 957/957
f 957/957 958/958 959/959
f 949/949 1059/1059 951/951
f 951/951 1060/1060 953/953
f 953/953 1061/1061 955/955
f 955/955 1062/1062 958/958
f 957/957 959/959 960/960
f 959/959 961/961 960/960
f 960/960 961/961 1005/1005
f 958/958 1063/1063 959/959
f 959/959 1064/1064 961/961
f 961/961 1006/1006 1005/1005
f 1005/1005 1006/1006 1007/1007
f 1006/1006 1008/1008 1007/1007
f 1007/1007 1008/1008 1009/1009
f 1008/1008 1010/1010 1009/1009
f 1009/1009 1010/1010 1011/1011
f 1010/1010 1045/1045 1011/1011
f 1011/1011 1045/1045 1012/1012
f 961/961 1065/1065 1006/1006
f 1006/1006 1066/1066 1008/1008
f 1008/1008 1067/1067 1010/1010
f 1010/1010 1070/1070 1045/1045
f 1012/1012 1045/1045 1047/1047
f 1012/1012 1047/1047 1046/1046
f 1046/1046 1047/1047 1048/1048
f 1045/1045 1071/1071 1047/1047
f 1046/1046 1048/1048 1049/1049
f 1048/1048 1050/1050 1049/1049
f 1049/1049 1050/1050 1051/1051
f 1050/1050 1053/1053 1051/1051
f 1051/1051 1053/1053 1052/1052
f 1052/1052 1053/1053 1054/1054
f 1052/1052 1054/1054 1055/1055
f 1054/1054 1057/1057 1055/1055
f 1055/1055 1057/1057 1056/1056
f 1047/1047 1072/1072 1048/1048
f 1048/1048 1073/1073 1050/1050
f 1050/1050 1074/1074 1053/1053
f 1053/1053 1075/1075 1054/1054
f 1054/1054 1076/1076 1057/1057
f 949/949 1058/1058 1059/1059
f 951/951 1059/1059 1060/1060
f 953/953 1060/1060 1061/1061
f 955/955 1061/1061 1062/1062
f 958/958 1062/1062 1063/1063
f 959/959 1063/1063 1064/1064
f 887/887 1066/1066 1065/1065
f 889/889 1067/1067 1066/1066
f 908/908 909/909 1071/1071
f 907/907 1070/1070 1067/1067
f 907/907 1071/1071 1070/1070
f 961/961 1064/1064 1065/1065
f 1006/1006 1065/1065 1066/1066
f 1008/1008 1066/1066 1067/1067
f 1010/1010 1067/1067 1070/1070
f 909/909 911/911 1072/1072
f 911/911 912/912 1074/1074
f 912/912 1068/1068 1074/1074
f 909/909 1072/1072 1071/1071
f 911/911 1073/1073 1072/1072
f 911/911 1074/1074 1073/1073
f 1068/1068 1069/1069 1076/1076
f 1068/1068 1075/1075 1074/1074
f 1068/1068 1076/1076 1075/1075
f 1045/1045 1070/1070 1071/1071
f 1047/1047 1071/1071 1072/1072
f 1048/1048 1072/1072 1073/1073
f 1050/1050 1073/1073 1074/1074
f 1053/1053 1074/1074 1075/1075
f 1054/1054 1075/1075 1076/1076
f 1056/1056 1057/1057 1228/1228
f 1056/1056 1228/1228 1227/1227
f 1057/1057 1327/1327 1228/1228
f 1227/1227 1228/1228 1229/1229
f 1227/1227 1229/1229 1230/1230
f 1229/1229 1231/1231 1230/1230
f 1230/1230 1231/1231 1232/1232
f 1231/1231 1234/1234 1232/1232
f 1232/1232 1234/1234 1233/1233
f 1233/1233 1234/1234 1236/1236
f 1233/1233 1236/1236 1235/1235
f 1228/1228 1328/1328 1229/1229
f 1229/1229 1329/1329 1231/1231
f 1231/1231 1330/1330 1234/1234
f 1234/1234 1331/1331 1236/1236
f 1235/1235 1236/1236 1238/1238
f 1235/1235 1238/1238 1237/1237
f 1237/1237 1238/1238 1240/1240
f 1237/1237 1240/1240 1239/1239
f 1239/1239 1240/1240 1242/1242
f 1239/1239 1242/1242 1241/1241
f 1241/1241 1242/1242 1300/1300
f 1241/1241 1300/1300 1299/1299
f 1236/1236 1332/1332 1238/1238
f 1238/1238 1333/1333 1240/1240
f 1240/1240 1334/1334 1242/1242
f 1242/1242 1357/1357 1300/1300
f 1299/1299 1300/1300 1302/1302
f 1299/1299 1302/1302 1301/1301
f 1301/1301 1302/1302 1304/1304
f 1301/1301 1304/1304 1303/1303
f 1303/1303 1304/1304 1305/1305
f 1303/1303 1305/1305 1306/1306
f 1305/1305 1307/1307 1306/1306
f 1306/1306 1307/1307 1308/1308
f 1300/1300 1358/1358 1302/1302
f 1302/1302 1359/1359 1304/1304
f 1304/1304 1360/1360 1305/1305
f 1305/1305 1361/1361 1307/1307
f 1307/1307 1309/1309 1308/1308
f 1308/1308 1309/1309 1310/1310
f 1309/1309 1311/1311 1310/1310
f 1310/1310 1311/1311 1312/1312
f 1311/1311 1313/1313 1312/1312
f 1312/1312 1313/1313 1314/1314
f 1313/1313 2256/2256 1314/1314
f 1314/1314 2256/2256 2255/2255
f 1307/1307 1362/1362 1309/1309
f 1309/1309 1363/1363 1311/1311
f 1311/1311 1364/1364 1313/1313
f 1313/1313 2378/2378 2256/2256
f 1069/1069 1316/1316 1327/1327
f 1316/1316 1317/1317 1328/1328
f 1317/1317 1318/1318 1329/1329
f 1318/1318 1320/1320 1330/1330
f 1057/1057 1076/1076 1327/1327
f 1069/1069 1327/1327 1076/1076
f 1316/1316 1328/1328 1327/1327
f 1317/1317 1329/1329 1328/1328
f 1318/1318 1330/1330 1329/1329
f 1320/1320 1331/1331 1330/1330
f 1228/1228 1327/1327 1328/1328
f 1229/1229 1328/1328 1329/1329
f 1231/1231 1329/1329 1330/1330
f 1234/1234 1330/1330 1331/1331
f 1320/1320 1321/1321 1332/1332
f 1321/1321 1322/1322 1333/1333
f 1320/1320 1332/1332 1331/1331
f 1321/1321 1333/1333 1332/1332
f 1322/1322 1323/1323 1333/1333
f 1323/1323 1336/1336 1357/1357
f 1323/1323 1334/1334 1333/1333
f 1323/1323 1357/1357 1334/1334
f 1236/1236 1331/1331 1332/1332
f 1238/1238 1332/1332 1333/1333
f 1240/1240 1333/1333 1334/1334
f 1242/1242 1334/1334 1357/1357
f 1336/1336 1337/1337 1358/1358
f 1337/1337 1339/1339 1359/1359
f 1339/1339 1340/1340 1360/1360
f 1340/1340 1341/1341 1361/1361
f 1300/1300 1357/1357 1358/1358
f 1302/1302 1358/1358 1359/1359
f 1304/1304 1359/1359 1360/1360
f 1305/1305 1360/1360 1361/1361
f 1336/1336 1358/1358 1357/1357
f 1337/1337 1359/1359 1358/1358
f 1339/1339 1360/1360 1359/1359
f 1340/1340 1361/1361 1360/1360
f 1341/1341 1342/1342 1361/1361
f 1342/1342 1345/1345 1363/1363
f 1345/1345 1346/1346 1364/1364
f 1346/1346 2352/2352 2378/2378
f 1307/1307 1361/1361 1362/1362
f 1309/1309 1362/1362 1363/1363
f 1311/1311 1363/1363 1364/1364
f 1313/1313 1364/1364 2378/2378
f 1342/1342 1362/1362 1361/1361
f 1342/1342 1363/1363 1362/1362
f 1345/1345 1364/1364 1363/1363
f 1346/1346 2378/2378 1364/1364
f 1460/1460 1461/1461 1462/1462
f 1460/1460 1462/1462 1463/1463
f 1462/1462 1464/1464 1463/1463
f 1463/1463 1464/1464 1465/1465
f 1464/1464 1466/1466 1465/1465
f 1465/1465 1466/1466 1467/1467
f 1466/1466 1468/1468 1467/1467
f 1467/1467 1468/1468 1469/1469
f 1460/1460 1463/1463 1556/1556
f 1463/1463 1465/1465 1557/1557
f 1465/1465 1467/1467 1558/1558
f 1467/1467 1469/1469 1559/1559
f 1468/1468 1470/1470 1469/1469
f 1469/1469 1470/1470 1471/1471
f 1470/1470 1473/1473 1471/1471
f 1471/1471 1473/1473 1472/1472
f 1472/1472 1473/1473 1475/1475
f 1472/1472 1475/1475 1474/1474
f 1474/1474 1475/1475 1477/1477
f 1474/1474 1477/1477 1476/1476
f 1469/1469 1471/1471 1560/1560
f 1471/1471 1472/1472 1561/1561
f 1472/1472 1474/1474 1562/1562
f 1474/1474 1476/1476 1563/1563
f 1476/1476 1477/1477 1541/1541
f 1476/1476 1541/1541 1540/1540
f 1540/1540 1541/1541 1543/1543
f 1540/1540 1543/1543 1542/1542
f 1542/1542 1543/1543 1545/1545
f 1542/1542 1545/1545 1544/1544
f 1544/1544 1545/1545 1547/1547
f 1544/1544 1547/1547 1546/1546
f 1476/1476 1540/1540 1564/1564
f 1540/1540 1542/1542 1592/1592
f 1542/1542 1544/1544 1593/1593
f 1544/1544 1546/1546 1594/1594
f 1546/1546 1547/1547 1549/1549
f 1546/1546 1549/1549 1548/1548
f 1548/1548 1549/1549 1550/1550
f 1548/1548 1550/1550 1551/1551
f 1550/1550 1552/1552 1551/1551
f 1551/1551 1552/1552 1553/1553
f 1552/1552 1555/1555 1553/1553
f 1553/1553 1555/1555 1554/1554
f 1546/1546 1548/1548 1595/1595
f 1548/1548 1551/1551 1596/1596
f 1551/1551 1553/1553 1597/1597
f 1553/1553 1554/1554 1598/1598
f 1554/1554 1555/1555 1733/1733
f 1554/1554 1733/1733 1732/1732
f 1554/1554 1732/1732 1599/1599
f 1463/1463 1557/1557 1556/1556
f 1465/1465 1558/1558 1557/1557
f 1467/1467 1559/1559 1558/1558
f 1469/1469 1560/1560 1559/1559
f 1556/1556 1557/1557 1567/1567
f 1557/1557 1558/1558 1568/1568
f 1558/1558 1559/1559 1570/1570
f 1559/1559 1560/1560 1570/1570
f 1556/1556 1567/1567 1565/1565
f 1557/1557 1568/1568 1567/1567
f 1558/1558 1570/1570 1568/1568
f 1560/1560 1571/1571 1570/1570
f 1471/1471 1561/1561 1560/1560
f 1472/1472 1562/1562 1561/1561
f 1474/1474 1563/1563 1562/1562
f 1476/1476 1564/1564 1563/1563
f 1560/1560 1561/1561 1573/1573
f 1561/1561 1562/1562 1574/1574
f 1562/1562 1563/1563 1576/1576
f 1563/1563 1564/1564 1577/1577
f 1560/1560 1573/1573 1571/1571
f 1561/1561 1574/1574 1573/1573
f 1562/1562 1576/1576 1574/1574
f 1563/1563 1577/1577 1576/1576
f 1540/1540 1592/1592 1564/1564
f 1542/1542 1593/1593 1592/1592
f 1544/1544 1594/1594 1593/1593
f 1546/1546 1595/1595 1594/1594
f 1564/1564 1592/1592 1600/1600
f 1592/1592 1593/1593 1600/1600
f 1564/1564 1600/1600 1577/1577
f 1593/1593 1601/1601 1600/1600
f 1593/1593 1594/1594 1602/1602
f 1594/1594 1595/1595 1603/1603
f 1593/1593 1602/1602 1601/1601
f 1594/1594 1603/1603 1602/1602
f 1548/1548 1596/1596 1595/1595
f 1551/1551 1597/1597 1596/1596
f 1553/1553 1598/1598 1597/1597
f 1554/1554 1599/1599 1598/1598
f 1599/1599 1732/1732 1841/1841
f 1595/1595 1596/1596 1603/1603
f 1596/1596 1597/1597 1604/1604
f 1597/1597 1598/1598 1606/1606
f 1598/1598 1599/1599 1607/1607
f 1599/1599 1841/1841 1848/1848
f 1596/1596 1604/1604 1603/1603
f 1597/1597 1606/1606 1604/1604
f 1598/1598 1607/1607 1606/1606
f 1599/1599 1848/1848 1607/1607
f 1732/1732 1733/1733 1734/1734
f 1732/1732 1734/1734 1735/1735
f 1734/1734 1737/1737 1735/1735
f 1735/1735 1737/1737 1736/1736
f 1736/1736 1737/1737 1738/1738
f 1736/1736 1738/1738 1739/1739
f 1738/1738 1740/1740 1739/1739
f 1739/1739 1740/1740 1741/1741
f 1740/1740 1743/1743 1741/1741
f 1732/1732 1735/1735 1841/1841
f 1735/1735 1736/1736 1842/1842
f 1736/1736 1739/1739 1843/1843
f 1739/1739 1741/1741 1844/1844
f 1741/1741 1742/1742 1845/1845
f 1741/1741 1743/1743 1742/1742
f 1742/1742 1743/1743 1788/1788
f 1742/1742 1788/1788 1744/1744
f 1742/1742 1744/1744 1846/1846
f 1744/1744 1788/1788 1789/1789
f 1744/1744 1789/1789 1790/1790
f 1789/1789 1791/1791 1790/1790
f 1790/1790 1791/1791 1792/1792
f 1791/1791 1793/1793 1792/1792
f 1792/1792 1793/1793 1794/1794
f 1793/1793 1795/1795 1794/1794
f 1794/1794 1795/1795 1828/1828
f 1744/1744 1790/1790 1847/1847
f 1790/1790 1792/1792 1850/1850
f 1792/1792 1794/1794 1851/1851
f 1794/1794 1828/1828 1852/1852
f 1795/1795 1829/1829 1828/1828
f 1828/1828 1829/1829 1830/1830
f 1829/1829 1832/1832 1830/1830
f 1828/1828 1830/1830 1853/1853
f 1830/1830 1831/1831 1854/1854
f 1830/1830 1832/1832 1831/1831
f 1831/1831 1832/1832 1833/1833
f 1831/1831 1833/1833 1834/1834
f 1833/1833 1835/1835 1834/1834
f 1834/1834 1835/1835 1836/1836
f 1835/1835 1837/1837 1836/1836
f 1836/1836 1837/1837 1838/1838
f 1837/1837 1839/1839 1838/1838
f 1838/1838 1839/1839 1840/1840
f 1831/1831 1834/1834 1855/1855
f 1834/1834 1836/1836 1856/1856
f 1836/1836 1838/1838 1857/1857
f 1838/1838 1840/1840 1858/1858
f 1735/1735 1842/1842 1841/1841
f 1736/1736 1843/1843 1842/1842
f 1739/1739 1844/1844 1843/1843
f 1741/1741 1845/1845 1844/1844
f 1742/1742 1846/1846 1845/1845
f 1744/1744 1847/1847 1846/1846
f 1841/1841 1842/1842 1849/1849
f 1842/1842 1843/1843 1849/1849
f 1841/1841 1849/1849 1848/1848
f 1843/1843 1844/1844 2012/2012
f 1844/1844 1845/1845 2012/2012
f 1845/1845 1846/1846 2013/2013
f 1843/1843 2011/2011 1849/1849
f 1843/1843 2012/2012 2011/2011
f 1845/1845 2013/2013 2012/2012
f 1790/1790 1850/1850 1847/1847
f 1792/1792 1851/1851 1850/1850
f 1794/1794 1852/1852 1851/1851
f 1828/1828 1853/1853 1852/1852
f 1846/1846 1847/1847 2016/2016
f 1847/1847 1850/1850 2016/2016
f 1846/1846 2015/2015 2013/2013
f 1850/1850 1851/1851 2024/2024
f 1851/1851 1852/1852 2026/2026
f 1830/1830 1854/1854 1853/1853
f 1831/1831 1855/1855 1854/1854
f 1834/1834 1856/1856 1855/1855
f 1836/1836 1857/1857 1856/1856
f 1838/1838 1858/1858 1857/1857
f 1840/1840 1859/1859 1858/1858
f 1839/1839 1922/1922 1840/1840
f 1840/1840 1922/1922 1923/1923
f 1840/1840 1923/1923 1859/1859
f 1922/1922 1924/1924 1923/1923
f 1923/1923 1924/1924 1925/1925
f 1924/1924 1927/1927 1925/1925
f 1925/1925 1927/1927 1926/1926
f 1926/1926 1927/1927 1928/1928
f 1926/1926 1928/1928 1929/1929
f 1928/1928 1930/1930 1929/1929
f 1929/1929 1930/1930 1931/1931
f 1923/1923 1925/1925 2044/2044
f 1925/1925 1926/1926 2045/2045
f 1926/1926 1929/1929 2046/2046
f 1929/1929 1931/1931 2047/2047
f 1930/1930 1932/1932 1931/1931
f 1931/1931 1932/1932 1933/1933
f 1932/1932 1934/1934 1933/1933
f 1933/1933 1934/1934 1935/1935
f 1934/1934 1936/1936 1935/1935
f 1935/1935 1994/1994 1937/1937
f 1935/1935 1936/1936 1994/1994
f 1931/1931 1933/1933 2048/2048
f 1933/1933 1935/1935 2049/2049
f 1935/1935 1937/1937 2050/2050
f 1937/1937 1995/1995 2051/2051
f 1937/1937 1994/1994 1996/1996
f 1937/1937 1996/1996 1995/1995
f 1995/1995 1996/1996 1998/1998
f 1995/1995 1998/1998 1997/1997
f 1997/1997 1998/1998 2001/2001
f 1997/1997 2001/2001 1999/1999
f 1999/1999 2001/2001 2003/2003
f 1999/1999 2003/2003 2005/2005
f 1999/1999 2005/2005 2000/2000
f 1995/1995 1997/1997 2052/2052
f 1997/1997 1999/1999 2053/2053
f 1999/1999 2000/2000 2054/2054
f 2000/2000 2002/2002 2055/2055
f 2000/2000 2005/2005 2007/2007
f 2000/2000 2009/2009 2002/2002
f 2000/2000 2007/2007 2009/2009
f 2002/2002 2009/2009 2470/2470
f 2002/2002 2478/2478 2004/2004
f 2004/2004 2475/2475 2006/2006
f 2006/2006 2473/2473 2008/2008
f 2002/2002 2004/2004 2056/2056
f 2004/2004 2006/2006 2057/2057
f 2006/2006 2008/2008 2058/2058
f 2008/2008 2471/2471 2059/2059
f 1846/1846 2016/2016 2015/2015
f 1850/1850 2017/2017 2016/2016
f 1850/1850 2018/2018 2017/2017
f 1852/1852 1853/1853 2032/2032
f 1850/1850 2024/2024 2018/2018
f 1851/1851 2025/2025 2024/2024
f 1851/1851 2026/2026 2025/2025
f 1852/1852 2027/2027 2026/2026
f 1852/1852 2028/2028 2027/2027
f 1852/1852 2029/2029 2028/2028
f 1852/1852 2032/2032 2029/2029
f 1853/1853 2033/2033 2032/2032
f 1853/1853 2568/2568 2033/2033
f 1859/1859 1923/1923 2044/2044
f 1925/1925 2045/2045 2044/2044
f 1926/1926 2046/2046 2045/2045
f 1929/1929 2047/2047 2046/2046
f 1931/1931 2048/2048 2047/2047
f 1933/1933 2049/2049 2048/2048
f 1935/1935 2050/2050 2049/2049
f 1937/1937 2051/2051 2050/2050
f 1995/1995 2052/2052 2051/2051
f 1853/1853 1854/1854 2780/2780
f 1854/1854 1855/1855 2776/2776
f 1855/1855 1856/1856 2775/2775
f 1856/1856 1857/1857 2777/2777
f 1857/1857 1858/1858 2779/2779
f 1858/1858 1859/1859 2778/2778
f 1859/1859 2044/2044 2621/2621
f 1997/1997 2053/2053 2052/2052
f 1999/1999 2054/2054 2053/2053
f 2000/2000 2055/2055 2054/2054
f 2002/2002 2056/2056 2055/2055
f 2044/2044 2045/2045 2620/2620
f 2045/2045 2046/2046 2618/2618
f 2046/2046 2047/2047 2619/2619
f 2047/2047 2048/2048 2614/2614
f 2004/2004 2057/2057 2056/2056
f 2006/2006 2058/2058 2057/2057
f 2008/2008 2059/2059 2058/2058
f 2059/2059 2471/2471 2605/2605
f 2048/2048 2049/2049 2617/2617
f 2049/2049 2050/2050 2616/2616
f 2050/2050 2051/2051 2615/2615
f 2051/2051 2052/2052 2612/2612
f 2052/2052 2053/2053 2613/2613
f 2053/2053 2054/2054 2610/2610
f 2054/2054 2055/2055 2611/2611
f 2055/2055 2056/2056 2609/2609
f 2056/2056 2057/2057 2608/2608
f 2057/2057 2058/2058 2607/2607
f 2058/2058 2059/2059 2606/2606
f 2255/2255 2256/2256 2258/2258
f 2255/2255 2258/2258 2257/2257
f 2257/2257 2258/2258 2260/2260
f 2257/2257 2260/2260 2259/2259
f 2259/2259 2260/2260 2262/2262
f 2259/2259 2262/2262 2261/2261
f 2261/2261 2262/2262 2264/2264
f 2261/2261 2264/2264 2263/2263
f 2256/2256 2379/2379 2258/2258
f 2258/2258 2380/2380 2260/2260
f 2260/2260 2381/2381 2262/2262
f 2262/2262 2382/2382 2264/2264
f 2263/2263 2264/2264 2266/2266
f 2263/2263 2266/2266 2265/2265
f 2265/2265 2266/2266 2268/2268
f 2265/2265 2268/2268 2267/2267
f 2267/2267 2268/2268 2270/2270
f 2267/2267 2270/2270 2269/2269
f 2269/2269 2272/2272 2271/2271
f 2269/2269 2270/2270 2272/2272
f 2264/2264 2383/2383 2266/2266
f 2266/2266 2384/2384 2268/2268
f 2268/2268 2385/2385 2270/2270
f 2270/2270 2386/2386 2272/2272
f 2271/2271 2272/2272 2336/2336
f 2271/2271 2336/2336 2335/2335
f 2335/2335 2336/2336 2338/2338
f 2335/2335 2338/2338 2337/2337
f 2339/2339 2342/2342 2341/2341
f 2339/2339 2341/2341 2340/2340
f 2337/2337 2338/2338 2342/2342
f 2337/2337 2342/2342 2339/2339
f 2272/2272 2399/2399 2336/2336
f 2336/2336 2400/2400 2338/2338
f 2341/2341 2342/2342 2401/2401
f 2338/2338 2402/2402 2342/2342
f 2343/2343 2350/2350 2707/2707
f 2343/2343 2707/2707 2706/2706
f 2350/2350 2768/2768 2707/2707
f 2340/2340 2345/2345 2344/2344
f 2340/2340 2341/2341 2345/2345
f 2344/2344 2345/2345 2347/2347
f 2344/2344 2347/2347 2346/2346
f 2346/2346 2347/2347 2349/2349
f 2346/2346 2349/2349 2348/2348
f 2348/2348 2349/2349 2350/2350
f 2343/2343 2348/2348 2350/2350
f 2341/2341 2403/2403 2345/2345
f 2345/2345 2404/2404 2347/2347
f 2347/2347 2405/2405 2349/2349
f 2349/2349 2406/2406 2350/2350
f 2352/2352 2354/2354 2379/2379
f 2354/2354 2355/2355 2380/2380
f 2355/2355 2357/2357 2382/2382
f 2356/2356 2382/2382 2357/2357
f 2256/2256 2378/2378 2379/2379
f 2258/2258 2379/2379 2380/2380
f 2260/2260 2380/2380 2381/2381
f 2262/2262 2381/2381 2382/2382
f 2352/2352 2379/2379 2378/2378
f 2354/2354 2380/2380 2379/2379
f 2355/2355 2381/2381 2380/2380
f 2355/2355 2382/2382 2381/2381
f 2360/2360 2361/2361 2384/2384
f 2356/2356 2360/2360 2383/2383
f 2361/2361 2363/2363 2385/2385
f 2363/2363 2364/2364 2386/2386
f 2264/2264 2382/2382 2383/2383
f 2266/2266 2383/2383 2384/2384
f 2268/2268 2384/2384 2385/2385
f 2270/2270 2385/2385 2386/2386
f 2356/2356 2383/2383 2382/2382
f 2360/2360 2384/2384 2383/2383
f 2361/2361 2385/2385 2384/2384
f 2363/2363 2386/2386 2385/2385
f 2389/2389 2395/2395 2403/2403
f 2390/2390 2404/2404 2395/2395
f 2390/2390 2393/2393 2405/2405
f 2393/2393 2394/2394 2768/2768
f 2394/2394 2763/2763 2768/2768
f 2364/2364 2387/2387 2400/2400
f 2364/2364 2400/2400 2399/2399
f 2387/2387 2388/2388 2402/2402
f 2388/2388 2389/2389 2402/2402
f 2387/2387 2402/2402 2400/2400
f 2389/2389 2401/2401 2402/2402
f 2389/2389 2403/2403 2401/2401
f 2272/2272 2386/2386 2399/2399
f 2336/2336 2399/2399 2400/2400
f 2342/2342 2402/2402 2401/2401
f 2338/2338 2400/2400 2402/2402
f 2364/2364 2399/2399 2386/2386
f 2350/2350 2406/2406 2768/2768
f 2390/2390 2405/2405 2404/2404
f 2395/2395 2404/2404 2403/2403
f 2393/2393 2406/2406 2405/2405
f 2393/2393 2768/2768 2406/2406
f 2341/2341 2401/2401 2403/2403
f 2347/2347 2404/2404 2405/2405
f 2345/2345 2403/2403 2404/2404
f 2349/2349 2405/2405 2406/2406
f 2002/2002 2470/2470 2480/2480
f 2008/2008 2473/2473 2471/2471
f 2006/2006 2475/2475 2473/2473
f 2004/2004 2478/2478 2475/2475
f 2002/2002 2480/2480 2478/2478
f 2470/2470 2472/2472 2480/2480
f 2472/2472 2474/2474 2480/2480
f 2474/2474 2476/2476 2480/2480
f 2476/2476 2477/2477 2483/2483
f 2476/2476 2483/2483 2480/2480
f 2471/2471 2473/2473 2605/2605
f 2473/2473 2475/2475 2606/2606
f 2475/2475 2478/2478 2607/2607
f 2478/2478 2480/2480 2608/2608
f 2477/2477 2479/2479 2483/2483
f 2479/2479 2482/2482 2483/2483
f 2479/2479 2481/2481 2482/2482
f 2484/2484 2485/2485 2486/2486
f 2481/2481 2487/2487 2482/2482
f 2481/2481 2484/2484 2487/2487
f 2484/2484 2486/2486 2487/2487
f 2480/2480 2483/2483 2609/2609
f 2482/2482 2611/2611 2483/2483
f 2482/2482 2487/2487 2610/2610
f 2486/2486 2613/2613 2487/2487
f 2550/2550 2757/2757 2565/2565
f 2565/2565 2757/2757 2758/2758
f 2565/2565 2758/2758 2621/2621
f 2551/2551 2552/2552 2558/2558
f 2552/2552 2553/2553 2558/2558
f 2485/2485 2555/2555 2486/2486
f 2485/2485 2554/2554 2555/2555
f 2554/2554 2556/2556 2555/2555
f 2555/2555 2556/2556 2557/2557
f 2551/2551 2557/2557 2556/2556
f 2551/2551 2558/2558 2557/2557
f 2553/2553 2617/2617 2558/2558
f 2486/2486 2555/2555 2612/2612
f 2555/2555 2557/2557 2615/2615
f 2557/2557 2558/2558 2616/2616
f 2559/2559 2560/2560 2562/2562
f 2559/2559 2563/2563 2560/2560
f 2552/2552 2561/2561 2553/2553
f 2553/2553 2561/2561 2562/2562
f 2559/2559 2562/2562 2561/2561
f 2550/2550 2564/2564 2563/2563
f 2560/2560 2563/2563 2564/2564
f 2550/2550 2565/2565 2564/2564
f 2560/2560 2564/2564 2618/2618
f 2553/2553 2562/2562 2614/2614
f 2560/2560 2619/2619 2562/2562
f 2564/2564 2565/2565 2620/2620
f 1853/1853 2781/2781 2568/2568
f 2568/2568 2781/2781 2569/2569
f 2569/2569 2781/2781 2570/2570
f 2570/2570 2781/2781 2572/2572
f 2571/2571 2572/2572 2781/2781
f 2576/2576 2766/2766 2577/2577
f 2571/2571 2781/2781 2576/2576
f 2577/2577 2766/2766 2578/2578
f 2598/2598 2765/2765 2599/2599
f 2599/2599 2765/2765 2600/2600
f 2600/2600 2765/2765 2601/2601
f 2578/2578 2766/2766 2579/2579
f 2579/2579 2767/2767 2598/2598
f 2576/2576 2781/2781 2766/2766
f 1853/1853 2780/2780 2781/2781
f 1854/1854 2776/2776 2780/2780
f 1855/1855 2775/2775 2776/2776
f 1856/1856 2777/2777 2775/2775
f 1857/1857 2779/2779 2777/2777
f 1858/1858 2778/2778 2779/2779
f 1859/1859 2621/2621 2778/2778
f 2473/2473 2606/2606 2605/2605
f 2475/2475 2607/2607 2606/2606
f 2478/2478 2608/2608 2607/2607
f 2480/2480 2609/2609 2608/2608
f 2047/2047 2614/2614 2619/2619
f 2048/2048 2617/2617 2614/2614
f 2059/2059 2605/2605 2606/2606
f 2058/2058 2606/2606 2607/2607
f 2057/2057 2607/2607 2608/2608
f 2054/2054 2611/2611 2610/2610
f 2053/2053 2610/2610 2613/2613
f 2055/2055 2609/2609 2611/2611
f 2056/2056 2608/2608 2609/2609
f 2050/2050 2615/2615 2616/2616
f 2051/2051 2612/2612 2615/2615
f 2049/2049 2616/2616 2617/2617
f 2052/2052 2613/2613 2612/2612
f 2483/2483 2611/2611 2609/2609
f 2482/2482 2610/2610 2611/2611
f 2487/2487 2613/2613 2610/2610
f 2486/2486 2612/2612 2613/2613
f 2044/2044 2620/2620 2621/2621
f 2045/2045 2618/2618 2620/2620
f 2046/2046 2619/2619 2618/2618
f 2621/2621 2758/2758 2778/2778
f 2553/2553 2614/2614 2617/2617
f 2555/2555 2615/2615 2612/2612
f 2557/2557 2616/2616 2615/2615
f 2558/2558 2617/2617 2616/2616
f 2562/2562 2619/2619 2614/2614
f 2560/2560 2618/2618 2619/2619
f 2564/2564 2620/2620 2618/2618
f 2565/2565 2621/2621 2620/2620
f 2665/2665 2717/2717 2667/2667
f 2665/2665 2667/2667 2666/2666
f 2669/2669 2670/2670 2762/2762
f 2668/2668 2669/2669 2762/2762
f 2666/2666 2672/2672 2671/2671
f 2669/2669 2671/2671 2670/2670
f 2670/2670 2671/2671 2672/2672
f 2666/2666 2667/2667 2672/2672
f 2667/2667 2717/2717 2765/2765
f 2670/2670 2781/2781 2762/2762
f 2667/2667 2767/2767 2672/2672
f 2670/2670 2672/2672 2766/2766
f 2706/2706 2707/2707 2710/2710
f 2705/2705 2706/2706 2710/2710
f 2705/2705 2710/2710 2709/2709
f 2705/2705 2709/2709 2708/2708
f 2708/2708 2712/2712 2711/2711
f 2713/2713 2714/2714 2716/2716
f 2711/2711 2714/2714 2713/2713
f 2711/2711 2712/2712 2714/2714
f 2708/2708 2709/2709 2712/2712
f 2707/2707 2770/2770 2710/2710
f 2709/2709 2710/2710 2769/2769
f 2712/2712 2772/2772 2714/2714
f 2709/2709 2771/2771 2712/2712
f 2713/2713 2716/2716 2715/2715
f 2715/2715 2716/2716 2717/2717
f 2665/2665 2715/2715 2717/2717
f 2714/2714 2773/2773 2716/2716
f 2716/2716 2774/2774 2717/2717
f 2752/2752 2760/2760 2753/2753
f 2750/2750 2751/2751 2756/2756
f 2750/2750 2752/2752 2751/2751
f 2751/2751 2752/2752 2753/2753
f 2754/2754 2755/2755 2759/2759
f 2755/2755 2756/2756 2759/2759
f 2754/2754 2758/2758 2757/2757
f 2754/2754 2759/2759 2758/2758
f 2750/2750 2756/2756 2755/2755
f 2753/2753 2761/2761 2776/2776
f 2751/2751 2753/2753 2775/2775
f 2756/2756 2779/2779 2759/2759
f 2758/2758 2759/2759 2778/2778
f 2751/2751 2777/2777 2756/2756
f 2668/2668 2762/2762 2761/2761
f 2668/2668 2761/2761 2760/2760
f 2753/2753 2760/2760 2761/2761
f 2761/2761 2762/2762 2780/2780
f 2594/2594 2773/2773 2597/2597
f 2596/2596 2597/2597 2772/2772
f 2596/2596 2771/2771 2764/2764
f 2763/2763 2764/2764 2769/2769
f 2763/2763 2769/2769 2770/2770
f 2597/2597 2773/2773 2772/2772
f 2764/2764 2771/2771 2769/2769
f 2596/2596 2772/2772 2771/2771
f 2594/2594 2601/2601 2774/2774
f 2601/2601 2765/2765 2774/2774
f 2579/2579 2766/2766 2767/2767
f 2598/2598 2767/2767 2765/2765
f 2717/2717 2774/2774 2765/2765
f 2670/2670 2766/2766 2781/2781
f 2672/2672 2767/2767 2766/2766
f 2667/2667 2765/2765 2767/2767
f 2594/2594 2774/2774 2773/2773
f 2707/2707 2768/2768 2770/2770
f 2710/2710 2770/2770 2769/2769
f 2712/2712 2771/2771 2772/2772
f 2714/2714 2772/2772 2773/2773
f 2709/2709 2769/2769 2771/2771
f 2763/2763 2770/2770 2768/2768
f 2716/2716 2773/2773 2774/2774
f 2753/2753 2776/2776 2775/2775
f 2756/2756 2777/2777 2779/2779
f 2759/2759 2779/2779 2778/2778
f 2751/2751 2775/2775 2777/2777
f 2762/2762 2781/2781 2780/2780
f 2761/2761 2780/2780 2776/2776
f 32/32 33/33 131/131
f 34/34 238/238 39/39
f 35/35 70/70 39/39
f 35/35 39/39 40/40
f 35/35 40/40 61/61
f 39/39 238/238 40/40
f 34/34 39/39 71/71
f 43/43 48/48 52/52
f 43/43 73/73 47/47
f 35/35 47/47 75/75
f 35/35 61/61 47/47
f 47/47 61/61 48/48
f 43/43 47/47 48/48
f 32/32 43/43 52/52
f 32/32 65/65 43/43
f 32/32 52/52 33/33
f 32/32 168/168 65/65
f 35/35 75/75 70/70
f 34/34 71/71 68/68
f 39/39 70/70 71/71
f 47/47 73/73 75/75
f 43/43 65/65 73/73
f 77/77 151/151 78/78
f 77/77 110/110 150/150
f 89/89 93/93 117/117
f 81/81 85/85 89/89
f 77/77 78/78 81/81
f 77/77 81/81 112/112
f 78/78 85/85 81/81
f 85/85 90/90 89/89
f 81/81 89/89 114/114
f 89/89 90/90 93/93
f 93/93 98/98 120/120
f 93/93 106/106 98/98
f 98/98 106/106 99/99
f 94/94 119/119 98/98
f 94/94 98/98 99/99
f 94/94 99/99 408/408
f 90/90 106/106 93/93
f 81/81 114/114 112/112
f 77/77 112/112 110/110
f 89/89 117/117 114/114
f 93/93 120/120 117/117
f 98/98 119/119 120/120
f 122/122 165/165 126/126
f 122/122 123/123 140/140
f 122/122 137/137 123/123
f 126/126 167/167 131/131
f 126/126 131/131 132/132
f 126/126 132/132 137/137
f 33/33 132/132 131/131
f 32/32 131/131 168/168
f 122/122 126/126 137/137
f 140/140 150/150 171/171
f 140/140 145/145 150/150
f 145/145 151/151 150/150
f 122/122 140/140 170/170
f 123/123 145/145 140/140
f 77/77 150/150 151/151
f 122/122 170/170 165/165
f 131/131 167/167 168/168
f 126/126 165/165 167/167
f 140/140 171/171 170/170
f 110/110 171/171 150/150
f 191/191 255/255 197/197
f 193/193 257/257 211/211
f 193/193 212/212 203/203
f 193/193 197/197 259/259
f 197/197 203/203 198/198
f 191/191 197/197 198/198
f 191/191 198/198 244/244
f 193/193 203/203 197/197
f 204/204 207/207 228/228
f 204/204 262/262 206/206
f 204/204 206/206 207/207
f 206/206 264/264 273/273
f 206/206 273/273 274/274
f 206/206 274/274 207/207
f 211/211 266/266 216/216
f 211/211 216/216 217/217
f 193/193 211/211 212/212
f 211/211 217/217 212/212
f 204/204 216/216 267/267
f 204/204 228/228 216/216
f 216/216 228/228 217/217
f 34/34 236/236 237/237
f 34/34 68/68 236/236
f 34/34 237/237 238/238
f 191/191 236/236 268/268
f 191/191 244/244 236/236
f 236/236 244/244 237/237
f 191/191 268/268 255/255
f 197/197 255/255 259/259
f 193/193 259/259 257/257
f 204/204 267/267 262/262
f 206/206 262/262 264/264
f 264/264 327/327 273/273
f 216/216 266/266 267/267
f 211/211 257/257 266/266
f 68/68 268/268 236/236
f 273/273 327/327 279/279
f 273/273 280/280 274/274
f 273/273 279/279 280/280
f 279/279 289/289 280/280
f 279/279 328/328 283/283
f 279/279 283/283 289/289
f 283/283 331/331 284/284
f 283/283 284/284 294/294
f 284/284 333/333 300/300
f 284/284 301/301 294/294
f 284/284 300/300 301/301
f 283/283 294/294 289/289
f 300/300 304/304 301/301
f 300/300 335/335 303/303
f 300/300 303/303 304/304
f 303/303 336/336 316/316
f 303/303 316/316 317/317
f 303/303 317/317 304/304
f 316/316 338/338 321/321
f 316/316 321/321 322/322
f 316/316 322/322 317/317
f 321/321 340/340 711/711
f 321/321 711/711 713/713
f 321/321 713/713 322/322
f 283/283 328/328 331/331
f 279/279 327/327 328/328
f 284/284 331/331 333/333
f 300/300 333/333 335/335
f 303/303 335/335 336/336
f 316/316 336/336 338/338
f 321/321 338/338 340/340
f 340/340 766/766 711/711
f 391/391 455/455 409/409
f 391/391 419/419 396/396
f 391/391 396/396 457/457
f 396/396 419/419 397/397
f 396/396 397/397 398/398
f 398/398 403/403 428/428
f 397/397 403/403 398/398
f 396/396 398/398 459/459
f 94/94 409/409 460/460
f 94/94 408/408 409/409
f 408/408 410/410 409/409
f 391/391 409/409 410/410
f 391/391 410/410 419/419
f 436/436 439/439 466/466
f 398/398 428/428 463/463
f 403/403 429/429 428/428
f 428/428 436/436 464/464
f 428/428 429/429 436/436
f 429/429 437/437 436/436
f 436/436 437/437 439/439
f 437/437 449/449 439/439
f 439/439 449/449 441/441
f 439/439 441/441 468/468
f 441/441 449/449 442/442
f 441/441 474/474 473/473
f 441/441 473/473 526/526
f 441/441 442/442 474/474
f 391/391 457/457 455/455
f 396/396 459/459 457/457
f 398/398 463/463 459/459
f 94/94 460/460 119/119
f 409/409 455/455 460/460
f 428/428 464/464 463/463
f 436/436 466/466 464/464
f 439/439 468/468 466/466
f 441/441 526/526 468/468
f 473/473 474/474 480/480
f 473/473 480/480 479/479
f 473/473 479/479 528/528
f 479/479 485/485 530/530
f 479/479 480/480 490/490
f 479/479 490/490 485/485
f 485/485 496/496 491/491
f 485/485 491/491 532/532
f 485/485 490/490 496/496
f 491/491 496/496 501/501
f 491/491 500/500 534/534
f 491/491 507/507 500/500
f 491/491 501/501 507/507
f 500/500 506/506 536/536
f 500/500 507/507 517/517
f 500/500 523/523 506/506
f 506/506 516/516 538/538
f 500/500 517/517 523/523
f 516/516 522/522 540/540
f 506/506 523/523 1407/1407
f 506/506 1407/1407 1409/1409
f 506/506 1427/1427 516/516
f 522/522 1406/1406 1461/1461
f 516/516 1421/1421 522/522
f 473/473 528/528 526/526
f 479/479 530/530 528/528
f 485/485 532/532 530/530
f 491/491 534/534 532/532
f 500/500 536/536 534/534
f 506/506 538/538 536/536
f 516/516 540/540 538/538
f 522/522 1461/1461 540/540
f 711/711 766/766 712/712
f 711/711 712/712 714/714
f 711/711 714/714 713/713
f 712/712 767/767 718/718
f 712/712 718/718 719/719
f 712/712 719/719 714/714
f 718/718 769/769 726/726
f 718/718 727/727 719/719
f 718/718 726/726 727/727
f 726/726 771/771 729/729
f 726/726 730/730 727/727
f 726/726 729/729 730/730
f 729/729 773/773 739/739
f 729/729 745/745 730/730
f 729/729 739/739 745/745
f 739/739 750/750 745/745
f 739/739 775/775 740/740
f 739/739 740/740 750/750
f 740/740 778/778 756/756
f 740/740 757/757 750/750
f 740/740 756/756 757/757
f 756/756 780/780 761/761
f 756/756 762/762 757/757
f 756/756 761/761 762/762
f 712/712 766/766 767/767
f 718/718 767/767 769/769
f 726/726 769/769 771/771
f 729/729 771/771 773/773
f 739/739 773/773 775/775
f 740/740 775/775 778/778
f 756/756 778/778 780/780
f 761/761 780/780 782/782
f 761/761 782/782 784/784
f 761/761 785/785 762/762
f 761/761 784/784 785/785
f 784/784 846/846 786/786
f 784/784 796/796 785/785
f 784/784 786/786 796/796
f 786/786 848/848 802/802
f 786/786 803/803 796/796
f 786/786 802/802 803/803
f 802/802 806/806 803/803
f 802/802 850/850 805/805
f 802/802 805/805 806/806
f 805/805 852/852 812/812
f 805/805 817/817 806/806
f 805/805 812/812 817/817
f 812/812 822/822 817/817
f 812/812 854/854 821/821
f 812/812 821/821 822/822
f 821/821 855/855 823/823
f 821/821 835/835 822/822
f 821/821 823/823 835/835
f 823/823 858/858 838/838
f 823/823 839/839 835/835
f 823/823 838/838 839/839
f 838/838 860/860 917/917
f 838/838 840/840 839/839
f 838/838 917/917 840/840
f 782/782 846/846 784/784
f 786/786 846/846 848/848
f 802/802 848/848 850/850
f 805/805 850/850 852/852
f 812/812 852/852 854/854
f 821/821 854/854 855/855
f 823/823 855/855 858/858
f 838/838 858/858 860/860
f 860/860 950/950 917/917
f 917/917 950/950 921/921
f 840/840 917/917 922/922
f 917/917 921/921 922/922
f 921/921 952/952 923/923
f 921/921 931/931 922/922
f 921/921 923/923 931/931
f 923/923 954/954 937/937
f 923/923 938/938 931/931
f 923/923 937/937 938/938
f 937/937 945/945 938/938
f 937/937 956/956 939/939
f 937/937 939/939 945/945
f 939/939 957/957 947/947
f 939/939 948/948 945/945
f 939/939 947/947 948/948
f 947/947 973/973 948/948
f 947/947 960/960 972/972
f 921/921 950/950 952/952
f 923/923 952/952 954/954
f 937/937 954/954 956/956
f 939/939 956/956 957/957
f 947/947 957/957 960/960
f 947/947 972/972 973/973
f 972/972 1005/1005 974/974
f 972/972 979/979 973/973
f 972/972 974/974 979/979
f 974/974 1007/1007 981/981
f 974/974 982/982 979/979
f 974/974 981/981 982/982
f 981/981 993/993 982/982
f 981/981 1009/1009 994/994
f 981/981 994/994 993/993
f 993/993 994/994 999/999
f 994/994 1011/1011 1000/1000
f 994/994 1000/1000 999/999
f 999/999 1000/1000 1014/1014
f 1000/1000 1012/1012 1015/1015
f 960/960 1005/1005 972/972
f 974/974 1005/1005 1007/1007
f 981/981 1007/1007 1009/1009
f 994/994 1009/1009 1011/1011
f 1000/1000 1011/1011 1012/1012
f 1000/1000 1015/1015 1014/1014
f 1014/1014 1015/1015 1021/1021
f 1015/1015 1046/1046 1022/1022
f 1015/1015 1022/1022 1021/1021
f 1021/1021 1022/1022 1029/1029
f 1022/1022 1049/1049 1028/1028
f 1022/1022 1028/1028 1029/1029
f 1028/1028 1051/1051 1038/1038
f 1028/1028 1036/1036 1029/1029
f 1028/1028 1038/1038 1036/1036
f 1038/1038 1052/1052 1043/1043
f 1036/1036 1038/1038 1042/1042
f 1038/1038 1043/1043 1042/1042
f 1042/1042 1043/1043 1172/1172
f 1043/1043 1055/1055 1044/1044
f 1043/1043 1044/1044 1172/1172
f 1012/1012 1046/1046 1015/1015
f 1022/1022 1046/1046 1049/1049
f 1028/1028 1049/1049 1051/1051
f 1038/1038 1051/1051 1052/1052
f 1043/1043 1052/1052 1055/1055
f 1044/1044 1055/1055 1056/1056
f 1044/1044 1056/1056 1173/1173
f 1044/1044 1174/1174 1172/1172
f 1044/1044 1173/1173 1174/1174
f 1173/1173 1181/1181 1174/1174
f 1173/1173 1227/1227 1186/1186
f 1173/1173 1186/1186 1181/1181
f 1186/1186 1230/1230 1192/1192
f 1181/1181 1186/1186 1191/1191
f 1186/1186 1192/1192 1191/1191
f 1191/1191 1192/1192 1197/1197
f 1192/1192 1232/1232 1198/1198
f 1192/1192 1198/1198 1197/1197
f 1198/1198 1233/1233 1206/1206
f 1197/1197 1198/1198 1205/1205
f 1198/1198 1206/1206 1205/1205
f 1205/1205 1206/1206 1211/1211
f 1206/1206 1235/1235 1212/1212
f 1206/1206 1212/1212 1211/1211
f 1211/1211 1212/1212 1219/1219
f 1212/1212 1237/1237 1223/1223
f 1212/1212 1225/1225 1219/1219
f 1212/1212 1223/1223 1225/1225
f 1223/1223 1239/1239 1226/1226
f 1223/1223 1249/1249 1225/1225
f 1223/1223 1226/1226 1249/1249
f 1226/1226 1241/1241 1250/1250
f 1056/1056 1227/1227 1173/1173
f 1186/1186 1227/1227 1230/1230
f 1192/1192 1230/1230 1232/1232
f 1198/1198 1232/1232 1233/1233
f 1206/1206 1233/1233 1235/1235
f 1212/1212 1235/1235 1237/1237
f 1223/1223 1237/1237 1239/1239
f 1226/1226 1239/1239 1241/1241
f 1241/1241 1299/1299 1250/1250
f 1226/1226 1255/1255 1249/1249
f 1226/1226 1250/1250 1255/1255
f 1250/1250 1299/1299 1256/1256
f 1250/1250 1263/1263 1255/1255
f 1250/1250 1256/1256 1263/1263
f 1256/1256 1301/1301 1264/1264
f 1256/1256 1269/1269 1263/1263
f 1256/1256 1264/1264 1269/1269
f 1264/1264 1303/1303 1270/1270
f 1264/1264 1277/1277 1269/1269
f 1264/1264 1270/1270 1283/1283
f 1270/1270 1306/1306 1278/1278
f 1264/1264 1283/1283 1277/1277
f 1278/1278 1308/1308 1284/1284
f 1270/1270 1291/1291 1283/1283
f 1270/1270 1297/1297 1291/1291
f 1284/1284 1310/1310 1292/1292
f 1270/1270 1278/1278 2220/2220
f 1278/1278 1284/1284 2212/2212
f 1292/1292 1312/1312 1298/1298
f 1284/1284 1292/1292 2206/2206
f 1270/1270 2220/2220 1297/1297
f 1292/1292 1298/1298 2204/2204
f 1298/1298 1314/1314 2204/2204
f 1292/1292 2204/2204 2206/2206
f 1256/1256 1299/1299 1301/1301
f 1264/1264 1301/1301 1303/1303
f 1270/1270 1303/1303 1306/1306
f 1278/1278 1306/1306 1308/1308
f 1284/1284 1308/1308 1310/1310
f 1292/1292 1310/1310 1312/1312
f 1298/1298 1312/1312 1314/1314
f 1314/1314 2255/2255 2204/2204
f 522/522 1415/1415 1406/1406
f 1406/1406 1408/1408 1462/1462
f 1406/1406 1415/1415 1408/1408
f 506/506 1409/1409 1434/1434
f 522/522 1421/1421 1415/1415
f 516/516 1427/1427 1421/1421
f 1408/1408 1415/1415 1464/1464
f 506/506 1434/1434 1427/1427
f 1415/1415 1421/1421 1466/1466
f 1409/1409 1416/1416 1434/1434
f 1416/1416 1422/1422 1434/1434
f 1421/1421 1427/1427 1468/1468
f 1422/1422 1428/1428 1440/1440
f 1427/1427 1434/1434 1470/1470
f 1422/1422 1440/1440 1434/1434
f 1428/1428 1439/1439 1440/1440
f 1434/1434 1440/1440 1473/1473
f 1439/1439 1451/1451 1440/1440
f 1439/1439 1445/1445 1451/1451
f 1440/1440 1451/1451 1475/1475
f 1445/1445 1456/1456 1451/1451
f 1445/1445 1452/1452 1456/1456
f 1451/1451 1456/1456 1477/1477
f 1452/1452 1479/1479 1456/1456
f 1452/1452 1457/1457 1479/1479
f 1406/1406 1462/1462 1461/1461
f 1408/1408 1464/1464 1462/1462
f 1415/1415 1466/1466 1464/1464
f 1421/1421 1468/1468 1466/1466
f 1427/1427 1470/1470 1468/1468
f 1434/1434 1473/1473 1470/1470
f 1440/1440 1475/1475 1473/1473
f 1451/1451 1477/1477 1475/1475
f 1456/1456 1479/1479 1541/1541
f 1457/1457 1481/1481 1479/1479
f 1457/1457 1480/1480 1481/1481
f 1479/1479 1481/1481 1543/1543
f 1480/1480 1497/1497 1481/1481
f 1480/1480 1491/1491 1497/1497
f 1481/1481 1497/1497 1545/1545
f 1491/1491 1498/1498 1497/1497
f 1497/1497 1498/1498 1501/1501
f 1497/1497 1501/1501 1547/1547
f 1498/1498 1502/1502 1501/1501
f 1501/1501 1502/1502 1507/1507
f 1502/1502 1512/1512 1507/1507
f 1501/1501 1507/1507 1549/1549
f 1507/1507 1512/1512 1516/1516
f 1507/1507 1516/1516 1550/1550
f 1512/1512 1517/1517 1516/1516
f 1516/1516 1517/1517 1518/1518
f 1517/1517 1530/1530 1518/1518
f 1516/1516 1518/1518 1552/1552
f 1518/1518 1530/1530 1535/1535
f 1518/1518 1535/1535 1555/1555
f 1530/1530 1534/1534 1535/1535
f 1534/1534 1700/1700 1535/1535
f 1534/1534 1536/1536 1700/1700
f 1535/1535 1700/1700 1733/1733
f 1456/1456 1541/1541 1477/1477
f 1479/1479 1543/1543 1541/1541
f 1481/1481 1545/1545 1543/1543
f 1497/1497 1547/1547 1545/1545
f 1501/1501 1549/1549 1547/1547
f 1507/1507 1550/1550 1549/1549
f 1516/1516 1552/1552 1550/1550
f 1518/1518 1555/1555 1552/1552
f 1535/1535 1733/1733 1555/1555
f 1536/1536 1704/1704 1700/1700
f 1536/1536 1705/1705 1704/1704
f 1700/1700 1704/1704 1734/1734
f 1704/1704 1705/1705 1706/1706
f 1705/1705 1714/1714 1706/1706
f 1704/1704 1706/1706 1737/1737
f 1706/1706 1714/1714 1721/1721
f 1714/1714 1720/1720 1721/1721
f 1706/1706 1721/1721 1738/1738
f 1720/1720 1724/1724 1721/1721
f 1720/1720 1728/1728 1724/1724
f 1721/1721 1724/1724 1740/1740
f 1724/1724 1728/1728 1730/1730
f 1724/1724 1730/1730 1743/1743
f 1728/1728 1731/1731 1730/1730
f 1730/1730 1731/1731 1755/1755
f 1700/1700 1734/1734 1733/1733
f 1704/1704 1737/1737 1734/1734
f 1706/1706 1738/1738 1737/1737
f 1721/1721 1740/1740 1738/1738
f 1724/1724 1743/1743 1740/1740
f 1730/1730 1788/1788 1743/1743
f 1731/1731 1756/1756 1755/1755
f 1730/1730 1755/1755 1788/1788
f 1755/1755 1756/1756 1757/1757
f 1755/1755 1757/1757 1789/1789
f 1756/1756 1762/1762 1757/1757
f 1757/1757 1762/1762 1769/1769
f 1757/1757 1769/1769 1791/1791
f 1762/1762 1768/1768 1769/1769
f 1768/1768 1777/1777 1769/1769
f 1768/1768 1776/1776 1777/1777
f 1769/1769 1777/1777 1793/1793
f 1776/1776 1783/1783 1777/1777
f 1776/1776 1782/1782 1783/1783
f 1777/1777 1783/1783 1795/1795
f 1782/1782 1798/1798 1783/1783
f 1755/1755 1789/1789 1788/1788
f 1757/1757 1791/1791 1789/1789
f 1769/1769 1793/1793 1791/1791
f 1777/1777 1795/1795 1793/1793
f 1783/1783 1829/1829 1795/1795
f 1782/1782 1797/1797 1798/1798
f 1783/1783 1798/1798 1829/1829
f 1797/1797 1807/1807 1798/1798
f 1797/1797 1804/1804 1807/1807
f 1798/1798 1807/1807 1832/1832
f 1804/1804 1812/1812 1807/1807
f 1804/1804 1811/1811 1812/1812
f 1807/1807 1812/1812 1833/1833
f 1811/1811 1821/1821 1812/1812
f 1811/1811 1819/1819 1821/1821
f 1812/1812 1821/1821 1835/1835
f 1819/1819 1826/1826 1821/1821
f 1819/1819 1825/1825 1826/1826
f 1821/1821 1826/1826 1837/1837
f 1825/1825 1827/1827 1826/1826
f 1825/1825 1868/1868 1827/1827
f 1826/1826 1827/1827 1839/1839
f 1798/1798 1832/1832 1829/1829
f 1807/1807 1833/1833 1832/1832
f 1812/1812 1835/1835 1833/1833
f 1821/1821 1837/1837 1835/1835
f 1826/1826 1839/1839 1837/1837
f 1827/1827 1868/1868 1870/1870
f 1868/1868 1869/1869 1870/1870
f 1827/1827 1870/1870 1922/1922
f 1869/1869 1881/1881 1870/1870
f 1869/1869 1876/1876 1881/1881
f 1870/1870 1881/1881 1924/1924
f 1876/1876 1887/1887 1881/1881
f 1876/1876 1886/1886 1887/1887
f 1881/1881 1887/1887 1927/1927
f 1886/1886 1893/1893 1887/1887
f 1886/1886 1892/1892 1893/1893
f 1887/1887 1893/1893 1928/1928
f 1892/1892 1902/1902 1893/1893
f 1892/1892 1901/1901 1902/1902
f 1893/1893 1902/1902 1930/1930
f 1901/1901 1907/1907 1902/1902
f 1902/1902 1907/1907 1932/1932
f 1901/1901 1906/1906 1907/1907
f 1906/1906 1918/1918 1907/1907
f 1906/1906 1914/1914 1918/1918
f 1907/1907 1918/1918 1934/1934
f 1914/1914 1921/1921 1918/1918
f 1914/1914 1920/1920 1921/1921
f 1918/1918 1921/1921 1936/1936
f 1920/1920 1945/1945 1921/1921
f 1920/1920 1944/1944 1945/1945
f 1921/1921 1945/1945 1994/1994
f 1827/1827 1922/1922 1839/1839
f 1870/1870 1924/1924 1922/1922
f 1881/1881 1927/1927 1924/1924
f 1887/1887 1928/1928 1927/1927
f 1893/1893 1930/1930 1928/1928
f 1902/1902 1932/1932 1930/1930
f 1907/1907 1934/1934 1932/1932
f 1918/1918 1936/1936 1934/1934
f 1921/1921 1994/1994 1936/1936
f 1944/1944 1951/1951 1945/1945
f 1944/1944 1950/1950 1951/1951
f 1945/1945 1951/1951 1996/1996
f 1950/1950 1964/1964 1951/1951
f 1950/1950 1958/1958 1964/1964
f 1951/1951 1964/1964 1998/1998
f 1958/1958 1965/1965 1964/1964
f 1964/1964 1965/1965 2001/2001
f 1958/1958 1963/1963 1965/1965
f 1963/1963 1976/1976 1965/1965
f 1963/1963 1975/1975 1976/1976
f 1965/1965 1976/1976 2003/2003
f 1975/1975 1979/1979 1976/1976
f 1975/1975 1978/1978 1979/1979
f 1976/1976 1979/1979 2005/2005
f 1978/1978 1988/1988 1979/1979
f 1978/1978 1987/1987 1988/1988
f 1979/1979 1988/1988 2007/2007
f 1987/1987 1992/1992 1993/1993
f 1987/1987 1993/1993 1988/1988
f 1988/1988 1993/1993 2009/2009
f 1992/1992 2419/2419 2421/2421
f 1992/1992 2421/2421 1993/1993
f 1993/1993 2421/2421 2470/2470
f 1945/1945 1996/1996 1994/1994
f 1951/1951 1998/1998 1996/1996
f 1964/1964 2001/2001 1998/1998
f 1965/1965 2003/2003 2001/2001
f 1976/1976 2005/2005 2003/2003
f 1979/1979 2007/2007 2005/2005
f 1988/1988 2009/2009 2007/2007
f 1993/1993 2470/2470 2009/2009
f 1284/1284 2206/2206 2212/2212
f 1278/1278 2212/2212 2220/2220
f 2204/2204 2255/2255 2206/2206
f 1297/1297 2220/2220 2203/2203
f 2203/2203 2220/2220 2205/2205
f 2206/2206 2257/2257 2212/2212
f 2205/2205 2226/2226 2211/2211
f 2212/2212 2259/2259 2220/2220
f 2205/2205 2220/2220 2226/2226
f 2211/2211 2226/2226 2219/2219
f 2220/2220 2261/2261 2226/2226
f 2219/2219 2234/2234 2225/2225
f 2219/2219 2226/2226 2234/2234
f 2226/2226 2263/2263 2234/2234
f 2225/2225 2234/2234 2233/2233
f 2233/2233 2240/2240 2239/2239
f 2233/2233 2234/2234 2240/2240
f 2234/2234 2265/2265 2240/2240
f 2239/2239 2240/2240 2249/2249
f 2239/2239 2249/2249 2248/2248
f 2240/2240 2267/2267 2249/2249
f 2248/2248 2249/2249 2254/2254
f 2249/2249 2269/2269 2254/2254
f 2248/2248 2254/2254 2253/2253
f 2206/2206 2255/2255 2257/2257
f 2212/2212 2257/2257 2259/2259
f 2220/2220 2259/2259 2261/2261
f 2226/2226 2261/2261 2263/2263
f 2234/2234 2263/2263 2265/2265
f 2240/2240 2265/2265 2267/2267
f 2249/2249 2267/2267 2269/2269
f 2254/2254 2269/2269 2271/2271
f 2253/2253 2285/2285 2284/2284
f 2253/2253 2254/2254 2285/2285
f 2254/2254 2271/2271 2285/2285
f 2282/2282 2284/2284 2285/2285
f 2285/2285 2335/2335 2286/2286
f 2282/2282 2285/2285 2286/2286
f 2282/2282 2286/2286 2293/2293
f 2286/2286 2294/2294 2293/2293
f 2293/2293 2294/2294 2299/2299
f 2294/2294 2300/2300 2299/2299
f 2294/2294 2339/2339 2300/2300
f 2299/2299 2300/2300 2327/2327
f 2300/2300 2340/2340 2328/2328
f 2286/2286 2337/2337 2294/2294
f 2313/2313 2334/2334 2319/2319
f 2319/2319 2334/2334 2320/2320
f 2319/2319 2320/2320 2321/2321
f 2320/2320 2686/2686 2321/2321
f 2320/2320 2343/2343 2686/2686
f 2327/2327 2328/2328 2332/2332
f 2328/2328 2344/2344 2333/2333
f 2300/2300 2328/2328 2327/2327
f 2328/2328 2333/2333 2332/2332
f 2313/2313 2332/2332 2333/2333
f 2333/2333 2346/2346 2334/2334
f 2313/2313 2333/2333 2334/2334
f 2320/2320 2334/2334 2348/2348
f 2271/2271 2335/2335 2285/2285
f 2286/2286 2335/2335 2337/2337
f 2294/2294 2337/2337 2339/2339
f 2300/2300 2339/2339 2340/2340
f 2320/2320 2348/2348 2343/2343
f 2343/2343 2706/2706 2686/2686
f 2328/2328 2340/2340 2344/2344
f 2333/2333 2344/2344 2346/2346
f 2334/2334 2346/2346 2348/2348
f 2419/2419 2420/2420 2422/2422
f 2419/2419 2422/2422 2421/2421
f 2421/2421 2422/2422 2472/2472
f 2420/2420 2426/2426 2427/2427
f 2420/2420 2427/2427 2422/2422
f 2422/2422 2427/2427 2474/2474
f 2426/2426 2437/2437 2438/2438
f 2426/2426 2438/2438 2427/2427
f 2427/2427 2438/2438 2476/2476
f 2437/2437 2441/2441 2438/2438
f 2437/2437 2440/2440 2441/2441
f 2438/2438 2441/2441 2477/2477
f 2450/2450 2455/2455 2457/2457
f 2440/2440 2456/2456 2441/2441
f 2440/2440 2450/2450 2456/2456
f 2441/2441 2456/2456 2479/2479
f 2450/2450 2457/2457 2456/2456
f 2456/2456 2457/2457 2481/2481
f 2455/2455 2464/2464 2457/2457
f 2455/2455 2463/2463 2464/2464
f 2457/2457 2464/2464 2484/2484
f 2463/2463 2469/2469 2464/2464
f 2463/2463 2468/2468 2469/2469
f 2464/2464 2469/2469 2485/2485
f 2421/2421 2472/2472 2470/2470
f 2422/2422 2474/2474 2472/2472
f 2427/2427 2476/2476 2474/2474
f 2438/2438 2477/2477 2476/2476
f 2441/2441 2479/2479 2477/2477
f 2456/2456 2481/2481 2479/2479
f 2464/2464 2485/2485 2484/2484
f 2457/2457 2484/2484 2481/2481
f 2503/2503 2507/2507 2508/2508
f 2503/2503 2508/2508 2549/2549
f 2508/2508 2550/2550 2549/2549
f 2506/2506 2746/2746 2507/2507
f 2508/2508 2746/2746 2757/2757
f 2507/2507 2746/2746 2508/2508
f 2518/2518 2528/2528 2529/2529
f 2518/2518 2529/2529 2536/2536
f 2529/2529 2551/2551 2536/2536
f 2528/2528 2531/2531 2532/2532
f 2531/2531 2548/2548 2532/2532
f 2528/2528 2532/2532 2529/2529
f 2529/2529 2532/2532 2552/2552
f 2468/2468 2534/2534 2535/2535
f 2468/2468 2535/2535 2469/2469
f 2469/2469 2535/2535 2554/2554
f 2534/2534 2536/2536 2535/2535
f 2518/2518 2536/2536 2534/2534
f 2535/2535 2536/2536 2556/2556
f 2542/2542 2547/2547 2548/2548
f 2503/2503 2549/2549 2546/2546
f 2546/2546 2549/2549 2547/2547
f 2542/2542 2546/2546 2547/2547
f 2547/2547 2559/2559 2548/2548
f 2531/2531 2542/2542 2548/2548
f 2532/2532 2548/2548 2561/2561
f 2547/2547 2549/2549 2563/2563
f 2508/2508 2757/2757 2550/2550
f 2532/2532 2561/2561 2552/2552
f 2529/2529 2552/2552 2551/2551
f 2469/2469 2554/2554 2485/2485
f 2535/2535 2556/2556 2554/2554
f 2536/2536 2551/2551 2556/2556
f 2548/2548 2559/2559 2561/2561
f 2547/2547 2563/2563 2559/2559
f 2549/2549 2550/2550 2563/2563
f 2640/2640 2704/2704 2641/2641
f 2646/2646 2647/2647 2663/2663
f 2647/2647 2666/2666 2664/2664
f 2640/2640 2641/2641 2646/2646
f 2641/2641 2647/2647 2646/2646
f 2641/2641 2665/2665 2647/2647
f 2654/2654 2664/2664 2661/2661
f 2659/2659 2660/2660 2748/2748
f 2660/2660 2668/2668 2749/2749
f 2654/2654 2661/2661 2659/2659
f 2659/2659 2661/2661 2660/2660
f 2660/2660 2661/2661 2669/2669
f 2654/2654 2663/2663 2664/2664
f 2647/2647 2664/2664 2663/2663
f 2661/2661 2664/2664 2671/2671
f 2641/2641 2715/2715 2665/2665
f 2647/2647 2665/2665 2666/2666
f 2661/2661 2671/2671 2669/2669
f 2660/2660 2669/2669 2668/2668
f 2664/2664 2666/2666 2671/2671
f 2680/2680 2687/2687 2695/2695
f 2321/2321 2686/2686 2684/2684
f 2684/2684 2686/2686 2685/2685
f 2685/2685 2686/2686 2706/2706
f 2680/2680 2684/2684 2685/2685
f 2680/2680 2685/2685 2687/2687
f 2685/2685 2705/2705 2687/2687
f 2687/2687 2696/2696 2695/2695
f 2695/2695 2696/2696 2700/2700
f 2696/2696 2711/2711 2701/2701
f 2700/2700 2701/2701 2703/2703
f 2701/2701 2713/2713 2704/2704
f 2701/2701 2704/2704 2703/2703
f 2696/2696 2701/2701 2700/2700
f 2687/2687 2708/2708 2696/2696
f 2640/2640 2703/2703 2704/2704
f 2641/2641 2704/2704 2715/2715
f 2685/2685 2706/2706 2705/2705
f 2687/2687 2705/2705 2708/2708
f 2696/2696 2708/2708 2711/2711
f 2704/2704 2713/2713 2715/2715
f 2701/2701 2711/2711 2713/2713
f 2733/2733 2748/2748 2749/2749
f 2739/2739 2749/2749 2760/2760
f 2733/2733 2749/2749 2739/2739
f 2737/2737 2739/2739 2738/2738
f 2725/2725 2737/2737 2738/2738
f 2725/2725 2738/2738 2745/2745
f 2738/2738 2750/2750 2745/2745
f 2733/2733 2739/2739 2737/2737
f 2738/2738 2739/2739 2752/2752
f 2506/2506 2743/2743 2744/2744
f 2744/2744 2754/2754 2746/2746
f 2725/2725 2745/2745 2743/2743
f 2743/2743 2745/2745 2744/2744
f 2744/2744 2745/2745 2755/2755
f 2506/2506 2744/2744 2746/2746
f 2660/2660 2749/2749 2748/2748
f 2739/2739 2760/2760 2752/2752
f 2738/2738 2752/2752 2750/2750
f 2744/2744 2755/2755 2754/2754
f 2746/2746 2754/2754 2757/2757
f 2745/2745 2750/2750 2755/2755
f 2668/2668 2760/2760 2749/2749
f 37/37 59/59 57/57
f 37/37 57/57 40/40
f 40/40 57/57 61/61
f 37/37 235/235 38/38
f 38/38 235/235 246/246
f 37/37 38/38 59/59
f 37/37 40/40 238/238
f 37/37 238/238 235/235
f 45/45 46/46 51/51
f 45/45 57/57 46/46
f 45/45 48/48 61/61
f 45/45 50/50 48/48
f 31/31 50/50 159/159
f 50/50 51/51 159/159
f 31/31 52/52 50/50
f 31/31 33/33 52/52
f 45/45 51/51 50/50
f 48/48 50/50 52/52
f 46/46 57/57 59/59
f 45/45 61/61 57/57
f 76/76 163/163 84/84
f 76/76 84/84 83/83
f 76/76 83/83 78/78
f 78/78 83/83 85/85
f 83/83 88/88 87/87
f 87/87 88/88 104/104
f 85/85 87/87 90/90
f 87/87 102/102 90/90
f 83/83 84/84 88/88
f 83/83 87/87 85/85
f 96/96 102/102 97/97
f 96/96 106/106 102/102
f 96/96 99/99 106/106
f 96/96 412/412 406/406
f 96/96 97/97 412/412
f 96/96 406/406 99/99
f 99/99 406/406 408/408
f 87/87 104/104 102/102
f 97/97 102/102 104/104
f 90/90 102/102 106/106
f 127/127 135/135 134/134
f 132/132 134/134 137/137
f 31/31 159/159 129/129
f 31/31 129/129 127/127
f 127/127 129/129 135/135
f 33/33 127/127 132/132
f 31/31 127/127 33/33
f 127/127 134/134 132/132
f 134/134 135/135 155/155
f 121/121 134/134 155/155
f 121/121 137/137 134/134
f 121/121 123/123 137/137
f 142/142 146/146 145/145
f 121/121 143/143 142/142
f 121/121 155/155 143/143
f 142/142 143/143 148/148
f 123/123 142/142 145/145
f 121/121 142/142 123/123
f 142/142 148/148 146/146
f 146/146 148/148 163/163
f 76/76 146/146 163/163
f 76/76 151/151 146/146
f 145/145 146/146 151/151
f 76/76 78/78 151/151
f 195/195 241/241 240/240
f 195/195 196/196 241/241
f 195/195 200/200 196/196
f 195/195 198/198 203/203
f 195/195 240/240 198/198
f 198/198 240/240 244/244
f 200/200 210/210 201/201
f 196/196 200/200 201/201
f 195/195 203/203 200/200
f 200/200 203/203 212/212
f 205/205 225/225 207/207
f 205/205 271/271 231/231
f 231/231 271/271 272/272
f 205/205 274/274 271/271
f 205/205 207/207 274/274
f 210/210 213/213 220/220
f 200/200 212/212 210/210
f 210/210 212/212 217/217
f 213/213 225/225 215/215
f 213/213 215/215 220/220
f 213/213 217/217 228/228
f 213/213 228/228 225/225
f 210/210 217/217 213/213
f 201/201 210/210 220/220
f 215/215 225/225 226/226
f 205/205 226/226 225/225
f 205/205 231/231 226/226
f 207/207 225/225 228/228
f 234/234 246/246 235/235
f 234/234 243/243 246/246
f 235/235 238/238 237/237
f 234/234 235/235 237/237
f 234/234 240/240 243/243
f 240/240 241/241 243/243
f 234/234 244/244 240/240
f 234/234 237/237 244/244
f 271/271 275/275 272/272
f 272/272 275/275 278/278
f 271/271 280/280 275/275
f 271/271 274/274 280/280
f 275/275 286/286 278/278
f 278/278 286/286 287/287
f 275/275 280/280 289/289
f 275/275 289/289 286/286
f 291/291 294/294 301/301
f 291/291 301/301 299/299
f 286/286 291/291 287/287
f 287/287 291/291 292/292
f 286/286 289/289 294/294
f 286/286 294/294 291/291
f 291/291 299/299 292/292
f 292/292 299/299 307/307
f 299/299 302/302 307/307
f 302/302 310/310 307/307
f 299/299 301/301 304/304
f 299/299 304/304 302/302
f 302/302 314/314 310/310
f 310/310 314/314 315/315
f 302/302 304/304 317/317
f 302/302 317/317 314/314
f 314/314 319/319 315/315
f 315/315 319/319 320/320
f 314/314 317/317 322/322
f 314/314 322/322 319/319
f 319/319 706/706 320/320
f 320/320 706/706 707/707
f 319/319 322/322 713/713
f 319/319 713/713 706/706
f 394/394 417/417 395/395
f 394/394 419/419 417/417
f 394/394 397/397 419/419
f 394/394 400/400 397/397
f 394/394 401/401 400/400
f 394/394 395/395 401/401
f 400/400 401/401 432/432
f 397/397 400/400 403/403
f 400/400 427/427 403/403
f 406/406 415/415 407/407
f 406/406 407/407 408/408
f 407/407 410/410 408/408
f 406/406 412/412 415/415
f 407/407 415/415 418/418
f 407/407 418/418 417/417
f 407/407 417/417 410/410
f 410/410 417/417 419/419
f 395/395 417/417 418/418
f 427/427 432/432 435/435
f 403/403 427/427 429/429
f 427/427 433/433 429/429
f 400/400 432/432 427/427
f 427/427 435/435 433/433
f 433/433 435/435 447/447
f 429/429 433/433 437/437
f 433/433 446/446 437/437
f 437/437 446/446 449/449
f 440/440 442/442 449/449
f 440/440 452/452 472/472
f 440/440 471/471 442/442
f 442/442 471/471 474/474
f 433/433 447/447 446/446
f 446/446 447/447 452/452
f 440/440 446/446 452/452
f 440/440 449/449 446/446
f 440/440 478/478 471/471
f 440/440 472/472 478/478
f 474/474 475/475 480/480
f 471/471 475/475 474/474
f 471/471 488/488 475/475
f 471/471 478/478 488/488
f 475/475 487/487 480/480
f 480/480 487/487 490/490
f 475/475 494/494 487/487
f 475/475 488/488 494/494
f 487/487 493/493 490/490
f 490/490 493/493 496/496
f 493/493 499/499 496/496
f 496/496 499/499 501/501
f 487/487 504/504 493/493
f 487/487 494/494 504/504
f 493/493 515/515 499/499
f 499/499 505/505 501/501
f 501/501 505/505 507/507
f 493/493 504/504 510/510
f 493/493 510/510 515/515
f 499/499 1402/1402 505/505
f 499/499 515/515 521/521
f 505/505 514/514 507/507
f 507/507 514/514 517/517
f 499/499 521/521 1402/1402
f 514/514 520/520 517/517
f 517/517 520/520 523/523
f 505/505 1402/1402 1405/1405
f 505/505 1426/1426 514/514
f 514/514 1420/1420 520/520
f 520/520 1401/1401 523/523
f 523/523 1401/1401 1407/1407
f 706/706 709/709 707/707
f 707/707 709/709 710/710
f 706/706 713/713 714/714
f 706/706 714/714 709/709
f 709/709 716/716 710/710
f 710/710 716/716 717/717
f 709/709 714/714 719/719
f 709/709 719/719 716/716
f 716/716 725/725 717/717
f 717/717 725/725 733/733
f 716/716 719/719 727/727
f 716/716 727/727 725/725
f 725/725 728/728 733/733
f 725/725 727/727 730/730
f 725/725 730/730 728/728
f 728/728 736/736 733/733
f 728/728 730/730 745/745
f 728/728 745/745 742/742
f 728/728 742/742 736/736
f 736/736 742/742 743/743
f 742/742 747/747 743/743
f 743/743 747/747 748/748
f 742/742 745/745 750/750
f 742/742 750/750 747/747
f 747/747 752/752 748/748
f 748/748 752/752 755/755
f 747/747 750/750 757/757
f 747/747 757/757 752/752
f 752/752 759/759 755/755
f 755/755 759/759 760/760
f 752/752 757/757 762/762
f 752/752 762/762 759/759
f 759/759 783/783 760/760
f 760/760 783/783 791/791
f 759/759 762/762 785/785
f 759/759 785/785 783/783
f 783/783 785/785 796/796
f 783/783 793/793 791/791
f 791/791 793/793 794/794
f 793/793 799/799 794/794
f 783/783 796/796 793/793
f 794/794 799/799 801/801
f 799/799 804/804 801/801
f 793/793 796/796 803/803
f 793/793 803/803 799/799
f 799/799 803/803 806/806
f 801/801 804/804 810/810
f 799/799 806/806 804/804
f 804/804 806/806 817/817
f 804/804 814/814 810/810
f 810/810 814/814 815/815
f 814/814 819/819 815/815
f 815/815 819/819 820/820
f 804/804 817/817 814/814
f 814/814 817/817 822/822
f 819/819 831/831 820/820
f 814/814 822/822 819/819
f 819/819 822/822 835/835
f 819/819 835/835 831/831
f 820/820 831/831 832/832
f 831/831 836/836 832/832
f 832/832 836/836 834/834
f 831/831 835/835 839/839
f 831/831 839/839 836/836
f 834/834 836/836 837/837
f 836/836 839/839 840/840
f 836/836 840/840 837/837
f 834/834 837/837 843/843
f 837/837 919/919 843/843
f 843/843 919/919 920/920
f 837/837 840/840 922/922
f 837/837 922/922 919/919
f 919/919 929/929 920/920
f 919/919 922/922 931/931
f 919/919 931/931 929/929
f 920/920 929/929 928/928
f 928/928 929/929 935/935
f 929/929 931/931 938/938
f 928/928 935/935 936/936
f 935/935 943/943 936/936
f 929/929 938/938 935/935
f 935/935 938/938 945/945
f 936/936 943/943 944/944
f 935/935 945/945 943/943
f 943/943 946/946 944/944
f 944/944 946/946 965/965
f 943/943 945/945 948/948
f 943/943 948/948 946/946
f 946/946 968/968 965/965
f 965/965 968/968 971/971
f 968/968 976/976 971/971
f 946/946 948/948 973/973
f 946/946 973/973 968/968
f 968/968 973/973 979/979
f 968/968 979/979 976/976
f 971/971 976/976 977/977
f 976/976 980/980 977/977
f 977/977 980/980 986/986
f 976/976 979/979 982/982
f 976/976 982/982 980/980
f 980/980 992/992 986/986
f 986/986 992/992 991/991
f 980/980 982/982 993/993
f 980/980 993/993 992/992
f 991/991 992/992 997/997
f 992/992 993/993 999/999
f 991/991 997/997 996/996
f 996/996 997/997 1013/1013
f 996/996 1013/1013 1004/1004
f 992/992 999/999 997/997
f 997/997 999/999 1014/1014
f 997/997 1014/1014 1013/1013
f 1004/1004 1013/1013 1020/1020
f 1004/1004 1020/1020 1019/1019
f 1013/1013 1014/1014 1021/1021
f 1013/1013 1021/1021 1020/1020
f 1019/1019 1020/1020 1027/1027
f 1020/1020 1021/1021 1029/1029
f 1019/1019 1027/1027 1026/1026
f 1026/1026 1027/1027 1032/1032
f 1020/1020 1029/1029 1027/1027
f 1027/1027 1029/1029 1036/1036
f 1026/1026 1032/1032 1035/1035
f 1027/1027 1036/1036 1032/1032
f 1032/1032 1040/1040 1035/1035
f 1032/1032 1036/1036 1042/1042
f 1032/1032 1042/1042 1040/1040
f 1035/1035 1040/1040 1041/1041
f 1040/1040 1170/1170 1041/1041
f 1041/1041 1170/1170 1169/1169
f 1040/1040 1042/1042 1172/1172
f 1040/1040 1172/1172 1170/1170
f 1169/1169 1170/1170 1171/1171
f 1169/1169 1171/1171 1177/1177
f 1170/1170 1172/1172 1174/1174
f 1170/1170 1174/1174 1171/1171
f 1171/1171 1180/1180 1177/1177
f 1177/1177 1180/1180 1179/1179
f 1171/1171 1174/1174 1181/1181
f 1171/1171 1181/1181 1180/1180
f 1179/1179 1180/1180 1189/1189
f 1179/1179 1189/1189 1190/1190
f 1189/1189 1196/1196 1190/1190
f 1180/1180 1181/1181 1191/1191
f 1180/1180 1191/1191 1189/1189
f 1189/1189 1191/1191 1197/1197
f 1190/1190 1196/1196 1195/1195
f 1195/1195 1196/1196 1204/1204
f 1189/1189 1197/1197 1196/1196
f 1196/1196 1197/1197 1205/1205
f 1195/1195 1204/1204 1203/1203
f 1203/1203 1204/1204 1210/1210
f 1196/1196 1205/1205 1204/1204
f 1204/1204 1205/1205 1211/1211
f 1203/1203 1210/1210 1209/1209
f 1209/1209 1210/1210 1217/1217
f 1204/1204 1211/1211 1210/1210
f 1210/1210 1211/1211 1219/1219
f 1210/1210 1219/1219 1218/1218
f 1210/1210 1218/1218 1217/1217
f 1217/1217 1218/1218 1222/1222
f 1218/1218 1224/1224 1222/1222
f 1218/1218 1219/1219 1225/1225
f 1218/1218 1225/1225 1224/1224
f 1222/1222 1224/1224 1248/1248
f 1224/1224 1247/1247 1248/1248
f 1224/1224 1225/1225 1249/1249
f 1224/1224 1249/1249 1247/1247
f 1247/1247 1253/1253 1248/1248
f 1247/1247 1254/1254 1253/1253
f 1247/1247 1249/1249 1255/1255
f 1247/1247 1255/1255 1254/1254
f 1253/1253 1254/1254 1261/1261
f 1254/1254 1262/1262 1261/1261
f 1254/1254 1255/1255 1263/1263
f 1254/1254 1263/1263 1262/1262
f 1261/1261 1262/1262 1267/1267
f 1262/1262 1263/1263 1269/1269
f 1262/1262 1269/1269 1268/1268
f 1262/1262 1275/1275 1267/1267
f 1262/1262 1268/1268 1275/1275
f 1268/1268 1269/1269 1277/1277
f 1268/1268 1277/1277 1276/1276
f 1268/1268 1281/1281 1275/1275
f 1268/1268 1289/1289 1281/1281
f 1276/1276 1277/1277 1283/1283
f 1276/1276 1283/1283 1282/1282
f 1268/1268 1295/1295 1289/1289
f 1282/1282 1283/1283 1291/1291
f 1282/1282 1291/1291 1290/1290
f 1268/1268 1276/1276 2218/2218
f 1276/1276 1282/1282 2210/2210
f 1282/1282 1290/1290 2202/2202
f 1290/1290 1291/1291 1297/1297
f 1290/1290 1297/1297 1296/1296
f 1268/1268 2218/2218 1295/1295
f 1290/1290 1296/1296 2199/2199
f 1290/1290 2199/2199 2202/2202
f 1296/1296 1297/1297 2203/2203
f 1296/1296 2203/2203 2199/2199
f 520/520 1413/1413 1401/1401
f 1401/1401 1413/1413 1404/1404
f 505/505 1405/1405 1436/1436
f 1401/1401 1404/1404 1407/1407
f 1404/1404 1409/1409 1407/1407
f 520/520 1420/1420 1413/1413
f 514/514 1426/1426 1420/1420
f 505/505 1436/1436 1426/1426
f 1404/1404 1413/1413 1409/1409
f 1409/1409 1413/1413 1416/1416
f 1405/1405 1414/1414 1436/1436
f 1413/1413 1420/1420 1416/1416
f 1416/1416 1420/1420 1422/1422
f 1420/1420 1426/1426 1422/1422
f 1422/1422 1426/1426 1428/1428
f 1414/1414 1425/1425 1436/1436
f 1425/1425 1431/1431 1436/1436
f 1426/1426 1436/1436 1428/1428
f 1428/1428 1436/1436 1439/1439
f 1431/1431 1442/1442 1436/1436
f 1431/1431 1437/1437 1442/1442
f 1437/1437 1443/1443 1442/1442
f 1436/1436 1442/1442 1439/1439
f 1439/1439 1442/1442 1445/1445
f 1442/1442 1443/1443 1447/1447
f 1443/1443 1450/1450 1447/1447
f 1442/1442 1447/1447 1445/1445
f 1445/1445 1447/1447 1452/1452
f 1447/1447 1450/1450 1455/1455
f 1450/1450 1454/1454 1455/1455
f 1447/1447 1455/1455 1452/1452
f 1452/1452 1455/1455 1457/1457
f 1454/1454 1478/1478 1455/1455
f 1454/1454 1486/1486 1478/1478
f 1455/1455 1478/1478 1457/1457
f 1457/1457 1478/1478 1480/1480
f 1478/1478 1488/1488 1480/1480
f 1478/1478 1486/1486 1488/1488
f 1486/1486 1489/1489 1488/1488
f 1488/1488 1489/1489 1494/1494
f 1480/1480 1488/1488 1491/1491
f 1489/1489 1496/1496 1494/1494
f 1494/1494 1496/1496 1505/1505
f 1488/1488 1494/1494 1491/1491
f 1491/1491 1494/1494 1498/1498
f 1494/1494 1500/1500 1498/1498
f 1494/1494 1505/1505 1500/1500
f 1498/1498 1500/1500 1502/1502
f 1500/1500 1509/1509 1502/1502
f 1500/1500 1505/1505 1510/1510
f 1500/1500 1510/1510 1509/1509
f 1509/1509 1510/1510 1514/1514
f 1502/1502 1509/1509 1512/1512
f 1509/1509 1515/1515 1512/1512
f 1509/1509 1514/1514 1515/1515
f 1514/1514 1527/1527 1515/1515
f 1515/1515 1527/1527 1526/1526
f 1512/1512 1515/1515 1517/1517
f 1515/1515 1526/1526 1517/1517
f 1517/1517 1526/1526 1530/1530
f 1526/1526 1527/1527 1529/1529
f 1526/1526 1529/1529 1532/1532
f 1526/1526 1532/1532 1530/1530
f 1530/1530 1532/1532 1534/1534
f 1529/1529 1538/1538 1532/1532
f 1532/1532 1538/1538 1533/1533
f 1532/1532 1533/1533 1534/1534
f 1533/1533 1536/1536 1534/1534
f 1533/1533 1538/1538 1702/1702
f 1533/1533 1702/1702 1703/1703
f 1702/1702 1711/1711 1703/1703
f 1533/1533 1703/1703 1536/1536
f 1536/1536 1703/1703 1705/1705
f 1703/1703 1711/1711 1713/1713
f 1703/1703 1713/1713 1705/1705
f 1705/1705 1713/1713 1714/1714
f 1711/1711 1719/1719 1713/1713
f 1713/1713 1718/1718 1714/1714
f 1713/1713 1719/1719 1718/1718
f 1718/1718 1719/1719 1727/1727
f 1714/1714 1718/1718 1720/1720
f 1718/1718 1726/1726 1720/1720
f 1718/1718 1727/1727 1726/1726
f 1720/1720 1726/1726 1728/1728
f 1726/1726 1727/1727 1748/1748
f 1726/1726 1748/1748 1729/1729
f 1726/1726 1729/1729 1728/1728
f 1728/1728 1729/1729 1731/1731
f 1729/1729 1748/1748 1754/1754
f 1729/1729 1754/1754 1752/1752
f 1752/1752 1754/1754 1760/1760
f 1729/1729 1752/1752 1731/1731
f 1731/1731 1752/1752 1756/1756
f 1752/1752 1759/1759 1756/1756
f 1752/1752 1760/1760 1759/1759
f 1756/1756 1759/1759 1762/1762
f 1759/1759 1760/1760 1766/1766
f 1759/1759 1766/1766 1767/1767
f 1759/1759 1767/1767 1762/1762
f 1762/1762 1767/1767 1768/1768
f 1766/1766 1774/1774 1767/1767
f 1767/1767 1774/1774 1775/1775
f 1774/1774 1779/1779 1775/1775
f 1767/1767 1775/1775 1768/1768
f 1768/1768 1775/1775 1776/1776
f 1775/1775 1781/1781 1776/1776
f 1775/1775 1779/1779 1781/1781
f 1779/1779 1787/1787 1781/1781
f 1781/1781 1787/1787 1796/1796
f 1776/1776 1781/1781 1782/1782
f 1781/1781 1796/1796 1782/1782
f 1782/1782 1796/1796 1797/1797
f 1787/1787 1802/1802 1796/1796
f 1796/1796 1802/1802 1803/1803
f 1796/1796 1803/1803 1797/1797
f 1797/1797 1803/1803 1804/1804
f 1802/1802 1809/1809 1803/1803
f 1803/1803 1810/1810 1804/1804
f 1803/1803 1809/1809 1810/1810
f 1809/1809 1818/1818 1810/1810
f 1804/1804 1810/1810 1811/1811
f 1810/1810 1816/1816 1811/1811
f 1810/1810 1818/1818 1816/1816
f 1816/1816 1818/1818 1823/1823
f 1811/1811 1816/1816 1819/1819
f 1816/1816 1823/1823 1824/1824
f 1816/1816 1824/1824 1819/1819
f 1819/1819 1824/1824 1825/1825
f 1823/1823 1864/1864 1824/1824
f 1824/1824 1864/1864 1866/1866
f 1824/1824 1866/1866 1825/1825
f 1825/1825 1866/1866 1868/1868
f 1864/1864 1872/1872 1866/1866
f 1866/1866 1872/1872 1867/1867
f 1866/1866 1867/1867 1868/1868
f 1867/1867 1869/1869 1868/1868
f 1867/1867 1872/1872 1874/1874
f 1867/1867 1874/1874 1875/1875
f 1867/1867 1875/1875 1869/1869
f 1869/1869 1875/1875 1876/1876
f 1874/1874 1884/1884 1875/1875
f 1875/1875 1884/1884 1885/1885
f 1875/1875 1885/1885 1876/1876
f 1876/1876 1885/1885 1886/1886
f 1885/1885 1891/1891 1886/1886
f 1884/1884 1890/1890 1885/1885
f 1885/1885 1890/1890 1891/1891
f 1890/1890 1898/1898 1891/1891
f 1886/1886 1891/1891 1892/1892
f 1891/1891 1900/1900 1892/1892
f 1891/1891 1898/1898 1900/1900
f 1898/1898 1904/1904 1900/1900
f 1892/1892 1900/1900 1901/1901
f 1900/1900 1905/1905 1901/1901
f 1900/1900 1904/1904 1905/1905
f 1904/1904 1912/1912 1905/1905
f 1901/1901 1905/1905 1906/1906
f 1905/1905 1913/1913 1906/1906
f 1906/1906 1913/1913 1914/1914
f 1905/1905 1912/1912 1913/1913
f 1912/1912 1917/1917 1913/1913
f 1913/1913 1917/1917 1919/1919
f 1913/1913 1919/1919 1914/1914
f 1914/1914 1919/1919 1920/1920
f 1917/1917 1942/1942 1919/1919
f 1919/1919 1942/1942 1943/1943
f 1919/1919 1943/1943 1920/1920
f 1920/1920 1943/1943 1944/1944
f 1942/1942 1948/1948 1943/1943
f 1943/1943 1948/1948 1949/1949
f 1943/1943 1949/1949 1944/1944
f 1944/1944 1949/1949 1950/1950
f 1948/1948 1956/1956 1949/1949
f 1949/1949 1956/1956 1957/1957
f 1949/1949 1957/1957 1950/1950
f 1950/1950 1957/1957 1958/1958
f 1956/1956 1961/1961 1957/1957
f 1957/1957 1961/1961 1962/1962
f 1957/1957 1962/1962 1958/1958
f 1958/1958 1962/1962 1963/1963
f 1961/1961 1970/1970 1962/1962
f 1962/1962 1970/1970 1974/1974
f 1962/1962 1974/1974 1963/1963
f 1963/1963 1974/1974 1975/1975
f 1970/1970 1973/1973 1974/1974
f 1973/1973 1977/1977 1974/1974
f 1974/1974 1977/1977 1975/1975
f 1975/1975 1977/1977 1978/1978
f 1973/1973 1985/1985 1977/1977
f 1977/1977 1985/1985 1986/1986
f 1977/1977 1986/1986 1978/1978
f 1978/1978 1986/1986 1987/1987
f 1985/1985 1990/1990 1986/1986
f 1986/1986 1990/1990 1991/1991
f 1986/1986 1991/1991 1987/1987
f 1987/1987 1991/1991 1992/1992
f 1990/1990 2414/2414 1991/1991
f 1991/1991 2414/2414 2415/2415
f 1991/1991 2415/2415 1992/1992
f 1992/1992 2415/2415 2419/2419
f 1282/1282 2202/2202 2210/2210
f 1276/1276 2210/2210 2218/2218
f 1295/1295 2218/2218 2198/2198
f 2199/2199 2203/2203 2205/2205
f 2199/2199 2205/2205 2202/2202
f 2198/2198 2224/2224 2201/2201
f 2202/2202 2205/2205 2211/2211
f 2202/2202 2211/2211 2210/2210
f 2201/2201 2224/2224 2209/2209
f 2198/2198 2218/2218 2224/2224
f 2210/2210 2211/2211 2219/2219
f 2210/2210 2219/2219 2218/2218
f 2209/2209 2232/2232 2217/2217
f 2217/2217 2232/2232 2223/2223
f 2209/2209 2224/2224 2232/2232
f 2218/2218 2219/2219 2225/2225
f 2218/2218 2225/2225 2224/2224
f 2223/2223 2238/2238 2231/2231
f 2223/2223 2232/2232 2238/2238
f 2224/2224 2225/2225 2233/2233
f 2224/2224 2233/2233 2232/2232
f 2231/2231 2247/2247 2237/2237
f 2231/2231 2238/2238 2247/2247
f 2232/2232 2233/2233 2239/2239
f 2232/2232 2239/2239 2238/2238
f 2237/2237 2252/2252 2246/2246
f 2237/2237 2247/2247 2252/2252
f 2238/2238 2239/2239 2248/2248
f 2238/2238 2248/2248 2247/2247
f 2246/2246 2283/2283 2251/2251
f 2246/2246 2252/2252 2283/2283
f 2247/2247 2253/2253 2252/2252
f 2247/2247 2248/2248 2253/2253
f 2277/2277 2283/2283 2281/2281
f 2277/2277 2281/2281 2280/2280
f 2280/2280 2281/2281 2292/2292
f 2281/2281 2283/2283 2282/2282
f 2251/2251 2283/2283 2277/2277
f 2252/2252 2253/2253 2284/2284
f 2252/2252 2284/2284 2283/2283
f 2282/2282 2283/2283 2284/2284
f 2280/2280 2292/2292 2291/2291
f 2291/2291 2292/2292 2298/2298
f 2281/2281 2282/2282 2293/2293
f 2281/2281 2293/2293 2292/2292
f 2292/2292 2293/2293 2299/2299
f 2297/2297 2298/2298 2326/2326
f 2291/2291 2298/2298 2297/2297
f 2292/2292 2299/2299 2298/2298
f 2298/2298 2299/2299 2327/2327
f 2309/2309 2330/2330 2310/2310
f 2309/2309 2310/2310 2317/2317
f 2309/2309 2317/2317 2312/2312
f 2310/2310 2313/2313 2319/2319
f 2310/2310 2319/2319 2317/2317
f 2312/2312 2318/2318 2316/2316
f 2312/2312 2317/2317 2318/2318
f 2317/2317 2319/2319 2321/2321
f 2317/2317 2321/2321 2318/2318
f 2297/2297 2326/2326 2325/2325
f 2325/2325 2331/2331 2330/2330
f 2325/2325 2326/2326 2331/2331
f 2298/2298 2327/2327 2326/2326
f 2326/2326 2327/2327 2332/2332
f 2310/2310 2330/2330 2331/2331
f 2326/2326 2332/2332 2331/2331
f 2313/2313 2331/2331 2332/2332
f 2310/2310 2331/2331 2313/2313
f 2414/2414 2417/2417 2415/2415
f 2415/2415 2417/2417 2418/2418
f 2415/2415 2418/2418 2419/2419
f 2418/2418 2420/2420 2419/2419
f 2417/2417 2424/2424 2418/2418
f 2418/2418 2424/2424 2425/2425
f 2418/2418 2425/2425 2420/2420
f 2420/2420 2425/2425 2426/2426
f 2424/2424 2432/2432 2425/2425
f 2425/2425 2432/2432 2436/2436
f 2425/2425 2436/2436 2426/2426
f 2426/2426 2436/2436 2437/2437
f 2432/2432 2435/2435 2436/2436
f 2435/2435 2439/2439 2436/2436
f 2436/2436 2439/2439 2437/2437
f 2437/2437 2439/2439 2440/2440
f 2435/2435 2448/2448 2439/2439
f 2439/2439 2448/2448 2449/2449
f 2448/2448 2453/2453 2449/2449
f 2449/2449 2453/2453 2454/2454
f 2449/2449 2454/2454 2450/2450
f 2450/2450 2454/2454 2455/2455
f 2439/2439 2449/2449 2440/2440
f 2440/2440 2449/2449 2450/2450
f 2453/2453 2461/2461 2454/2454
f 2454/2454 2461/2461 2462/2462
f 2454/2454 2462/2462 2455/2455
f 2455/2455 2462/2462 2463/2463
f 2461/2461 2466/2466 2462/2462
f 2462/2462 2466/2466 2467/2467
f 2463/2463 2467/2467 2468/2468
f 2462/2462 2467/2467 2463/2463
f 2499/2499 2502/2502 2501/2501
f 2499/2499 2505/2505 2502/2502
f 2503/2503 2505/2505 2507/2507
f 2502/2502 2505/2505 2503/2503
f 2497/2497 2505/2505 2499/2499
f 2497/2497 2504/2504 2505/2505
f 2504/2504 2507/2507 2505/2505
f 2504/2504 2506/2506 2507/2507
f 2513/2513 2516/2516 2533/2533
f 2516/2516 2517/2517 2533/2533
f 2516/2516 2526/2526 2517/2517
f 2517/2517 2518/2518 2534/2534
f 2524/2524 2540/2540 2530/2530
f 2524/2524 2527/2527 2526/2526
f 2517/2517 2526/2526 2527/2527
f 2527/2527 2530/2530 2528/2528
f 2517/2517 2527/2527 2518/2518
f 2518/2518 2527/2527 2528/2528
f 2524/2524 2530/2530 2527/2527
f 2528/2528 2530/2530 2531/2531
f 2530/2530 2541/2541 2531/2531
f 2466/2466 2513/2513 2467/2467
f 2467/2467 2513/2513 2533/2533
f 2468/2468 2533/2533 2534/2534
f 2467/2467 2533/2533 2468/2468
f 2517/2517 2534/2534 2533/2533
f 2540/2540 2544/2544 2541/2541
f 2530/2530 2540/2540 2541/2541
f 2531/2531 2541/2541 2542/2542
f 2541/2541 2545/2545 2542/2542
f 2541/2541 2544/2544 2545/2545
f 2501/2501 2545/2545 2544/2544
f 2501/2501 2502/2502 2545/2545
f 2502/2502 2503/2503 2546/2546
f 2502/2502 2546/2546 2545/2545
f 2542/2542 2545/2545 2546/2546
f 2625/2625 2702/2702 2639/2639
f 2625/2625 2639/2639 2638/2638
f 2638/2638 2639/2639 2645/2645
f 2640/2640 2702/2702 2703/2703
f 2639/2639 2640/2640 2646/2646
f 2639/2639 2702/2702 2640/2640
f 2638/2638 2645/2645 2644/2644
f 2633/2633 2644/2644 2662/2662
f 2644/2644 2645/2645 2662/2662
f 2645/2645 2663/2663 2662/2662
f 2645/2645 2646/2646 2663/2663
f 2639/2639 2646/2646 2645/2645
f 2633/2633 2662/2662 2653/2653
f 2633/2633 2653/2653 2652/2652
f 2654/2654 2662/2662 2663/2663
f 2653/2653 2662/2662 2654/2654
f 2652/2652 2658/2658 2657/2657
f 2657/2657 2658/2658 2747/2747
f 2629/2629 2657/2657 2747/2747
f 2653/2653 2659/2659 2658/2658
f 2658/2658 2748/2748 2747/2747
f 2658/2658 2659/2659 2748/2748
f 2652/2652 2653/2653 2658/2658
f 2653/2653 2654/2654 2659/2659
f 2678/2678 2682/2682 2679/2679
f 2678/2678 2679/2679 2694/2694
f 2679/2679 2680/2680 2695/2695
f 2316/2316 2683/2683 2682/2682
f 2316/2316 2318/2318 2683/2683
f 2318/2318 2321/2321 2684/2684
f 2318/2318 2684/2684 2683/2683
f 2679/2679 2682/2682 2683/2683
f 2680/2680 2683/2683 2684/2684
f 2679/2679 2683/2683 2680/2680
f 2693/2693 2699/2699 2698/2698
f 2694/2694 2700/2700 2699/2699
f 2678/2678 2694/2694 2693/2693
f 2693/2693 2694/2694 2699/2699
f 2679/2679 2695/2695 2694/2694
f 2694/2694 2695/2695 2700/2700
f 2698/2698 2699/2699 2702/2702
f 2625/2625 2698/2698 2702/2702
f 2699/2699 2700/2700 2703/2703
f 2699/2699 2703/2703 2702/2702
f 2723/2723 2735/2735 2724/2724
f 2724/2724 2736/2736 2725/2725
f 2731/2731 2732/2732 2736/2736
f 2732/2732 2733/2733 2737/2737
f 2629/2629 2732/2732 2731/2731
f 2629/2629 2747/2747 2732/2732
f 2733/2733 2747/2747 2748/2748
f 2732/2732 2747/2747 2733/2733
f 2724/2724 2735/2735 2736/2736
f 2731/2731 2736/2736 2735/2735
f 2732/2732 2737/2737 2736/2736
f 2725/2725 2736/2736 2737/2737
f 2723/2723 2742/2742 2741/2741
f 2497/2497 2741/2741 2504/2504
f 2504/2504 2741/2741 2742/2742
f 2504/2504 2742/2742 2506/2506
f 2506/2506 2742/2742 2743/2743
f 2723/2723 2724/2724 2742/2742
f 2724/2724 2725/2725 2743/2743
f 2724/2724 2743/2743 2742/2742
f 38/38 246/246 245/245
f 36/36 59/59 38/38
f 36/36 38/38 245/245
f 36/36 245/245 247/247
f 36/36 247/247 62/62
f 44/44 46/46 58/58
f 49/49 157/157 159/159
f 49/49 54/54 157/157
f 49/49 159/159 51/51
f 44/44 49/49 51/51
f 49/49 53/53 54/54
f 44/44 51/51 46/46
f 44/44 53/53 49/49
f 46/46 59/59 58/58
f 36/36 58/58 59/59
f 58/58 62/62 60/60
f 44/44 58/58 60/60
f 44/44 60/60 53/53
f 36/36 62/62 58/58
f 84/84 163/163 161/161
f 82/82 84/84 161/161
f 82/82 161/161 162/162
f 82/82 162/162 91/91
f 86/86 104/104 88/88
f 82/82 86/86 88/88
f 82/82 91/91 86/86
f 82/82 88/88 84/84
f 86/86 91/91 92/92
f 95/95 97/97 103/103
f 95/95 411/411 412/412
f 95/95 107/107 411/411
f 95/95 412/412 97/97
f 86/86 103/103 104/104
f 86/86 92/92 103/103
f 92/92 105/105 103/103
f 95/95 103/103 105/105
f 97/97 104/104 103/103
f 95/95 105/105 107/107
f 128/128 129/129 157/157
f 129/129 159/159 157/157
f 128/128 130/130 133/133
f 128/128 135/135 129/129
f 128/128 158/158 130/130
f 128/128 133/133 135/135
f 136/136 154/154 153/153
f 133/133 153/153 155/155
f 133/133 155/155 135/135
f 133/133 136/136 153/153
f 130/130 136/136 133/133
f 141/141 143/143 153/153
f 141/141 153/153 154/154
f 143/143 155/155 153/153
f 141/141 148/148 143/143
f 141/141 154/154 144/144
f 141/141 147/147 148/148
f 147/147 161/161 163/163
f 147/147 163/163 148/148
f 147/147 149/149 161/161
f 141/141 144/144 147/147
f 144/144 149/149 147/147
f 128/128 157/157 158/158
f 54/54 158/158 157/157
f 149/149 162/162 161/161
f 199/199 201/201 218/218
f 194/194 196/196 199/199
f 194/194 199/199 202/202
f 194/194 202/202 251/251
f 196/196 201/201 199/199
f 231/231 272/272 270/270
f 214/214 218/218 220/220
f 214/214 221/221 218/218
f 214/214 220/220 215/215
f 214/214 215/215 224/224
f 214/214 227/227 221/221
f 199/199 218/218 219/219
f 201/201 220/220 218/218
f 218/218 221/221 219/219
f 199/199 219/219 202/202
f 224/224 226/226 229/229
f 214/214 224/224 227/227
f 215/215 226/226 224/224
f 224/224 230/230 227/227
f 224/224 229/229 230/230
f 226/226 231/231 229/229
f 229/229 231/231 270/270
f 229/229 270/270 296/296
f 229/229 296/296 230/230
f 242/242 246/246 243/243
f 239/239 243/243 241/241
f 239/239 242/242 243/243
f 242/242 252/252 248/248
f 239/239 252/252 242/242
f 242/242 245/245 246/246
f 242/242 248/248 245/245
f 245/245 248/248 247/247
f 194/194 239/239 241/241
f 239/239 251/251 252/252
f 194/194 241/241 196/196
f 194/194 251/251 239/239
f 270/270 272/272 276/276
f 270/270 276/276 277/277
f 272/272 278/278 276/276
f 276/276 278/278 285/285
f 276/276 285/285 288/288
f 276/276 288/288 277/277
f 278/278 287/287 285/285
f 285/285 287/287 290/290
f 285/285 290/290 293/293
f 287/287 292/292 290/290
f 285/285 293/293 288/288
f 290/290 306/306 293/293
f 290/290 292/292 305/305
f 290/290 305/305 306/306
f 292/292 307/307 305/305
f 270/270 277/277 296/296
f 305/305 307/307 308/308
f 305/305 309/309 306/306
f 305/305 308/308 309/309
f 307/307 310/310 308/308
f 308/308 323/323 309/309
f 308/308 310/310 313/313
f 308/308 313/313 323/323
f 310/310 315/315 313/313
f 313/313 315/315 318/318
f 315/315 320/320 318/318
f 318/318 320/320 705/705
f 320/320 707/707 705/705
f 313/313 324/324 323/323
f 313/313 318/318 324/324
f 318/318 720/720 324/324
f 318/318 705/705 720/720
f 393/393 424/424 399/399
f 393/393 399/399 401/401
f 399/399 424/424 402/402
f 393/393 401/401 395/395
f 399/399 402/402 430/430
f 399/399 432/432 401/401
f 411/411 414/414 415/415
f 411/411 415/415 412/412
f 107/107 413/413 411/411
f 411/411 413/413 414/414
f 413/413 420/420 414/414
f 414/414 420/420 416/416
f 414/414 418/418 415/415
f 414/414 416/416 418/418
f 416/416 420/420 423/423
f 393/393 416/416 423/423
f 393/393 395/395 416/416
f 395/395 418/418 416/416
f 393/393 423/423 424/424
f 430/430 435/435 432/432
f 399/399 430/430 432/432
f 402/402 431/431 430/430
f 430/430 431/431 434/434
f 430/430 434/434 435/435
f 434/434 438/438 445/445
f 434/434 447/447 435/435
f 431/431 438/438 434/434
f 450/450 470/470 472/472
f 438/438 448/448 445/445
f 434/434 445/445 447/447
f 445/445 448/448 450/450
f 445/445 452/452 447/447
f 448/448 451/451 450/450
f 445/445 450/450 452/452
f 450/450 451/451 482/482
f 450/450 482/482 470/470
f 450/450 472/472 452/452
f 470/470 476/476 478/478
f 470/470 477/477 476/476
f 470/470 478/478 472/472
f 476/476 477/477 489/489
f 476/476 489/489 486/486
f 476/476 486/486 488/488
f 476/476 488/488 478/478
f 470/470 482/482 477/477
f 486/486 494/494 488/488
f 486/486 495/495 492/492
f 486/486 492/492 494/494
f 486/486 489/489 495/495
f 492/492 495/495 503/503
f 492/492 504/504 494/494
f 492/492 502/502 504/504
f 492/492 509/509 502/502
f 492/492 503/503 509/509
f 502/502 510/510 504/504
f 502/502 508/508 510/510
f 502/502 509/509 518/518
f 508/508 515/515 510/510
f 502/502 518/518 524/524
f 508/508 513/513 515/515
f 513/513 521/521 515/515
f 513/513 519/519 521/521
f 502/502 524/524 1410/1410
f 519/519 1402/1402 521/521
f 519/519 1400/1400 1402/1402
f 513/513 1423/1423 519/519
f 502/502 1435/1435 508/508
f 508/508 1429/1429 513/513
f 705/705 707/707 708/708
f 707/707 710/710 708/708
f 708/708 710/710 715/715
f 710/710 717/717 715/715
f 705/705 721/721 720/720
f 705/705 708/708 721/721
f 708/708 722/722 721/721
f 708/708 715/715 722/722
f 715/715 732/732 722/722
f 715/715 717/717 731/731
f 715/715 731/731 732/732
f 717/717 733/733 731/731
f 731/731 733/733 734/734
f 731/731 735/735 732/732
f 731/731 734/734 735/735
f 733/733 736/736 734/734
f 734/734 736/736 741/741
f 734/734 744/744 735/735
f 734/734 741/741 744/744
f 736/736 743/743 741/741
f 741/741 743/743 746/746
f 743/743 748/748 746/746
f 741/741 749/749 744/744
f 741/741 746/746 749/749
f 746/746 754/754 749/749
f 746/746 748/748 753/753
f 746/746 753/753 754/754
f 748/748 755/755 753/753
f 753/753 755/755 758/758
f 753/753 764/764 754/754
f 753/753 758/758 764/764
f 755/755 760/760 758/758
f 758/758 790/790 764/764
f 758/758 760/760 789/789
f 758/758 789/789 790/790
f 760/760 791/791 789/789
f 789/789 795/795 790/790
f 789/789 791/791 792/792
f 789/789 792/792 795/795
f 791/791 794/794 792/792
f 792/792 807/807 795/795
f 792/792 794/794 800/800
f 792/792 800/800 807/807
f 794/794 801/801 800/800
f 800/800 801/801 808/808
f 801/801 810/810 808/808
f 800/800 809/809 807/807
f 800/800 808/808 809/809
f 808/808 810/810 813/813
f 808/808 816/816 809/809
f 808/808 813/813 816/816
f 810/810 815/815 813/813
f 813/813 815/815 818/818
f 813/813 826/826 816/816
f 813/813 818/818 826/826
f 815/815 820/820 818/818
f 818/818 827/827 826/826
f 818/818 820/820 830/830
f 818/818 830/830 827/827
f 820/820 832/832 830/830
f 830/830 832/832 833/833
f 827/827 830/830 841/841
f 830/830 833/833 841/841
f 832/832 834/834 833/833
f 833/833 834/834 842/842
f 833/833 844/844 841/841
f 833/833 842/842 844/844
f 834/834 843/843 842/842
f 842/842 926/926 844/844
f 842/842 843/843 918/918
f 842/842 918/918 926/926
f 843/843 920/920 918/918
f 918/918 920/920 927/927
f 918/918 930/930 926/926
f 918/918 927/927 930/930
f 920/920 928/928 927/927
f 927/927 928/928 934/934
f 927/927 940/940 930/930
f 927/927 934/934 940/940
f 928/928 936/936 934/934
f 934/934 941/941 940/940
f 934/934 936/936 942/942
f 934/934 942/942 941/941
f 936/936 944/944 942/942
f 942/942 944/944 963/963
f 941/941 942/942 964/964
f 942/942 963/963 964/964
f 944/944 965/965 963/963
f 963/963 969/969 964/964
f 963/963 965/965 970/970
f 965/965 971/971 970/970
f 963/963 970/970 969/969
f 970/970 971/971 975/975
f 969/969 970/970 978/978
f 970/970 975/975 978/978
f 971/971 977/977 975/975
f 975/975 985/985 978/978
f 975/975 977/977 984/984
f 975/975 984/984 985/985
f 977/977 986/986 984/984
f 984/984 989/989 985/985
f 984/984 986/986 990/990
f 986/986 991/991 990/990
f 984/984 990/990 989/989
f 990/990 991/991 995/995
f 989/989 990/990 998/998
f 990/990 995/995 998/998
f 991/991 996/996 995/995
f 995/995 1003/1003 998/998
f 995/995 996/996 1002/1002
f 996/996 1004/1004 1002/1002
f 995/995 1002/1002 1003/1003
f 1002/1002 1023/1023 1003/1003
f 1002/1002 1004/1004 1018/1018
f 1002/1002 1018/1018 1023/1023
f 1004/1004 1019/1019 1018/1018
f 1018/1018 1019/1019 1025/1025
f 1018/1018 1024/1024 1023/1023
f 1019/1019 1026/1026 1025/1025
f 1018/1018 1025/1025 1024/1024
f 1025/1025 1026/1026 1034/1034
f 1024/1024 1025/1025 1033/1033
f 1025/1025 1034/1034 1033/1033
f 1026/1026 1035/1035 1034/1034
f 1033/1033 1034/1034 1037/1037
f 1034/1034 1035/1035 1039/1039
f 1034/1034 1039/1039 1037/1037
f 1035/1035 1041/1041 1039/1039
f 1037/1037 1039/1039 1167/1167
f 1039/1039 1041/1041 1168/1168
f 1039/1039 1168/1168 1167/1167
f 1041/1041 1169/1169 1168/1168
f 1168/1168 1169/1169 1176/1176
f 1167/1167 1168/1168 1175/1175
f 1168/1168 1176/1176 1175/1175
f 1169/1169 1177/1177 1176/1176
f 1175/1175 1176/1176 1184/1184
f 1176/1176 1177/1177 1178/1178
f 1176/1176 1178/1178 1184/1184
f 1177/1177 1179/1179 1178/1178
f 1178/1178 1179/1179 1188/1188
f 1178/1178 1185/1185 1184/1184
f 1179/1179 1190/1190 1188/1188
f 1178/1178 1188/1188 1185/1185
f 1185/1185 1188/1188 1193/1193
f 1188/1188 1190/1190 1194/1194
f 1188/1188 1194/1194 1193/1193
f 1190/1190 1195/1195 1194/1194
f 1194/1194 1195/1195 1202/1202
f 1193/1193 1194/1194 1201/1201
f 1194/1194 1202/1202 1201/1201
f 1195/1195 1203/1203 1202/1202
f 1201/1201 1202/1202 1207/1207
f 1202/1202 1203/1203 1208/1208
f 1202/1202 1208/1208 1207/1207
f 1203/1203 1209/1209 1208/1208
f 1207/1207 1208/1208 1215/1215
f 1208/1208 1209/1209 1216/1216
f 1208/1208 1220/1220 1215/1215
f 1208/1208 1216/1216 1220/1220
f 1209/1209 1217/1217 1216/1216
f 1216/1216 1217/1217 1221/1221
f 1216/1216 1221/1221 1244/1244
f 1216/1216 1244/1244 1220/1220
f 1217/1217 1222/1222 1221/1221
f 1221/1221 1222/1222 1246/1246
f 1222/1222 1248/1248 1246/1246
f 1221/1221 1246/1246 1252/1252
f 1221/1221 1252/1252 1244/1244
f 1246/1246 1248/1248 1251/1251
f 1248/1248 1253/1253 1251/1251
f 1246/1246 1251/1251 1259/1259
f 1246/1246 1259/1259 1252/1252
f 1251/1251 1253/1253 1260/1260
f 1253/1253 1261/1261 1260/1260
f 1251/1251 1265/1265 1259/1259
f 1251/1251 1260/1260 1265/1265
f 1260/1260 1261/1261 1266/1266
f 1261/1261 1267/1267 1266/1266
f 1260/1260 1273/1273 1265/1265
f 1260/1260 1266/1266 1279/1279
f 1266/1266 1267/1267 1274/1274
f 1260/1260 1279/1279 1273/1273
f 1267/1267 1275/1275 1274/1274
f 1274/1274 1275/1275 1280/1280
f 1266/1266 1287/1287 1279/1279
f 1275/1275 1281/1281 1280/1280
f 1266/1266 1293/1293 1287/1287
f 1280/1280 1281/1281 1288/1288
f 1281/1281 1289/1289 1288/1288
f 1266/1266 2195/2195 1293/1293
f 1266/1266 1274/1274 2216/2216
f 1274/1274 1280/1280 2208/2208
f 1288/1288 1289/1289 1294/1294
f 1280/1280 1288/1288 2200/2200
f 1289/1289 1295/1295 1294/1294
f 1266/1266 2222/2222 2195/2195
f 1288/1288 1294/1294 2197/2197
f 1294/1294 1295/1295 2197/2197
f 1288/1288 2197/2197 2200/2200
f 1295/1295 2198/2198 2197/2197
f 519/519 1412/1412 1400/1400
f 1400/1400 1405/1405 1402/1402
f 1400/1400 1403/1403 1405/1405
f 1400/1400 1412/1412 1403/1403
f 502/502 1410/1410 1435/1435
f 519/519 1423/1423 1412/1412
f 1403/1403 1414/1414 1405/1405
f 1403/1403 1412/1412 1414/1414
f 513/513 1429/1429 1423/1423
f 508/508 1435/1435 1429/1429
f 1410/1410 1411/1411 1435/1435
f 1412/1412 1425/1425 1414/1414
f 1412/1412 1423/1423 1425/1425
f 1411/1411 1417/1417 1435/1435
f 1417/1417 1424/1424 1435/1435
f 1423/1423 1431/1431 1425/1425
f 1423/1423 1429/1429 1431/1431
f 1424/1424 1430/1430 1441/1441
f 1429/1429 1437/1437 1431/1431
f 1424/1424 1441/1441 1435/1435
f 1429/1429 1435/1435 1437/1437
f 1430/1430 1438/1438 1441/1441
f 1435/1435 1443/1443 1437/1437
f 1435/1435 1441/1441 1443/1443
f 1438/1438 1449/1449 1441/1441
f 1438/1438 1444/1444 1449/1449
f 1441/1441 1449/1449 1450/1450
f 1441/1441 1450/1450 1443/1443
f 1444/1444 1448/1448 1453/1453
f 1444/1444 1453/1453 1449/1449
f 1449/1449 1453/1453 1454/1454
f 1449/1449 1454/1454 1450/1450
f 1448/1448 1459/1459 1484/1484
f 1448/1448 1484/1484 1453/1453
f 1453/1453 1486/1486 1454/1454
f 1453/1453 1484/1484 1486/1486
f 1459/1459 1485/1485 1487/1487
f 1459/1459 1487/1487 1484/1484
f 1484/1484 1489/1489 1486/1486
f 1484/1484 1487/1487 1489/1489
f 1485/1485 1495/1495 1487/1487
f 1485/1485 1490/1490 1495/1495
f 1487/1487 1496/1496 1489/1489
f 1487/1487 1495/1495 1496/1496
f 1490/1490 1499/1499 1495/1495
f 1495/1495 1499/1499 1503/1503
f 1495/1495 1505/1505 1496/1496
f 1495/1495 1503/1503 1505/1505
f 1499/1499 1504/1504 1503/1503
f 1503/1503 1504/1504 1508/1508
f 1503/1503 1510/1510 1505/1505
f 1504/1504 1511/1511 1508/1508
f 1503/1503 1508/1508 1510/1510
f 1508/1508 1511/1511 1513/1513
f 1508/1508 1513/1513 1514/1514
f 1511/1511 1521/1521 1513/1513
f 1508/1508 1514/1514 1510/1510
f 1513/1513 1521/1521 1525/1525
f 1521/1521 1522/1522 1525/1525
f 1513/1513 1525/1525 1527/1527
f 1513/1513 1527/1527 1514/1514
f 1525/1525 1529/1529 1527/1527
f 1522/1522 1528/1528 1525/1525
f 1525/1525 1528/1528 1529/1529
f 1522/1522 1531/1531 1528/1528
f 1528/1528 1538/1538 1529/1529
f 1528/1528 1531/1531 1537/1537
f 1531/1531 1539/1539 1537/1537
f 1528/1528 1537/1537 1538/1538
f 1537/1537 1702/1702 1538/1538
f 1537/1537 1539/1539 1701/1701
f 1537/1537 1701/1701 1702/1702
f 1539/1539 1709/1709 1701/1701
f 1701/1701 1711/1711 1702/1702
f 1701/1701 1709/1709 1710/1710
f 1701/1701 1710/1710 1711/1711
f 1709/1709 1712/1712 1710/1710
f 1710/1710 1719/1719 1711/1711
f 1710/1710 1712/1712 1717/1717
f 1712/1712 1722/1722 1717/1717
f 1710/1710 1717/1717 1719/1719
f 1717/1717 1722/1722 1725/1725
f 1722/1722 1723/1723 1725/1725
f 1717/1717 1725/1725 1727/1727
f 1717/1717 1727/1727 1719/1719
f 1723/1723 1747/1747 1725/1725
f 1725/1725 1748/1748 1727/1727
f 1725/1725 1747/1747 1748/1748
f 1723/1723 1746/1746 1747/1747
f 1746/1746 1753/1753 1747/1747
f 1747/1747 1753/1753 1754/1754
f 1747/1747 1754/1754 1748/1748
f 1746/1746 1751/1751 1753/1753
f 1751/1751 1758/1758 1753/1753
f 1753/1753 1760/1760 1754/1754
f 1751/1751 1761/1761 1758/1758
f 1753/1753 1758/1758 1760/1760
f 1758/1758 1761/1761 1765/1765
f 1761/1761 1764/1764 1765/1765
f 1758/1758 1765/1765 1766/1766
f 1758/1758 1766/1766 1760/1760
f 1764/1764 1773/1773 1765/1765
f 1765/1765 1773/1773 1774/1774
f 1765/1765 1774/1774 1766/1766
f 1764/1764 1772/1772 1773/1773
f 1773/1773 1779/1779 1774/1774
f 1772/1772 1778/1778 1773/1773
f 1772/1772 1780/1780 1778/1778
f 1773/1773 1778/1778 1779/1779
f 1778/1778 1780/1780 1786/1786
f 1778/1778 1786/1786 1787/1787
f 1778/1778 1787/1787 1779/1779
f 1780/1780 1785/1785 1786/1786
f 1786/1786 1802/1802 1787/1787
f 1785/1785 1801/1801 1786/1786
f 1785/1785 1805/1805 1801/1801
f 1786/1786 1801/1801 1802/1802
f 1801/1801 1805/1805 1808/1808
f 1801/1801 1808/1808 1809/1809
f 1801/1801 1809/1809 1802/1802
f 1805/1805 1806/1806 1808/1808
f 1808/1808 1818/1818 1809/1809
f 1806/1806 1817/1817 1808/1808
f 1806/1806 1815/1815 1817/1817
f 1808/1808 1817/1817 1818/1818
f 1815/1815 1822/1822 1817/1817
f 1817/1817 1823/1823 1818/1818
f 1815/1815 1820/1820 1822/1822
f 1817/1817 1822/1822 1823/1823
f 1820/1820 1863/1863 1822/1822
f 1822/1822 1864/1864 1823/1823
f 1822/1822 1863/1863 1864/1864
f 1820/1820 1862/1862 1863/1863
f 1863/1863 1872/1872 1864/1864
f 1862/1862 1871/1871 1863/1863
f 1862/1862 1865/1865 1871/1871
f 1863/1863 1871/1871 1872/1872
f 1865/1865 1873/1873 1871/1871
f 1871/1871 1874/1874 1872/1872
f 1865/1865 1879/1879 1873/1873
f 1871/1871 1873/1873 1874/1874
f 1873/1873 1879/1879 1883/1883
f 1873/1873 1883/1883 1884/1884
f 1873/1873 1884/1884 1874/1874
f 1879/1879 1880/1880 1883/1883
f 1880/1880 1889/1889 1883/1883
f 1880/1880 1888/1888 1889/1889
f 1883/1883 1889/1889 1890/1890
f 1883/1883 1890/1890 1884/1884
f 1888/1888 1897/1897 1889/1889
f 1889/1889 1898/1898 1890/1890
f 1888/1888 1896/1896 1897/1897
f 1889/1889 1897/1897 1898/1898
f 1896/1896 1903/1903 1897/1897
f 1896/1896 1899/1899 1903/1903
f 1897/1897 1904/1904 1898/1898
f 1897/1897 1903/1903 1904/1904
f 1899/1899 1911/1911 1903/1903
f 1903/1903 1912/1912 1904/1904
f 1899/1899 1910/1910 1911/1911
f 1903/1903 1911/1911 1912/1912
f 1910/1910 1916/1916 1911/1911
f 1911/1911 1917/1917 1912/1912
f 1910/1910 1915/1915 1916/1916
f 1911/1911 1916/1916 1917/1917
f 1915/1915 1941/1941 1916/1916
f 1916/1916 1942/1942 1917/1917
f 1916/1916 1941/1941 1942/1942
f 1915/1915 1939/1939 1941/1941
f 1939/1939 1947/1947 1941/1941
f 1939/1939 1946/1946 1947/1947
f 1941/1941 1947/1947 1948/1948
f 1941/1941 1948/1948 1942/1942
f 1946/1946 1955/1955 1947/1947
f 1946/1946 1954/1954 1955/1955
f 1947/1947 1955/1955 1956/1956
f 1947/1947 1956/1956 1948/1948
f 1954/1954 1960/1960 1955/1955
f 1954/1954 1959/1959 1960/1960
f 1955/1955 1961/1961 1956/1956
f 1955/1955 1960/1960 1961/1961
f 1959/1959 1969/1969 1960/1960
f 1960/1960 1970/1970 1961/1961
f 1959/1959 1968/1968 1969/1969
f 1960/1960 1969/1969 1970/1970
f 1968/1968 1972/1972 1969/1969
f 1969/1969 1973/1973 1970/1970
f 1968/1968 1971/1971 1972/1972
f 1969/1969 1972/1972 1973/1973
f 1971/1971 1984/1984 1972/1972
f 1972/1972 1985/1985 1973/1973
f 1971/1971 1982/1982 1984/1984
f 1972/1972 1984/1984 1985/1985
f 1982/1982 1989/1989 1984/1984
f 1982/1982 1983/1983 1989/1989
f 1983/1983 2413/2413 1989/1989
f 1983/1983 2410/2410 2413/2413
f 1984/1984 1990/1990 1985/1985
f 1984/1984 1989/1989 1990/1990
f 1989/1989 2414/2414 1990/1990
f 1989/1989 2413/2413 2414/2414
f 1274/1274 2208/2208 2216/2216
f 1266/1266 2216/2216 2222/2222
f 1280/1280 2200/2200 2208/2208
f 2197/2197 2198/2198 2200/2200
f 2198/2198 2201/2201 2200/2200
f 2195/2195 2222/2222 2196/2196
f 2200/2200 2201/2201 2208/2208
f 2201/2201 2209/2209 2208/2208
f 2196/2196 2222/2222 2207/2207
f 2208/2208 2209/2209 2216/2216
f 2207/2207 2222/2222 2215/2215
f 2209/2209 2217/2217 2216/2216
f 2216/2216 2217/2217 2222/2222
f 2215/2215 2230/2230 2221/2221
f 2215/2215 2222/2222 2230/2230
f 2217/2217 2223/2223 2222/2222
f 2222/2222 2223/2223 2230/2230
f 2221/2221 2230/2230 2229/2229
f 2223/2223 2231/2231 2230/2230
f 2229/2229 2236/2236 2235/2235
f 2229/2229 2230/2230 2236/2236
f 2230/2230 2231/2231 2236/2236
f 2231/2231 2237/2237 2236/2236
f 2242/2242 2244/2244 2250/2250
f 2235/2235 2236/2236 2245/2245
f 2236/2236 2237/2237 2245/2245
f 2235/2235 2245/2245 2244/2244
f 2237/2237 2246/2246 2245/2245
f 2244/2244 2245/2245 2250/2250
f 2245/2245 2246/2246 2250/2250
f 2246/2246 2251/2251 2250/2250
f 2242/2242 2250/2250 2276/2276
f 2242/2242 2276/2276 2275/2275
f 2251/2251 2277/2277 2276/2276
f 2275/2275 2276/2276 2278/2278
f 2276/2276 2277/2277 2279/2279
f 2276/2276 2279/2279 2278/2278
f 2277/2277 2280/2280 2279/2279
f 2278/2278 2279/2279 2289/2289
f 2279/2279 2280/2280 2290/2290
f 2250/2250 2251/2251 2276/2276
f 2289/2289 2290/2290 2295/2295
f 2279/2279 2290/2290 2289/2289
f 2280/2280 2291/2291 2290/2290
f 2290/2290 2291/2291 2296/2296
f 2290/2290 2296/2296 2295/2295
f 2295/2295 2296/2296 2323/2323
f 2296/2296 2297/2297 2324/2324
f 2291/2291 2297/2297 2296/2296
f 2303/2303 2329/2329 2304/2304
f 2308/2308 2329/2329 2330/2330
f 2304/2304 2329/2329 2308/2308
f 2308/2308 2330/2330 2309/2309
f 2304/2304 2308/2308 2307/2307
f 2308/2308 2309/2309 2311/2311
f 2307/2307 2308/2308 2311/2311
f 2309/2309 2312/2312 2311/2311
f 2307/2307 2311/2311 2314/2314
f 2311/2311 2315/2315 2314/2314
f 2314/2314 2315/2315 2675/2675
f 2312/2312 2316/2316 2315/2315
f 2311/2311 2312/2312 2315/2315
f 2296/2296 2324/2324 2323/2323
f 2297/2297 2325/2325 2324/2324
f 2303/2303 2323/2323 2324/2324
f 2324/2324 2325/2325 2329/2329
f 2303/2303 2324/2324 2329/2329
f 2325/2325 2330/2330 2329/2329
f 2410/2410 2416/2416 2413/2413
f 2410/2410 2411/2411 2416/2416
f 2411/2411 2423/2423 2416/2416
f 2411/2411 2412/2412 2423/2423
f 2413/2413 2417/2417 2414/2414
f 2413/2413 2416/2416 2417/2417
f 2416/2416 2424/2424 2417/2417
f 2416/2416 2423/2423 2424/2424
f 2412/2412 2431/2431 2423/2423
f 2423/2423 2432/2432 2424/2424
f 2412/2412 2430/2430 2431/2431
f 2423/2423 2431/2431 2432/2432
f 2430/2430 2434/2434 2431/2431
f 2431/2431 2435/2435 2432/2432
f 2430/2430 2433/2433 2434/2434
f 2431/2431 2434/2434 2435/2435
f 2443/2443 2465/2465 2459/2459
f 2433/2433 2447/2447 2434/2434
f 2434/2434 2448/2448 2435/2435
f 2433/2433 2446/2446 2447/2447
f 2434/2434 2447/2447 2448/2448
f 2446/2446 2451/2451 2452/2452
f 2446/2446 2452/2452 2447/2447
f 2447/2447 2453/2453 2448/2448
f 2447/2447 2452/2452 2453/2453
f 2451/2451 2459/2459 2460/2460
f 2451/2451 2460/2460 2452/2452
f 2452/2452 2460/2460 2461/2461
f 2452/2452 2461/2461 2453/2453
f 2459/2459 2465/2465 2460/2460
f 2460/2460 2465/2465 2466/2466
f 2460/2460 2466/2466 2461/2461
f 2491/2491 2500/2500 2543/2543
f 2490/2490 2500/2500 2491/2491
f 2500/2500 2501/2501 2543/2543
f 2501/2501 2544/2544 2543/2543
f 2494/2494 2495/2495 2496/2496
f 2494/2494 2496/2496 2498/2498
f 2496/2496 2497/2497 2498/2498
f 2490/2490 2498/2498 2500/2500
f 2490/2490 2494/2494 2498/2498
f 2498/2498 2499/2499 2500/2500
f 2499/2499 2501/2501 2500/2500
f 2497/2497 2499/2499 2498/2498
f 2443/2443 2511/2511 2512/2512
f 2443/2443 2512/2512 2465/2465
f 2465/2465 2512/2512 2513/2513
f 2511/2511 2515/2515 2512/2512
f 2512/2512 2516/2516 2513/2513
f 2511/2511 2514/2514 2515/2515
f 2514/2514 2525/2525 2515/2515
f 2515/2515 2526/2526 2516/2516
f 2512/2512 2515/2515 2516/2516
f 2522/2522 2538/2538 2539/2539
f 2521/2521 2522/2522 2523/2523
f 2522/2522 2539/2539 2523/2523
f 2523/2523 2540/2540 2524/2524
f 2514/2514 2521/2521 2525/2525
f 2515/2515 2525/2525 2526/2526
f 2521/2521 2523/2523 2525/2525
f 2524/2524 2526/2526 2525/2525
f 2523/2523 2524/2524 2525/2525
f 2465/2465 2513/2513 2466/2466
f 2491/2491 2543/2543 2538/2538
f 2538/2538 2543/2543 2539/2539
f 2539/2539 2543/2543 2544/2544
f 2539/2539 2544/2544 2540/2540
f 2523/2523 2539/2539 2540/2540
f 2623/2623 2624/2624 2636/2636
f 2627/2627 2628/2628 2728/2728
f 2627/2627 2656/2656 2628/2628
f 2636/2636 2637/2637 2642/2642
f 2637/2637 2643/2643 2642/2642
f 2624/2624 2637/2637 2636/2636
f 2624/2624 2625/2625 2637/2637
f 2625/2625 2638/2638 2637/2637
f 2637/2637 2638/2638 2643/2643
f 2631/2631 2642/2642 2643/2643
f 2638/2638 2644/2644 2643/2643
f 2631/2631 2643/2643 2632/2632
f 2632/2632 2643/2643 2644/2644
f 2632/2632 2644/2644 2633/2633
f 2650/2650 2651/2651 2655/2655
f 2632/2632 2651/2651 2650/2650
f 2631/2631 2632/2632 2650/2650
f 2632/2632 2633/2633 2651/2651
f 2633/2633 2652/2652 2651/2651
f 2651/2651 2652/2652 2656/2656
f 2627/2627 2655/2655 2656/2656
f 2651/2651 2656/2656 2655/2655
f 2652/2652 2657/2657 2656/2656
f 2628/2628 2656/2656 2657/2657
f 2628/2628 2657/2657 2629/2629
f 2675/2675 2681/2681 2676/2676
f 2676/2676 2681/2681 2677/2677
f 2677/2677 2682/2682 2678/2678
f 2676/2676 2677/2677 2690/2690
f 2677/2677 2692/2692 2690/2690
f 2677/2677 2678/2678 2692/2692
f 2315/2315 2681/2681 2675/2675
f 2316/2316 2682/2682 2681/2681
f 2315/2315 2316/2316 2681/2681
f 2677/2677 2681/2681 2682/2682
f 2690/2690 2692/2692 2691/2691
f 2691/2691 2692/2692 2697/2697
f 2692/2692 2693/2693 2697/2697
f 2693/2693 2698/2698 2697/2697
f 2678/2678 2693/2693 2692/2692
f 2623/2623 2691/2691 2697/2697
f 2623/2623 2697/2697 2624/2624
f 2624/2624 2697/2697 2698/2698
f 2624/2624 2698/2698 2625/2625
f 2720/2720 2722/2722 2740/2740
f 2721/2721 2729/2729 2734/2734
f 2721/2721 2734/2734 2722/2722
f 2720/2720 2721/2721 2722/2722
f 2722/2722 2723/2723 2740/2740
f 2722/2722 2735/2735 2723/2723
f 2729/2729 2730/2730 2734/2734
f 2728/2728 2730/2730 2729/2729
f 2730/2730 2731/2731 2734/2734
f 2731/2731 2735/2735 2734/2734
f 2628/2628 2730/2730 2728/2728
f 2629/2629 2731/2731 2730/2730
f 2628/2628 2629/2629 2730/2730
f 2722/2722 2734/2734 2735/2735
f 2495/2495 2720/2720 2740/2740
f 2495/2495 2740/2740 2496/2496
f 2496/2496 2740/2740 2741/2741
f 2723/2723 2741/2741 2740/2740
f 2496/2496 2741/2741 2497/2497
f 56/56 62/62 247/247
f 42/42 156/156 54/54
f 42/42 54/54 53/53
f 41/41 42/42 53/53
f 55/55 60/60 62/62
f 41/41 60/60 55/55
f 41/41 53/53 60/60
f 55/55 62/62 56/56
f 79/79 91/91 162/162
f 79/79 80/80 91/91
f 80/80 92/92 91/91
f 101/101 404/404 107/107
f 80/80 100/100 92/92
f 92/92 100/100 105/105
f 100/100 101/101 105/105
f 101/101 107/107 105/105
f 124/124 130/130 158/158
f 125/125 152/152 136/136
f 124/124 125/125 130/130
f 125/125 136/136 130/130
f 138/138 144/144 154/154
f 139/139 160/160 149/149
f 138/138 139/139 144/144
f 139/139 149/149 144/144
f 136/136 152/152 154/154
f 138/138 154/154 152/152
f 54/54 156/156 158/158
f 124/124 158/158 156/156
f 149/149 160/160 162/162
f 79/79 162/162 160/160
f 192/192 249/249 202/202
f 209/209 221/221 227/227
f 208/208 219/219 221/221
f 192/192 202/202 219/219
f 192/192 219/219 208/208
f 208/208 221/221 209/209
f 209/209 227/227 222/222
f 222/222 227/227 230/230
f 223/223 230/230 296/296
f 222/222 230/230 223/223
f 233/233 248/248 252/252
f 233/233 252/252 250/250
f 232/232 248/248 233/233
f 232/232 247/247 248/248
f 56/56 247/247 232/232
f 250/250 252/252 251/251
f 249/249 250/250 251/251
f 202/202 249/249 251/251
f 269/269 277/277 288/288
f 269/269 288/288 281/281
f 281/281 288/288 293/293
f 281/281 293/293 282/282
f 282/282 293/293 306/306
f 282/282 306/306 297/297
f 223/223 296/296 295/295
f 277/277 295/295 296/296
f 269/269 295/295 277/277
f 297/297 306/306 309/309
f 297/297 309/309 298/298
f 298/298 309/309 323/323
f 298/298 323/323 311/311
f 311/311 323/323 324/324
f 311/311 324/324 312/312
f 312/312 324/324 720/720
f 312/312 720/720 702/702
f 281/281 282/282 598/598
f 282/282 297/297 603/603
f 298/298 311/311 595/595
f 311/311 312/312 593/593
f 312/312 702/702 1077/1077
f 297/297 298/298 592/592
f 392/392 402/402 424/424
f 107/107 404/404 413/413
f 404/404 405/405 413/413
f 405/405 420/420 413/413
f 405/405 421/421 420/420
f 420/420 421/421 423/423
f 421/421 422/422 423/423
f 422/422 424/424 423/423
f 392/392 424/424 422/422
f 392/392 425/425 402/402
f 402/402 425/425 431/431
f 425/425 426/426 431/431
f 426/426 443/443 438/438
f 426/426 438/438 431/431
f 438/438 443/443 448/448
f 443/443 444/444 448/448
f 444/444 451/451 448/448
f 444/444 481/481 451/451
f 41/41 55/55 1814/1814
f 55/55 56/56 1860/1860
f 469/469 483/483 477/477
f 477/477 483/483 489/489
f 451/451 481/481 482/482
f 469/469 482/482 481/481
f 469/469 477/477 482/482
f 483/483 484/484 489/489
f 484/484 495/495 489/489
f 484/484 497/497 495/495
f 495/495 497/497 503/503
f 421/421 1523/1523 422/422
f 404/404 1707/1707 405/405
f 405/405 1524/1524 421/421
f 100/100 1715/1715 101/101
f 80/80 1716/1716 100/100
f 79/79 1745/1745 80/80
f 101/101 1708/1708 404/404
f 497/497 498/498 503/503
f 498/498 509/509 503/503
f 498/498 511/511 509/509
f 509/509 511/511 518/518
f 425/425 1506/1506 426/426
f 392/392 1519/1519 425/425
f 443/443 1492/1492 444/444
f 444/444 1483/1483 481/481
f 426/426 1493/1493 443/443
f 511/511 512/512 518/518
f 469/469 1458/1458 483/483
f 512/512 524/524 518/518
f 483/483 1446/1446 484/484
f 497/497 1432/1432 498/498
f 512/512 1397/1397 524/524
f 484/484 1433/1433 497/497
f 498/498 1419/1419 511/511
f 511/511 1418/1418 512/512
f 524/524 1397/1397 1410/1410
f 469/469 481/481 1482/1482
f 392/392 422/422 1520/1520
f 79/79 160/160 1749/1749
f 139/139 1750/1750 160/160
f 138/138 1763/1763 139/139
f 125/125 1771/1771 152/152
f 124/124 1784/1784 125/125
f 138/138 152/152 1770/1770
f 124/124 156/156 1799/1799
f 42/42 1800/1800 156/156
f 41/41 1813/1813 42/42
f 56/56 232/232 1861/1861
f 232/232 233/233 1877/1877
f 249/249 1882/1882 250/250
f 192/192 1894/1894 249/249
f 233/233 250/250 1878/1878
f 192/192 208/208 1895/1895
f 208/208 209/209 1908/1908
f 209/209 222/222 1909/1909
f 222/222 223/223 1938/1938
f 282/282 603/603 605/605
f 282/282 605/605 597/597
f 298/298 591/591 592/592
f 298/298 595/595 591/591
f 297/297 604/604 603/603
f 297/297 592/592 604/604
f 311/311 593/593 596/596
f 311/311 596/596 595/595
f 312/312 594/594 593/593
f 312/312 1077/1077 594/594
f 281/281 598/598 600/600
f 281/281 600/600 601/601
f 282/282 597/597 598/598
f 281/281 601/601 599/599
f 281/281 599/599 602/602
f 281/281 602/602 1612/1612
f 223/223 295/295 1940/1940
f 269/269 1952/1952 295/295
f 269/269 281/281 1953/1953
f 702/702 720/720 721/721
f 702/702 721/721 703/703
f 703/703 721/721 722/722
f 703/703 722/722 704/704
f 704/704 722/722 732/732
f 704/704 732/732 723/723
f 723/723 732/732 735/735
f 723/723 735/735 724/724
f 724/724 735/735 744/744
f 724/724 744/744 737/737
f 737/737 744/744 749/749
f 737/737 749/749 738/738
f 738/738 749/749 754/754
f 738/738 754/754 751/751
f 751/751 754/754 764/764
f 751/751 764/764 763/763
f 763/763 764/764 790/790
f 763/763 790/790 787/787
f 787/787 790/790 795/795
f 787/787 795/795 788/788
f 788/788 795/795 807/807
f 788/788 807/807 797/797
f 797/797 807/807 809/809
f 797/797 809/809 798/798
f 798/798 809/809 816/816
f 798/798 816/816 811/811
f 811/811 816/816 826/826
f 811/811 826/826 824/824
f 824/824 826/826 827/827
f 824/824 827/827 825/825
f 825/825 827/827 841/841
f 825/825 841/841 828/828
f 828/828 841/841 844/844
f 828/828 844/844 829/829
f 829/829 844/844 926/926
f 702/702 703/703 1078/1078
f 703/703 704/704 1080/1080
f 704/704 723/723 1082/1082
f 723/723 724/724 1085/1085
f 724/724 737/737 1088/1088
f 829/829 926/926 924/924
f 924/924 926/926 930/930
f 924/924 930/930 925/925
f 925/925 930/930 940/940
f 925/925 940/940 932/932
f 932/932 940/940 941/941
f 932/932 941/941 933/933
f 933/933 941/941 964/964
f 933/933 964/964 962/962
f 962/962 964/964 969/969
f 962/962 969/969 966/966
f 966/966 969/969 978/978
f 966/966 978/978 967/967
f 967/967 978/978 985/985
f 967/967 985/985 983/983
f 983/983 985/985 989/989
f 983/983 989/989 987/987
f 987/987 989/989 998/998
f 987/987 998/998 988/988
f 988/988 998/998 1003/1003
f 988/988 1003/1003 1001/1001
f 1001/1001 1003/1003 1023/1023
f 1001/1001 1023/1023 1016/1016
f 1016/1016 1023/1023 1024/1024
f 1016/1016 1024/1024 1017/1017
f 1017/1017 1024/1024 1033/1033
f 1017/1017 1033/1033 1030/1030
f 1030/1030 1033/1033 1037/1037
f 1030/1030 1037/1037 1031/1031
f 1031/1031 1037/1037 1167/1167
f 702/702 1078/1078 1077/1077
f 703/703 1079/1079 1078/1078
f 703/703 1080/1080 1079/1079
f 704/704 1081/1081 1080/1080
f 704/704 1082/1082 1081/1081
f 723/723 1083/1083 1082/1082
f 723/723 1084/1084 1083/1083
f 723/723 1085/1085 1084/1084
f 724/724 1086/1086 1085/1085
f 724/724 1087/1087 1086/1086
f 724/724 1088/1088 1087/1087
f 737/737 1089/1089 1088/1088
f 737/737 1090/1090 1089/1089
f 737/737 1091/1091 1090/1090
f 737/737 1092/1092 1091/1091
f 737/737 2097/2097 1092/1092
f 737/737 738/738 2458/2458
f 738/738 751/751 2442/2442
f 751/751 763/763 2509/2509
f 763/763 787/787 2510/2510
f 787/787 788/788 2519/2519
f 788/788 797/797 2520/2520
f 797/797 798/798 2537/2537
f 798/798 811/811 2489/2489
f 811/811 824/824 2488/2488
f 824/824 825/825 2492/2492
f 825/825 828/828 2493/2493
f 828/828 829/829 2718/2718
f 737/737 2445/2445 2097/2097
f 829/829 924/924 2719/2719
f 924/924 925/925 2727/2727
f 925/925 932/932 2726/2726
f 932/932 933/933 2626/2626
f 933/933 962/962 2649/2649
f 962/962 966/966 2648/2648
f 1031/1031 1167/1167 1165/1165
f 1165/1165 1167/1167 1175/1175
f 1165/1165 1175/1175 1166/1166
f 1166/1166 1175/1175 1184/1184
f 1166/1166 1184/1184 1182/1182
f 1182/1182 1184/1184 1185/1185
f 1182/1182 1185/1185 1183/1183
f 1183/1183 1185/1185 1193/1193
f 1183/1183 1193/1193 1187/1187
f 1187/1187 1193/1193 1201/1201
f 1187/1187 1201/1201 1199/1199
f 1199/1199 1201/1201 1207/1207
f 1199/1199 1207/1207 1200/1200
f 1200/1200 1207/1207 1215/1215
f 1200/1200 1215/1215 1213/1213
f 1213/1213 1215/1215 1220/1220
f 1213/1213 1220/1220 1214/1214
f 1214/1214 1220/1220 1244/1244
f 966/966 967/967 2630/2630
f 967/967 983/983 2635/2635
f 983/983 987/987 2634/2634
f 987/987 988/988 2622/2622
f 988/988 1001/1001 2689/2689
f 1001/1001 1016/1016 2688/2688
f 1016/1016 1017/1017 2674/2674
f 1017/1017 1030/1030 2673/2673
f 1030/1030 1031/1031 2306/2306
f 1031/1031 1165/1165 2305/2305
f 1165/1165 1166/1166 2302/2302
f 1166/1166 1182/1182 2301/2301
f 1182/1182 1183/1183 2322/2322
f 1214/1214 1244/1244 1243/1243
f 1243/1243 1244/1244 1252/1252
f 1243/1243 1252/1252 1245/1245
f 1245/1245 1252/1252 1259/1259
f 1245/1245 1259/1259 1257/1257
f 1183/1183 1187/1187 2288/2288
f 1187/1187 1199/1199 2287/2287
f 1199/1199 1200/1200 2274/2274
f 1257/1257 1259/1259 1265/1265
f 1257/1257 1265/1265 1258/1258
f 1258/1258 1265/1265 1273/1273
f 1258/1258 1273/1273 1271/1271
f 1200/1200 1213/1213 2273/2273
f 1213/1213 1214/1214 2241/2241
f 1214/1214 1243/1243 2243/2243
f 1271/1271 1273/1273 1279/1279
f 1271/1271 1279/1279 1272/1272
f 1243/1243 1245/1245 2228/2228
f 1245/1245 1257/1257 2227/2227
f 1272/1272 1279/1279 1287/1287
f 1257/1257 1258/1258 2214/2214
f 1272/1272 1287/1287 1285/1285
f 1258/1258 1271/1271 2213/2213
f 1271/1271 1272/1272 2194/2194
f 1285/1285 1287/1287 1293/1293
f 1272/1272 1285/1285 2193/2193
f 1285/1285 1293/1293 1286/1286
f 1285/1285 1286/1286 2192/2192
f 1286/1286 1293/1293 2195/2195
f 1285/1285 2192/2192 2193/2193
f 1286/1286 2195/2195 2192/2192
f 512/512 1399/1399 1397/1397
f 1397/1397 1398/1398 1410/1410
f 1397/1397 1399/1399 1398/1398
f 1398/1398 1411/1411 1410/1410
f 512/512 1418/1418 1399/1399
f 1398/1398 1399/1399 1411/1411
f 511/511 1419/1419 1418/1418
f 498/498 1432/1432 1419/1419
f 1399/1399 1417/1417 1411/1411
f 1399/1399 1418/1418 1417/1417
f 497/497 1433/1433 1432/1432
f 1417/1417 1418/1418 1424/1424
f 484/484 1446/1446 1433/1433
f 483/483 1458/1458 1446/1446
f 1418/1418 1419/1419 1424/1424
f 1419/1419 1430/1430 1424/1424
f 469/469 1482/1482 1458/1458
f 481/481 1483/1483 1482/1482
f 444/444 1492/1492 1483/1483
f 1419/1419 1432/1432 1430/1430
f 1430/1430 1432/1432 1438/1438
f 1432/1432 1433/1433 1438/1438
f 1433/1433 1444/1444 1438/1438
f 443/443 1493/1493 1492/1492
f 426/426 1506/1506 1493/1493
f 425/425 1519/1519 1506/1506
f 1433/1433 1446/1446 1444/1444
f 1444/1444 1446/1446 1448/1448
f 1446/1446 1458/1458 1448/1448
f 1448/1448 1458/1458 1459/1459
f 1458/1458 1482/1482 1459/1459
f 392/392 1520/1520 1519/1519
f 422/422 1523/1523 1520/1520
f 421/421 1524/1524 1523/1523
f 405/405 1707/1707 1524/1524
f 404/404 1708/1708 1707/1707
f 101/101 1715/1715 1708/1708
f 100/100 1716/1716 1715/1715
f 80/80 1745/1745 1716/1716
f 79/79 1749/1749 1745/1745
f 160/160 1750/1750 1749/1749
f 139/139 1763/1763 1750/1750
f 138/138 1770/1770 1763/1763
f 152/152 1771/1771 1770/1770
f 1459/1459 1482/1482 1485/1485
f 1482/1482 1483/1483 1485/1485
f 1483/1483 1490/1490 1485/1485
f 1483/1483 1492/1492 1490/1490
f 1490/1490 1492/1492 1499/1499
f 1492/1492 1493/1493 1499/1499
f 1493/1493 1504/1504 1499/1499
f 1493/1493 1506/1506 1504/1504
f 1504/1504 1506/1506 1511/1511
f 1506/1506 1519/1519 1511/1511
f 1511/1511 1519/1519 1521/1521
f 1519/1519 1520/1520 1521/1521
f 1520/1520 1522/1522 1521/1521
f 1520/1520 1523/1523 1522/1522
f 1522/1522 1523/1523 1531/1531
f 1523/1523 1524/1524 1531/1531
f 1524/1524 1539/1539 1531/1531
f 1524/1524 1707/1707 1539/1539
f 125/125 1784/1784 1771/1771
f 124/124 1799/1799 1784/1784
f 156/156 1800/1800 1799/1799
f 42/42 1813/1813 1800/1800
f 41/41 1814/1814 1813/1813
f 55/55 1860/1860 1814/1814
f 281/281 1612/1612 1953/1953
f 56/56 1861/1861 1860/1860
f 232/232 1877/1877 1861/1861
f 233/233 1878/1878 1877/1877
f 250/250 1882/1882 1878/1878
f 249/249 1894/1894 1882/1882
f 192/192 1895/1895 1894/1894
f 208/208 1908/1908 1895/1895
f 209/209 1909/1909 1908/1908
f 222/222 1938/1938 1909/1909
f 223/223 1940/1940 1938/1938
f 295/295 1952/1952 1940/1940
f 269/269 1953/1953 1952/1952
f 1953/1953 1612/1612 1613/1613
f 1953/1953 1613/1613 1614/1614
f 1953/1953 1614/1614 1615/1615
f 1953/1953 1615/1615 1616/1616
f 1953/1953 1616/1616 1617/1617
f 1966/1966 1617/1617 1618/1618
f 1966/1966 1618/1618 1619/1619
f 1966/1966 1619/1619 1620/1620
f 1967/1967 1620/1620 1621/1621
f 1967/1967 1621/1621 1622/1622
f 1967/1967 1622/1622 1623/1623
f 1980/1980 1623/1623 1624/1624
f 1980/1980 1624/1624 1625/1625
f 1981/1981 1625/1625 1626/1626
f 1981/1981 1626/1626 1627/1627
f 2407/2407 1627/1627 2106/2106
f 1539/1539 1707/1707 1709/1709
f 1707/1707 1708/1708 1709/1709
f 1708/1708 1712/1712 1709/1709
f 1708/1708 1715/1715 1712/1712
f 1712/1712 1715/1715 1722/1722
f 1715/1715 1716/1716 1722/1722
f 1716/1716 1723/1723 1722/1722
f 1716/1716 1745/1745 1723/1723
f 1723/1723 1745/1745 1746/1746
f 1745/1745 1749/1749 1746/1746
f 1746/1746 1749/1749 1751/1751
f 1749/1749 1750/1750 1751/1751
f 1750/1750 1761/1761 1751/1751
f 1750/1750 1763/1763 1761/1761
f 1761/1761 1763/1763 1764/1764
f 1763/1763 1770/1770 1764/1764
f 1764/1764 1770/1770 1772/1772
f 1770/1770 1771/1771 1772/1772
f 1771/1771 1780/1780 1772/1772
f 1771/1771 1784/1784 1780/1780
f 1780/1780 1784/1784 1785/1785
f 1784/1784 1799/1799 1785/1785
f 1785/1785 1799/1799 1805/1805
f 1799/1799 1800/1800 1805/1805
f 1800/1800 1806/1806 1805/1805
f 1800/1800 1813/1813 1806/1806
f 1806/1806 1813/1813 1815/1815
f 1813/1813 1814/1814 1815/1815
f 1814/1814 1820/1820 1815/1815
f 1814/1814 1860/1860 1820/1820
f 1953/1953 1617/1617 1966/1966
f 1966/1966 1620/1620 1967/1967
f 1967/1967 1623/1623 1980/1980
f 1980/1980 1625/1625 1981/1981
f 1981/1981 1627/1627 2407/2407
f 1820/1820 1860/1860 1862/1862
f 1860/1860 1861/1861 1862/1862
f 1861/1861 1865/1865 1862/1862
f 1861/1861 1877/1877 1865/1865
f 1865/1865 1877/1877 1879/1879
f 1877/1877 1878/1878 1879/1879
f 1878/1878 1880/1880 1879/1879
f 1878/1878 1882/1882 1880/1880
f 1880/1880 1882/1882 1888/1888
f 1882/1882 1894/1894 1888/1888
f 1888/1888 1894/1894 1896/1896
f 1894/1894 1895/1895 1896/1896
f 1895/1895 1899/1899 1896/1896
f 1895/1895 1908/1908 1899/1899
f 1899/1899 1908/1908 1910/1910
f 1908/1908 1909/1909 1910/1910
f 1909/1909 1915/1915 1910/1910
f 1909/1909 1938/1938 1915/1915
f 1915/1915 1938/1938 1939/1939
f 1938/1938 1940/1940 1939/1939
f 1939/1939 1940/1940 1946/1946
f 1940/1940 1952/1952 1946/1946
f 1946/1946 1952/1952 1954/1954
f 1952/1952 1953/1953 1954/1954
f 1953/1953 1959/1959 1954/1954
f 1953/1953 1966/1966 1959/1959
f 1959/1959 1966/1966 1968/1968
f 1966/1966 1967/1967 1968/1968
f 1967/1967 1971/1971 1968/1968
f 1967/1967 1980/1980 1971/1971
f 1971/1971 1980/1980 1982/1982
f 1980/1980 1981/1981 1982/1982
f 1981/1981 1983/1983 1982/1982
f 1981/1981 2407/2407 1983/1983
f 1983/1983 2407/2407 2410/2410
f 737/737 2458/2458 2445/2445
f 738/738 2442/2442 2458/2458
f 751/751 2509/2509 2442/2442
f 2445/2445 2098/2098 2097/2097
f 2445/2445 2101/2101 2098/2098
f 2445/2445 2099/2099 2101/2101
f 2444/2444 2103/2103 2102/2102
f 2445/2445 2100/2100 2099/2099
f 2445/2445 2102/2102 2100/2100
f 2408/2408 2106/2106 2107/2107
f 2408/2408 2107/2107 2108/2108
f 2409/2409 2104/2104 2105/2105
f 2409/2409 2108/2108 2104/2104
f 2429/2429 2109/2109 2095/2095
f 2429/2429 2095/2095 2096/2096
f 2428/2428 2105/2105 2110/2110
f 2428/2428 2110/2110 2109/2109
f 2444/2444 2094/2094 2103/2103
f 2444/2444 2096/2096 2094/2094
f 763/763 2510/2510 2509/2509
f 787/787 2519/2519 2510/2510
f 788/788 2520/2520 2519/2519
f 797/797 2537/2537 2520/2520
f 824/824 2492/2492 2488/2488
f 798/798 2489/2489 2537/2537
f 811/811 2488/2488 2489/2489
f 825/825 2493/2493 2492/2492
f 828/828 2718/2718 2493/2493
f 925/925 2726/2726 2727/2727
f 932/932 2626/2626 2726/2726
f 933/933 2649/2649 2626/2626
f 967/967 2635/2635 2630/2630
f 962/962 2648/2648 2649/2649
f 966/966 2630/2630 2648/2648
f 983/983 2634/2634 2635/2635
f 987/987 2622/2622 2634/2634
f 988/988 2689/2689 2622/2622
f 1182/1182 2322/2322 2301/2301
f 1214/1214 2243/2243 2241/2241
f 1272/1272 2193/2193 2194/2194
f 1271/1271 2194/2194 2213/2213
f 2192/2192 2195/2195 2196/2196
f 1257/1257 2214/2214 2227/2227
f 1258/1258 2213/2213 2214/2214
f 2192/2192 2196/2196 2193/2193
f 1245/1245 2227/2227 2228/2228
f 2193/2193 2196/2196 2207/2207
f 1243/1243 2228/2228 2243/2243
f 2193/2193 2207/2207 2194/2194
f 1199/1199 2274/2274 2287/2287
f 1213/1213 2241/2241 2273/2273
f 1200/1200 2273/2273 2274/2274
f 1183/1183 2288/2288 2322/2322
f 1187/1187 2287/2287 2288/2288
f 2194/2194 2207/2207 2215/2215
f 2194/2194 2215/2215 2213/2213
f 2213/2213 2215/2215 2221/2221
f 2213/2213 2221/2221 2214/2214
f 1030/1030 2306/2306 2673/2673
f 1001/1001 2688/2688 2689/2689
f 1016/1016 2674/2674 2688/2688
f 1017/1017 2673/2673 2674/2674
f 1165/1165 2302/2302 2305/2305
f 1031/1031 2305/2305 2306/2306
f 1166/1166 2301/2301 2302/2302
f 2214/2214 2221/2221 2229/2229
f 2214/2214 2229/2229 2227/2227
f 2227/2227 2229/2229 2235/2235
f 2227/2227 2235/2235 2228/2228
f 2242/2242 2243/2243 2244/2244
f 2241/2241 2243/2243 2242/2242
f 2241/2241 2242/2242 2275/2275
f 2228/2228 2235/2235 2244/2244
f 2228/2228 2244/2244 2243/2243
f 829/829 2719/2719 2718/2718
f 924/924 2727/2727 2719/2719
f 2241/2241 2275/2275 2273/2273
f 2273/2273 2275/2275 2278/2278
f 2273/2273 2278/2278 2274/2274
f 2274/2274 2278/2278 2289/2289
f 2287/2287 2289/2289 2295/2295
f 2274/2274 2289/2289 2287/2287
f 2287/2287 2295/2295 2288/2288
f 2288/2288 2295/2295 2323/2323
f 2288/2288 2323/2323 2322/2322
f 2301/2301 2322/2322 2303/2303
f 2301/2301 2303/2303 2304/2304
f 2301/2301 2304/2304 2302/2302
f 2302/2302 2304/2304 2307/2307
f 2302/2302 2307/2307 2305/2305
f 2305/2305 2307/2307 2314/2314
f 2305/2305 2314/2314 2306/2306
f 2306/2306 2314/2314 2675/2675
f 2303/2303 2322/2322 2323/2323
f 2428/2428 2109/2109 2429/2429
f 2407/2407 2106/2106 2408/2408
f 2408/2408 2108/2108 2409/2409
f 2409/2409 2105/2105 2428/2428
f 2429/2429 2096/2096 2444/2444
f 2444/2444 2102/2102 2445/2445
f 2407/2407 2408/2408 2410/2410
f 2408/2408 2411/2411 2410/2410
f 2408/2408 2409/2409 2411/2411
f 2409/2409 2412/2412 2411/2411
f 2409/2409 2428/2428 2412/2412
f 2412/2412 2428/2428 2430/2430
f 2428/2428 2429/2429 2430/2430
f 2429/2429 2433/2433 2430/2430
f 2442/2442 2459/2459 2458/2458
f 2442/2442 2443/2443 2459/2459
f 2442/2442 2509/2509 2443/2443
f 2429/2429 2444/2444 2433/2433
f 2433/2433 2444/2444 2446/2446
f 2444/2444 2445/2445 2446/2446
f 2445/2445 2451/2451 2446/2446
f 2445/2445 2458/2458 2451/2451
f 2451/2451 2458/2458 2459/2459
f 2489/2489 2491/2491 2538/2538
f 2488/2488 2491/2491 2489/2489
f 2488/2488 2490/2490 2491/2491
f 2493/2493 2718/2718 2495/2495
f 2493/2493 2495/2495 2494/2494
f 2492/2492 2493/2493 2494/2494
f 2488/2488 2492/2492 2490/2490
f 2490/2490 2492/2492 2494/2494
f 2509/2509 2510/2510 2511/2511
f 2443/2443 2509/2509 2511/2511
f 2510/2510 2514/2514 2511/2511
f 2510/2510 2519/2519 2514/2514
f 2519/2519 2520/2520 2521/2521
f 2520/2520 2537/2537 2522/2522
f 2522/2522 2537/2537 2538/2538
f 2520/2520 2522/2522 2521/2521
f 2514/2514 2519/2519 2521/2521
f 2489/2489 2538/2538 2537/2537
f 2622/2622 2689/2689 2623/2623
f 2622/2622 2623/2623 2636/2636
f 2626/2626 2649/2649 2627/2627
f 2626/2626 2627/2627 2728/2728
f 2630/2630 2635/2635 2631/2631
f 2630/2630 2631/2631 2650/2650
f 2634/2634 2636/2636 2642/2642
f 2634/2634 2642/2642 2635/2635
f 2622/2622 2636/2636 2634/2634
f 2631/2631 2635/2635 2642/2642
f 2648/2648 2650/2650 2655/2655
f 2648/2648 2655/2655 2649/2649
f 2630/2630 2650/2650 2648/2648
f 2627/2627 2649/2649 2655/2655
f 2673/2673 2675/2675 2676/2676
f 2673/2673 2676/2676 2674/2674
f 2674/2674 2676/2676 2690/2690
f 2674/2674 2690/2690 2688/2688
f 2306/2306 2675/2675 2673/2673
f 2688/2688 2690/2690 2691/2691
f 2688/2688 2691/2691 2689/2689
f 2623/2623 2689/2689 2691/2691
f 2718/2718 2719/2719 2720/2720
f 2721/2721 2727/2727 2729/2729
f 2719/2719 2727/2727 2721/2721
f 2719/2719 2721/2721 2720/2720
f 2726/2726 2729/2729 2727/2727
f 2726/2726 2728/2728 2729/2729
f 2626/2626 2728/2728 2726/2726
f 2495/2495 2718/2718 2720/2720
f 189/189 190/190 606/606
f 357/357 363/363 364/364
f 357/357 364/364 358/358
f 358/358 366/366 359/359
f 358/358 364/364 366/366
f 359/359 366/366 360/360
f 360/360 366/366 373/373
f 360/360 373/373 369/369
f 361/361 362/362 365/365
f 361/361 365/365 363/363
f 363/363 365/365 364/364
f 364/364 365/365 367/367
f 189/189 365/365 362/362
f 189/189 606/606 365/365
f 365/365 606/606 607/607
f 364/364 367/367 366/366
f 366/366 383/383 373/373
f 365/365 607/607 367/367
f 367/367 607/607 610/610
f 366/366 367/367 368/368
f 366/366 368/368 383/383
f 368/368 385/385 383/383
f 367/367 610/610 368/368
f 368/368 610/610 611/611
f 368/368 611/611 385/385
f 385/385 611/611 622/622
f 369/369 373/373 370/370
f 370/370 374/374 371/371
f 372/372 377/377 376/376
f 371/371 374/374 372/372
f 372/372 374/374 377/377
f 370/370 373/373 374/374
f 374/374 381/381 377/377
f 375/375 376/376 377/377
f 375/375 377/377 380/380
f 375/375 380/380 378/378
f 377/377 381/381 380/380
f 378/378 380/380 379/379
f 379/379 380/380 881/881
f 379/379 881/881 878/878
f 380/380 382/382 881/881
f 373/373 383/383 374/374
f 374/374 383/383 384/384
f 374/374 384/384 381/381
f 381/381 384/384 387/387
f 380/380 381/381 382/382
f 381/381 387/387 382/382
f 382/382 893/893 881/881
f 382/382 388/388 893/893
f 383/383 385/385 384/384
f 384/384 385/385 386/386
f 384/384 386/386 387/387
f 386/386 389/389 387/387
f 385/385 622/622 386/386
f 386/386 622/622 623/623
f 386/386 623/623 389/389
f 389/389 623/623 626/626
f 382/382 387/387 388/388
f 387/387 389/389 388/388
f 388/388 389/389 390/390
f 388/388 896/896 893/893
f 388/388 390/390 896/896
f 389/389 626/626 390/390
f 390/390 626/626 627/627
f 390/390 898/898 896/896
f 390/390 627/627 898/898
f 627/627 1094/1094 898/898
f 549/549 554/554 553/553
f 550/550 551/551 552/552
f 190/190 550/550 552/552
f 190/190 552/552 606/606
f 552/552 608/608 606/606
f 551/551 553/553 552/552
f 552/552 553/553 554/554
f 552/552 554/554 558/558
f 549/549 555/555 554/554
f 554/554 555/555 559/559
f 555/555 556/556 559/559
f 556/556 557/557 559/559
f 557/557 571/571 559/559
f 557/557 569/569 571/571
f 554/554 559/559 558/558
f 552/552 558/558 608/608
f 558/558 614/614 608/608
f 559/559 571/571 581/581
f 558/558 559/559 560/560
f 558/558 560/560 614/614
f 560/560 616/616 614/614
f 559/559 581/581 560/560
f 560/560 581/581 582/582
f 560/560 582/582 616/616
f 582/582 638/638 616/616
f 569/569 570/570 571/571
f 570/570 572/572 574/574
f 570/570 574/574 571/571
f 572/572 573/573 574/574
f 573/573 576/576 577/577
f 573/573 577/577 574/574
f 574/574 577/577 585/585
f 575/575 577/577 576/576
f 575/575 580/580 577/577
f 577/577 580/580 585/585
f 575/575 578/578 580/580
f 578/578 579/579 580/580
f 579/579 1566/1566 580/580
f 580/580 1566/1566 586/586
f 579/579 1565/1565 1566/1566
f 571/571 574/574 581/581
f 574/574 583/583 581/581
f 574/574 585/585 583/583
f 583/583 585/585 587/587
f 581/581 583/583 582/582
f 582/582 583/583 584/584
f 582/582 584/584 638/638
f 584/584 640/640 638/638
f 583/583 587/587 584/584
f 584/584 587/587 588/588
f 584/584 588/588 640/640
f 588/588 646/646 640/640
f 585/585 586/586 587/587
f 580/580 586/586 585/585
f 586/586 1579/1579 589/589
f 586/586 1566/1566 1579/1579
f 586/586 589/589 587/587
f 587/587 589/589 588/588
f 588/588 589/589 590/590
f 588/588 590/590 646/646
f 590/590 648/648 646/646
f 589/589 1579/1579 1583/1583
f 589/589 1583/1583 590/590
f 590/590 1584/1584 648/648
f 590/590 1583/1583 1584/1584
f 648/648 1584/1584 1629/1629
f 606/606 608/608 607/607
f 607/607 608/608 609/609
f 607/607 609/609 610/610
f 609/609 612/612 610/610
f 608/608 614/614 609/609
f 609/609 614/614 615/615
f 609/609 615/615 612/612
f 612/612 615/615 618/618
f 610/610 612/612 611/611
f 611/611 612/612 613/613
f 611/611 613/613 622/622
f 613/613 624/624 622/622
f 612/612 618/618 613/613
f 613/613 618/618 619/619
f 613/613 619/619 624/624
f 619/619 630/630 624/624
f 614/614 616/616 615/615
f 615/615 616/616 617/617
f 615/615 617/617 618/618
f 617/617 620/620 618/618
f 616/616 638/638 617/617
f 617/617 638/638 639/639
f 617/617 639/639 620/620
f 620/620 639/639 642/642
f 618/618 620/620 619/619
f 619/619 620/620 621/621
f 619/619 621/621 630/630
f 621/621 632/632 630/630
f 620/620 642/642 621/621
f 621/621 642/642 643/643
f 621/621 643/643 632/632
f 632/632 643/643 654/654
f 622/622 624/624 623/623
f 623/623 624/624 625/625
f 623/623 625/625 626/626
f 625/625 628/628 626/626
f 624/624 630/630 625/625
f 625/625 630/630 631/631
f 625/625 631/631 628/628
f 628/628 631/631 634/634
f 626/626 628/628 627/627
f 627/627 628/628 629/629
f 627/627 629/629 1094/1094
f 629/629 1096/1096 1094/1094
f 628/628 634/634 629/629
f 629/629 634/634 635/635
f 629/629 635/635 1096/1096
f 635/635 1103/1103 1096/1096
f 630/630 632/632 631/631
f 631/631 632/632 633/633
f 631/631 633/633 634/634
f 633/633 636/636 634/634
f 632/632 654/654 633/633
f 633/633 654/654 655/655
f 633/633 655/655 636/636
f 636/636 655/655 658/658
f 634/634 636/636 635/635
f 635/635 636/636 637/637
f 635/635 637/637 1103/1103
f 637/637 1106/1106 1103/1103
f 636/636 658/658 637/637
f 637/637 658/658 659/659
f 637/637 659/659 1106/1106
f 659/659 1129/1129 1106/1106
f 638/638 640/640 639/639
f 639/639 640/640 641/641
f 640/640 646/646 641/641
f 639/639 641/641 642/642
f 641/641 644/644 642/642
f 641/641 646/646 647/647
f 641/641 647/647 644/644
f 644/644 647/647 650/650
f 642/642 644/644 643/643
f 643/643 644/644 645/645
f 643/643 645/645 654/654
f 645/645 656/656 654/654
f 644/644 650/650 645/645
f 645/645 650/650 651/651
f 645/645 651/651 656/656
f 651/651 662/662 656/656
f 646/646 648/648 647/647
f 647/647 648/648 649/649
f 647/647 649/649 650/650
f 649/649 652/652 650/650
f 648/648 1629/1629 649/649
f 649/649 1629/1629 1631/1631
f 649/649 1631/1631 652/652
f 652/652 1631/1631 1634/1634
f 650/650 652/652 651/651
f 651/651 652/652 653/653
f 651/651 653/653 662/662
f 653/653 664/664 662/662
f 652/652 1634/1634 653/653
f 653/653 1634/1634 1636/1636
f 653/653 1636/1636 664/664
f 664/664 1636/1636 1648/1648
f 654/654 656/656 655/655
f 655/655 656/656 657/657
f 655/655 657/657 658/658
f 657/657 660/660 658/658
f 656/656 662/662 657/657
f 657/657 662/662 663/663
f 657/657 663/663 660/660
f 660/660 663/663 666/666
f 658/658 660/660 659/659
f 659/659 660/660 661/661
f 659/659 661/661 1129/1129
f 661/661 1132/1132 1129/1129
f 660/660 666/666 661/661
f 661/661 666/666 667/667
f 661/661 667/667 1132/1132
f 667/667 1139/1139 1132/1132
f 662/662 664/664 663/663
f 663/663 664/664 665/665
f 663/663 665/665 666/666
f 665/665 668/668 666/666
f 664/664 1648/1648 665/665
f 665/665 1648/1648 1650/1650
f 665/665 1650/1650 668/668
f 668/668 1650/1650 1654/1654
f 666/666 668/668 667/667
f 667/667 668/668 669/669
f 667/667 669/669 1139/1139
f 669/669 1142/1142 1139/1139
f 668/668 1654/1654 669/669
f 669/669 1654/1654 1656/1656
f 669/669 1656/1656 1142/1142
f 1142/1142 1656/1656 2111/2111
f 878/878 881/881 879/879
f 879/879 882/882 880/880
f 879/879 881/881 882/882
f 881/881 892/892 882/882
f 880/880 882/882 883/883
f 883/883 885/885 884/884
f 882/882 885/885 883/883
f 882/882 894/894 885/885
f 884/884 885/885 886/886
f 885/885 887/887 886/886
f 885/885 890/890 887/887
f 887/887 890/890 888/888
f 888/888 891/891 889/889
f 885/885 894/894 890/890
f 888/888 890/890 891/891
f 881/881 893/893 892/892
f 892/892 893/893 895/895
f 882/882 892/892 894/894
f 892/892 897/897 894/894
f 894/894 897/897 901/901
f 890/890 894/894 901/901
f 890/890 901/901 902/902
f 890/890 902/902 891/891
f 893/893 896/896 895/895
f 895/895 896/896 899/899
f 892/892 895/895 897/897
f 895/895 899/899 900/900
f 895/895 900/900 897/897
f 896/896 898/898 899/899
f 898/898 1094/1094 1095/1095
f 898/898 1095/1095 899/899
f 899/899 1095/1095 1093/1093
f 899/899 1093/1093 900/900
f 897/897 903/903 901/901
f 897/897 900/900 903/903
f 901/901 903/903 904/904
f 901/901 904/904 902/902
f 900/900 1093/1093 1099/1099
f 900/900 1099/1099 903/903
f 903/903 1099/1099 1100/1100
f 903/903 1100/1100 904/904
f 889/889 891/891 905/905
f 891/891 914/914 905/905
f 905/905 914/914 906/906
f 906/906 914/914 907/907
f 907/907 914/914 910/910
f 907/907 910/910 908/908
f 908/908 910/910 909/909
f 910/910 914/914 916/916
f 909/909 910/910 913/913
f 909/909 913/913 911/911
f 910/910 916/916 913/913
f 911/911 913/913 912/912
f 912/912 913/913 1113/1113
f 912/912 1113/1113 1068/1068
f 913/913 1118/1118 1113/1113
f 891/891 902/902 914/914
f 902/902 915/915 914/914
f 902/902 904/904 915/915
f 914/914 915/915 916/916
f 904/904 1114/1114 915/915
f 904/904 1100/1100 1114/1114
f 915/915 1115/1115 916/916
f 915/915 1114/1114 1115/1115
f 913/913 916/916 1118/1118
f 916/916 1115/1115 1118/1118
f 1068/1068 1113/1113 1069/1069
f 1094/1094 1096/1096 1097/1097
f 1094/1094 1097/1097 1095/1095
f 1095/1095 1097/1097 1098/1098
f 1093/1093 1095/1095 1098/1098
f 1096/1096 1103/1103 1104/1104
f 1096/1096 1104/1104 1097/1097
f 1097/1097 1104/1104 1105/1105
f 1097/1097 1105/1105 1098/1098
f 1093/1093 1102/1102 1099/1099
f 1099/1099 1102/1102 1101/1101
f 1099/1099 1101/1101 1100/1100
f 1093/1093 1098/1098 1102/1102
f 1098/1098 1105/1105 1109/1109
f 1098/1098 1109/1109 1102/1102
f 1101/1101 1102/1102 1110/1110
f 1102/1102 1109/1109 1110/1110
f 1103/1103 1106/1106 1107/1107
f 1103/1103 1107/1107 1104/1104
f 1104/1104 1108/1108 1105/1105
f 1104/1104 1107/1107 1108/1108
f 1106/1106 1130/1130 1107/1107
f 1106/1106 1129/1129 1130/1130
f 1107/1107 1131/1131 1108/1108
f 1107/1107 1130/1130 1131/1131
f 1105/1105 1111/1111 1109/1109
f 1105/1105 1108/1108 1111/1111
f 1109/1109 1112/1112 1110/1110
f 1109/1109 1111/1111 1112/1112
f 1108/1108 1135/1135 1111/1111
f 1108/1108 1131/1131 1135/1135
f 1111/1111 1136/1136 1112/1112
f 1111/1111 1135/1135 1136/1136
f 1100/1100 1116/1116 1114/1114
f 1100/1100 1101/1101 1116/1116
f 1114/1114 1117/1117 1115/1115
f 1114/1114 1116/1116 1117/1117
f 1101/1101 1122/1122 1116/1116
f 1116/1116 1121/1121 1117/1117
f 1116/1116 1122/1122 1121/1121
f 1101/1101 1110/1110 1122/1122
f 1115/1115 1119/1119 1118/1118
f 1115/1115 1117/1117 1119/1119
f 1113/1113 1118/1118 1120/1120
f 1118/1118 1119/1119 1120/1120
f 1117/1117 1125/1125 1119/1119
f 1117/1117 1121/1121 1125/1125
f 1119/1119 1126/1126 1120/1120
f 1119/1119 1125/1125 1126/1126
f 1121/1121 1122/1122 1124/1124
f 1110/1110 1123/1123 1122/1122
f 1110/1110 1112/1112 1123/1123
f 1122/1122 1123/1123 1124/1124
f 1112/1112 1149/1149 1123/1123
f 1112/1112 1136/1136 1149/1149
f 1123/1123 1150/1150 1124/1124
f 1123/1123 1149/1149 1150/1150
f 1121/1121 1127/1127 1125/1125
f 1121/1121 1124/1124 1127/1127
f 1125/1125 1128/1128 1126/1126
f 1125/1125 1127/1127 1128/1128
f 1124/1124 1153/1153 1127/1127
f 1127/1127 1154/1154 1128/1128
f 1127/1127 1153/1153 1154/1154
f 1124/1124 1150/1150 1153/1153
f 1129/1129 1133/1133 1130/1130
f 1129/1129 1132/1132 1133/1133
f 1130/1130 1134/1134 1131/1131
f 1130/1130 1133/1133 1134/1134
f 1132/1132 1140/1140 1133/1133
f 1132/1132 1139/1139 1140/1140
f 1133/1133 1141/1141 1134/1134
f 1133/1133 1140/1140 1141/1141
f 1131/1131 1137/1137 1135/1135
f 1131/1131 1134/1134 1137/1137
f 1135/1135 1138/1138 1136/1136
f 1135/1135 1137/1137 1138/1138
f 1134/1134 1145/1145 1137/1137
f 1134/1134 1141/1141 1145/1145
f 1137/1137 1146/1146 1138/1138
f 1137/1137 1145/1145 1146/1146
f 1139/1139 1143/1143 1140/1140
f 1139/1139 1142/1142 1143/1143
f 1140/1140 1144/1144 1141/1141
f 1140/1140 1143/1143 1144/1144
f 1142/1142 2112/2112 1143/1143
f 1142/1142 2111/2111 2112/2112
f 1143/1143 2115/2115 1144/1144
f 1143/1143 2112/2112 2115/2115
f 1141/1141 1147/1147 1145/1145
f 1141/1141 1144/1144 1147/1147
f 1145/1145 1148/1148 1146/1146
f 1145/1145 1147/1147 1148/1148
f 1144/1144 2120/2120 1147/1147
f 1144/1144 2115/2115 2120/2120
f 1147/1147 2122/2122 1148/1148
f 1147/1147 2120/2120 2122/2122
f 1136/1136 1151/1151 1149/1149
f 1136/1136 1138/1138 1151/1151
f 1149/1149 1152/1152 1150/1150
f 1149/1149 1151/1151 1152/1152
f 1138/1138 1157/1157 1151/1151
f 1138/1138 1146/1146 1157/1157
f 1151/1151 1158/1158 1152/1152
f 1151/1151 1157/1157 1158/1158
f 1153/1153 1155/1155 1154/1154
f 1153/1153 1156/1156 1155/1155
f 1155/1155 1156/1156 1161/1161
f 1150/1150 1156/1156 1153/1153
f 1150/1150 1152/1152 1156/1156
f 1152/1152 1162/1162 1156/1156
f 1152/1152 1158/1158 1162/1162
f 1156/1156 1162/1162 1161/1161
f 1146/1146 1159/1159 1157/1157
f 1146/1146 1148/1148 1159/1159
f 1157/1157 1160/1160 1158/1158
f 1157/1157 1159/1159 1160/1160
f 1148/1148 2136/2136 1159/1159
f 1148/1148 2122/2122 2136/2136
f 1159/1159 2138/2138 1160/1160
f 1159/1159 2136/2136 2138/2138
f 1158/1158 1163/1163 1162/1162
f 1158/1158 1160/1160 1163/1163
f 1161/1161 1162/1162 1164/1164
f 1162/1162 1163/1163 1164/1164
f 1160/1160 2143/2143 1163/1163
f 1160/1160 2138/2138 2143/2143
f 1163/1163 2145/2145 1164/1164
f 1163/1163 2143/2143 2145/2145
f 1069/1069 1113/1113 1315/1315
f 1069/1069 1315/1315 1316/1316
f 1113/1113 1120/1120 1315/1315
f 1315/1315 1317/1317 1316/1316
f 1315/1315 1318/1318 1317/1317
f 1315/1315 1324/1324 1319/1319
f 1315/1315 1319/1319 1318/1318
f 1318/1318 1319/1319 1320/1320
f 1319/1319 1324/1324 1326/1326
f 1319/1319 1321/1321 1320/1320
f 1319/1319 1326/1326 1321/1321
f 1321/1321 1326/1326 1322/1322
f 1322/1322 1326/1326 1323/1323
f 1323/1323 1326/1326 1335/1335
f 1323/1323 1335/1335 1336/1336
f 1120/1120 1324/1324 1315/1315
f 1120/1120 1126/1126 1324/1324
f 1126/1126 1325/1325 1324/1324
f 1126/1126 1128/1128 1325/1325
f 1324/1324 1325/1325 1326/1326
f 1128/1128 1347/1347 1325/1325
f 1128/1128 1154/1154 1347/1347
f 1325/1325 1348/1348 1326/1326
f 1325/1325 1347/1347 1348/1348
f 1326/1326 1348/1348 1335/1335
f 1335/1335 1338/1338 1337/1337
f 1335/1335 1337/1337 1336/1336
f 1337/1337 1338/1338 1339/1339
f 1338/1338 1355/1355 1343/1343
f 1338/1338 1340/1340 1339/1339
f 1338/1338 1343/1343 1340/1340
f 1340/1340 1343/1343 1341/1341
f 1343/1343 1355/1355 1344/1344
f 1341/1341 1343/1343 1342/1342
f 1342/1342 1343/1343 1344/1344
f 1342/1342 1344/1344 1345/1345
f 1344/1344 1356/1356 2351/2351
f 1344/1344 1346/1346 1345/1345
f 1344/1344 2351/2351 1346/1346
f 1346/1346 2351/2351 2352/2352
f 1154/1154 1349/1349 1347/1347
f 1154/1154 1155/1155 1349/1349
f 1347/1347 1350/1350 1348/1348
f 1347/1347 1349/1349 1350/1350
f 1155/1155 1351/1351 1349/1349
f 1155/1155 1161/1161 1351/1351
f 1349/1349 1352/1352 1350/1350
f 1349/1349 1351/1351 1352/1352
f 1335/1335 1348/1348 1338/1338
f 1338/1338 1348/1348 1350/1350
f 1338/1338 1350/1350 1355/1355
f 1350/1350 1352/1352 1355/1355
f 1161/1161 1353/1353 1351/1351
f 1161/1161 1164/1164 1353/1353
f 1352/1352 1354/1354 1356/1356
f 1351/1351 1354/1354 1352/1352
f 1351/1351 1353/1353 1354/1354
f 1164/1164 2365/2365 1353/1353
f 1164/1164 2145/2145 2365/2365
f 1353/1353 2365/2365 2368/2368
f 1354/1354 2368/2368 2371/2371
f 1353/1353 2368/2368 1354/1354
f 1352/1352 1356/1356 1355/1355
f 1344/1344 1355/1355 1356/1356
f 1354/1354 2371/2371 1356/1356
f 1356/1356 2371/2371 2351/2351
f 1565/1565 1567/1567 1566/1566
f 1567/1567 1568/1568 1569/1569
f 1566/1566 1567/1567 1569/1569
f 1566/1566 1569/1569 1580/1580
f 1568/1568 1570/1570 1569/1569
f 1570/1570 1571/1571 1572/1572
f 1569/1569 1570/1570 1572/1572
f 1569/1569 1572/1572 1581/1581
f 1571/1571 1573/1573 1572/1572
f 1572/1572 1573/1573 1575/1575
f 1573/1573 1574/1574 1575/1575
f 1572/1572 1575/1575 1581/1581
f 1574/1574 1576/1576 1575/1575
f 1576/1576 1577/1577 1578/1578
f 1575/1575 1576/1576 1578/1578
f 1566/1566 1580/1580 1579/1579
f 1579/1579 1580/1580 1582/1582
f 1569/1569 1581/1581 1580/1580
f 1580/1580 1581/1581 1586/1586
f 1579/1579 1582/1582 1583/1583
f 1582/1582 1585/1585 1583/1583
f 1583/1583 1585/1585 1584/1584
f 1584/1584 1630/1630 1629/1629
f 1584/1584 1585/1585 1630/1630
f 1580/1580 1586/1586 1582/1582
f 1582/1582 1587/1587 1585/1585
f 1582/1582 1586/1586 1587/1587
f 1585/1585 1628/1628 1630/1630
f 1585/1585 1587/1587 1628/1628
f 1581/1581 1588/1588 1586/1586
f 1575/1575 1588/1588 1581/1581
f 1575/1575 1590/1590 1588/1588
f 1575/1575 1578/1578 1590/1590
f 1586/1586 1588/1588 1589/1589
f 1586/1586 1589/1589 1587/1587
f 1587/1587 1640/1640 1628/1628
f 1587/1587 1589/1589 1640/1640
f 1588/1588 1591/1591 1589/1589
f 1588/1588 1590/1590 1591/1591
f 1589/1589 1641/1641 1640/1640
f 1589/1589 1591/1591 1641/1641
f 1577/1577 1600/1600 1578/1578
f 1578/1578 1600/1600 1609/1609
f 1600/1600 1601/1601 1609/1609
f 1601/1601 1602/1602 1609/1609
f 1602/1602 1605/1605 1609/1609
f 1602/1602 1603/1603 1605/1605
f 1605/1605 1611/1611 1609/1609
f 1603/1603 1604/1604 1605/1605
f 1604/1604 1608/1608 1605/1605
f 1605/1605 1608/1608 1611/1611
f 1604/1604 1606/1606 1608/1608
f 1606/1606 1607/1607 1608/1608
f 1608/1608 1668/1668 1677/1677
f 1607/1607 1848/1848 1608/1608
f 1608/1608 1848/1848 1668/1668
f 1578/1578 1609/1609 1590/1590
f 1590/1590 1610/1610 1591/1591
f 1590/1590 1609/1609 1610/1610
f 1591/1591 1610/1610 1669/1669
f 1591/1591 1669/1669 1641/1641
f 1609/1609 1611/1611 1610/1610
f 1610/1610 1671/1671 1669/1669
f 1610/1610 1611/1611 1671/1671
f 1611/1611 1677/1677 1671/1671
f 1608/1608 1677/1677 1611/1611
f 1629/1629 1632/1632 1631/1631
f 1629/1629 1630/1630 1632/1632
f 1631/1631 1635/1635 1634/1634
f 1631/1631 1632/1632 1635/1635
f 1630/1630 1633/1633 1632/1632
f 1628/1628 1633/1633 1630/1630
f 1632/1632 1638/1638 1635/1635
f 1632/1632 1633/1633 1638/1638
f 1634/1634 1637/1637 1636/1636
f 1634/1634 1635/1635 1637/1637
f 1636/1636 1649/1649 1648/1648
f 1636/1636 1637/1637 1649/1649
f 1635/1635 1638/1638 1639/1639
f 1635/1635 1639/1639 1637/1637
f 1637/1637 1652/1652 1649/1649
f 1637/1637 1639/1639 1652/1652
f 1628/1628 1640/1640 1643/1643
f 1640/1640 1642/1642 1643/1643
f 1640/1640 1641/1641 1642/1642
f 1628/1628 1643/1643 1633/1633
f 1633/1633 1644/1644 1638/1638
f 1633/1633 1643/1643 1644/1644
f 1643/1643 1646/1646 1644/1644
f 1642/1642 1646/1646 1643/1643
f 1638/1638 1645/1645 1639/1639
f 1638/1638 1644/1644 1645/1645
f 1639/1639 1660/1660 1652/1652
f 1639/1639 1645/1645 1660/1660
f 1644/1644 1647/1647 1645/1645
f 1644/1644 1646/1646 1647/1647
f 1645/1645 1647/1647 1662/1662
f 1645/1645 1662/1662 1660/1660
f 1648/1648 1651/1651 1650/1650
f 1648/1648 1649/1649 1651/1651
f 1650/1650 1655/1655 1654/1654
f 1650/1650 1651/1651 1655/1655
f 1649/1649 1653/1653 1651/1651
f 1649/1649 1652/1652 1653/1653
f 1651/1651 1658/1658 1655/1655
f 1651/1651 1653/1653 1658/1658
f 1654/1654 1657/1657 1656/1656
f 1654/1654 1655/1655 1657/1657
f 1656/1656 2113/2113 2111/2111
f 1656/1656 1657/1657 2113/2113
f 1655/1655 1659/1659 1657/1657
f 1655/1655 1658/1658 1659/1659
f 1657/1657 2117/2117 2113/2113
f 1657/1657 1659/1659 2117/2117
f 1652/1652 1661/1661 1653/1653
f 1652/1652 1660/1660 1661/1661
f 1653/1653 1664/1664 1658/1658
f 1653/1653 1661/1661 1664/1664
f 1660/1660 1663/1663 1661/1661
f 1660/1660 1662/1662 1663/1663
f 1661/1661 1666/1666 1664/1664
f 1661/1661 1663/1663 1666/1666
f 1658/1658 1665/1665 1659/1659
f 1658/1658 1664/1664 1665/1665
f 1659/1659 2126/2126 2117/2117
f 1659/1659 1665/1665 2126/2126
f 1664/1664 1667/1667 1665/1665
f 1664/1664 1666/1666 1667/1667
f 1665/1665 2129/2129 2126/2126
f 1665/1665 1667/1667 2129/2129
f 1641/1641 1670/1670 1642/1642
f 1641/1641 1669/1669 1670/1670
f 1642/1642 1670/1670 1674/1674
f 1669/1669 1672/1672 1670/1670
f 1669/1669 1671/1671 1672/1672
f 1670/1670 1673/1673 1674/1674
f 1670/1670 1672/1672 1673/1673
f 1642/1642 1674/1674 1646/1646
f 1673/1673 1676/1676 1674/1674
f 1646/1646 1675/1675 1647/1647
f 1646/1646 1674/1674 1675/1675
f 1647/1647 1684/1684 1662/1662
f 1647/1647 1675/1675 1684/1684
f 1674/1674 1676/1676 1675/1675
f 1675/1675 1686/1686 1684/1684
f 1675/1675 1676/1676 1686/1686
f 1671/1671 1677/1677 1678/1678
f 1671/1671 1678/1678 1672/1672
f 1672/1672 1680/1680 1673/1673
f 1672/1672 1678/1678 1680/1680
f 1677/1677 1679/1679 1678/1678
f 1668/1668 1679/1679 1677/1677
f 1678/1678 1679/1679 1682/1682
f 1678/1678 1682/1682 1680/1680
f 1673/1673 1681/1681 1676/1676
f 1673/1673 1680/1680 1681/1681
f 1676/1676 1681/1681 1692/1692
f 1680/1680 1683/1683 1681/1681
f 1680/1680 1682/1682 1683/1683
f 1681/1681 1693/1693 1692/1692
f 1681/1681 1683/1683 1693/1693
f 1676/1676 1692/1692 1686/1686
f 1662/1662 1684/1684 1685/1685
f 1662/1662 1685/1685 1663/1663
f 1663/1663 1688/1688 1666/1666
f 1663/1663 1685/1685 1688/1688
f 1684/1684 1687/1687 1685/1685
f 1684/1684 1686/1686 1687/1687
f 1685/1685 1690/1690 1688/1688
f 1685/1685 1687/1687 1690/1690
f 1666/1666 1689/1689 1667/1667
f 1666/1666 1688/1688 1689/1689
f 1667/1667 2156/2156 2129/2129
f 1667/1667 1689/1689 2156/2156
f 1688/1688 1690/1690 1691/1691
f 1688/1688 1691/1691 1689/1689
f 1689/1689 1691/1691 2159/2159
f 1689/1689 2159/2159 2156/2156
f 1692/1692 1693/1693 1694/1694
f 1692/1692 1694/1694 1695/1695
f 1694/1694 1696/1696 1695/1695
f 1686/1686 1695/1695 1687/1687
f 1686/1686 1692/1692 1695/1695
f 1687/1687 1695/1695 1697/1697
f 1687/1687 1697/1697 1690/1690
f 1695/1695 1696/1696 1697/1697
f 1690/1690 1697/1697 1698/1698
f 1690/1690 1698/1698 1691/1691
f 1691/1691 1698/1698 2167/2167
f 1691/1691 2167/2167 2159/2159
f 1696/1696 1699/1699 1697/1697
f 1697/1697 1699/1699 1698/1698
f 1698/1698 1699/1699 2170/2170
f 1698/1698 2170/2170 2167/2167
f 1668/1668 1848/1848 1849/1849
f 1668/1668 2010/2010 1679/1679
f 1668/1668 1849/1849 2011/2011
f 1668/1668 2011/2011 2010/2010
f 2010/2010 2011/2011 2012/2012
f 2010/2010 2014/2014 2019/2019
f 2010/2010 2012/2012 2013/2013
f 2010/2010 2013/2013 2014/2014
f 2014/2014 2021/2021 2019/2019
f 2013/2013 2015/2015 2014/2014
f 2014/2014 2015/2015 2016/2016
f 2014/2014 2016/2016 2021/2021
f 2016/2016 2017/2017 2021/2021
f 2017/2017 2018/2018 2021/2021
f 2018/2018 2022/2022 2021/2021
f 2018/2018 2024/2024 2022/2022
f 1679/1679 2019/2019 1682/1682
f 1679/1679 2010/2010 2019/2019
f 1682/1682 2020/2020 1683/1683
f 1682/1682 2019/2019 2020/2020
f 1683/1683 2020/2020 2034/2034
f 1683/1683 2034/2034 1693/1693
f 2019/2019 2021/2021 2020/2020
f 2020/2020 2036/2036 2034/2034
f 2020/2020 2021/2021 2036/2036
f 2021/2021 2022/2022 2036/2036
f 2022/2022 2025/2025 2023/2023
f 2023/2023 2030/2030 2042/2042
f 2022/2022 2024/2024 2025/2025
f 2023/2023 2025/2025 2026/2026
f 2023/2023 2026/2026 2030/2030
f 2026/2026 2027/2027 2030/2030
f 2027/2027 2028/2028 2030/2030
f 2030/2030 2031/2031 2042/2042
f 2028/2028 2029/2029 2030/2030
f 2029/2029 2031/2031 2030/2030
f 2029/2029 2032/2032 2031/2031
f 2031/2031 2566/2566 2043/2043
f 2031/2031 2032/2032 2033/2033
f 2031/2031 2033/2033 2566/2566
f 2033/2033 2568/2568 2566/2566
f 1693/1693 2034/2034 2035/2035
f 1693/1693 2035/2035 1694/1694
f 1694/1694 2035/2035 2038/2038
f 1694/1694 2038/2038 1696/1696
f 2034/2034 2036/2036 2037/2037
f 2034/2034 2037/2037 2035/2035
f 2035/2035 2037/2037 2040/2040
f 2035/2035 2040/2040 2038/2038
f 1696/1696 2038/2038 2039/2039
f 1696/1696 2039/2039 1699/1699
f 1699/1699 2039/2039 2580/2580
f 1699/1699 2580/2580 2170/2170
f 2039/2039 2584/2584 2580/2580
f 2040/2040 2043/2043 2041/2041
f 2038/2038 2040/2040 2041/2041
f 2038/2038 2041/2041 2039/2039
f 2041/2041 2590/2590 2584/2584
f 2039/2039 2041/2041 2584/2584
f 2022/2022 2023/2023 2036/2036
f 2023/2023 2037/2037 2036/2036
f 2023/2023 2042/2042 2037/2037
f 2037/2037 2042/2042 2040/2040
f 2040/2040 2042/2042 2043/2043
f 2031/2031 2043/2043 2042/2042
f 2041/2041 2043/2043 2590/2590
f 2043/2043 2566/2566 2590/2590
f 2111/2111 2113/2113 2112/2112
f 2112/2112 2113/2113 2114/2114
f 2112/2112 2114/2114 2115/2115
f 2114/2114 2116/2116 2115/2115
f 2113/2113 2117/2117 2114/2114
f 2114/2114 2117/2117 2118/2118
f 2114/2114 2118/2118 2116/2116
f 2116/2116 2118/2118 2119/2119
f 2115/2115 2116/2116 2120/2120
f 2116/2116 2121/2121 2120/2120
f 2120/2120 2121/2121 2122/2122
f 2121/2121 2123/2123 2122/2122
f 2116/2116 2119/2119 2121/2121
f 2119/2119 2124/2124 2121/2121
f 2121/2121 2124/2124 2123/2123
f 2123/2123 2124/2124 2125/2125
f 2117/2117 2126/2126 2118/2118
f 2118/2118 2126/2126 2127/2127
f 2118/2118 2127/2127 2119/2119
f 2119/2119 2127/2127 2128/2128
f 2126/2126 2129/2129 2127/2127
f 2127/2127 2129/2129 2130/2130
f 2127/2127 2130/2130 2128/2128
f 2128/2128 2130/2130 2131/2131
f 2119/2119 2128/2128 2124/2124
f 2124/2124 2128/2128 2132/2132
f 2124/2124 2132/2132 2125/2125
f 2125/2125 2132/2132 2133/2133
f 2128/2128 2131/2131 2132/2132
f 2131/2131 2134/2134 2132/2132
f 2132/2132 2134/2134 2133/2133
f 2133/2133 2134/2134 2135/2135
f 2122/2122 2123/2123 2136/2136
f 2123/2123 2137/2137 2136/2136
f 2136/2136 2137/2137 2138/2138
f 2137/2137 2139/2139 2138/2138
f 2123/2123 2125/2125 2137/2137
f 2125/2125 2140/2140 2137/2137
f 2139/2139 2140/2140 2141/2141
f 2137/2137 2140/2140 2139/2139
f 2138/2138 2139/2139 2143/2143
f 2139/2139 2144/2144 2143/2143
f 2143/2143 2144/2144 2145/2145
f 2144/2144 2146/2146 2145/2145
f 2139/2139 2141/2141 2144/2144
f 2141/2141 2147/2147 2144/2144
f 2144/2144 2147/2147 2146/2146
f 2142/2142 2146/2146 2147/2147
f 2125/2125 2133/2133 2140/2140
f 2133/2133 2148/2148 2140/2140
f 2140/2140 2148/2148 2141/2141
f 2141/2141 2148/2148 2149/2149
f 2135/2135 2150/2150 2148/2148
f 2133/2133 2135/2135 2148/2148
f 2148/2148 2150/2150 2149/2149
f 2149/2149 2150/2150 2151/2151
f 2142/2142 2155/2155 2152/2152
f 2152/2152 2155/2155 2153/2153
f 2152/2152 2153/2153 2154/2154
f 2141/2141 2149/2149 2147/2147
f 2147/2147 2149/2149 2155/2155
f 2142/2142 2147/2147 2155/2155
f 2149/2149 2151/2151 2155/2155
f 2151/2151 2153/2153 2155/2155
f 2129/2129 2156/2156 2130/2130
f 2130/2130 2156/2156 2157/2157
f 2130/2130 2157/2157 2131/2131
f 2131/2131 2157/2157 2158/2158
f 2156/2156 2159/2159 2157/2157
f 2157/2157 2159/2159 2160/2160
f 2158/2158 2160/2160 2161/2161
f 2157/2157 2160/2160 2158/2158
f 2131/2131 2158/2158 2134/2134
f 2134/2134 2158/2158 2162/2162
f 2135/2135 2162/2162 2163/2163
f 2134/2134 2162/2162 2135/2135
f 2158/2158 2161/2161 2162/2162
f 2161/2161 2164/2164 2162/2162
f 2162/2162 2164/2164 2163/2163
f 2163/2163 2164/2164 2165/2165
f 2159/2159 2167/2167 2160/2160
f 2160/2160 2167/2167 2168/2168
f 2160/2160 2168/2168 2161/2161
f 2161/2161 2168/2168 2169/2169
f 2167/2167 2170/2170 2168/2168
f 2168/2168 2170/2170 2171/2171
f 2168/2168 2171/2171 2169/2169
f 2166/2166 2169/2169 2171/2171
f 2166/2166 2173/2173 2175/2175
f 2172/2172 2175/2175 2173/2173
f 2172/2172 2173/2173 2174/2174
f 2161/2161 2169/2169 2164/2164
f 2164/2164 2169/2169 2175/2175
f 2164/2164 2175/2175 2165/2165
f 2165/2165 2175/2175 2172/2172
f 2166/2166 2175/2175 2169/2169
f 2177/2177 2179/2179 2180/2180
f 2135/2135 2163/2163 2150/2150
f 2150/2150 2163/2163 2178/2178
f 2150/2150 2178/2178 2151/2151
f 2151/2151 2178/2178 2179/2179
f 2163/2163 2165/2165 2178/2178
f 2165/2165 2180/2180 2178/2178
f 2178/2178 2180/2180 2179/2179
f 2153/2153 2179/2179 2181/2181
f 2153/2153 2181/2181 2154/2154
f 2154/2154 2181/2181 2182/2182
f 2177/2177 2181/2181 2179/2179
f 2177/2177 2183/2183 2181/2181
f 2181/2181 2183/2183 2182/2182
f 2182/2182 2183/2183 2184/2184
f 2151/2151 2179/2179 2153/2153
f 2172/2172 2185/2185 2180/2180
f 2177/2177 2180/2180 2185/2185
f 2177/2177 2185/2185 2186/2186
f 2172/2172 2174/2174 2185/2185
f 2174/2174 2187/2187 2185/2185
f 2185/2185 2187/2187 2186/2186
f 2186/2186 2187/2187 2188/2188
f 2165/2165 2172/2172 2180/2180
f 2177/2177 2186/2186 2183/2183
f 2183/2183 2186/2186 2189/2189
f 2184/2184 2189/2189 2190/2190
f 2183/2183 2189/2189 2184/2184
f 2188/2188 2191/2191 2189/2189
f 2186/2186 2188/2188 2189/2189
f 2189/2189 2191/2191 2190/2190
f 2176/2176 2190/2190 2191/2191
f 2351/2351 2354/2354 2352/2352
f 2351/2351 2372/2372 2353/2353
f 2353/2353 2355/2355 2354/2354
f 2351/2351 2353/2353 2354/2354
f 2353/2353 2357/2357 2355/2355
f 2353/2353 2373/2373 2358/2358
f 2356/2356 2357/2357 2358/2358
f 2353/2353 2358/2358 2357/2357
f 2358/2358 2373/2373 2359/2359
f 2358/2358 2359/2359 2360/2360
f 2356/2356 2358/2358 2360/2360
f 2359/2359 2361/2361 2360/2360
f 2359/2359 2362/2362 2363/2363
f 2359/2359 2363/2363 2361/2361
f 2362/2362 2364/2364 2363/2363
f 2145/2145 2146/2146 2365/2365
f 2365/2365 2366/2366 2368/2368
f 2146/2146 2366/2366 2365/2365
f 2367/2367 2371/2371 2368/2368
f 2366/2366 2367/2367 2368/2368
f 2142/2142 2366/2366 2146/2146
f 2142/2142 2369/2369 2366/2366
f 2367/2367 2370/2370 2372/2372
f 2366/2366 2369/2369 2367/2367
f 2367/2367 2369/2369 2370/2370
f 2351/2351 2371/2371 2372/2372
f 2367/2367 2372/2372 2371/2371
f 2353/2353 2372/2372 2373/2373
f 2370/2370 2373/2373 2372/2372
f 2142/2142 2152/2152 2369/2369
f 2152/2152 2374/2374 2369/2369
f 2370/2370 2374/2374 2375/2375
f 2369/2369 2374/2374 2370/2370
f 2152/2152 2154/2154 2374/2374
f 2154/2154 2376/2376 2374/2374
f 2374/2374 2376/2376 2375/2375
f 2375/2375 2376/2376 2377/2377
f 2370/2370 2375/2375 2373/2373
f 2359/2359 2373/2373 2375/2375
f 2359/2359 2375/2375 2377/2377
f 2359/2359 2377/2377 2362/2362
f 2391/2391 2397/2397 2398/2398
f 2362/2362 2387/2387 2364/2364
f 2362/2362 2397/2397 2387/2387
f 2387/2387 2397/2397 2388/2388
f 2388/2388 2397/2397 2389/2389
f 2389/2389 2397/2397 2391/2391
f 2389/2389 2391/2391 2395/2395
f 2391/2391 2398/2398 2392/2392
f 2390/2390 2391/2391 2392/2392
f 2390/2390 2392/2392 2393/2393
f 2176/2176 2392/2392 2190/2190
f 2176/2176 2763/2763 2392/2392
f 2392/2392 2763/2763 2394/2394
f 2392/2392 2394/2394 2393/2393
f 2390/2390 2395/2395 2391/2391
f 2182/2182 2396/2396 2376/2376
f 2154/2154 2182/2182 2376/2376
f 2376/2376 2396/2396 2377/2377
f 2377/2377 2396/2396 2397/2397
f 2182/2182 2184/2184 2396/2396
f 2184/2184 2398/2398 2396/2396
f 2396/2396 2398/2398 2397/2397
f 2362/2362 2377/2377 2397/2397
f 2184/2184 2190/2190 2398/2398
f 2190/2190 2392/2392 2398/2398
f 2566/2566 2567/2567 2591/2591
f 2566/2566 2568/2568 2569/2569
f 2567/2567 2569/2569 2570/2570
f 2566/2566 2569/2569 2567/2567
f 2567/2567 2573/2573 2592/2592
f 2567/2567 2570/2570 2572/2572
f 2571/2571 2573/2573 2572/2572
f 2567/2567 2572/2572 2573/2573
f 2573/2573 2574/2574 2592/2592
f 2574/2574 2578/2578 2575/2575
f 2573/2573 2576/2576 2574/2574
f 2574/2574 2576/2576 2577/2577
f 2571/2571 2576/2576 2573/2573
f 2574/2574 2577/2577 2578/2578
f 2575/2575 2578/2578 2579/2579
f 2170/2170 2580/2580 2171/2171
f 2171/2171 2580/2580 2581/2581
f 2580/2580 2584/2584 2581/2581
f 2166/2166 2171/2171 2581/2581
f 2166/2166 2581/2581 2582/2582
f 2583/2583 2584/2584 2590/2590
f 2581/2581 2584/2584 2583/2583
f 2583/2583 2591/2591 2585/2585
f 2581/2581 2583/2583 2582/2582
f 2582/2582 2583/2583 2585/2585
f 2166/2166 2582/2582 2173/2173
f 2173/2173 2582/2582 2586/2586
f 2173/2173 2586/2586 2174/2174
f 2174/2174 2586/2586 2587/2587
f 2585/2585 2588/2588 2586/2586
f 2582/2582 2585/2585 2586/2586
f 2586/2586 2588/2588 2587/2587
f 2587/2587 2588/2588 2589/2589
f 2583/2583 2590/2590 2591/2591
f 2566/2566 2591/2591 2590/2590
f 2585/2585 2591/2591 2592/2592
f 2567/2567 2592/2592 2591/2591
f 2585/2585 2592/2592 2588/2588
f 2574/2574 2588/2588 2592/2592
f 2574/2574 2589/2589 2588/2588
f 2574/2574 2575/2575 2589/2589
f 2595/2595 2603/2603 2604/2604
f 2176/2176 2191/2191 2593/2593
f 2176/2176 2593/2593 2764/2764
f 2593/2593 2596/2596 2764/2764
f 2593/2593 2603/2603 2595/2595
f 2593/2593 2595/2595 2594/2594
f 2593/2593 2594/2594 2597/2597
f 2593/2593 2597/2597 2596/2596
f 2575/2575 2579/2579 2598/2598
f 2575/2575 2598/2598 2604/2604
f 2598/2598 2599/2599 2604/2604
f 2595/2595 2604/2604 2600/2600
f 2599/2599 2600/2600 2604/2604
f 2595/2595 2600/2600 2601/2601
f 2594/2594 2595/2595 2601/2601
f 2187/2187 2587/2587 2602/2602
f 2174/2174 2587/2587 2187/2187
f 2187/2187 2602/2602 2188/2188
f 2188/2188 2602/2602 2603/2603
f 2587/2587 2589/2589 2602/2602
f 2589/2589 2604/2604 2602/2602
f 2602/2602 2604/2604 2603/2603
f 2188/2188 2603/2603 2191/2191
f 2191/2191 2603/2603 2593/2593
f 2575/2575 2604/2604 2589/2589
f 2176/2176 2764/2764 2763/2763
f 17/17 29/29 604/604
f 20/20 16/16 591/591
f 16/16 17/17 592/592
f 19/19 18/18 593/593
f 683/683 19/19 594/594
f 21/21 20/20 595/595
f 18/18 21/21 596/596
f 30/30 22/22 597/597
f 22/22 23/23 598/598
f 23/23 25/25 600/600
f 26/26 24/24 599/599
f 25/25 26/26 601/601
f 24/24 27/27 602/602
f 27/27 1378/1378 1612/1612
f 29/29 28/28 603/603
f 28/28 30/30 605/605
f 17/17 604/604 592/592
f 20/20 591/591 595/595
f 592/592 591/591 16/16
f 18/18 596/596 593/593
f 19/19 593/593 594/594
f 683/683 594/594 1077/1077
f 21/21 595/595 596/596
f 30/30 597/597 605/605
f 22/22 598/598 597/597
f 23/23 600/600 598/598
f 25/25 601/601 600/600
f 26/26 599/599 601/601
f 602/602 599/599 24/24
f 27/27 1612/1612 602/602
f 28/28 605/605 603/603
f 603/603 604/604 29/29
f 684/684 683/683 1077/1077
f 685/685 684/684 1078/1078
f 686/686 685/685 1079/1079
f 687/687 686/686 1080/1080
f 688/688 687/687 1081/1081
f 689/689 688/688 1082/1082
f 690/690 689/689 1083/1083
f 691/691 690/690 1084/1084
f 692/692 691/691 1085/1085
f 693/693 692/692 1086/1086
f 694/694 693/693 1087/1087
f 695/695 694/694 1088/1088
f 696/696 695/695 1089/1089
f 697/697 696/696 1090/1090
f 698/698 697/697 1091/1091
f 2072/2072 698/698 1092/1092
f 684/684 1077/1077 1078/1078
f 685/685 1078/1078 1079/1079
f 686/686 1079/1079 1080/1080
f 687/687 1080/1080 1081/1081
f 688/688 1081/1081 1082/1082
f 689/689 1082/1082 1083/1083
f 690/690 1083/1083 1084/1084
f 691/691 1084/1084 1085/1085
f 692/692 1085/1085 1086/1086
f 693/693 1086/1086 1087/1087
f 694/694 1087/1087 1088/1088
f 695/695 1088/1088 1089/1089
f 696/696 1089/1089 1090/1090
f 697/697 1090/1090 1091/1091
f 698/698 1091/1091 1092/1092
f 2072/2072 1092/1092 2097/2097
f 1378/1378 1379/1379 1613/1613
f 1379/1379 1380/1380 1614/1614
f 1380/1380 1381/1381 1615/1615
f 1381/1381 1382/1382 1616/1616
f 1382/1382 1383/1383 1617/1617
f 1383/1383 1384/1384 1618/1618
f 1384/1384 1385/1385 1619/1619
f 1385/1385 1386/1386 1620/1620
f 1386/1386 1387/1387 1621/1621
f 1387/1387 1388/1388 1622/1622
f 1388/1388 1389/1389 1623/1623
f 1389/1389 1390/1390 1624/1624
f 1390/1390 1391/1391 1625/1625
f 1391/1391 1392/1392 1626/1626
f 1392/1392 1393/1393 1627/1627
f 1393/1393 2081/2081 2106/2106
f 1378/1378 1613/1613 1612/1612
f 1614/1614 1613/1613 1379/1379
f 1380/1380 1615/1615 1614/1614
f 1381/1381 1616/1616 1615/1615
f 1382/1382 1617/1617 1616/1616
f 1383/1383 1618/1618 1617/1617
f 1619/1619 1618/1618 1384/1384
f 1385/1385 1620/1620 1619/1619
f 1621/1621 1620/1620 1386/1386
f 1387/1387 1622/1622 1621/1621
f 1388/1388 1623/1623 1622/1622
f 1389/1389 1624/1624 1623/1623
f 1390/1390 1625/1625 1624/1624
f 1626/1626 1625/1625 1391/1391
f 1392/1392 1627/1627 1626/1626
f 1393/1393 2106/2106 1627/1627
f 2071/2071 2069/2069 2094/2094
f 2070/2070 2071/2071 2096/2096
f 2073/2073 2072/2072 2097/2097
f 2076/2076 2073/2073 2098/2098
f 2075/2075 2074/2074 2099/2099
f 2074/2074 2076/2076 2101/2101
f 2077/2077 2075/2075 2100/2100
f 2078/2078 2077/2077 2102/2102
f 2069/2069 2078/2078 2103/2103
f 2083/2083 2079/2079 2104/2104
f 2079/2079 2080/2080 2105/2105
f 2081/2081 2082/2082 2107/2107
f 2082/2082 2083/2083 2108/2108
f 2085/2085 2084/2084 2109/2109
f 2080/2080 2085/2085 2110/2110
f 2084/2084 2070/2070 2095/2095
f 2096/2096 2095/2095 2070/2070
f 2071/2071 2094/2094 2096/2096
f 2073/2073 2097/2097 2098/2098
f 2098/2098 2101/2101 2076/2076
f 2074/2074 2101/2101 2099/2099
f 2075/2075 2099/2099 2100/2100
f 2077/2077 2100/2100 2102/2102
f 2078/2078 2102/2102 2103/2103
f 2069/2069 2103/2103 2094/2094
f 2105/2105 2104/2104 2079/2079
f 2081/2081 2107/2107 2106/2106
f 2082/2082 2108/2108 2107/2107
f 2083/2083 2104/2104 2108/2108
f 2109/2109 2110/2110 2085/2085
f 2080/2080 2110/2110 2105/2105
f 2084/2084 2095/2095 2109/2109
f 1/1 2/2 673/673
f 2/2 3/3 672/672
f 7/7 17/17 8/8
f 7/7 11/11 29/29
f 9/9 28/28 11/11
f 9/9 10/10 30/30
f 11/11 28/28 29/29
f 9/9 30/30 28/28
f 12/12 13/13 20/20
f 8/8 16/16 13/13
f 1/1 12/12 21/21
f 12/12 675/675 13/13
f 8/8 13/13 676/676
f 1/1 674/674 12/12
f 7/7 8/8 677/677
f 7/7 678/678 11/11
f 1/1 18/18 2/2
f 2/2 19/19 3/3
f 3/3 683/683 670/670
f 9/9 680/680 10/10
f 10/10 681/681 14/14
f 9/9 11/11 679/679
f 1/1 21/21 18/18
f 2/2 18/18 19/19
f 3/3 19/19 683/683
f 8/8 17/17 16/16
f 13/13 16/16 20/20
f 12/12 20/20 21/21
f 7/7 29/29 17/17
f 10/10 14/14 22/22
f 14/14 15/15 23/23
f 4/4 25/25 15/15
f 4/4 5/5 26/26
f 5/5 6/6 24/24
f 6/6 1365/1365 27/27
f 10/10 22/22 30/30
f 14/14 23/23 22/22
f 15/15 25/25 23/23
f 5/5 24/24 26/26
f 6/6 27/27 24/24
f 1365/1365 1378/1378 27/27
f 4/4 26/26 25/25
f 14/14 682/682 15/15
f 4/4 15/15 699/699
f 4/4 700/700 5/5
f 5/5 701/701 6/6
f 6/6 2086/2086 1365/1365
f 3/3 670/670 671/671
f 3/3 671/671 672/672
f 2/2 672/672 673/673
f 1/1 673/673 674/674
f 12/12 674/674 675/675
f 13/13 675/675 676/676
f 8/8 676/676 677/677
f 7/7 677/677 678/678
f 670/670 684/684 671/671
f 671/671 685/685 672/672
f 672/672 686/686 673/673
f 673/673 687/687 674/674
f 674/674 688/688 675/675
f 675/675 689/689 676/676
f 11/11 678/678 679/679
f 9/9 679/679 680/680
f 10/10 680/680 681/681
f 670/670 683/683 684/684
f 671/671 684/684 685/685
f 672/672 685/685 686/686
f 673/673 686/686 687/687
f 674/674 687/687 688/688
f 675/675 688/688 689/689
f 676/676 689/689 690/690
f 676/676 690/690 677/677
f 677/677 691/691 678/678
f 678/678 692/692 679/679
f 679/679 693/693 680/680
f 677/677 690/690 691/691
f 678/678 691/691 692/692
f 14/14 681/681 682/682
f 15/15 682/682 699/699
f 4/4 699/699 700/700
f 5/5 700/700 701/701
f 6/6 701/701 2086/2086
f 680/680 694/694 681/681
f 681/681 695/695 682/682
f 682/682 696/696 699/699
f 699/699 697/697 700/700
f 700/700 698/698 701/701
f 701/701 2072/2072 2086/2086
f 679/679 692/692 693/693
f 680/680 693/693 694/694
f 681/681 694/694 695/695
f 682/682 695/695 696/696
f 699/699 696/696 697/697
f 700/700 697/697 698/698
f 701/701 698/698 2072/2072
f 1365/1365 1366/1366 1378/1378
f 1366/1366 1367/1367 1379/1379
f 1367/1367 1368/1368 1380/1380
f 1368/1368 1369/1369 1381/1381
f 1369/1369 1370/1370 1382/1382
f 1370/1370 1371/1371 1383/1383
f 1366/1366 1379/1379 1378/1378
f 1367/1367 1380/1380 1379/1379
f 1368/1368 1381/1381 1380/1380
f 1369/1369 1382/1382 1381/1381
f 1370/1370 1383/1383 1382/1382
f 1371/1371 1384/1384 1383/1383
f 1372/1372 1385/1385 1384/1384
f 1365/1365 2087/2087 1366/1366
f 1366/1366 2088/2088 1367/1367
f 1367/1367 2089/2089 1368/1368
f 1368/1368 2060/2060 1369/1369
f 1369/1369 2061/2061 1370/1370
f 1371/1371 1372/1372 1384/1384
f 1372/1372 1373/1373 1385/1385
f 1373/1373 1374/1374 1386/1386
f 1374/1374 1375/1375 1387/1387
f 1373/1373 1386/1386 1385/1385
f 1374/1374 1387/1387 1386/1386
f 1370/1370 2065/2065 1371/1371
f 1371/1371 2066/2066 1372/1372
f 1372/1372 2064/2064 1373/1373
f 1375/1375 1376/1376 1388/1388
f 1376/1376 1377/1377 1389/1389
f 1377/1377 1394/1394 1390/1390
f 1373/1373 2068/2068 1374/1374
f 1374/1374 2067/2067 1375/1375
f 1375/1375 2062/2062 1376/1376
f 1376/1376 2063/2063 1377/1377
f 1377/1377 2093/2093 1394/1394
f 1394/1394 1395/1395 1391/1391
f 1392/1392 1395/1395 1396/1396
f 1396/1396 2090/2090 1393/1393
f 1375/1375 1388/1388 1387/1387
f 1376/1376 1389/1389 1388/1388
f 1377/1377 1390/1390 1389/1389
f 1394/1394 1391/1391 1390/1390
f 1392/1392 1391/1391 1395/1395
f 1392/1392 1396/1396 1393/1393
f 2090/2090 2081/2081 1393/1393
f 1394/1394 2092/2092 1395/1395
f 1395/1395 2091/2091 1396/1396
f 1365/1365 2086/2086 2087/2087
f 1366/1366 2087/2087 2088/2088
f 1367/1367 2088/2088 2089/2089
f 1368/1368 2089/2089 2060/2060
f 1369/1369 2060/2060 2061/2061
f 2086/2086 2073/2073 2087/2087
f 2087/2087 2076/2076 2088/2088
f 2088/2088 2074/2074 2089/2089
f 2060/2060 2089/2089 2075/2075
f 2060/2060 2077/2077 2061/2061
f 2061/2061 2078/2078 2065/2065
f 2089/2089 2074/2074 2075/2075
f 2086/2086 2072/2072 2073/2073
f 2087/2087 2073/2073 2076/2076
f 2088/2088 2076/2076 2074/2074
f 2060/2060 2075/2075 2077/2077
f 2061/2061 2077/2077 2078/2078
f 2065/2065 2078/2078 2069/2069
f 1372/1372 2066/2066 2064/2064
f 1370/1370 2061/2061 2065/2065
f 1371/1371 2065/2065 2066/2066
f 1373/1373 2064/2064 2068/2068
f 1374/1374 2068/2068 2067/2067
f 1377/1377 2063/2063 2093/2093
f 1375/1375 2067/2067 2062/2062
f 1376/1376 2062/2062 2063/2063
f 2090/2090 2091/2091 2081/2081
f 2091/2091 2092/2092 2082/2082
f 2083/2083 2092/2092 2093/2093
f 2063/2063 2079/2079 2093/2093
f 2062/2062 2067/2067 2085/2085
f 2062/2062 2080/2080 2063/2063
f 2068/2068 2070/2070 2084/2084
f 2063/2063 2080/2080 2079/2079
f 2062/2062 2085/2085 2080/2080
f 2067/2067 2084/2084 2085/2085
f 2091/2091 2082/2082 2081/2081
f 2083/2083 2082/2082 2092/2092
f 2083/2083 2093/2093 2079/2079
f 2065/2065 2069/2069 2066/2066
f 2064/2064 2066/2066 2071/2071
f 2064/2064 2070/2070 2068/2068
f 2067/2067 2068/2068 2084/2084
f 2066/2066 2069/2069 2071/2071
f 2064/2064 2071/2071 2070/2070
f 1395/1395 2092/2092 2091/2091
f 1396/1396 2091/2091 2090/2090
f 1394/1394 2093/2093 2092/2092

