# https://github.com/mikedh/trimesh
v -15.46020889 -12.68786526 -1.50000000
v -15.30334568 -12.87663078 -1.50000000
v -15.14417648 -13.06345654 -1.50000000
v -15.60952568 -12.50362968 -1.25000000
v -15.30334568 -12.87663078 -1.25000000
v -15.30834103 -12.87061882 -1.25000000
v -15.28811932 -12.85039711 -1.25000000
v -15.20811939 -12.82896137 -1.25000000
v -15.14417648 -13.06345654 -1.25000000
v -15.10682201 -13.10622787 -1.25000000
v -15.06955528 -13.06896114 -1.25000000
v -15.04811954 -12.98896122 -1.25000000
v -15.12811947 -12.85039711 -1.25000000
v -15.06955528 -12.90896130 -1.25000000
v -16.49178696 -11.31463623 -1.50000000
v -16.35169601 -11.51616383 -1.50000000
v -16.89707184 -10.69995213 -1.50000000
v -17.27945709 -10.07076740 -1.50000000
v -17.02710342 -10.49179363 -1.50000000
v -17.15457153 -10.28205490 -1.50000000
v -16.62939262 -11.11140442 -1.50000000
v -16.76449394 -10.90649986 -1.50000000
v -16.06414986 -11.91398621 -1.50000000
v -15.76692867 -12.30463219 -1.50000000
v -15.91673851 -12.11022091 -1.50000000
v -16.20914459 -11.71595669 -1.50000000
v -15.61474419 -12.49718952 -1.50000000
v -15.26094341 -11.31828690 -1.50000000
v -15.12090111 -11.50471020 -1.50000000
v -15.66719723 -10.74890423 -1.50000000
v -16.05221748 -10.16495514 -1.50000000
v -15.79792309 -10.55583477 -1.50000000
v -15.92626953 -10.36117458 -1.50000000
v -15.53411102 -10.94035530 -1.50000000
v -15.39868641 -11.13015938 -1.50000000
v -16.26033974 -11.61714077 -1.25000000
v -16.27160835 -11.62841034 -1.25000000
v -17.13524818 -10.31385136 -1.25000000
v -16.96902847 -10.58476067 -1.25000000
v -17.02710342 -10.49179363 -1.25000000
v -16.91423988 -10.52997112 -1.25000000
v -16.89280319 -10.44997120 -1.25000000
v -16.91423988 -10.36997128 -1.25000000
v -17.13280296 -10.31140709 -1.25000000
v -17.05280304 -10.28997135 -1.25000000
v -16.97280312 -10.31140709 -1.25000000
v -16.62939262 -11.11140442 -1.25000000
v -16.71623802 -10.97968674 -1.25000000
v -16.70939255 -10.97284031 -1.25000000
v -16.62939262 -10.95140457 -1.25000000
v -16.54115105 -11.24172783 -1.25000000
v -16.49082756 -11.19140434 -1.25000000
v -16.46939278 -11.11140442 -1.25000000
v -16.49082756 -11.03140450 -1.25000000
v -16.54939270 -10.97284031 -1.25000000
v -16.08778191 -11.88171101 -1.25000000
v -15.78633881 -12.24331474 -1.25000000
v -15.80206203 -12.25903797 -1.25000000
v -15.76692867 -12.30463219 -1.25000000
v -15.70633888 -12.22187901 -1.25000000
v -15.62633896 -12.24331474 -1.25000000
v -16.20914459 -11.71595669 -1.25000000
v -16.18033981 -11.59570503 -1.25000000
v -16.10033989 -11.61714077 -1.25000000
v -16.04177666 -11.83570480 -1.25000000
v -16.02033997 -11.75570488 -1.25000000
v -16.04177666 -11.67570496 -1.25000000
v -15.61474419 -12.49718952 -1.25000000
v -15.56777477 -12.46187878 -1.25000000
v -15.54633904 -12.38187885 -1.25000000
v -15.56777477 -12.30187893 -1.25000000
v -15.26094341 -11.31828690 -1.25000000
v -15.12090111 -11.50471020 -1.25000000
v -15.66719723 -10.74890423 -1.25000000
v -16.05221748 -10.16495514 -1.25000000
v -15.79792309 -10.55583477 -1.25000000
v -15.92626953 -10.36117458 -1.25000000
v -15.53411102 -10.94035530 -1.25000000
v -15.39868641 -11.13015938 -1.25000000
v -13.06345654 -15.14417648 -1.50000000
v -12.87663078 -15.30334568 -1.50000000
v -12.68786526 -15.46020889 -1.50000000
v -13.10622787 -15.10682201 -1.25000000
v -13.06345654 -15.14417648 -1.25000000
v -13.06896114 -15.06955528 -1.25000000
v -12.98896122 -15.04811954 -1.25000000
v -12.87663078 -15.30334568 -1.25000000
v -12.87061882 -15.30834103 -1.25000000
v -12.85039711 -15.28811932 -1.25000000
v -12.82896137 -15.20811939 -1.25000000
v -12.90896130 -15.06955528 -1.25000000
v -12.85039711 -15.12811947 -1.25000000
v -12.50362968 -15.60952568 -1.25000000
v -11.51616383 -16.35169601 -1.50000000
v -11.31463623 -16.49178696 -1.50000000
v -12.30463219 -15.76692867 -1.50000000
v -11.91398621 -16.06414986 -1.50000000
v -12.11022091 -15.91673851 -1.50000000
v -12.49718952 -15.61474419 -1.50000000
v -11.71595669 -16.20914459 -1.50000000
v -11.50471020 -15.12090111 -1.50000000
v -11.31828690 -15.26094341 -1.50000000
v -10.69995213 -16.89707184 -1.50000000
v -11.11140442 -16.62939262 -1.50000000
v -10.90649986 -16.76449394 -1.50000000
v -10.49179363 -17.02710342 -1.50000000
v -10.07076740 -17.27945709 -1.50000000
v -10.28205490 -17.15457153 -1.50000000
v -10.74890423 -15.66719723 -1.50000000
v -11.13015938 -15.39868641 -1.50000000
v -10.94035530 -15.53411102 -1.50000000
v -10.55583477 -15.79792309 -1.50000000
v -10.36117458 -15.92626953 -1.50000000
v -10.16495514 -16.05221748 -1.50000000
v -11.61714077 -16.26033974 -1.25000000
v -11.62841034 -16.27160835 -1.25000000
v -12.24331474 -15.78633881 -1.25000000
v -12.25903797 -15.80206203 -1.25000000
v -12.30463219 -15.76692867 -1.25000000
v -12.22187901 -15.70633888 -1.25000000
v -12.24331474 -15.62633896 -1.25000000
v -11.88171101 -16.08778191 -1.25000000
v -12.49718952 -15.61474419 -1.25000000
v -12.46187878 -15.56777477 -1.25000000
v -12.38187885 -15.54633904 -1.25000000
v -12.30187893 -15.56777477 -1.25000000
v -11.83570480 -16.04177666 -1.25000000
v -11.75570488 -16.02033997 -1.25000000
v -11.71595669 -16.20914459 -1.25000000
v -11.59570503 -16.18033981 -1.25000000
v -11.61714077 -16.10033989 -1.25000000
v -11.67570496 -16.04177666 -1.25000000
v -11.50471020 -15.12090111 -1.25000000
v -11.31828690 -15.26094341 -1.25000000
v -11.11140442 -16.62939262 -1.25000000
v -10.97968674 -16.71623802 -1.25000000
v -10.97284031 -16.70939255 -1.25000000
v -10.95140457 -16.62939262 -1.25000000
v -11.24172783 -16.54115105 -1.25000000
v -11.19140434 -16.49082756 -1.25000000
v -11.11140442 -16.46939278 -1.25000000
v -11.03140450 -16.49082756 -1.25000000
v -10.97284031 -16.54939270 -1.25000000
v -10.58476067 -16.96902847 -1.25000000
v -10.49179363 -17.02710342 -1.25000000
v -10.52997112 -16.91423988 -1.25000000
v -10.31385136 -17.13524818 -1.25000000
v -10.44997120 -16.89280319 -1.25000000
v -10.36997128 -16.91423988 -1.25000000
v -10.31140709 -17.13280296 -1.25000000
v -10.28997135 -17.05280304 -1.25000000
v -10.31140709 -16.97280312 -1.25000000
v -10.74890423 -15.66719723 -1.25000000
v -11.13015938 -15.39868641 -1.25000000
v -10.94035530 -15.53411102 -1.25000000
v -10.55583477 -15.79792309 -1.25000000
v -10.36117458 -15.92626953 -1.25000000
v -10.16495514 -16.05221748 -1.25000000
v -14.48494148 -13.79081059 -1.50000000
v -13.79081059 -14.48494148 -1.50000000
v -14.14213562 -14.14213562 -1.50000000
v -14.31461620 -13.96752453 -1.50000000
v -13.96752453 -14.31461620 -1.50000000
v -14.98272800 -13.24831581 -1.50000000
v -14.81902218 -13.43117905 -1.50000000
v -14.65308571 -13.61201954 -1.50000000
v -14.23359108 -12.58589935 -1.50000000
v -14.07807159 -12.75961971 -1.50000000
v -13.92043114 -12.93141937 -1.50000000
v -13.76069450 -13.10127068 -1.50000000
v -13.61201954 -14.65308571 -1.50000000
v -13.43117905 -14.81902218 -1.50000000
v -13.24831581 -14.98272800 -1.50000000
v -13.10127068 -13.76069450 -1.50000000
v -12.93141937 -13.92043114 -1.50000000
v -12.75961971 -14.07807159 -1.50000000
v -12.58589935 -14.23359108 -1.50000000
v -13.59888554 -13.26914883 -1.50000000
v -13.26914883 -13.59888554 -1.50000000
v -13.43502903 -13.43502903 -1.50000000
v -14.14213562 -14.14213562 -1.25000000
v -14.25074673 -14.03218269 -1.25000000
v -14.22213554 -14.00357151 -1.25000000
v -14.14213562 -13.98213577 -1.25000000
v -14.03218269 -14.25074673 -1.25000000
v -14.00357151 -14.22213554 -1.25000000
v -13.98213577 -14.14213562 -1.25000000
v -14.06213570 -14.00357151 -1.25000000
v -14.00357151 -14.06213570 -1.25000000
v -14.79086494 -13.46186543 -1.25000000
v -14.76644993 -13.43745041 -1.25000000
v -14.65308571 -13.61201954 -1.25000000
v -14.58077717 -13.68890667 -1.25000000
v -14.54788589 -13.65601444 -1.25000000
v -14.54788589 -13.49601460 -1.25000000
v -14.52645016 -13.57601452 -1.25000000
v -14.68645000 -13.41601467 -1.25000000
v -14.60645008 -13.43745041 -1.25000000
v -14.23359108 -12.58589935 -1.25000000
v -14.07807159 -12.75961971 -1.25000000
v -13.92043114 -12.93141937 -1.25000000
v -13.76069450 -13.10127068 -1.25000000
v -13.46186543 -14.79086494 -1.25000000
v -13.68890667 -14.58077717 -1.25000000
v -13.61201954 -14.65308571 -1.25000000
v -13.65601444 -14.54788589 -1.25000000
v -13.49601460 -14.54788589 -1.25000000
v -13.57601452 -14.52645016 -1.25000000
v -13.43745041 -14.76644993 -1.25000000
v -13.41601467 -14.68645000 -1.25000000
v -13.43745041 -14.60645008 -1.25000000
v -13.10127068 -13.76069450 -1.25000000
v -12.93141937 -13.92043114 -1.25000000
v -12.75961971 -14.07807159 -1.25000000
v -12.58589935 -14.23359108 -1.25000000
v -13.59888554 -13.26914883 -1.25000000
v -13.26914883 -13.59888554 -1.25000000
v -13.43502903 -13.43502903 -1.25000000
v -12.99051476 -12.67552853 -1.25000000
v -14.53817844 -12.23279953 -1.50000000
v -14.38696766 -12.41028404 -1.50000000
v -14.68719864 -12.05347252 -1.50000000
v -14.97858238 -11.68940067 -1.50000000
v -14.83400726 -11.87233067 -1.50000000
v -14.53817844 -12.23279953 -1.25000000
v -14.38696766 -12.41028404 -1.25000000
v -14.68719864 -12.05347252 -1.25000000
v -14.97858238 -11.68940067 -1.25000000
v -14.83400726 -11.87233067 -1.25000000
v -14.17038059 -11.34119987 -1.25000000
v -14.70979786 -10.63223076 -1.25000000
v -13.59682560 -12.02284622 -1.25000000
v -13.09057045 -10.60940456 -1.25000000
v -12.41028404 -14.38696766 -1.50000000
v -12.23279953 -14.53817844 -1.50000000
v -12.05347252 -14.68719864 -1.50000000
v -11.87233067 -14.83400726 -1.50000000
v -11.68940067 -14.97858238 -1.50000000
v -12.41028404 -14.38696766 -1.25000000
v -12.23279953 -14.53817844 -1.25000000
v -12.05347252 -14.68719864 -1.25000000
v -11.87233067 -14.83400726 -1.25000000
v -11.68940067 -14.97858238 -1.25000000
v -11.68554211 -13.88778591 -1.25000000
v -12.35290813 -13.29767513 -1.25000000
v -10.99002552 -14.44443989 -1.25000000
v -10.26803207 -14.96629620 -1.25000000
v -10.52888203 -13.15542221 -1.25000000
v -12.34522438 -11.46812725 -1.25000000
v -11.46812725 -12.34522438 -1.25000000
v -12.99051476 -12.67552853 -0.55000001
v -14.17038059 -11.34119987 -0.55000001
v -14.70979786 -10.63223076 -0.55000001
v -13.59682560 -12.02284622 -0.55000001
v -13.09057045 -10.60940456 -0.55000001
v -11.68554211 -13.88778591 -0.55000001
v -12.35290813 -13.29767513 -0.55000001
v -10.99002552 -14.44443989 -0.55000001
v -10.26803207 -14.96629620 -0.55000001
v -10.52888203 -13.15542221 -0.55000001
v -12.34522438 -11.46812725 -0.55000001
v -11.46812725 -12.34522438 -0.55000001
v -17.52140236 -9.64367580 -1.50000000
v -17.63842583 -9.42793465 -1.50000000
v -17.97348976 -8.77232456 -1.50000000
v -17.86448669 -8.99222660 -1.50000000
v -17.75279236 -9.21077442 -1.50000000
v -18.18335915 -8.32859135 -1.50000000
v -18.47759056 -7.65366888 -1.50000000
v -18.28419495 -8.10482597 -1.50000000
v -18.38227654 -7.87984085 -1.50000000
v -18.07978630 -8.55110168 -1.50000000
v -17.52140236 -9.64367580 -1.25000000
v -17.52713013 -9.63311386 -1.25000000
v -17.89097214 -8.93879223 -1.25000000
v -17.86448669 -8.99222660 -1.25000000
v -17.82013130 -8.91981030 -1.25000000
v -17.74771881 -9.22040749 -1.25000000
v -17.74013138 -9.21837425 -1.25000000
v -17.75279236 -9.21077442 -1.25000000
v -17.68156624 -9.15981007 -1.25000000
v -17.66012955 -9.07981014 -1.25000000
v -17.74013138 -8.94124603 -1.25000000
v -17.68156624 -8.99981022 -1.25000000
v -18.18335915 -8.32859135 -1.25000000
v -18.22755051 -8.23052788 -1.25000000
v -18.16286278 -8.21319485 -1.25000000
v -18.53631210 -7.50940323 -1.25000000
v -18.47759056 -7.65366888 -1.25000000
v -18.41700554 -7.79743481 -1.25000000
v -18.39759064 -7.79223251 -1.25000000
v -18.33902740 -7.73366880 -1.25000000
v -18.39759064 -7.51510477 -1.25000000
v -18.31759071 -7.65366888 -1.25000000
v -18.33902740 -7.57366848 -1.25000000
v -18.09640884 -8.51538849 -1.25000000
v -18.08286285 -8.51175880 -1.25000000
v -18.02429962 -8.45319462 -1.25000000
v -18.00286293 -8.37319469 -1.25000000
v -18.02429962 -8.29319477 -1.25000000
v -18.08286285 -8.23463058 -1.25000000
v -18.83088112 -6.73779726 -1.50000000
v -18.91214561 -6.50620604 -1.50000000
v -18.99056435 -6.27363491 -1.50000000
v -19.06612015 -6.04011917 -1.50000000
v -19.13880730 -5.80569363 -1.50000000
v -19.27552223 -5.33425522 -1.50000000
v -19.20861053 -5.57039356 -1.50000000
v -19.33952904 -5.09731340 -1.50000000
v -18.65985680 -7.19790077 -1.50000000
v -18.57012177 -7.42634392 -1.50000000
v -18.74678040 -6.96837378 -1.50000000
v -17.55371094 -7.27098513 -1.50000000
v -17.64161491 -7.05502653 -1.50000000
v -17.88933754 -6.40090704 -1.50000000
v -17.72686386 -6.83800554 -1.50000000
v -17.80944061 -6.61995506 -1.50000000
v -18.18186569 -5.51540899 -1.50000000
v -18.31174469 -5.06754255 -1.50000000
v -18.24818039 -5.29187393 -1.50000000
v -18.04103470 -5.95995283 -1.50000000
v -17.96653938 -6.18089533 -1.50000000
v -18.11281395 -5.73811293 -1.50000000
v -18.81675529 -6.77652359 -1.25000000
v -18.76382637 -6.76234102 -1.25000000
v -18.99056435 -6.27363491 -1.25000000
v -18.97246933 -6.32730103 -1.25000000
v -18.94112968 -6.31890392 -1.25000000
v -18.88256645 -6.26033974 -1.25000000
v -19.06612015 -6.04011917 -1.25000000
v -19.06833267 -6.03298759 -1.25000000
v -19.02112961 -6.02033997 -1.25000000
v -18.94112968 -6.04177570 -1.25000000
v -18.86112976 -6.18033981 -1.25000000
v -18.88256645 -6.10033989 -1.25000000
v -19.27552223 -5.33425522 -1.25000000
v -19.20861053 -5.57039356 -1.25000000
v -19.20653152 -5.57740164 -1.25000000
v -19.16910553 -5.56737328 -1.25000000
v -19.11054039 -5.50880909 -1.25000000
v -19.08910561 -5.42880917 -1.25000000
v -19.11054039 -5.34880877 -1.25000000
v -19.29022408 -5.27982712 -1.25000000
v -19.24910545 -5.26880884 -1.25000000
v -19.16910553 -5.29024506 -1.25000000
v -18.47759056 -7.49366856 -1.25000000
v -18.68382645 -7.06090498 -1.25000000
v -18.70916557 -7.06769514 -1.25000000
v -18.74678040 -6.96837378 -1.25000000
v -18.62526321 -7.00234127 -1.25000000
v -18.60382652 -6.92234135 -1.25000000
v -18.68382645 -6.78377724 -1.25000000
v -18.62526321 -6.84234095 -1.25000000
v -17.55371094 -7.27098513 -1.25000000
v -17.64161491 -7.05502653 -1.25000000
v -17.88933754 -6.40090704 -1.25000000
v -17.72686386 -6.83800554 -1.25000000
v -17.80944061 -6.61995506 -1.25000000
v -18.18186569 -5.51540899 -1.25000000
v -18.31174469 -5.06754255 -1.25000000
v -18.24818039 -5.29187393 -1.25000000
v -18.04103470 -5.95995283 -1.25000000
v -17.96653938 -6.18089533 -1.25000000
v -18.11281395 -5.73811293 -1.25000000
v -17.40173912 -9.85796356 -1.50000000
v -16.29684448 -9.76795197 -1.50000000
v -16.41548347 -9.56722927 -1.50000000
v -16.64533234 -9.16149139 -1.50000000
v -16.75650406 -8.95653820 -1.50000000
v -16.86515236 -8.75023556 -1.50000000
v -16.53165245 -9.36506557 -1.50000000
v -16.97126198 -8.54261494 -1.50000000
v -17.07481575 -8.33370876 -1.50000000
v -17.27419090 -7.91216183 -1.50000000
v -17.36998558 -7.69958496 -1.50000000
v -17.17579651 -8.12354660 -1.50000000
v -16.17574883 -9.96720409 -1.50000000
v -17.40173912 -9.85796356 -1.25000000
v -17.36992073 -9.91098881 -1.25000000
v -17.37108994 -9.91130257 -1.25000000
v -17.31135559 -9.85242462 -1.25000000
v -17.28992081 -9.77242470 -1.25000000
v -17.31135559 -9.69242477 -1.25000000
v -17.44992065 -9.61242485 -1.25000000
v -17.36992073 -9.63386059 -1.25000000
v -16.29684448 -9.76795197 -1.25000000
v -16.41548347 -9.56722927 -1.25000000
v -16.64533234 -9.16149139 -1.25000000
v -16.75650406 -8.95653820 -1.25000000
v -16.86515236 -8.75023556 -1.25000000
v -16.53165245 -9.36506557 -1.25000000
v -16.97126198 -8.54261494 -1.25000000
v -17.07481575 -8.33370876 -1.25000000
v -17.27419090 -7.91216183 -1.25000000
v -17.36998558 -7.69958496 -1.25000000
v -17.17579651 -8.12354660 -1.25000000
v -16.50139809 -7.55819654 -1.25000000
v -16.17574883 -9.96720409 -1.25000000
v -15.68110752 -9.13922119 -1.25000000
v -15.21377850 -9.89764881 -1.25000000
v -16.11065865 -8.35877800 -1.25000000
v -15.00406075 -7.66815853 -1.25000000
v -17.46316338 -7.48584890 -1.50000000
v -17.46316338 -7.48584890 -1.25000000
v -16.85238457 -6.73940706 -1.25000000
v -17.16277313 -5.90438175 -1.25000000
v -17.43181419 -5.05513239 -1.25000000
v -15.48706818 -6.63876581 -1.25000000
v -15.89954948 -5.57914114 -1.25000000
v -19.40062523 -4.85960340 -1.50000000
v -19.45879936 -4.62116194 -1.50000000
v -19.51404190 -4.38202477 -1.50000000
v -19.56634712 -4.14222765 -1.50000000
v -19.61570549 -3.90180635 -1.50000000
v -19.70555305 -3.41923785 -1.50000000
v -19.74602890 -3.17716289 -1.50000000
v -19.66210938 -3.66079783 -1.50000000
v -19.78352928 -2.93460941 -1.50000000
v -19.81805229 -2.69161415 -1.50000000
v -18.75872612 -3.01830482 -1.50000000
v -18.79435349 -2.78787899 -1.50000000
v -18.82715034 -2.55703354 -1.50000000
v -18.48585892 -4.39010429 -1.50000000
v -18.37255287 -4.84244776 -1.50000000
v -18.43059349 -4.61662340 -1.50000000
v -18.53833961 -4.16292334 -1.50000000
v -18.58802986 -3.93511605 -1.50000000
v -18.63492012 -3.70671606 -1.50000000
v -18.67900467 -3.47775793 -1.50000000
v -18.72027588 -3.24827600 -1.50000000
v -19.41052437 -4.81902695 -1.25000000
v -19.45879936 -4.62116194 -1.25000000
v -19.48255539 -4.51832771 -1.25000000
v -19.44739914 -4.50890732 -1.25000000
v -19.58456993 -4.05346394 -1.25000000
v -19.53570557 -4.04037046 -1.25000000
v -19.61570549 -3.90180635 -1.25000000
v -19.53570557 -3.76324248 -1.25000000
v -19.47714233 -3.98180652 -1.25000000
v -19.45570564 -3.90180635 -1.25000000
v -19.47714233 -3.82180643 -1.25000000
v -19.36739922 -4.80747128 -1.25000000
v -19.30883408 -4.74890709 -1.25000000
v -19.30883408 -4.58890724 -1.25000000
v -19.28739929 -4.66890717 -1.25000000
v -19.36739922 -4.53034306 -1.25000000
v -19.72851181 -3.28192234 -1.25000000
v -19.74602890 -3.17716289 -1.25000000
v -19.61570549 -3.74180651 -1.25000000
v -19.64500046 -3.74965596 -1.25000000
v -19.67376709 -3.26725340 -1.25000000
v -19.61520195 -3.20868921 -1.25000000
v -19.59376717 -3.12868929 -1.25000000
v -19.77728653 -2.97499132 -1.25000000
v -19.75376701 -2.96868920 -1.25000000
v -19.84215546 -2.50559950 -1.25000000
v -19.61520195 -3.04868937 -1.25000000
v -19.67376709 -2.99012518 -1.25000000
v -18.75872612 -3.01830482 -1.25000000
v -18.79435349 -2.78787899 -1.25000000
v -18.82715034 -2.55703354 -1.25000000
v -18.48585892 -4.39010429 -1.25000000
v -18.37255287 -4.84244776 -1.25000000
v -18.43059349 -4.61662340 -1.25000000
v -18.53833961 -4.16292334 -1.25000000
v -18.58802986 -3.93511605 -1.25000000
v -17.65885925 -4.19370461 -1.25000000
v -18.63492012 -3.70671606 -1.25000000
v -18.67900467 -3.47775793 -1.25000000
v -18.72027588 -3.24827600 -1.25000000
v -17.84336472 -3.32217407 -1.25000000
v -19.84959030 -2.44821358 -1.50000000
v -19.87813950 -2.20444417 -1.50000000
v -19.90369415 -1.96034276 -1.50000000
v -19.92625237 -1.71594620 -1.50000000
v -19.94580841 -1.47129130 -1.50000000
v -18.85711098 -2.32580280 -1.50000000
v -18.88423157 -2.09422183 -1.50000000
v -18.90851021 -1.86232567 -1.50000000
v -18.92993927 -1.63014889 -1.50000000
v -18.94851875 -1.39772666 -1.50000000
v -19.96236229 -1.22641468 -1.50000000
v -19.97590828 -0.98135346 -1.50000000
v -19.98644829 -0.73614448 -1.50000000
v -19.99397659 -0.49082458 -1.50000000
v -19.99849319 -0.24543077 -1.50000000
v -18.96424484 -1.16509402 -1.50000000
v -18.97711372 -0.93228579 -1.50000000
v -18.98712540 -0.69933724 -1.50000000
v -18.99427795 -0.46628335 -1.50000000
v -18.99856949 -0.23315923 -1.50000000
v -19.84959030 -2.44821358 -1.25000000
v -19.86137009 -2.19074798 -1.25000000
v -19.87813950 -2.20444417 -1.25000000
v -19.87907600 -2.19549274 -1.25000000
v -19.78136826 -2.48931193 -1.25000000
v -19.72280502 -2.43074799 -1.25000000
v -19.70136833 -2.35074806 -1.25000000
v -19.78136826 -2.21218395 -1.25000000
v -19.72280502 -2.27074790 -1.25000000
v -19.92535210 -1.72570002 -1.25000000
v -19.92625237 -1.71594620 -1.25000000
v -19.85834694 -1.70774603 -1.25000000
v -19.79978180 -1.64918196 -1.25000000
v -19.77834702 -1.56918192 -1.25000000
v -19.94580841 -1.47129130 -1.25000000
v -19.93834686 -1.40918195 -1.25000000
v -19.94980049 -1.41225088 -1.25000000
v -19.85834694 -1.43061781 -1.25000000
v -19.79978180 -1.48918188 -1.25000000
v -18.85711098 -2.32580280 -1.25000000
v -18.88423157 -2.09422183 -1.25000000
v -18.90851021 -1.86232567 -1.25000000
v -18.92993927 -1.63014889 -1.25000000
v -18.94851875 -1.39772666 -1.25000000
v -19.97754478 -0.94331086 -1.25000000
v -19.90458107 -0.92376035 -1.25000000
v -19.84601593 -0.86519629 -1.25000000
v -19.98644829 -0.73614448 -1.25000000
v -19.98458099 -0.62519634 -1.25000000
v -19.98980904 -0.62659740 -1.25000000
v -19.84601593 -0.70519632 -1.25000000
v -19.90458107 -0.64663225 -1.25000000
v -19.82458115 -0.78519630 -1.25000000
v -19.99901962 -0.15973736 -1.25000000
v -19.92000008 -0.13856407 -1.25000000
v -19.86143684 -0.08000000 -1.25000000
v -18.96424484 -1.16509402 -1.25000000
v -18.97711372 -0.93228579 -1.25000000
v -18.98712540 -0.69933724 -1.25000000
v -18.99427795 -0.46628335 -1.25000000
v -18.99856949 -0.23315923 -1.25000000
v -17.98488235 -2.44263983 -1.25000000
v -18.08307457 -1.55722117 -1.25000000
v -18.13770103 -0.66805112 -1.25000000
v -16.26689720 -4.39438105 -1.25000000
v -16.52623177 -3.28727198 -1.25000000
v -16.71030998 -2.16519308 -1.25000000
v -16.82431412 -0.93003988 -1.25000000
v -14.39930248 -8.75114822 -1.25000000
v -13.77630424 -9.70236778 -1.25000000
v -16.50139809 -7.55819654 -0.55000001
v -15.68110752 -9.13922119 -0.55000001
v -15.21377850 -9.89764881 -0.55000001
v -16.11065865 -8.35877800 -0.55000001
v -15.00406075 -7.66815853 -0.55000001
v -16.85238457 -6.73940706 -0.55000001
v -17.16277313 -5.90438175 -0.55000001
v -17.43181419 -5.05513239 -0.55000001
v -15.48706818 -6.63876581 -0.55000001
v -15.89954948 -5.57914114 -0.55000001
v -17.65885925 -4.19370461 -0.55000001
v -17.84336472 -3.32217407 -0.55000001
v -17.98488235 -2.44263983 -0.55000001
v -18.08307457 -1.55722117 -0.55000001
v -18.13770103 -0.66805112 -0.55000001
v -16.26689720 -4.39438105 -0.55000001
v -16.52623177 -3.28727198 -0.55000001
v -16.71030998 -2.16519308 -0.55000001
v -16.82431412 -0.93003988 -0.55000001
v -14.39930248 -8.75114822 -0.55000001
v -13.77630424 -9.70236778 -0.55000001
v -9.64367580 -17.52140236 -1.50000000
v -9.42793465 -17.63842583 -1.50000000
v -9.21077442 -17.75279236 -1.50000000
v -8.99222660 -17.86448669 -1.50000000
v -8.77232456 -17.97348976 -1.50000000
v -8.32859135 -18.18335915 -1.50000000
v -8.55110168 -18.07978630 -1.50000000
v -8.10482597 -18.28419495 -1.50000000
v -7.87984085 -18.38227654 -1.50000000
v -7.65366888 -18.47759056 -1.50000000
v -9.64367580 -17.52140236 -1.25000000
v -9.63311386 -17.52713013 -1.25000000
v -9.22040749 -17.74771881 -1.25000000
v -9.21837425 -17.74013138 -1.25000000
v -9.21077442 -17.75279236 -1.25000000
v -9.15981007 -17.68156624 -1.25000000
v -9.07981014 -17.66012955 -1.25000000
v -8.99222660 -17.86448669 -1.25000000
v -8.93879223 -17.89097214 -1.25000000
v -8.91981030 -17.82013130 -1.25000000
v -8.99981022 -17.68156624 -1.25000000
v -8.94124603 -17.74013138 -1.25000000
v -8.32859135 -18.18335915 -1.25000000
v -8.23052788 -18.22755051 -1.25000000
v -8.21319485 -18.16286278 -1.25000000
v -8.51538849 -18.09640884 -1.25000000
v -8.51175880 -18.08286285 -1.25000000
v -8.45319462 -18.02429962 -1.25000000
v -8.37319469 -18.00286293 -1.25000000
v -8.29319477 -18.02429962 -1.25000000
v -8.23463058 -18.08286285 -1.25000000
v -7.65366888 -18.47759056 -1.25000000
v -7.50940323 -18.53631210 -1.25000000
v -7.79743481 -18.41700554 -1.25000000
v -7.79223251 -18.39759064 -1.25000000
v -7.73366880 -18.33902740 -1.25000000
v -7.65366888 -18.31759071 -1.25000000
v -7.51510477 -18.39759064 -1.25000000
v -7.57366848 -18.33902740 -1.25000000
v -9.85796356 -17.40173912 -1.50000000
v -9.76795197 -16.29684448 -1.50000000
v -9.56722927 -16.41548347 -1.50000000
v -9.16149139 -16.64533234 -1.50000000
v -9.36506557 -16.53165245 -1.50000000
v -8.95653820 -16.75650406 -1.50000000
v -8.75023556 -16.86515236 -1.50000000
v -9.96720409 -16.17574883 -1.50000000
v -8.54261494 -16.97126198 -1.50000000
v -8.33370876 -17.07481575 -1.50000000
v -7.91216183 -17.27419090 -1.50000000
v -8.12354660 -17.17579651 -1.50000000
v -7.69958496 -17.36998558 -1.50000000
v -9.91098881 -17.36992073 -1.25000000
v -9.91130257 -17.37108994 -1.25000000
v -9.85796356 -17.40173912 -1.25000000
v -9.85242462 -17.31135559 -1.25000000
v -9.77242470 -17.28992081 -1.25000000
v -9.69242477 -17.31135559 -1.25000000
v -9.61242485 -17.44992065 -1.25000000
v -9.63386059 -17.36992073 -1.25000000
v -9.76795197 -16.29684448 -1.25000000
v -9.56722927 -16.41548347 -1.25000000
v -9.16149139 -16.64533234 -1.25000000
v -9.36506557 -16.53165245 -1.25000000
v -8.95653820 -16.75650406 -1.25000000
v -8.75023556 -16.86515236 -1.25000000
v -9.96720409 -16.17574883 -1.25000000
v -9.52130318 -15.45209694 -1.25000000
v -8.75163555 -15.90067196 -1.25000000
v -8.54261494 -16.97126198 -1.25000000
v -8.33370876 -17.07481575 -1.25000000
v -7.91216183 -17.27419090 -1.25000000
v -8.12354660 -17.17579651 -1.25000000
v -7.69958496 -17.36998558 -1.25000000
v -7.96088457 -16.31094170 -1.25000000
v -7.62520361 -15.02584839 -1.25000000
v -6.73779726 -18.83088112 -1.50000000
v -6.50620604 -18.91214561 -1.50000000
v -6.27363491 -18.99056435 -1.50000000
v -7.42634392 -18.57012177 -1.50000000
v -7.19790077 -18.65985680 -1.50000000
v -6.96837378 -18.74678040 -1.50000000
v -7.27098513 -17.55371094 -1.50000000
v -7.05502653 -17.64161491 -1.50000000
v -6.83800554 -17.72686386 -1.50000000
v -6.61995506 -17.80944061 -1.50000000
v -6.40090704 -17.88933754 -1.50000000
v -6.04011917 -19.06612015 -1.50000000
v -5.80569363 -19.13880730 -1.50000000
v -5.57039356 -19.20861053 -1.50000000
v -5.33425522 -19.27552223 -1.50000000
v -5.09731340 -19.33952904 -1.50000000
v -6.18089533 -17.96653938 -1.50000000
v -5.95995283 -18.04103470 -1.50000000
v -5.73811293 -18.11281395 -1.50000000
v -5.51540899 -18.18186569 -1.50000000
v -5.29187393 -18.24818039 -1.50000000
v -5.06754255 -18.31174469 -1.50000000
v -6.77652359 -18.81675529 -1.25000000
v -6.76234102 -18.76382637 -1.25000000
v -6.27363491 -18.99056435 -1.25000000
v -6.32730103 -18.97246933 -1.25000000
v -6.31890392 -18.94112968 -1.25000000
v -6.26033974 -18.88256645 -1.25000000
v -7.49366856 -18.47759056 -1.25000000
v -7.06090498 -18.68382645 -1.25000000
v -7.06769514 -18.70916557 -1.25000000
v -6.96837378 -18.74678040 -1.25000000
v -7.00234127 -18.62526321 -1.25000000
v -6.92234135 -18.60382652 -1.25000000
v -7.27098513 -17.55371094 -1.25000000
v -7.05502653 -17.64161491 -1.25000000
v -6.84234095 -18.62526321 -1.25000000
v -6.78377724 -18.68382645 -1.25000000
v -6.83800554 -17.72686386 -1.25000000
v -6.61995506 -17.80944061 -1.25000000
v -6.40090704 -17.88933754 -1.25000000
v -6.04011917 -19.06612015 -1.25000000
v -6.03298759 -19.06833267 -1.25000000
v -6.18033981 -18.86112976 -1.25000000
v -6.10033989 -18.88256645 -1.25000000
v -6.02033997 -19.02112961 -1.25000000
v -6.04177570 -18.94112968 -1.25000000
v -5.57039356 -19.20861053 -1.25000000
v -5.57740164 -19.20653152 -1.25000000
v -5.56737328 -19.16910553 -1.25000000
v -5.50880909 -19.11054039 -1.25000000
v -5.33425522 -19.27552223 -1.25000000
v -5.42880917 -19.08910561 -1.25000000
v -5.34880877 -19.11054039 -1.25000000
v -5.27982712 -19.29022408 -1.25000000
v -5.26880884 -19.24910545 -1.25000000
v -5.29024506 -19.16910553 -1.25000000
v -6.18089533 -17.96653938 -1.25000000
v -5.95995283 -18.04103470 -1.25000000
v -5.73811293 -18.11281395 -1.25000000
v -5.51540899 -18.18186569 -1.25000000
v -5.29187393 -18.24818039 -1.25000000
v -5.06754255 -18.31174469 -1.25000000
v -7.48584890 -17.46316338 -1.50000000
v -7.48584890 -17.46316338 -1.25000000
v -7.15095568 -16.68191719 -1.25000000
v -6.32379913 -17.01270294 -1.25000000
v -6.33562136 -15.61348248 -1.25000000
v -5.48140812 -17.30250549 -1.25000000
v -5.77383327 -15.82988834 -1.25000000
v -9.61765575 -13.83557701 -1.25000000
v -8.66263103 -14.45272732 -1.25000000
v -7.53380299 -12.39680004 -1.25000000
v -7.40826273 -10.42863560 -1.25000000
v -6.23534012 -12.46003437 -1.25000000
v -4.85960340 -19.40062523 -1.50000000
v -4.62116194 -19.45879936 -1.50000000
v -4.38202477 -19.51404190 -1.50000000
v -4.14222765 -19.56634712 -1.50000000
v -3.90180635 -19.61570549 -1.50000000
v -4.84244776 -18.37255287 -1.50000000
v -4.39010429 -18.48585892 -1.50000000
v -4.61662340 -18.43059349 -1.50000000
v -4.16292334 -18.53833961 -1.50000000
v -3.93511605 -18.58802986 -1.50000000
v -3.66079783 -19.66210938 -1.50000000
v -3.41923785 -19.70555305 -1.50000000
v -3.17716289 -19.74602890 -1.50000000
v -2.93460941 -19.78352928 -1.50000000
v -2.69161415 -19.81805229 -1.50000000
v -3.01830482 -18.75872612 -1.50000000
v -2.78787899 -18.79435349 -1.50000000
v -2.55703354 -18.82715034 -1.50000000
v -3.70671606 -18.63492012 -1.50000000
v -3.47775793 -18.67900467 -1.50000000
v -3.24827600 -18.72027588 -1.50000000
v -4.81902695 -19.41052437 -1.25000000
v -4.62116194 -19.45879936 -1.25000000
v -4.51832771 -19.48255539 -1.25000000
v -4.50890732 -19.44739914 -1.25000000
v -4.80747128 -19.36739922 -1.25000000
v -4.74890709 -19.30883408 -1.25000000
v -4.66890717 -19.28739929 -1.25000000
v -4.58890724 -19.30883408 -1.25000000
v -4.53034306 -19.36739922 -1.25000000
v -4.05346394 -19.58456993 -1.25000000
v -4.04037046 -19.53570557 -1.25000000
v -3.98180652 -19.47714233 -1.25000000
v -3.90180635 -19.61570549 -1.25000000
v -3.76324248 -19.53570557 -1.25000000
v -3.90180635 -19.45570564 -1.25000000
v -3.82180643 -19.47714233 -1.25000000
v -4.84244776 -18.37255287 -1.25000000
v -4.39010429 -18.48585892 -1.25000000
v -4.61662340 -18.43059349 -1.25000000
v -4.62581158 -17.55062294 -1.25000000
v -4.16292334 -18.53833961 -1.25000000
v -3.93511605 -18.58802986 -1.25000000
v -3.75907159 -17.75646019 -1.25000000
v -3.74180651 -19.61570549 -1.25000000
v -3.74965596 -19.64500046 -1.25000000
v -3.28192234 -19.72851181 -1.25000000
v -3.17716289 -19.74602890 -1.25000000
v -3.26725340 -19.67376709 -1.25000000
v -3.20868921 -19.61520195 -1.25000000
v -3.12868929 -19.59376717 -1.25000000
v -2.97499132 -19.77728653 -1.25000000
v -2.96868920 -19.75376701 -1.25000000
v -3.04868937 -19.61520195 -1.25000000
v -2.99012518 -19.67376709 -1.25000000
v -2.50559950 -19.84215546 -1.25000000
v -3.01830482 -18.75872612 -1.25000000
v -2.78787899 -18.79435349 -1.25000000
v -2.55703354 -18.82715034 -1.25000000
v -3.70671606 -18.63492012 -1.25000000
v -3.47775793 -18.67900467 -1.25000000
v -3.24827600 -18.72027588 -1.25000000
v -2.88327527 -17.91952133 -1.25000000
v -4.29448652 -16.29355431 -1.25000000
v -2.77878618 -16.61929131 -1.25000000
v -2.44821358 -19.84959030 -1.50000000
v -2.20444417 -19.87813950 -1.50000000
v -1.96034276 -19.90369415 -1.50000000
v -2.32580280 -18.85711098 -1.50000000
v -2.09422183 -18.88423157 -1.50000000
v -1.71594620 -19.92625237 -1.50000000
v -1.47129130 -19.94580841 -1.50000000
v -1.86232567 -18.90851021 -1.50000000
v -1.63014889 -18.92993927 -1.50000000
v -1.39772666 -18.94851875 -1.50000000
v -1.22641468 -19.96236229 -1.50000000
v -0.98135346 -19.97590828 -1.50000000
v -0.73614448 -19.98644829 -1.50000000
v -1.16509402 -18.96424484 -1.50000000
v -0.93228579 -18.97711372 -1.50000000
v -0.69933724 -18.98712540 -1.50000000
v -0.49082458 -19.99397659 -1.50000000
v -0.24543077 -19.99849319 -1.50000000
v -0.46628335 -18.99427795 -1.50000000
v -0.23315923 -18.99856949 -1.50000000
v -2.44821358 -19.84959030 -1.25000000
v -2.48931193 -19.78136826 -1.25000000
v -2.43074799 -19.72280502 -1.25000000
v -2.35074806 -19.70136833 -1.25000000
v -2.19074798 -19.86137009 -1.25000000
v -2.20444417 -19.87813950 -1.25000000
v -2.19549274 -19.87907600 -1.25000000
v -2.27074790 -19.72280502 -1.25000000
v -2.21218395 -19.78136826 -1.25000000
v -2.32580280 -18.85711098 -1.25000000
v -2.09422183 -18.88423157 -1.25000000
v -1.72570002 -19.92535210 -1.25000000
v -1.71594620 -19.92625237 -1.25000000
v -1.70774603 -19.85834694 -1.25000000
v -1.64918196 -19.79978180 -1.25000000
v -1.56918192 -19.77834702 -1.25000000
v -1.47129130 -19.94580841 -1.25000000
v -1.40918195 -19.93834686 -1.25000000
v -1.41225088 -19.94980049 -1.25000000
v -1.43061781 -19.85834694 -1.25000000
v -1.48918188 -19.79978180 -1.25000000
v -1.86232567 -18.90851021 -1.25000000
v -1.63014889 -18.92993927 -1.25000000
v -1.39772666 -18.94851875 -1.25000000
v -2.00053310 -18.03941154 -1.25000000
v -0.94331086 -19.97754478 -1.25000000
v -0.92376035 -19.90458107 -1.25000000
v -0.86519629 -19.84601593 -1.25000000
v -0.78519630 -19.82458115 -1.25000000
v -0.73614448 -19.98644829 -1.25000000
v -0.70519632 -19.84601593 -1.25000000
v -0.62519634 -19.98458099 -1.25000000
v -0.62659740 -19.98980904 -1.25000000
v -0.64663225 -19.90458107 -1.25000000
v -1.16509402 -18.96424484 -1.25000000
v -0.93228579 -18.97711372 -1.25000000
v -0.69933724 -18.98712540 -1.25000000
v -0.15973736 -19.99901962 -1.25000000
v -0.13856407 -19.92000008 -1.25000000
v -0.08000000 -19.86143684 -1.25000000
v -0.00000000 -20.00000000 -1.25000000
v -0.00000000 -19.84000015 -1.25000000
v -0.46628335 -18.99427795 -1.25000000
v -0.23315923 -18.99856949 -1.25000000
v -1.11297131 -18.11584282 -1.25000000
v -0.22272842 -18.14863396 -1.25000000
v -1.23956287 -16.80434418 -1.25000000
v -9.52130318 -15.45209694 -0.55000001
v -8.75163555 -15.90067196 -0.55000001
v -7.96088457 -16.31094170 -0.55000001
v -7.62520361 -15.02584839 -0.55000001
v -7.15095568 -16.68191719 -0.55000001
v -6.32379913 -17.01270294 -0.55000001
v -6.33562136 -15.61348248 -0.55000001
v -5.48140812 -17.30250549 -0.55000001
v -5.77383327 -15.82988834 -0.55000001
v -9.61765575 -13.83557701 -0.55000001
v -8.66263103 -14.45272732 -0.55000001
v -7.53380299 -12.39680004 -0.55000001
v -7.40826273 -10.42863560 -0.55000001
v -6.23534012 -12.46003437 -0.55000001
v -4.62581158 -17.55062294 -0.55000001
v -3.75907159 -17.75646019 -0.55000001
v -2.88327527 -17.91952133 -0.55000001
v -4.29448652 -16.29355431 -0.55000001
v -2.77878618 -16.61929131 -0.55000001
v -2.00053310 -18.03941154 -0.55000001
v -1.11297131 -18.11584282 -0.55000001
v -0.22272842 -18.14863396 -0.55000001
v -1.23956287 -16.80434418 -0.55000001
v -7.17397499 -8.05983448 -1.25000000
v -6.03135824 -9.59220600 -1.25000000
v -6.91522408 -6.23431253 -1.25000000
v -5.76538658 -7.31741047 -1.25000000
v -5.39978027 -5.16518116 -1.25000000
v -6.58383942 -4.47378063 -1.25000000
v -6.17791939 -2.81117630 -1.25000000
v -5.68431377 -1.22862637 -1.25000000
v -5.21917057 -0.02593786 -1.25000000
v -4.92350817 -3.15246654 -1.25000000
v -4.45588350 -1.65406156 -1.25000000
v -3.96125746 -1.48850095 -1.25000000
v -4.29416513 -1.21236706 -1.25000000
v -3.52956200 -1.77037549 -1.25000000
v -3.07880425 -1.98188102 -1.25000000
v -2.64081740 -2.11045527 -1.25000000
v -3.55076194 -0.12442127 -1.25000000
v -2.76040721 -0.70543730 -1.25000000
v -3.04304194 -0.54557133 -1.25000000
v -2.25544572 -2.16073489 -1.25000000
v -1.81306219 -2.14178777 -1.25000000
v -1.46310568 -2.06222630 -1.25000000
v -2.49399281 -0.80806565 -1.25000000
v -2.25151896 -0.85734570 -1.25000000
v -2.03742337 -0.85953343 -1.25000000
v -1.84990311 -0.82096398 -1.25000000
v -1.65021694 -0.72322196 -1.25000000
v -1.51285231 -0.49123192 -1.25000000
v -1.39378798 -0.15748605 -1.25000000
v -1.12745106 -1.92273748 -1.25000000
v -0.72561145 -1.64435959 -1.25000000
v -0.50985444 -1.35968316 -1.25000000
v -0.32951126 -1.02962756 -1.25000000
v -0.20174608 -0.70625740 -1.25000000
v -0.08576954 -0.27126136 -1.25000000
v -7.17397499 -8.05983448 -0.55000001
v -6.03135824 -9.59220600 -0.55000001
v -6.91522408 -6.23431253 -0.55000001
v -5.76538658 -7.31741047 -0.55000001
v -5.39978027 -5.16518116 -0.55000001
v -6.58383942 -4.47378063 -0.55000001
v -6.17791939 -2.81117630 -0.55000001
v -5.68431377 -1.22862637 -0.55000001
v -5.21917057 -0.02593786 -0.55000001
v -4.92350817 -3.15246654 -0.55000001
v -4.45588350 -1.65406156 -0.55000001
v -3.96125746 -1.48850095 -0.55000001
v -4.29416513 -1.21236706 -0.55000001
v -3.52956200 -1.77037549 -0.55000001
v -3.07880425 -1.98188102 -0.55000001
v -2.64081740 -2.11045527 -0.55000001
v -3.55076194 -0.12442127 -0.55000001
v -2.76040721 -0.70543730 -0.55000001
v -3.04304194 -0.54557133 -0.55000001
v -2.25544572 -2.16073489 -0.55000001
v -1.81306219 -2.14178777 -0.55000001
v -1.46310568 -2.06222630 -0.55000001
v -2.49399281 -0.80806565 -0.55000001
v -2.25151896 -0.85734570 -0.55000001
v -2.03742337 -0.85953343 -0.55000001
v -1.84990311 -0.82096398 -0.55000001
v -1.65021694 -0.72322196 -0.55000001
v -1.51285231 -0.49123192 -0.55000001
v -1.39378798 -0.15748605 -0.55000001
v -1.12745106 -1.92273748 -0.55000001
v -0.72561145 -1.64435959 -0.55000001
v -0.50985444 -1.35968316 -0.55000001
v -0.32951126 -1.02962756 -0.55000001
v -0.20174608 -0.70625740 -0.55000001
v -0.08576954 -0.27126136 -0.55000001
v -12.67552853 -12.99051476 0.55000001
v -13.88778591 -11.68554211 0.55000001
v -14.44443989 -10.99002552 0.55000001
v -14.96629620 -10.26803207 0.55000001
v -13.29767513 -12.35290813 0.55000001
v -12.82626057 -10.92746735 0.55000001
v -11.34119987 -14.17038059 0.55000001
v -12.02284622 -13.59682560 0.55000001
v -10.63223076 -14.70979786 0.55000001
v -11.23894882 -12.55422401 0.55000001
v -10.28495026 -13.34699631 0.55000001
v -12.06006432 -11.76764011 0.55000001
v -15.60952568 -12.50362968 1.25000000
v -15.30334568 -12.87663078 1.25000000
v -15.30834103 -12.87061882 1.25000000
v -15.28811932 -12.85039711 1.25000000
v -15.20811939 -12.82896137 1.25000000
v -15.14417648 -13.06345654 1.25000000
v -15.10682201 -13.10622787 1.25000000
v -15.06955528 -13.06896114 1.25000000
v -15.04811954 -12.98896122 1.25000000
v -15.12811947 -12.85039711 1.25000000
v -15.06955528 -12.90896130 1.25000000
v -15.46020889 -12.68786526 1.50000000
v -15.30334568 -12.87663078 1.50000000
v -15.14417648 -13.06345654 1.50000000
v -16.26033974 -11.61714077 1.25000000
v -16.27160835 -11.62841034 1.25000000
v -17.13524818 -10.31385136 1.25000000
v -16.96902847 -10.58476067 1.25000000
v -17.02710342 -10.49179363 1.25000000
v -16.91423988 -10.52997112 1.25000000
v -16.89280319 -10.44997120 1.25000000
v -16.91423988 -10.36997128 1.25000000
v -17.13280296 -10.31140709 1.25000000
v -17.05280304 -10.28997135 1.25000000
v -16.97280312 -10.31140709 1.25000000
v -16.62939262 -11.11140442 1.25000000
v -16.71623802 -10.97968674 1.25000000
v -16.70939255 -10.97284031 1.25000000
v -16.62939262 -10.95140457 1.25000000
v -16.54115105 -11.24172783 1.25000000
v -16.49082756 -11.19140434 1.25000000
v -16.46939278 -11.11140442 1.25000000
v -16.49082756 -11.03140450 1.25000000
v -16.54939270 -10.97284031 1.25000000
v -16.08778191 -11.88171101 1.25000000
v -15.78633881 -12.24331474 1.25000000
v -15.80206203 -12.25903797 1.25000000
v -15.76692867 -12.30463219 1.25000000
v -15.70633888 -12.22187901 1.25000000
v -15.62633896 -12.24331474 1.25000000
v -16.20914459 -11.71595669 1.25000000
v -16.18033981 -11.59570503 1.25000000
v -16.10033989 -11.61714077 1.25000000
v -16.04177666 -11.83570480 1.25000000
v -16.02033997 -11.75570488 1.25000000
v -16.04177666 -11.67570496 1.25000000
v -15.61474419 -12.49718952 1.25000000
v -15.56777477 -12.46187878 1.25000000
v -15.54633904 -12.38187885 1.25000000
v -15.56777477 -12.30187893 1.25000000
v -15.26094341 -11.31828690 1.25000000
v -15.12090111 -11.50471020 1.25000000
v -15.66719723 -10.74890423 1.25000000
v -16.05221748 -10.16495514 1.25000000
v -15.79792309 -10.55583477 1.25000000
v -15.92626953 -10.36117458 1.25000000
v -15.53411102 -10.94035530 1.25000000
v -15.39868641 -11.13015938 1.25000000
v -16.49178696 -11.31463623 1.50000000
v -16.35169601 -11.51616383 1.50000000
v -16.89707184 -10.69995213 1.50000000
v -17.27945709 -10.07076740 1.50000000
v -17.02710342 -10.49179363 1.50000000
v -17.15457153 -10.28205490 1.50000000
v -16.62939262 -11.11140442 1.50000000
v -16.76449394 -10.90649986 1.50000000
v -16.06414986 -11.91398621 1.50000000
v -15.76692867 -12.30463219 1.50000000
v -15.91673851 -12.11022091 1.50000000
v -16.20914459 -11.71595669 1.50000000
v -15.61474419 -12.49718952 1.50000000
v -15.26094341 -11.31828690 1.50000000
v -15.12090111 -11.50471020 1.50000000
v -15.66719723 -10.74890423 1.50000000
v -16.05221748 -10.16495514 1.50000000
v -15.79792309 -10.55583477 1.50000000
v -15.92626953 -10.36117458 1.50000000
v -15.53411102 -10.94035530 1.50000000
v -15.39868641 -11.13015938 1.50000000
v -13.10622787 -15.10682201 1.25000000
v -13.06345654 -15.14417648 1.25000000
v -13.06896114 -15.06955528 1.25000000
v -12.98896122 -15.04811954 1.25000000
v -12.87663078 -15.30334568 1.25000000
v -12.87061882 -15.30834103 1.25000000
v -12.85039711 -15.28811932 1.25000000
v -12.82896137 -15.20811939 1.25000000
v -12.90896130 -15.06955528 1.25000000
v -12.85039711 -15.12811947 1.25000000
v -12.50362968 -15.60952568 1.25000000
v -13.06345654 -15.14417648 1.50000000
v -12.87663078 -15.30334568 1.50000000
v -12.68786526 -15.46020889 1.50000000
v -11.61714077 -16.26033974 1.25000000
v -11.62841034 -16.27160835 1.25000000
v -12.24331474 -15.78633881 1.25000000
v -12.25903797 -15.80206203 1.25000000
v -12.30463219 -15.76692867 1.25000000
v -12.22187901 -15.70633888 1.25000000
v -12.24331474 -15.62633896 1.25000000
v -11.88171101 -16.08778191 1.25000000
v -12.49718952 -15.61474419 1.25000000
v -12.46187878 -15.56777477 1.25000000
v -12.38187885 -15.54633904 1.25000000
v -12.30187893 -15.56777477 1.25000000
v -11.83570480 -16.04177666 1.25000000
v -11.75570488 -16.02033997 1.25000000
v -11.71595669 -16.20914459 1.25000000
v -11.59570503 -16.18033981 1.25000000
v -11.61714077 -16.10033989 1.25000000
v -11.67570496 -16.04177666 1.25000000
v -11.50471020 -15.12090111 1.25000000
v -11.31828690 -15.26094341 1.25000000
v -11.11140442 -16.62939262 1.25000000
v -10.97968674 -16.71623802 1.25000000
v -10.97284031 -16.70939255 1.25000000
v -10.95140457 -16.62939262 1.25000000
v -11.24172783 -16.54115105 1.25000000
v -11.19140434 -16.49082756 1.25000000
v -11.11140442 -16.46939278 1.25000000
v -11.03140450 -16.49082756 1.25000000
v -10.97284031 -16.54939270 1.25000000
v -10.58476067 -16.96902847 1.25000000
v -10.49179363 -17.02710342 1.25000000
v -10.52997112 -16.91423988 1.25000000
v -10.31385136 -17.13524818 1.25000000
v -10.44997120 -16.89280319 1.25000000
v -10.36997128 -16.91423988 1.25000000
v -10.31140709 -17.13280296 1.25000000
v -10.28997135 -17.05280304 1.25000000
v -10.31140709 -16.97280312 1.25000000
v -10.74890423 -15.66719723 1.25000000
v -11.13015938 -15.39868641 1.25000000
v -10.94035530 -15.53411102 1.25000000
v -10.55583477 -15.79792309 1.25000000
v -10.36117458 -15.92626953 1.25000000
v -10.16495514 -16.05221748 1.25000000
v -11.51616383 -16.35169601 1.50000000
v -11.31463623 -16.49178696 1.50000000
v -12.30463219 -15.76692867 1.50000000
v -11.91398621 -16.06414986 1.50000000
v -12.11022091 -15.91673851 1.50000000
v -12.49718952 -15.61474419 1.50000000
v -11.71595669 -16.20914459 1.50000000
v -11.50471020 -15.12090111 1.50000000
v -11.31828690 -15.26094341 1.50000000
v -10.69995213 -16.89707184 1.50000000
v -11.11140442 -16.62939262 1.50000000
v -10.90649986 -16.76449394 1.50000000
v -10.49179363 -17.02710342 1.50000000
v -10.07076740 -17.27945709 1.50000000
v -10.28205490 -17.15457153 1.50000000
v -10.74890423 -15.66719723 1.50000000
v -11.13015938 -15.39868641 1.50000000
v -10.94035530 -15.53411102 1.50000000
v -10.55583477 -15.79792309 1.50000000
v -10.36117458 -15.92626953 1.50000000
v -10.16495514 -16.05221748 1.50000000
v -14.14213562 -14.14213562 1.25000000
v -14.25074673 -14.03218269 1.25000000
v -14.22213554 -14.00357151 1.25000000
v -14.14213562 -13.98213577 1.25000000
v -14.03218269 -14.25074673 1.25000000
v -14.00357151 -14.22213554 1.25000000
v -13.98213577 -14.14213562 1.25000000
v -14.06213570 -14.00357151 1.25000000
v -14.00357151 -14.06213570 1.25000000
v -14.79086494 -13.46186543 1.25000000
v -14.76644993 -13.43745041 1.25000000
v -14.65308571 -13.61201954 1.25000000
v -14.58077717 -13.68890667 1.25000000
v -14.54788589 -13.65601444 1.25000000
v -14.54788589 -13.49601460 1.25000000
v -14.52645016 -13.57601452 1.25000000
v -14.68645000 -13.41601467 1.25000000
v -14.60645008 -13.43745041 1.25000000
v -14.23359108 -12.58589935 1.25000000
v -14.07807159 -12.75961971 1.25000000
v -13.92043114 -12.93141937 1.25000000
v -13.76069450 -13.10127068 1.25000000
v -13.46186543 -14.79086494 1.25000000
v -13.68890667 -14.58077717 1.25000000
v -13.61201954 -14.65308571 1.25000000
v -13.65601444 -14.54788589 1.25000000
v -13.49601460 -14.54788589 1.25000000
v -13.57601452 -14.52645016 1.25000000
v -13.43745041 -14.76644993 1.25000000
v -13.41601467 -14.68645000 1.25000000
v -13.43745041 -14.60645008 1.25000000
v -13.10127068 -13.76069450 1.25000000
v -12.93141937 -13.92043114 1.25000000
v -12.75961971 -14.07807159 1.25000000
v -12.58589935 -14.23359108 1.25000000
v -13.59888554 -13.26914883 1.25000000
v -13.26914883 -13.59888554 1.25000000
v -13.43502903 -13.43502903 1.25000000
v -12.67552853 -12.99051476 1.25000000
v -14.48494148 -13.79081059 1.50000000
v -13.79081059 -14.48494148 1.50000000
v -14.14213562 -14.14213562 1.50000000
v -14.31461620 -13.96752453 1.50000000
v -13.96752453 -14.31461620 1.50000000
v -14.98272800 -13.24831581 1.50000000
v -14.81902218 -13.43117905 1.50000000
v -14.65308571 -13.61201954 1.50000000
v -14.23359108 -12.58589935 1.50000000
v -14.07807159 -12.75961971 1.50000000
v -13.92043114 -12.93141937 1.50000000
v -13.76069450 -13.10127068 1.50000000
v -13.61201954 -14.65308571 1.50000000
v -13.43117905 -14.81902218 1.50000000
v -13.24831581 -14.98272800 1.50000000
v -13.10127068 -13.76069450 1.50000000
v -12.93141937 -13.92043114 1.50000000
v -12.75961971 -14.07807159 1.50000000
v -12.58589935 -14.23359108 1.50000000
v -13.59888554 -13.26914883 1.50000000
v -13.26914883 -13.59888554 1.50000000
v -13.43502903 -13.43502903 1.50000000
v -14.53817844 -12.23279953 1.25000000
v -14.38696766 -12.41028404 1.25000000
v -14.68719864 -12.05347252 1.25000000
v -14.97858238 -11.68940067 1.25000000
v -14.83400726 -11.87233067 1.25000000
v -13.88778591 -11.68554211 1.25000000
v -14.44443989 -10.99002552 1.25000000
v -14.96629620 -10.26803207 1.25000000
v -13.29767513 -12.35290813 1.25000000
v -12.82626057 -10.92746735 1.25000000
v -14.53817844 -12.23279953 1.50000000
v -14.38696766 -12.41028404 1.50000000
v -14.68719864 -12.05347252 1.50000000
v -14.97858238 -11.68940067 1.50000000
v -14.83400726 -11.87233067 1.50000000
v -12.41028404 -14.38696766 1.25000000
v -12.23279953 -14.53817844 1.25000000
v -12.05347252 -14.68719864 1.25000000
v -11.87233067 -14.83400726 1.25000000
v -11.68940067 -14.97858238 1.25000000
v -11.34119987 -14.17038059 1.25000000
v -12.02284622 -13.59682560 1.25000000
v -10.63223076 -14.70979786 1.25000000
v -11.23894882 -12.55422401 1.25000000
v -10.28495026 -13.34699631 1.25000000
v -12.41028404 -14.38696766 1.50000000
v -12.23279953 -14.53817844 1.50000000
v -12.05347252 -14.68719864 1.50000000
v -11.87233067 -14.83400726 1.50000000
v -11.68940067 -14.97858238 1.50000000
v -12.06006432 -11.76764011 1.25000000
v -16.31094170 -7.96088457 0.55000001
v -15.90067196 -8.75163555 0.55000001
v -15.45209694 -9.52130318 0.55000001
v -17.01270294 -6.32379913 0.55000001
v -16.68191719 -7.15095568 0.55000001
v -17.30250549 -5.48140812 0.55000001
v -15.36224651 -6.92270756 0.55000001
v -15.79416275 -5.87085485 0.55000001
v -17.55062294 -4.62581158 0.55000001
v -17.75646019 -3.75907159 0.55000001
v -17.91952133 -2.88327527 0.55000001
v -18.03941154 -2.00053310 0.55000001
v -18.14863396 -0.22272842 0.55000001
v -18.11584282 -1.11297131 0.55000001
v -16.44058037 -3.69185591 0.55000001
v -16.15415382 -4.79226685 0.55000001
v -16.66762352 -2.47240853 0.55000001
v -16.79642296 -1.34264910 0.55000001
v -16.84873199 -0.20677543 0.55000001
v -14.23578262 -9.01470947 0.55000001
v -14.86037350 -7.94303513 0.55000001
v -13.59538174 -9.95430088 0.55000001
v -17.52140236 -9.64367580 1.25000000
v -17.52713013 -9.63311386 1.25000000
v -17.89097214 -8.93879223 1.25000000
v -17.86448669 -8.99222660 1.25000000
v -17.82013130 -8.91981030 1.25000000
v -17.74771881 -9.22040749 1.25000000
v -17.74013138 -9.21837425 1.25000000
v -17.75279236 -9.21077442 1.25000000
v -17.68156624 -9.15981007 1.25000000
v -17.66012955 -9.07981014 1.25000000
v -17.74013138 -8.94124603 1.25000000
v -17.68156624 -8.99981022 1.25000000
v -18.18335915 -8.32859135 1.25000000
v -18.22755051 -8.23052788 1.25000000
v -18.16286278 -8.21319485 1.25000000
v -18.53631210 -7.50940323 1.25000000
v -18.47759056 -7.65366888 1.25000000
v -18.41700554 -7.79743481 1.25000000
v -18.39759064 -7.79223251 1.25000000
v -18.33902740 -7.73366880 1.25000000
v -18.39759064 -7.51510477 1.25000000
v -18.31759071 -7.65366888 1.25000000
v -18.33902740 -7.57366848 1.25000000
v -18.09640884 -8.51538849 1.25000000
v -18.08286285 -8.51175880 1.25000000
v -18.02429962 -8.45319462 1.25000000
v -18.00286293 -8.37319469 1.25000000
v -18.02429962 -8.29319477 1.25000000
v -18.08286285 -8.23463058 1.25000000
v -17.52140236 -9.64367580 1.50000000
v -17.63842583 -9.42793465 1.50000000
v -17.97348976 -8.77232456 1.50000000
v -17.86448669 -8.99222660 1.50000000
v -17.75279236 -9.21077442 1.50000000
v -18.18335915 -8.32859135 1.50000000
v -18.47759056 -7.65366888 1.50000000
v -18.28419495 -8.10482597 1.50000000
v -18.38227654 -7.87984085 1.50000000
v -18.07978630 -8.55110168 1.50000000
v -18.81675529 -6.77652359 1.25000000
v -18.76382637 -6.76234102 1.25000000
v -18.99056435 -6.27363491 1.25000000
v -18.97246933 -6.32730103 1.25000000
v -18.94112968 -6.31890392 1.25000000
v -18.88256645 -6.26033974 1.25000000
v -19.06612015 -6.04011917 1.25000000
v -19.06833267 -6.03298759 1.25000000
v -19.02112961 -6.02033997 1.25000000
v -18.94112968 -6.04177570 1.25000000
v -18.86112976 -6.18033981 1.25000000
v -18.88256645 -6.10033989 1.25000000
v -19.27552223 -5.33425522 1.25000000
v -19.20861053 -5.57039356 1.25000000
v -19.20653152 -5.57740164 1.25000000
v -19.16910553 -5.56737328 1.25000000
v -19.11054039 -5.50880909 1.25000000
v -19.08910561 -5.42880917 1.25000000
v -19.11054039 -5.34880877 1.25000000
v -19.29022408 -5.27982712 1.25000000
v -19.24910545 -5.26880884 1.25000000
v -19.16910553 -5.29024506 1.25000000
v -18.47759056 -7.49366856 1.25000000
v -18.68382645 -7.06090498 1.25000000
v -18.70916557 -7.06769514 1.25000000
v -18.74678040 -6.96837378 1.25000000
v -18.62526321 -7.00234127 1.25000000
v -18.60382652 -6.92234135 1.25000000
v -18.68382645 -6.78377724 1.25000000
v -18.62526321 -6.84234095 1.25000000
v -17.55371094 -7.27098513 1.25000000
v -17.64161491 -7.05502653 1.25000000
v -17.88933754 -6.40090704 1.25000000
v -17.72686386 -6.83800554 1.25000000
v -17.80944061 -6.61995506 1.25000000
v -18.18186569 -5.51540899 1.25000000
v -18.31174469 -5.06754255 1.25000000
v -18.24818039 -5.29187393 1.25000000
v -18.04103470 -5.95995283 1.25000000
v -17.96653938 -6.18089533 1.25000000
v -18.11281395 -5.73811293 1.25000000
v -18.83088112 -6.73779726 1.50000000
v -18.91214561 -6.50620604 1.50000000
v -18.99056435 -6.27363491 1.50000000
v -19.06612015 -6.04011917 1.50000000
v -19.13880730 -5.80569363 1.50000000
v -19.27552223 -5.33425522 1.50000000
v -19.20861053 -5.57039356 1.50000000
v -19.33952904 -5.09731340 1.50000000
v -18.65985680 -7.19790077 1.50000000
v -18.57012177 -7.42634392 1.50000000
v -18.74678040 -6.96837378 1.50000000
v -17.55371094 -7.27098513 1.50000000
v -17.64161491 -7.05502653 1.50000000
v -17.88933754 -6.40090704 1.50000000
v -17.72686386 -6.83800554 1.50000000
v -17.80944061 -6.61995506 1.50000000
v -18.18186569 -5.51540899 1.50000000
v -18.31174469 -5.06754255 1.50000000
v -18.24818039 -5.29187393 1.50000000
v -18.04103470 -5.95995283 1.50000000
v -17.96653938 -6.18089533 1.50000000
v -18.11281395 -5.73811293 1.50000000
v -17.40173912 -9.85796356 1.25000000
v -17.36992073 -9.91098881 1.25000000
v -17.37108994 -9.91130257 1.25000000
v -17.31135559 -9.85242462 1.25000000
v -17.28992081 -9.77242470 1.25000000
v -17.31135559 -9.69242477 1.25000000
v -17.44992065 -9.61242485 1.25000000
v -17.36992073 -9.63386059 1.25000000
v -16.29684448 -9.76795197 1.25000000
v -16.41548347 -9.56722927 1.25000000
v -16.64533234 -9.16149139 1.25000000
v -16.75650406 -8.95653820 1.25000000
v -16.86515236 -8.75023556 1.25000000
v -16.53165245 -9.36506557 1.25000000
v -16.97126198 -8.54261494 1.25000000
v -17.07481575 -8.33370876 1.25000000
v -17.27419090 -7.91216183 1.25000000
v -17.36998558 -7.69958496 1.25000000
v -17.17579651 -8.12354660 1.25000000
v -16.31094170 -7.96088457 1.25000000
v -16.17574883 -9.96720409 1.25000000
v -15.90067196 -8.75163555 1.25000000
v -15.45209694 -9.52130318 1.25000000
v -17.40173912 -9.85796356 1.50000000
v -16.29684448 -9.76795197 1.50000000
v -16.41548347 -9.56722927 1.50000000
v -16.64533234 -9.16149139 1.50000000
v -16.75650406 -8.95653820 1.50000000
v -16.86515236 -8.75023556 1.50000000
v -16.53165245 -9.36506557 1.50000000
v -16.97126198 -8.54261494 1.50000000
v -17.07481575 -8.33370876 1.50000000
v -17.27419090 -7.91216183 1.50000000
v -17.36998558 -7.69958496 1.50000000
v -17.17579651 -8.12354660 1.50000000
v -16.17574883 -9.96720409 1.50000000
v -17.46316338 -7.48584890 1.25000000
v -17.01270294 -6.32379913 1.25000000
v -16.68191719 -7.15095568 1.25000000
v -17.30250549 -5.48140812 1.25000000
v -15.36224651 -6.92270756 1.25000000
v -15.79416275 -5.87085485 1.25000000
v -17.46316338 -7.48584890 1.50000000
v -19.41052437 -4.81902695 1.25000000
v -19.45879936 -4.62116194 1.25000000
v -19.48255539 -4.51832771 1.25000000
v -19.44739914 -4.50890732 1.25000000
v -19.58456993 -4.05346394 1.25000000
v -19.53570557 -4.04037046 1.25000000
v -19.61570549 -3.90180635 1.25000000
v -19.53570557 -3.76324248 1.25000000
v -19.47714233 -3.98180652 1.25000000
v -19.45570564 -3.90180635 1.25000000
v -19.47714233 -3.82180643 1.25000000
v -19.36739922 -4.80747128 1.25000000
v -19.30883408 -4.74890709 1.25000000
v -19.30883408 -4.58890724 1.25000000
v -19.28739929 -4.66890717 1.25000000
v -19.36739922 -4.53034306 1.25000000
v -19.72851181 -3.28192234 1.25000000
v -19.74602890 -3.17716289 1.25000000
v -19.61570549 -3.74180651 1.25000000
v -19.64500046 -3.74965596 1.25000000
v -19.67376709 -3.26725340 1.25000000
v -19.61520195 -3.20868921 1.25000000
v -19.59376717 -3.12868929 1.25000000
v -19.77728653 -2.97499132 1.25000000
v -19.75376701 -2.96868920 1.25000000
v -19.84215546 -2.50559950 1.25000000
v -19.61520195 -3.04868937 1.25000000
v -19.67376709 -2.99012518 1.25000000
v -18.75872612 -3.01830482 1.25000000
v -18.79435349 -2.78787899 1.25000000
v -18.82715034 -2.55703354 1.25000000
v -18.48585892 -4.39010429 1.25000000
v -18.37255287 -4.84244776 1.25000000
v -18.43059349 -4.61662340 1.25000000
v -18.53833961 -4.16292334 1.25000000
v -18.58802986 -3.93511605 1.25000000
v -17.55062294 -4.62581158 1.25000000
v -17.75646019 -3.75907159 1.25000000
v -18.63492012 -3.70671606 1.25000000
v -18.67900467 -3.47775793 1.25000000
v -18.72027588 -3.24827600 1.25000000
v -17.91952133 -2.88327527 1.25000000
v -19.40062523 -4.85960340 1.50000000
v -19.45879936 -4.62116194 1.50000000
v -19.51404190 -4.38202477 1.50000000
v -19.56634712 -4.14222765 1.50000000
v -19.61570549 -3.90180635 1.50000000
v -19.70555305 -3.41923785 1.50000000
v -19.74602890 -3.17716289 1.50000000
v -19.66210938 -3.66079783 1.50000000
v -19.78352928 -2.93460941 1.50000000
v -19.81805229 -2.69161415 1.50000000
v -18.75872612 -3.01830482 1.50000000
v -18.79435349 -2.78787899 1.50000000
v -18.82715034 -2.55703354 1.50000000
v -18.48585892 -4.39010429 1.50000000
v -18.37255287 -4.84244776 1.50000000
v -18.43059349 -4.61662340 1.50000000
v -18.53833961 -4.16292334 1.50000000
v -18.58802986 -3.93511605 1.50000000
v -18.63492012 -3.70671606 1.50000000
v -18.67900467 -3.47775793 1.50000000
v -18.72027588 -3.24827600 1.50000000
v -19.84959030 -2.44821358 1.25000000
v -19.86137009 -2.19074798 1.25000000
v -19.87813950 -2.20444417 1.25000000
v -19.87907600 -2.19549274 1.25000000
v -19.78136826 -2.48931193 1.25000000
v -19.72280502 -2.43074799 1.25000000
v -19.70136833 -2.35074806 1.25000000
v -19.78136826 -2.21218395 1.25000000
v -19.72280502 -2.27074790 1.25000000
v -19.92535210 -1.72570002 1.25000000
v -19.92625237 -1.71594620 1.25000000
v -19.85834694 -1.70774603 1.25000000
v -19.79978180 -1.64918196 1.25000000
v -19.77834702 -1.56918192 1.25000000
v -19.94580841 -1.47129130 1.25000000
v -19.93834686 -1.40918195 1.25000000
v -19.94980049 -1.41225088 1.25000000
v -19.85834694 -1.43061781 1.25000000
v -19.79978180 -1.48918188 1.25000000
v -18.85711098 -2.32580280 1.25000000
v -18.88423157 -2.09422183 1.25000000
v -18.90851021 -1.86232567 1.25000000
v -18.92993927 -1.63014889 1.25000000
v -18.94851875 -1.39772666 1.25000000
v -19.97754478 -0.94331086 1.25000000
v -19.90458107 -0.92376035 1.25000000
v -19.84601593 -0.86519629 1.25000000
v -19.98644829 -0.73614448 1.25000000
v -19.98458099 -0.62519634 1.25000000
v -19.98980904 -0.62659740 1.25000000
v -19.84601593 -0.70519632 1.25000000
v -19.90458107 -0.64663225 1.25000000
v -19.82458115 -0.78519630 1.25000000
v -19.99901962 -0.15973736 1.25000000
v -19.92000008 -0.13856407 1.25000000
v -19.86143684 -0.08000000 1.25000000
v -18.96424484 -1.16509402 1.25000000
v -18.97711372 -0.93228579 1.25000000
v -18.98712540 -0.69933724 1.25000000
v -18.99427795 -0.46628335 1.25000000
v -18.99856949 -0.23315923 1.25000000
v -18.03941154 -2.00053310 1.25000000
v -18.14863396 -0.22272842 1.25000000
v -18.11584282 -1.11297131 1.25000000
v -19.84959030 -2.44821358 1.50000000
v -19.87813950 -2.20444417 1.50000000
v -19.90369415 -1.96034276 1.50000000
v -19.92625237 -1.71594620 1.50000000
v -19.94580841 -1.47129130 1.50000000
v -18.85711098 -2.32580280 1.50000000
v -18.88423157 -2.09422183 1.50000000
v -18.90851021 -1.86232567 1.50000000
v -18.92993927 -1.63014889 1.50000000
v -18.94851875 -1.39772666 1.50000000
v -19.96236229 -1.22641468 1.50000000
v -19.97590828 -0.98135346 1.50000000
v -19.98644829 -0.73614448 1.50000000
v -19.99397659 -0.49082458 1.50000000
v -19.99849319 -0.24543077 1.50000000
v -18.96424484 -1.16509402 1.50000000
v -18.97711372 -0.93228579 1.50000000
v -18.98712540 -0.69933724 1.50000000
v -18.99427795 -0.46628335 1.50000000
v -18.99856949 -0.23315923 1.50000000
v -16.44058037 -3.69185591 1.25000000
v -16.15415382 -4.79226685 1.25000000
v -16.66762352 -2.47240853 1.25000000
v -16.79642296 -1.34264910 1.25000000
v -16.84873199 -0.20677543 1.25000000
v -14.23578262 -9.01470947 1.25000000
v -14.86037350 -7.94303513 1.25000000
v -13.59538174 -9.95430088 1.25000000
v -9.89764881 -15.21377850 0.55000001
v -9.13922119 -15.68110752 0.55000001
v -7.55819654 -16.50139809 0.55000001
v -8.35877800 -16.11065865 0.55000001
v -6.73940706 -16.85238457 0.55000001
v -7.21229935 -15.22840786 0.55000001
v -5.90438175 -17.16277313 0.55000001
v -5.05513239 -17.43181419 0.55000001
v -5.78657961 -15.82519436 0.55000001
v -9.36135864 -14.01026344 0.55000001
v -8.39513588 -14.60972881 0.55000001
v -7.53162813 -12.85759735 0.55000001
v -7.69397879 -10.62460423 0.55000001
v -6.07844448 -14.04358196 0.55000001
v -6.28975677 -12.18805504 0.55000001
v -6.40526056 -10.30216408 0.55000001
v -4.19370461 -17.65885925 0.55000001
v -3.32217407 -17.84336472 0.55000001
v -4.39438105 -16.26689720 0.55000001
v -2.98252106 -16.58394051 0.55000001
v -2.44263983 -17.98488235 0.55000001
v -1.55722117 -18.08307457 0.55000001
v -0.66805112 -18.13770103 0.55000001
v -1.54866588 -16.77868080 0.55000001
v -9.64367580 -17.52140236 1.25000000
v -9.63311386 -17.52713013 1.25000000
v -9.22040749 -17.74771881 1.25000000
v -9.21837425 -17.74013138 1.25000000
v -9.21077442 -17.75279236 1.25000000
v -9.15981007 -17.68156624 1.25000000
v -9.07981014 -17.66012955 1.25000000
v -8.99222660 -17.86448669 1.25000000
v -8.93879223 -17.89097214 1.25000000
v -8.91981030 -17.82013130 1.25000000
v -8.99981022 -17.68156624 1.25000000
v -8.94124603 -17.74013138 1.25000000
v -8.32859135 -18.18335915 1.25000000
v -8.23052788 -18.22755051 1.25000000
v -8.21319485 -18.16286278 1.25000000
v -8.51538849 -18.09640884 1.25000000
v -8.51175880 -18.08286285 1.25000000
v -8.45319462 -18.02429962 1.25000000
v -8.37319469 -18.00286293 1.25000000
v -8.29319477 -18.02429962 1.25000000
v -8.23463058 -18.08286285 1.25000000
v -7.65366888 -18.47759056 1.25000000
v -7.50940323 -18.53631210 1.25000000
v -7.79743481 -18.41700554 1.25000000
v -7.79223251 -18.39759064 1.25000000
v -7.73366880 -18.33902740 1.25000000
v -7.65366888 -18.31759071 1.25000000
v -7.51510477 -18.39759064 1.25000000
v -7.57366848 -18.33902740 1.25000000
v -9.64367580 -17.52140236 1.50000000
v -9.42793465 -17.63842583 1.50000000
v -9.21077442 -17.75279236 1.50000000
v -8.99222660 -17.86448669 1.50000000
v -8.77232456 -17.97348976 1.50000000
v -8.32859135 -18.18335915 1.50000000
v -8.55110168 -18.07978630 1.50000000
v -8.10482597 -18.28419495 1.50000000
v -7.87984085 -18.38227654 1.50000000
v -7.65366888 -18.47759056 1.50000000
v -9.91098881 -17.36992073 1.25000000
v -9.91130257 -17.37108994 1.25000000
v -9.85796356 -17.40173912 1.25000000
v -9.85242462 -17.31135559 1.25000000
v -9.77242470 -17.28992081 1.25000000
v -9.69242477 -17.31135559 1.25000000
v -9.61242485 -17.44992065 1.25000000
v -9.63386059 -17.36992073 1.25000000
v -9.76795197 -16.29684448 1.25000000
v -9.56722927 -16.41548347 1.25000000
v -9.16149139 -16.64533234 1.25000000
v -9.36506557 -16.53165245 1.25000000
v -8.95653820 -16.75650406 1.25000000
v -8.75023556 -16.86515236 1.25000000
v -9.96720409 -16.17574883 1.25000000
v -9.89764881 -15.21377850 1.25000000
v -9.13922119 -15.68110752 1.25000000
v -8.54261494 -16.97126198 1.25000000
v -8.33370876 -17.07481575 1.25000000
v -7.91216183 -17.27419090 1.25000000
v -8.12354660 -17.17579651 1.25000000
v -7.69958496 -17.36998558 1.25000000
v -7.55819654 -16.50139809 1.25000000
v -8.35877800 -16.11065865 1.25000000
v -9.85796356 -17.40173912 1.50000000
v -9.76795197 -16.29684448 1.50000000
v -9.56722927 -16.41548347 1.50000000
v -9.16149139 -16.64533234 1.50000000
v -9.36506557 -16.53165245 1.50000000
v -8.95653820 -16.75650406 1.50000000
v -8.75023556 -16.86515236 1.50000000
v -9.96720409 -16.17574883 1.50000000
v -8.54261494 -16.97126198 1.50000000
v -8.33370876 -17.07481575 1.50000000
v -7.91216183 -17.27419090 1.50000000
v -8.12354660 -17.17579651 1.50000000
v -7.69958496 -17.36998558 1.50000000
v -6.77652359 -18.81675529 1.25000000
v -6.76234102 -18.76382637 1.25000000
v -6.27363491 -18.99056435 1.25000000
v -6.32730103 -18.97246933 1.25000000
v -6.31890392 -18.94112968 1.25000000
v -6.26033974 -18.88256645 1.25000000
v -7.49366856 -18.47759056 1.25000000
v -7.06090498 -18.68382645 1.25000000
v -7.06769514 -18.70916557 1.25000000
v -6.96837378 -18.74678040 1.25000000
v -7.00234127 -18.62526321 1.25000000
v -6.92234135 -18.60382652 1.25000000
v -7.27098513 -17.55371094 1.25000000
v -7.05502653 -17.64161491 1.25000000
v -6.84234095 -18.62526321 1.25000000
v -6.78377724 -18.68382645 1.25000000
v -6.83800554 -17.72686386 1.25000000
v -6.61995506 -17.80944061 1.25000000
v -6.40090704 -17.88933754 1.25000000
v -6.04011917 -19.06612015 1.25000000
v -6.03298759 -19.06833267 1.25000000
v -6.18033981 -18.86112976 1.25000000
v -6.10033989 -18.88256645 1.25000000
v -6.02033997 -19.02112961 1.25000000
v -6.04177570 -18.94112968 1.25000000
v -5.57039356 -19.20861053 1.25000000
v -5.57740164 -19.20653152 1.25000000
v -5.56737328 -19.16910553 1.25000000
v -5.50880909 -19.11054039 1.25000000
v -5.33425522 -19.27552223 1.25000000
v -5.42880917 -19.08910561 1.25000000
v -5.34880877 -19.11054039 1.25000000
v -5.27982712 -19.29022408 1.25000000
v -5.26880884 -19.24910545 1.25000000
v -5.29024506 -19.16910553 1.25000000
v -6.18089533 -17.96653938 1.25000000
v -5.95995283 -18.04103470 1.25000000
v -5.73811293 -18.11281395 1.25000000
v -5.51540899 -18.18186569 1.25000000
v -5.29187393 -18.24818039 1.25000000
v -5.06754255 -18.31174469 1.25000000
v -6.73779726 -18.83088112 1.50000000
v -6.50620604 -18.91214561 1.50000000
v -6.27363491 -18.99056435 1.50000000
v -7.42634392 -18.57012177 1.50000000
v -7.19790077 -18.65985680 1.50000000
v -6.96837378 -18.74678040 1.50000000
v -7.27098513 -17.55371094 1.50000000
v -7.05502653 -17.64161491 1.50000000
v -6.83800554 -17.72686386 1.50000000
v -6.61995506 -17.80944061 1.50000000
v -6.40090704 -17.88933754 1.50000000
v -6.04011917 -19.06612015 1.50000000
v -5.80569363 -19.13880730 1.50000000
v -5.57039356 -19.20861053 1.50000000
v -5.33425522 -19.27552223 1.50000000
v -5.09731340 -19.33952904 1.50000000
v -6.18089533 -17.96653938 1.50000000
v -5.95995283 -18.04103470 1.50000000
v -5.73811293 -18.11281395 1.50000000
v -5.51540899 -18.18186569 1.50000000
v -5.29187393 -18.24818039 1.50000000
v -5.06754255 -18.31174469 1.50000000
v -7.48584890 -17.46316338 1.25000000
v -6.73940706 -16.85238457 1.25000000
v -7.21229935 -15.22840786 1.25000000
v -5.90438175 -17.16277313 1.25000000
v -5.05513239 -17.43181419 1.25000000
v -5.78657961 -15.82519436 1.25000000
v -7.48584890 -17.46316338 1.50000000
v -9.36135864 -14.01026344 1.25000000
v -8.39513588 -14.60972881 1.25000000
v -7.53162813 -12.85759735 1.25000000
v -7.69397879 -10.62460423 1.25000000
v -6.07844448 -14.04358196 1.25000000
v -6.28975677 -12.18805504 1.25000000
v -6.40526056 -10.30216408 1.25000000
v -4.81902695 -19.41052437 1.25000000
v -4.62116194 -19.45879936 1.25000000
v -4.51832771 -19.48255539 1.25000000
v -4.50890732 -19.44739914 1.25000000
v -4.80747128 -19.36739922 1.25000000
v -4.74890709 -19.30883408 1.25000000
v -4.66890717 -19.28739929 1.25000000
v -4.58890724 -19.30883408 1.25000000
v -4.53034306 -19.36739922 1.25000000
v -4.05346394 -19.58456993 1.25000000
v -4.04037046 -19.53570557 1.25000000
v -3.98180652 -19.47714233 1.25000000
v -3.90180635 -19.61570549 1.25000000
v -3.76324248 -19.53570557 1.25000000
v -3.90180635 -19.45570564 1.25000000
v -3.82180643 -19.47714233 1.25000000
v -4.84244776 -18.37255287 1.25000000
v -4.39010429 -18.48585892 1.25000000
v -4.61662340 -18.43059349 1.25000000
v -4.16292334 -18.53833961 1.25000000
v -3.93511605 -18.58802986 1.25000000
v -4.19370461 -17.65885925 1.25000000
v -3.74180651 -19.61570549 1.25000000
v -3.74965596 -19.64500046 1.25000000
v -3.28192234 -19.72851181 1.25000000
v -3.17716289 -19.74602890 1.25000000
v -3.26725340 -19.67376709 1.25000000
v -3.20868921 -19.61520195 1.25000000
v -3.12868929 -19.59376717 1.25000000
v -2.97499132 -19.77728653 1.25000000
v -2.96868920 -19.75376701 1.25000000
v -3.04868937 -19.61520195 1.25000000
v -2.99012518 -19.67376709 1.25000000
v -2.50559950 -19.84215546 1.25000000
v -3.01830482 -18.75872612 1.25000000
v -2.78787899 -18.79435349 1.25000000
v -2.55703354 -18.82715034 1.25000000
v -3.70671606 -18.63492012 1.25000000
v -3.47775793 -18.67900467 1.25000000
v -3.24827600 -18.72027588 1.25000000
v -3.32217407 -17.84336472 1.25000000
v -4.85960340 -19.40062523 1.50000000
v -4.62116194 -19.45879936 1.50000000
v -4.38202477 -19.51404190 1.50000000
v -4.14222765 -19.56634712 1.50000000
v -3.90180635 -19.61570549 1.50000000
v -4.84244776 -18.37255287 1.50000000
v -4.39010429 -18.48585892 1.50000000
v -4.61662340 -18.43059349 1.50000000
v -4.16292334 -18.53833961 1.50000000
v -3.93511605 -18.58802986 1.50000000
v -3.66079783 -19.66210938 1.50000000
v -3.41923785 -19.70555305 1.50000000
v -3.17716289 -19.74602890 1.50000000
v -2.93460941 -19.78352928 1.50000000
v -2.69161415 -19.81805229 1.50000000
v -3.01830482 -18.75872612 1.50000000
v -2.78787899 -18.79435349 1.50000000
v -2.55703354 -18.82715034 1.50000000
v -3.70671606 -18.63492012 1.50000000
v -3.47775793 -18.67900467 1.50000000
v -3.24827600 -18.72027588 1.50000000
v -4.39438105 -16.26689720 1.25000000
v -2.98252106 -16.58394051 1.25000000
v -2.44821358 -19.84959030 1.25000000
v -2.48931193 -19.78136826 1.25000000
v -2.43074799 -19.72280502 1.25000000
v -2.35074806 -19.70136833 1.25000000
v -2.19074798 -19.86137009 1.25000000
v -2.20444417 -19.87813950 1.25000000
v -2.19549274 -19.87907600 1.25000000
v -2.27074790 -19.72280502 1.25000000
v -2.21218395 -19.78136826 1.25000000
v -2.32580280 -18.85711098 1.25000000
v -2.09422183 -18.88423157 1.25000000
v -1.72570002 -19.92535210 1.25000000
v -1.71594620 -19.92625237 1.25000000
v -1.70774603 -19.85834694 1.25000000
v -1.64918196 -19.79978180 1.25000000
v -1.56918192 -19.77834702 1.25000000
v -1.47129130 -19.94580841 1.25000000
v -1.40918195 -19.93834686 1.25000000
v -1.41225088 -19.94980049 1.25000000
v -1.43061781 -19.85834694 1.25000000
v -1.48918188 -19.79978180 1.25000000
v -1.86232567 -18.90851021 1.25000000
v -1.63014889 -18.92993927 1.25000000
v -1.39772666 -18.94851875 1.25000000
v -2.44263983 -17.98488235 1.25000000
v -1.55722117 -18.08307457 1.25000000
v -0.94331086 -19.97754478 1.25000000
v -0.92376035 -19.90458107 1.25000000
v -0.86519629 -19.84601593 1.25000000
v -0.78519630 -19.82458115 1.25000000
v -0.73614448 -19.98644829 1.25000000
v -0.70519632 -19.84601593 1.25000000
v -0.62519634 -19.98458099 1.25000000
v -0.62659740 -19.98980904 1.25000000
v -0.64663225 -19.90458107 1.25000000
v -1.16509402 -18.96424484 1.25000000
v -0.93228579 -18.97711372 1.25000000
v -0.69933724 -18.98712540 1.25000000
v -0.15973736 -19.99901962 1.25000000
v -0.13856407 -19.92000008 1.25000000
v -0.08000000 -19.86143684 1.25000000
v -0.00000000 -19.84000015 1.25000000
v -0.46628335 -18.99427795 1.25000000
v -0.23315923 -18.99856949 1.25000000
v -0.66805112 -18.13770103 1.25000000
v -2.44821358 -19.84959030 1.50000000
v -2.20444417 -19.87813950 1.50000000
v -1.96034276 -19.90369415 1.50000000
v -2.32580280 -18.85711098 1.50000000
v -2.09422183 -18.88423157 1.50000000
v -1.71594620 -19.92625237 1.50000000
v -1.47129130 -19.94580841 1.50000000
v -1.86232567 -18.90851021 1.50000000
v -1.63014889 -18.92993927 1.50000000
v -1.39772666 -18.94851875 1.50000000
v -1.22641468 -19.96236229 1.50000000
v -0.98135346 -19.97590828 1.50000000
v -0.73614448 -19.98644829 1.50000000
v -1.16509402 -18.96424484 1.50000000
v -0.93228579 -18.97711372 1.50000000
v -0.69933724 -18.98712540 1.50000000
v -0.49082458 -19.99397659 1.50000000
v -0.24543077 -19.99849319 1.50000000
v -0.46628335 -18.99427795 1.50000000
v -0.23315923 -18.99856949 1.50000000
v -1.54866588 -16.77868080 1.25000000
v -7.72019100 -8.65035439 0.55000001
v -7.68237019 -7.51807308 0.55000001
v -7.61866903 -6.71487856 0.55000001
v -6.41492367 -8.40205288 0.55000001
v -6.35268259 -7.06242990 0.55000001
v -7.48524809 -5.92153502 0.55000001
v -7.30498505 -5.13027191 0.55000001
v -6.20934057 -6.17069626 0.55000001
v -6.82921267 -3.58333826 0.55000001
v -5.89589834 -4.91108036 0.55000001
v -5.47633219 -3.67014050 0.55000001
v -5.05163097 -2.62771702 0.55000001
v -6.16355991 -1.92683625 0.55000001
v -3.88211465 -2.58946395 0.55000001
v -3.44967341 -3.00855541 0.55000001
v -3.04465818 -3.27214479 0.55000001
v -2.64414740 -3.42910528 0.55000001
v -4.55891657 -1.55793691 0.55000001
v -4.21238661 -2.15283179 0.55000001
v -3.76955819 -0.11700356 0.55000001
v -2.51326323 -2.08041239 0.55000001
v -2.83380795 -1.81129336 0.55000001
v -3.05132699 -1.54584563 0.55000001
v -3.50844240 -0.74884140 0.55000001
v -3.27846122 -1.19325066 0.55000001
v -3.73568201 -0.20896479 0.55000001
v -2.14318657 -3.49611044 0.55000001
v -1.69599152 -3.43944073 0.55000001
v -1.21031880 -3.24646974 0.55000001
v -0.91400820 -3.05207658 0.55000001
v -0.65786254 -2.82461834 0.55000001
v -2.22192597 -2.19117069 0.55000001
v -1.93525028 -2.15361619 0.55000001
v -1.64602268 -1.97216749 0.55000001
v -1.48550975 -1.65118313 0.55000001
v -1.38910413 -1.34624195 0.55000001
v -1.32673907 -1.01338494 0.55000001
v -1.30010319 -0.58036381 0.55000001
v -1.32012427 -0.23867372 0.55000001
v -0.32611179 -2.24872208 0.55000001
v -0.19067521 -1.88521445 0.55000001
v -0.07742523 -1.43100631 0.55000001
v -0.02261849 -1.05077004 0.55000001
v -0.00007580 -0.58221257 0.55000001
v -0.02742643 -0.10078584 0.55000001
v -7.72019100 -8.65035439 1.25000000
v -7.68237019 -7.51807308 1.25000000
v -7.61866903 -6.71487856 1.25000000
v -6.41492367 -8.40205288 1.25000000
v -6.35268259 -7.06242990 1.25000000
v -7.48524809 -5.92153502 1.25000000
v -7.30498505 -5.13027191 1.25000000
v -6.20934057 -6.17069626 1.25000000
v -6.82921267 -3.58333826 1.25000000
v -5.89589834 -4.91108036 1.25000000
v -5.47633219 -3.67014050 1.25000000
v -5.05163097 -2.62771702 1.25000000
v -6.16355991 -1.92683625 1.25000000
v -3.88211465 -2.58946395 1.25000000
v -3.44967341 -3.00855541 1.25000000
v -3.04465818 -3.27214479 1.25000000
v -2.64414740 -3.42910528 1.25000000
v -4.55891657 -1.55793691 1.25000000
v -4.21238661 -2.15283179 1.25000000
v -3.76955819 -0.11700356 1.25000000
v -2.51326323 -2.08041239 1.25000000
v -2.83380795 -1.81129336 1.25000000
v -3.05132699 -1.54584563 1.25000000
v -3.50844240 -0.74884140 1.25000000
v -3.27846122 -1.19325066 1.25000000
v -3.73568201 -0.20896479 1.25000000
v -2.14318657 -3.49611044 1.25000000
v -1.69599152 -3.43944073 1.25000000
v -1.21031880 -3.24646974 1.25000000
v -0.91400820 -3.05207658 1.25000000
v -0.65786254 -2.82461834 1.25000000
v -2.22192597 -2.19117069 1.25000000
v -1.93525028 -2.15361619 1.25000000
v -1.64602268 -1.97216749 1.25000000
v -1.48550975 -1.65118313 1.25000000
v -1.38910413 -1.34624195 1.25000000
v -1.32673907 -1.01338494 1.25000000
v -1.30010319 -0.58036381 1.25000000
v -1.32012427 -0.23867372 1.25000000
v -0.32611179 -2.24872208 1.25000000
v -0.19067521 -1.88521445 1.25000000
v -0.07742523 -1.43100631 1.25000000
v -0.02261849 -1.05077004 1.25000000
v -0.00007580 -0.58221257 1.25000000
v -0.02742643 -0.10078584 1.25000000
v -20.00000000 0.00000000 -1.50000000
v -19.99849319 0.24543077 -1.50000000
v -19.99397659 0.49082458 -1.50000000
v -19.98644829 0.73614448 -1.50000000
v -19.97590828 0.98135346 -1.50000000
v -19.96236229 1.22641468 -1.50000000
v -19.00000000 0.00000000 -1.50000000
v -18.99856949 0.23315923 -1.50000000
v -18.99427795 0.46628335 -1.50000000
v -18.98712540 0.69933724 -1.50000000
v -18.97711372 0.93228579 -1.50000000
v -18.96424484 1.16509402 -1.50000000
v -19.94580841 1.47129130 -1.50000000
v -19.92625237 1.71594620 -1.50000000
v -19.90369415 1.96034276 -1.50000000
v -19.87813950 2.20444417 -1.50000000
v -19.84959030 2.44821358 -1.50000000
v -18.94851875 1.39772666 -1.50000000
v -18.92993927 1.63014889 -1.50000000
v -18.90851021 1.86232567 -1.50000000
v -18.88423157 2.09422183 -1.50000000
v -18.85711098 2.32580280 -1.50000000
v -20.00000000 0.00000000 -1.25000000
v -19.92000008 0.13856407 -1.25000000
v -19.86143684 0.08000000 -1.25000000
v -19.99901962 0.15973736 -1.25000000
v -19.84000015 0.00000000 -1.25000000
v -19.98458099 0.62519634 -1.25000000
v -19.98980904 0.62659740 -1.25000000
v -19.98644829 0.73614448 -1.25000000
v -19.90458107 0.64663225 -1.25000000
v -19.84601593 0.70519632 -1.25000000
v -19.90458107 0.92376035 -1.25000000
v -19.84601593 0.86519629 -1.25000000
v -19.82458115 0.78519630 -1.25000000
v -19.97754478 0.94331086 -1.25000000
v -19.00000000 0.00000000 -1.25000000
v -18.99856949 0.23315923 -1.25000000
v -18.99427795 0.46628335 -1.25000000
v -18.98712540 0.69933724 -1.25000000
v -18.97711372 0.93228579 -1.25000000
v -18.96424484 1.16509402 -1.25000000
v -19.93834686 1.40918195 -1.25000000
v -19.94980049 1.41225088 -1.25000000
v -19.94580841 1.47129130 -1.25000000
v -19.85834694 1.43061781 -1.25000000
v -19.79978180 1.48918188 -1.25000000
v -19.92625237 1.71594620 -1.25000000
v -19.85834694 1.70774603 -1.25000000
v -19.92535210 1.72570002 -1.25000000
v -19.77834702 1.56918192 -1.25000000
v -19.79978180 1.64918196 -1.25000000
v -19.86137009 2.19074798 -1.25000000
v -19.87813950 2.20444417 -1.25000000
v -19.87907600 2.19549274 -1.25000000
v -19.84959030 2.44821358 -1.25000000
v -19.78136826 2.21218395 -1.25000000
v -19.72280502 2.27074790 -1.25000000
v -19.78136826 2.48931193 -1.25000000
v -19.70136833 2.35074806 -1.25000000
v -19.72280502 2.43074799 -1.25000000
v -18.94851875 1.39772666 -1.25000000
v -18.92993927 1.63014889 -1.25000000
v -18.90851021 1.86232567 -1.25000000
v -18.88423157 2.09422183 -1.25000000
v -18.85711098 2.32580280 -1.25000000
v -18.14863396 0.22272842 -1.25000000
v -18.11584282 1.11297131 -1.25000000
v -18.03941154 2.00053310 -1.25000000
v -19.81805229 2.69161415 -1.50000000
v -19.78352928 2.93460941 -1.50000000
v -19.74602890 3.17716289 -1.50000000
v -19.70555305 3.41923785 -1.50000000
v -19.66210938 3.66079783 -1.50000000
v -18.82715034 2.55703354 -1.50000000
v -18.79435349 2.78787899 -1.50000000
v -18.75872612 3.01830482 -1.50000000
v -19.61570549 3.90180635 -1.50000000
v -19.56634712 4.14222765 -1.50000000
v -19.51404190 4.38202477 -1.50000000
v -19.45879936 4.62116194 -1.50000000
v -19.40062523 4.85960340 -1.50000000
v -18.72027588 3.24827600 -1.50000000
v -18.67900467 3.47775793 -1.50000000
v -18.63492012 3.70671606 -1.50000000
v -18.58802986 3.93511605 -1.50000000
v -18.53833961 4.16292334 -1.50000000
v -18.48585892 4.39010429 -1.50000000
v -18.43059349 4.61662340 -1.50000000
v -18.37255287 4.84244776 -1.50000000
v -19.84215546 2.50559950 -1.25000000
v -19.75376701 2.96868920 -1.25000000
v -19.77728653 2.97499132 -1.25000000
v -19.67376709 2.99012518 -1.25000000
v -19.61520195 3.04868937 -1.25000000
v -19.74602890 3.17716289 -1.25000000
v -19.72851181 3.28192234 -1.25000000
v -19.67376709 3.26725340 -1.25000000
v -19.61520195 3.20868921 -1.25000000
v -19.59376717 3.12868929 -1.25000000
v -19.61570549 3.74180651 -1.25000000
v -19.64500046 3.74965596 -1.25000000
v -18.82715034 2.55703354 -1.25000000
v -18.79435349 2.78787899 -1.25000000
v -18.75872612 3.01830482 -1.25000000
v -19.61570549 3.90180635 -1.25000000
v -19.53570557 3.76324248 -1.25000000
v -19.58456993 4.05346394 -1.25000000
v -19.53570557 4.04037046 -1.25000000
v -19.47714233 3.82180643 -1.25000000
v -19.45570564 3.90180635 -1.25000000
v -19.47714233 3.98180652 -1.25000000
v -19.48255539 4.51832771 -1.25000000
v -19.44739914 4.50890732 -1.25000000
v -19.45879936 4.62116194 -1.25000000
v -19.41052437 4.81902695 -1.25000000
v -19.36739922 4.53034306 -1.25000000
v -19.30883408 4.58890724 -1.25000000
v -19.28739929 4.66890717 -1.25000000
v -19.30883408 4.74890709 -1.25000000
v -19.36739922 4.80747128 -1.25000000
v -18.72027588 3.24827600 -1.25000000
v -18.67900467 3.47775793 -1.25000000
v -18.63492012 3.70671606 -1.25000000
v -17.91952133 2.88327527 -1.25000000
v -18.58802986 3.93511605 -1.25000000
v -18.53833961 4.16292334 -1.25000000
v -18.48585892 4.39010429 -1.25000000
v -18.43059349 4.61662340 -1.25000000
v -18.37255287 4.84244776 -1.25000000
v -17.75646019 3.75907159 -1.25000000
v -17.55062294 4.62581158 -1.25000000
v -16.84873199 0.20677543 -1.25000000
v -16.79642296 1.34264910 -1.25000000
v -16.66762352 2.47240853 -1.25000000
v -16.44058037 3.69185591 -1.25000000
v -16.15415382 4.79226685 -1.25000000
v -19.33952904 5.09731340 -1.50000000
v -19.27552223 5.33425522 -1.50000000
v -19.20861053 5.57039356 -1.50000000
v -19.13880730 5.80569363 -1.50000000
v -19.06612015 6.04011917 -1.50000000
v -18.99056435 6.27363491 -1.50000000
v -18.91214561 6.50620604 -1.50000000
v -18.83088112 6.73779726 -1.50000000
v -18.31174469 5.06754255 -1.50000000
v -18.24818039 5.29187393 -1.50000000
v -18.18186569 5.51540899 -1.50000000
v -18.11281395 5.73811293 -1.50000000
v -18.04103470 5.95995283 -1.50000000
v -17.96653938 6.18089533 -1.50000000
v -18.74678040 6.96837378 -1.50000000
v -18.65985680 7.19790077 -1.50000000
v -18.57012177 7.42634392 -1.50000000
v -17.88933754 6.40090704 -1.50000000
v -17.80944061 6.61995506 -1.50000000
v -17.72686386 6.83800554 -1.50000000
v -17.64161491 7.05502653 -1.50000000
v -17.55371094 7.27098513 -1.50000000
v -19.29022408 5.27982712 -1.25000000
v -19.24910545 5.26880884 -1.25000000
v -19.16910553 5.29024506 -1.25000000
v -19.27552223 5.33425522 -1.25000000
v -19.11054039 5.34880877 -1.25000000
v -19.08910561 5.42880917 -1.25000000
v -19.20861053 5.57039356 -1.25000000
v -19.20653152 5.57740164 -1.25000000
v -19.16910553 5.56737328 -1.25000000
v -19.11054039 5.50880909 -1.25000000
v -19.06612015 6.04011917 -1.25000000
v -19.06833267 6.03298759 -1.25000000
v -19.02112961 6.02033997 -1.25000000
v -18.94112968 6.04177570 -1.25000000
v -18.88256645 6.10033989 -1.25000000
v -18.86112976 6.18033981 -1.25000000
v -18.99056435 6.27363491 -1.25000000
v -18.97246933 6.32730103 -1.25000000
v -18.94112968 6.31890392 -1.25000000
v -18.88256645 6.26033974 -1.25000000
v -18.81675529 6.77652359 -1.25000000
v -18.76382637 6.76234102 -1.25000000
v -18.31174469 5.06754255 -1.25000000
v -18.24818039 5.29187393 -1.25000000
v -18.18186569 5.51540899 -1.25000000
v -18.11281395 5.73811293 -1.25000000
v -18.04103470 5.95995283 -1.25000000
v -17.96653938 6.18089533 -1.25000000
v -18.68382645 6.78377724 -1.25000000
v -18.62526321 6.84234095 -1.25000000
v -18.74678040 6.96837378 -1.25000000
v -18.60382652 6.92234135 -1.25000000
v -18.62526321 7.00234127 -1.25000000
v -18.68382645 7.06090498 -1.25000000
v -18.70916557 7.06769514 -1.25000000
v -18.47759056 7.49366856 -1.25000000
v -17.88933754 6.40090704 -1.25000000
v -17.80944061 6.61995506 -1.25000000
v -17.72686386 6.83800554 -1.25000000
v -17.64161491 7.05502653 -1.25000000
v -17.55371094 7.27098513 -1.25000000
v -18.47759056 7.65366888 -1.50000000
v -18.38227654 7.87984085 -1.50000000
v -18.28419495 8.10482597 -1.50000000
v -18.18335915 8.32859135 -1.50000000
v -18.07978630 8.55110168 -1.50000000
v -17.97348976 8.77232456 -1.50000000
v -17.86448669 8.99222660 -1.50000000
v -17.75279236 9.21077442 -1.50000000
v -17.63842583 9.42793465 -1.50000000
v -17.52140236 9.64367580 -1.50000000
v -18.53631210 7.50940323 -1.25000000
v -18.47759056 7.65366888 -1.25000000
v -18.39759064 7.51510477 -1.25000000
v -18.33902740 7.57366848 -1.25000000
v -18.31759071 7.65366888 -1.25000000
v -18.41700554 7.79743481 -1.25000000
v -18.39759064 7.79223251 -1.25000000
v -18.33902740 7.73366880 -1.25000000
v -18.22755051 8.23052788 -1.25000000
v -18.16286278 8.21319485 -1.25000000
v -18.18335915 8.32859135 -1.25000000
v -18.08286285 8.23463058 -1.25000000
v -18.02429962 8.29319477 -1.25000000
v -18.00286293 8.37319469 -1.25000000
v -18.09640884 8.51538849 -1.25000000
v -18.08286285 8.51175880 -1.25000000
v -18.02429962 8.45319462 -1.25000000
v -17.89097214 8.93879223 -1.25000000
v -17.82013130 8.91981030 -1.25000000
v -17.86448669 8.99222660 -1.25000000
v -17.74013138 8.94124603 -1.25000000
v -17.68156624 8.99981022 -1.25000000
v -17.74013138 9.21837425 -1.25000000
v -17.75279236 9.21077442 -1.25000000
v -17.66012955 9.07981014 -1.25000000
v -17.68156624 9.15981007 -1.25000000
v -17.74771881 9.22040749 -1.25000000
v -17.52140236 9.64367580 -1.25000000
v -17.52713013 9.63311386 -1.25000000
v -17.46316338 7.48584890 -1.50000000
v -17.30250549 5.48140812 -1.25000000
v -17.01270294 6.32379913 -1.25000000
v -17.46316338 7.48584890 -1.25000000
v -16.68191719 7.15095568 -1.25000000
v -15.79416275 5.87085485 -1.25000000
v -15.36224651 6.92270756 -1.25000000
v -17.36998558 7.69958496 -1.50000000
v -17.27419090 7.91216183 -1.50000000
v -17.17579651 8.12354660 -1.50000000
v -17.07481575 8.33370876 -1.50000000
v -16.97126198 8.54261494 -1.50000000
v -17.40173912 9.85796356 -1.50000000
v -16.86515236 8.75023556 -1.50000000
v -16.75650406 8.95653820 -1.50000000
v -16.64533234 9.16149139 -1.50000000
v -16.53165245 9.36506557 -1.50000000
v -16.41548347 9.56722927 -1.50000000
v -16.29684448 9.76795197 -1.50000000
v -16.17574883 9.96720409 -1.50000000
v -17.36998558 7.69958496 -1.25000000
v -17.27419090 7.91216183 -1.25000000
v -17.17579651 8.12354660 -1.25000000
v -17.07481575 8.33370876 -1.25000000
v -16.97126198 8.54261494 -1.25000000
v -16.31094170 7.96088457 -1.25000000
v -17.44992065 9.61242485 -1.25000000
v -17.36992073 9.63386059 -1.25000000
v -17.40173912 9.85796356 -1.25000000
v -17.36992073 9.91098881 -1.25000000
v -17.37108994 9.91130257 -1.25000000
v -17.31135559 9.69242477 -1.25000000
v -17.28992081 9.77242470 -1.25000000
v -17.31135559 9.85242462 -1.25000000
v -16.86515236 8.75023556 -1.25000000
v -16.75650406 8.95653820 -1.25000000
v -16.64533234 9.16149139 -1.25000000
v -16.53165245 9.36506557 -1.25000000
v -16.41548347 9.56722927 -1.25000000
v -16.29684448 9.76795197 -1.25000000
v -15.90067196 8.75163555 -1.25000000
v -16.17574883 9.96720409 -1.25000000
v -15.45209694 9.52130318 -1.25000000
v -14.86037350 7.94303513 -1.25000000
v -14.23578262 9.01470947 -1.25000000
v -13.59538174 9.95430088 -1.25000000
v -18.14863396 0.22272842 -0.55000001
v -18.11584282 1.11297131 -0.55000001
v -18.03941154 2.00053310 -0.55000001
v -17.91952133 2.88327527 -0.55000001
v -17.75646019 3.75907159 -0.55000001
v -17.55062294 4.62581158 -0.55000001
v -16.84873199 0.20677543 -0.55000001
v -16.79642296 1.34264910 -0.55000001
v -16.66762352 2.47240853 -0.55000001
v -16.44058037 3.69185591 -0.55000001
v -16.15415382 4.79226685 -0.55000001
v -17.30250549 5.48140812 -0.55000001
v -17.01270294 6.32379913 -0.55000001
v -16.68191719 7.15095568 -0.55000001
v -15.79416275 5.87085485 -0.55000001
v -15.36224651 6.92270756 -0.55000001
v -16.31094170 7.96088457 -0.55000001
v -15.90067196 8.75163555 -0.55000001
v -15.45209694 9.52130318 -0.55000001
v -14.86037350 7.94303513 -0.55000001
v -14.23578262 9.01470947 -0.55000001
v -13.59538174 9.95430088 -0.55000001
v -17.27945709 10.07076740 -1.50000000
v -17.15457153 10.28205490 -1.50000000
v -17.02710342 10.49179363 -1.50000000
v -16.89707184 10.69995213 -1.50000000
v -16.76449394 10.90649986 -1.50000000
v -16.62939262 11.11140442 -1.50000000
v -16.49178696 11.31463623 -1.50000000
v -16.35169601 11.51616383 -1.50000000
v -16.05221748 10.16495514 -1.50000000
v -15.92626953 10.36117458 -1.50000000
v -15.79792309 10.55583477 -1.50000000
v -15.66719723 10.74890423 -1.50000000
v -15.53411102 10.94035530 -1.50000000
v -15.39868641 11.13015938 -1.50000000
v -16.20914459 11.71595669 -1.50000000
v -16.06414986 11.91398621 -1.50000000
v -15.91673851 12.11022091 -1.50000000
v -15.76692867 12.30463219 -1.50000000
v -15.26094341 11.31828690 -1.50000000
v -15.12090111 11.50471020 -1.50000000
v -15.61474419 12.49718952 -1.50000000
v -17.13280296 10.31140709 -1.25000000
v -17.05280304 10.28997135 -1.25000000
v -16.97280312 10.31140709 -1.25000000
v -17.13524818 10.31385136 -1.25000000
v -16.91423988 10.36997128 -1.25000000
v -16.89280319 10.44997120 -1.25000000
v -17.02710342 10.49179363 -1.25000000
v -16.96902847 10.58476067 -1.25000000
v -16.91423988 10.52997112 -1.25000000
v -16.70939255 10.97284031 -1.25000000
v -16.71623802 10.97968674 -1.25000000
v -16.62939262 10.95140457 -1.25000000
v -16.62939262 11.11140442 -1.25000000
v -16.54939270 10.97284031 -1.25000000
v -16.49082756 11.03140450 -1.25000000
v -16.54115105 11.24172783 -1.25000000
v -16.49082756 11.19140434 -1.25000000
v -16.46939278 11.11140442 -1.25000000
v -16.26033974 11.61714077 -1.25000000
v -16.27160835 11.62841034 -1.25000000
v -16.05221748 10.16495514 -1.25000000
v -15.92626953 10.36117458 -1.25000000
v -15.79792309 10.55583477 -1.25000000
v -15.66719723 10.74890423 -1.25000000
v -15.53411102 10.94035530 -1.25000000
v -15.39868641 11.13015938 -1.25000000
v -16.18033981 11.59570503 -1.25000000
v -16.20914459 11.71595669 -1.25000000
v -16.10033989 11.61714077 -1.25000000
v -16.04177666 11.67570496 -1.25000000
v -16.02033997 11.75570488 -1.25000000
v -16.04177666 11.83570480 -1.25000000
v -16.08778191 11.88171101 -1.25000000
v -15.78633881 12.24331474 -1.25000000
v -15.80206203 12.25903797 -1.25000000
v -15.70633888 12.22187901 -1.25000000
v -15.76692867 12.30463219 -1.25000000
v -15.62633896 12.24331474 -1.25000000
v -15.26094341 11.31828690 -1.25000000
v -15.12090111 11.50471020 -1.25000000
v -15.56777477 12.30187893 -1.25000000
v -15.61474419 12.49718952 -1.25000000
v -15.56777477 12.46187878 -1.25000000
v -15.54633904 12.38187885 -1.25000000
v -15.46020889 12.68786526 -1.50000000
v -15.30334568 12.87663078 -1.50000000
v -15.14417648 13.06345654 -1.50000000
v -15.60952568 12.50362968 -1.25000000
v -15.28811932 12.85039711 -1.25000000
v -15.30334568 12.87663078 -1.25000000
v -15.30834103 12.87061882 -1.25000000
v -15.20811939 12.82896137 -1.25000000
v -15.12811947 12.85039711 -1.25000000
v -15.06955528 12.90896130 -1.25000000
v -15.14417648 13.06345654 -1.25000000
v -15.10682201 13.10622787 -1.25000000
v -15.04811954 12.98896122 -1.25000000
v -15.06955528 13.06896114 -1.25000000
v -14.97858238 11.68940067 -1.50000000
v -14.83400726 11.87233067 -1.50000000
v -14.68719864 12.05347252 -1.50000000
v -14.53817844 12.23279953 -1.50000000
v -14.38696766 12.41028404 -1.50000000
v -14.96629620 10.26803207 -1.25000000
v -14.44443989 10.99002552 -1.25000000
v -14.97858238 11.68940067 -1.25000000
v -14.83400726 11.87233067 -1.25000000
v -14.68719864 12.05347252 -1.25000000
v -14.53817844 12.23279953 -1.25000000
v -14.38696766 12.41028404 -1.25000000
v -13.88778591 11.68554211 -1.25000000
v -12.82626057 10.92746735 -1.25000000
v -13.29767513 12.35290813 -1.25000000
v -14.98272800 13.24831581 -1.50000000
v -14.81902218 13.43117905 -1.50000000
v -14.65308571 13.61201954 -1.50000000
v -14.23359108 12.58589935 -1.50000000
v -14.07807159 12.75961971 -1.50000000
v -13.92043114 12.93141937 -1.50000000
v -13.76069450 13.10127068 -1.50000000
v -14.48494148 13.79081059 -1.50000000
v -14.31461620 13.96752453 -1.50000000
v -14.14213562 14.14213562 -1.50000000
v -13.96752453 14.31461620 -1.50000000
v -13.79081059 14.48494148 -1.50000000
v -13.59888554 13.26914883 -1.50000000
v -13.43502903 13.43502903 -1.50000000
v -13.26914883 13.59888554 -1.50000000
v -13.61201954 14.65308571 -1.50000000
v -13.43117905 14.81902218 -1.50000000
v -13.24831581 14.98272800 -1.50000000
v -13.10127068 13.76069450 -1.50000000
v -12.93141937 13.92043114 -1.50000000
v -12.75961971 14.07807159 -1.50000000
v -12.58589935 14.23359108 -1.50000000
v -14.76644993 13.43745041 -1.25000000
v -14.79086494 13.46186543 -1.25000000
v -14.68645000 13.41601467 -1.25000000
v -14.60645008 13.43745041 -1.25000000
v -14.54788589 13.49601460 -1.25000000
v -14.65308571 13.61201954 -1.25000000
v -14.54788589 13.65601444 -1.25000000
v -14.58077717 13.68890667 -1.25000000
v -14.52645016 13.57601452 -1.25000000
v -14.23359108 12.58589935 -1.25000000
v -14.07807159 12.75961971 -1.25000000
v -13.92043114 12.93141937 -1.25000000
v -13.76069450 13.10127068 -1.25000000
v -14.22213554 14.00357151 -1.25000000
v -14.25074673 14.03218269 -1.25000000
v -14.14213562 13.98213577 -1.25000000
v -14.14213562 14.14213562 -1.25000000
v -14.06213570 14.00357151 -1.25000000
v -14.00357151 14.06213570 -1.25000000
v -13.98213577 14.14213562 -1.25000000
v -14.03218269 14.25074673 -1.25000000
v -14.00357151 14.22213554 -1.25000000
v -13.59888554 13.26914883 -1.25000000
v -13.43502903 13.43502903 -1.25000000
v -13.26914883 13.59888554 -1.25000000
v -12.67552853 12.99051476 -1.25000000
v -13.68890667 14.58077717 -1.25000000
v -13.65601444 14.54788589 -1.25000000
v -13.61201954 14.65308571 -1.25000000
v -13.57601452 14.52645016 -1.25000000
v -13.49601460 14.54788589 -1.25000000
v -13.46186543 14.79086494 -1.25000000
v -13.43745041 14.60645008 -1.25000000
v -13.41601467 14.68645000 -1.25000000
v -13.43745041 14.76644993 -1.25000000
v -13.10127068 13.76069450 -1.25000000
v -12.93141937 13.92043114 -1.25000000
v -12.75961971 14.07807159 -1.25000000
v -12.58589935 14.23359108 -1.25000000
v -12.06006432 11.76764011 -1.25000000
v -12.41028404 14.38696766 -1.50000000
v -12.23279953 14.53817844 -1.50000000
v -12.05347252 14.68719864 -1.50000000
v -11.87233067 14.83400726 -1.50000000
v -11.68940067 14.97858238 -1.50000000
v -12.02284622 13.59682560 -1.25000000
v -12.41028404 14.38696766 -1.25000000
v -12.23279953 14.53817844 -1.25000000
v -12.05347252 14.68719864 -1.25000000
v -11.34119987 14.17038059 -1.25000000
v -11.87233067 14.83400726 -1.25000000
v -11.68940067 14.97858238 -1.25000000
v -11.23894882 12.55422401 -1.25000000
v -10.28495026 13.34699631 -1.25000000
v -10.63223076 14.70979786 -1.25000000
v -13.06345654 15.14417648 -1.50000000
v -12.87663078 15.30334568 -1.50000000
v -12.68786526 15.46020889 -1.50000000
v -13.06896114 15.06955528 -1.25000000
v -13.10622787 15.10682201 -1.25000000
v -13.06345654 15.14417648 -1.25000000
v -12.98896122 15.04811954 -1.25000000
v -12.90896130 15.06955528 -1.25000000
v -12.85039711 15.12811947 -1.25000000
v -12.82896137 15.20811939 -1.25000000
v -12.87663078 15.30334568 -1.25000000
v -12.87061882 15.30834103 -1.25000000
v -12.85039711 15.28811932 -1.25000000
v -12.50362968 15.60952568 -1.25000000
v -12.49718952 15.61474419 -1.50000000
v -12.30463219 15.76692867 -1.50000000
v -12.11022091 15.91673851 -1.50000000
v -11.91398621 16.06414986 -1.50000000
v -11.50471020 15.12090111 -1.50000000
v -11.31828690 15.26094341 -1.50000000
v -11.71595669 16.20914459 -1.50000000
v -11.51616383 16.35169601 -1.50000000
v -11.31463623 16.49178696 -1.50000000
v -11.13015938 15.39868641 -1.50000000
v -10.94035530 15.53411102 -1.50000000
v -10.74890423 15.66719723 -1.50000000
v -10.55583477 15.79792309 -1.50000000
v -10.36117458 15.92626953 -1.50000000
v -10.16495514 16.05221748 -1.50000000
v -11.11140442 16.62939262 -1.50000000
v -10.90649986 16.76449394 -1.50000000
v -10.69995213 16.89707184 -1.50000000
v -10.49179363 17.02710342 -1.50000000
v -10.28205490 17.15457153 -1.50000000
v -10.07076740 17.27945709 -1.50000000
v -12.46187878 15.56777477 -1.25000000
v -12.49718952 15.61474419 -1.25000000
v -12.38187885 15.54633904 -1.25000000
v -12.30187893 15.56777477 -1.25000000
v -12.30463219 15.76692867 -1.25000000
v -12.24331474 15.62633896 -1.25000000
v -12.22187901 15.70633888 -1.25000000
v -12.24331474 15.78633881 -1.25000000
v -12.25903797 15.80206203 -1.25000000
v -11.88171101 16.08778191 -1.25000000
v -11.50471020 15.12090111 -1.25000000
v -11.31828690 15.26094341 -1.25000000
v -11.83570480 16.04177666 -1.25000000
v -11.75570488 16.02033997 -1.25000000
v -11.67570496 16.04177666 -1.25000000
v -11.71595669 16.20914459 -1.25000000
v -11.61714077 16.10033989 -1.25000000
v -11.59570503 16.18033981 -1.25000000
v -11.61714077 16.26033974 -1.25000000
v -11.62841034 16.27160835 -1.25000000
v -11.13015938 15.39868641 -1.25000000
v -10.94035530 15.53411102 -1.25000000
v -10.74890423 15.66719723 -1.25000000
v -10.55583477 15.79792309 -1.25000000
v -10.36117458 15.92626953 -1.25000000
v -10.16495514 16.05221748 -1.25000000
v -11.24172783 16.54115105 -1.25000000
v -11.19140434 16.49082756 -1.25000000
v -11.11140442 16.46939278 -1.25000000
v -11.03140450 16.49082756 -1.25000000
v -10.97284031 16.54939270 -1.25000000
v -11.11140442 16.62939262 -1.25000000
v -10.95140457 16.62939262 -1.25000000
v -10.97968674 16.71623802 -1.25000000
v -10.97284031 16.70939255 -1.25000000
v -10.58476067 16.96902847 -1.25000000
v -10.52997112 16.91423988 -1.25000000
v -10.49179363 17.02710342 -1.25000000
v -10.44997120 16.89280319 -1.25000000
v -10.36997128 16.91423988 -1.25000000
v -10.31385136 17.13524818 -1.25000000
v -10.31140709 16.97280312 -1.25000000
v -10.28997135 17.05280304 -1.25000000
v -10.31140709 17.13280296 -1.25000000
v -14.96629620 10.26803207 -0.55000001
v -14.44443989 10.99002552 -0.55000001
v -13.88778591 11.68554211 -0.55000001
v -12.82626057 10.92746735 -0.55000001
v -13.29767513 12.35290813 -0.55000001
v -12.67552853 12.99051476 -0.55000001
v -12.06006432 11.76764011 -0.55000001
v -12.02284622 13.59682560 -0.55000001
v -11.34119987 14.17038059 -0.55000001
v -11.23894882 12.55422401 -0.55000001
v -10.28495026 13.34699631 -0.55000001
v -10.63223076 14.70979786 -0.55000001
v -6.16355991 1.92683625 -1.25000000
v -6.82921267 3.58333826 -1.25000000
v -5.05163097 2.62771702 -1.25000000
v -5.47633219 3.67014050 -1.25000000
v -5.89589834 4.91108036 -1.25000000
v -7.61866903 6.71487856 -1.25000000
v -7.68237019 7.51807308 -1.25000000
v -7.72019100 8.65035439 -1.25000000
v -7.30498505 5.13027191 -1.25000000
v -7.48524809 5.92153502 -1.25000000
v -6.35268259 7.06242990 -1.25000000
v -6.20934057 6.17069626 -1.25000000
v -6.41492367 8.40205288 -1.25000000
v -3.76955819 0.11700356 -1.25000000
v -4.55891657 1.55793691 -1.25000000
v -4.21238661 2.15283179 -1.25000000
v -3.73568201 0.20896479 -1.25000000
v -3.50844240 0.74884140 -1.25000000
v -3.27846122 1.19325066 -1.25000000
v -3.05132699 1.54584563 -1.25000000
v -2.83380795 1.81129336 -1.25000000
v -2.51326323 2.08041239 -1.25000000
v -3.88211465 2.58946395 -1.25000000
v -3.44967341 3.00855541 -1.25000000
v -3.04465818 3.27214479 -1.25000000
v -2.64414740 3.42910528 -1.25000000
v -1.32012427 0.23867372 -1.25000000
v -1.30010319 0.58036381 -1.25000000
v -1.32673907 1.01338494 -1.25000000
v -2.22192597 2.19117069 -1.25000000
v -1.93525028 2.15361619 -1.25000000
v -1.38910413 1.34624195 -1.25000000
v -1.48550975 1.65118313 -1.25000000
v -1.64602268 1.97216749 -1.25000000
v -0.02742643 0.10078584 -1.25000000
v -0.00007580 0.58221257 -1.25000000
v -0.02261849 1.05077004 -1.25000000
v -0.07742523 1.43100631 -1.25000000
v -0.32611179 2.24872208 -1.25000000
v -0.19067521 1.88521445 -1.25000000
v -2.14318657 3.49611044 -1.25000000
v -1.69599152 3.43944073 -1.25000000
v -0.91400820 3.05207658 -1.25000000
v -0.65786254 2.82461834 -1.25000000
v -1.21031880 3.24646974 -1.25000000
v -6.16355991 1.92683625 -0.55000001
v -6.82921267 3.58333826 -0.55000001
v -5.05163097 2.62771702 -0.55000001
v -5.47633219 3.67014050 -0.55000001
v -5.89589834 4.91108036 -0.55000001
v -7.61866903 6.71487856 -0.55000001
v -7.68237019 7.51807308 -0.55000001
v -7.72019100 8.65035439 -0.55000001
v -7.30498505 5.13027191 -0.55000001
v -7.48524809 5.92153502 -0.55000001
v -6.35268259 7.06242990 -0.55000001
v -6.20934057 6.17069626 -0.55000001
v -6.41492367 8.40205288 -0.55000001
v -3.76955819 0.11700356 -0.55000001
v -4.55891657 1.55793691 -0.55000001
v -4.21238661 2.15283179 -0.55000001
v -3.73568201 0.20896479 -0.55000001
v -3.50844240 0.74884140 -0.55000001
v -3.27846122 1.19325066 -0.55000001
v -3.05132699 1.54584563 -0.55000001
v -2.83380795 1.81129336 -0.55000001
v -2.51326323 2.08041239 -0.55000001
v -3.88211465 2.58946395 -0.55000001
v -3.44967341 3.00855541 -0.55000001
v -3.04465818 3.27214479 -0.55000001
v -2.64414740 3.42910528 -0.55000001
v -1.32012427 0.23867372 -0.55000001
v -1.30010319 0.58036381 -0.55000001
v -1.32673907 1.01338494 -0.55000001
v -2.22192597 2.19117069 -0.55000001
v -1.93525028 2.15361619 -0.55000001
v -1.38910413 1.34624195 -0.55000001
v -1.48550975 1.65118313 -0.55000001
v -1.64602268 1.97216749 -0.55000001
v -0.02742643 0.10078584 -0.55000001
v -0.00007580 0.58221257 -0.55000001
v -0.02261849 1.05077004 -0.55000001
v -0.07742523 1.43100631 -0.55000001
v -0.32611179 2.24872208 -0.55000001
v -0.19067521 1.88521445 -0.55000001
v -2.14318657 3.49611044 -0.55000001
v -1.69599152 3.43944073 -0.55000001
v -0.91400820 3.05207658 -0.55000001
v -0.65786254 2.82461834 -0.55000001
v -1.21031880 3.24646974 -0.55000001
v -7.69397879 10.62460423 -1.25000000
v -9.36135864 14.01026344 -1.25000000
v -7.53162813 12.85759735 -1.25000000
v -8.39513588 14.60972881 -1.25000000
v -6.40526056 10.30216408 -1.25000000
v -6.28975677 12.18805504 -1.25000000
v -6.07844448 14.04358196 -1.25000000
v -9.96720409 16.17574883 -1.50000000
v -9.76795197 16.29684448 -1.50000000
v -9.56722927 16.41548347 -1.50000000
v -9.85796356 17.40173912 -1.50000000
v -9.36506557 16.53165245 -1.50000000
v -9.16149139 16.64533234 -1.50000000
v -8.95653820 16.75650406 -1.50000000
v -8.75023556 16.86515236 -1.50000000
v -8.54261494 16.97126198 -1.50000000
v -8.33370876 17.07481575 -1.50000000
v -8.12354660 17.17579651 -1.50000000
v -7.91216183 17.27419090 -1.50000000
v -7.69958496 17.36998558 -1.50000000
v -9.89764881 15.21377850 -1.25000000
v -9.96720409 16.17574883 -1.25000000
v -9.13922119 15.68110752 -1.25000000
v -9.76795197 16.29684448 -1.25000000
v -9.56722927 16.41548347 -1.25000000
v -9.85242462 17.31135559 -1.25000000
v -9.91098881 17.36992073 -1.25000000
v -9.91130257 17.37108994 -1.25000000
v -9.85796356 17.40173912 -1.25000000
v -9.77242470 17.28992081 -1.25000000
v -9.69242477 17.31135559 -1.25000000
v -9.63386059 17.36992073 -1.25000000
v -9.61242485 17.44992065 -1.25000000
v -9.36506557 16.53165245 -1.25000000
v -9.16149139 16.64533234 -1.25000000
v -8.95653820 16.75650406 -1.25000000
v -8.75023556 16.86515236 -1.25000000
v -8.35877800 16.11065865 -1.25000000
v -8.54261494 16.97126198 -1.25000000
v -8.33370876 17.07481575 -1.25000000
v -7.55819654 16.50139809 -1.25000000
v -8.12354660 17.17579651 -1.25000000
v -7.91216183 17.27419090 -1.25000000
v -7.69958496 17.36998558 -1.25000000
v -9.64367580 17.52140236 -1.50000000
v -9.42793465 17.63842583 -1.50000000
v -9.21077442 17.75279236 -1.50000000
v -8.99222660 17.86448669 -1.50000000
v -8.77232456 17.97348976 -1.50000000
v -8.55110168 18.07978630 -1.50000000
v -8.32859135 18.18335915 -1.50000000
v -8.10482597 18.28419495 -1.50000000
v -7.87984085 18.38227654 -1.50000000
v -7.65366888 18.47759056 -1.50000000
v -9.64367580 17.52140236 -1.25000000
v -9.63311386 17.52713013 -1.25000000
v -9.22040749 17.74771881 -1.25000000
v -9.15981007 17.68156624 -1.25000000
v -9.21837425 17.74013138 -1.25000000
v -9.21077442 17.75279236 -1.25000000
v -9.07981014 17.66012955 -1.25000000
v -8.99981022 17.68156624 -1.25000000
v -8.94124603 17.74013138 -1.25000000
v -8.99222660 17.86448669 -1.25000000
v -8.91981030 17.82013130 -1.25000000
v -8.93879223 17.89097214 -1.25000000
v -8.45319462 18.02429962 -1.25000000
v -8.51175880 18.08286285 -1.25000000
v -8.51538849 18.09640884 -1.25000000
v -8.37319469 18.00286293 -1.25000000
v -8.29319477 18.02429962 -1.25000000
v -8.23463058 18.08286285 -1.25000000
v -8.32859135 18.18335915 -1.25000000
v -8.21319485 18.16286278 -1.25000000
v -8.23052788 18.22755051 -1.25000000
v -7.79223251 18.39759064 -1.25000000
v -7.79743481 18.41700554 -1.25000000
v -7.73366880 18.33902740 -1.25000000
v -7.65366888 18.31759071 -1.25000000
v -7.57366848 18.33902740 -1.25000000
v -7.51510477 18.39759064 -1.25000000
v -7.65366888 18.47759056 -1.25000000
v -7.50940323 18.53631210 -1.25000000
v -7.48584890 17.46316338 -1.50000000
v -7.21229935 15.22840786 -1.25000000
v -7.48584890 17.46316338 -1.25000000
v -6.73940706 16.85238457 -1.25000000
v -5.78657961 15.82519436 -1.25000000
v -5.90438175 17.16277313 -1.25000000
v -5.05513239 17.43181419 -1.25000000
v -7.27098513 17.55371094 -1.50000000
v -7.05502653 17.64161491 -1.50000000
v -7.42634392 18.57012177 -1.50000000
v -7.19790077 18.65985680 -1.50000000
v -6.96837378 18.74678040 -1.50000000
v -6.83800554 17.72686386 -1.50000000
v -6.61995506 17.80944061 -1.50000000
v -6.40090704 17.88933754 -1.50000000
v -6.73779726 18.83088112 -1.50000000
v -6.50620604 18.91214561 -1.50000000
v -6.27363491 18.99056435 -1.50000000
v -6.18089533 17.96653938 -1.50000000
v -5.95995283 18.04103470 -1.50000000
v -5.73811293 18.11281395 -1.50000000
v -5.51540899 18.18186569 -1.50000000
v -5.29187393 18.24818039 -1.50000000
v -5.06754255 18.31174469 -1.50000000
v -6.04011917 19.06612015 -1.50000000
v -5.80569363 19.13880730 -1.50000000
v -5.57039356 19.20861053 -1.50000000
v -5.33425522 19.27552223 -1.50000000
v -5.09731340 19.33952904 -1.50000000
v -7.27098513 17.55371094 -1.25000000
v -7.05502653 17.64161491 -1.25000000
v -7.49366856 18.47759056 -1.25000000
v -7.06090498 18.68382645 -1.25000000
v -7.06769514 18.70916557 -1.25000000
v -7.00234127 18.62526321 -1.25000000
v -6.96837378 18.74678040 -1.25000000
v -6.92234135 18.60382652 -1.25000000
v -6.83800554 17.72686386 -1.25000000
v -6.61995506 17.80944061 -1.25000000
v -6.40090704 17.88933754 -1.25000000
v -6.84234095 18.62526321 -1.25000000
v -6.78377724 18.68382645 -1.25000000
v -6.76234102 18.76382637 -1.25000000
v -6.77652359 18.81675529 -1.25000000
v -6.26033974 18.88256645 -1.25000000
v -6.31890392 18.94112968 -1.25000000
v -6.32730103 18.97246933 -1.25000000
v -6.27363491 18.99056435 -1.25000000
v -6.18089533 17.96653938 -1.25000000
v -5.95995283 18.04103470 -1.25000000
v -5.73811293 18.11281395 -1.25000000
v -5.51540899 18.18186569 -1.25000000
v -5.29187393 18.24818039 -1.25000000
v -5.06754255 18.31174469 -1.25000000
v -6.18033981 18.86112976 -1.25000000
v -6.10033989 18.88256645 -1.25000000
v -6.04177570 18.94112968 -1.25000000
v -6.02033997 19.02112961 -1.25000000
v -6.04011917 19.06612015 -1.25000000
v -6.03298759 19.06833267 -1.25000000
v -5.56737328 19.16910553 -1.25000000
v -5.57039356 19.20861053 -1.25000000
v -5.57740164 19.20653152 -1.25000000
v -5.50880909 19.11054039 -1.25000000
v -5.42880917 19.08910561 -1.25000000
v -5.34880877 19.11054039 -1.25000000
v -5.33425522 19.27552223 -1.25000000
v -5.29024506 19.16910553 -1.25000000
v -5.27982712 19.29022408 -1.25000000
v -5.26880884 19.24910545 -1.25000000
v -4.39438105 16.26689720 -1.25000000
v -2.98252106 16.58394051 -1.25000000
v -4.84244776 18.37255287 -1.50000000
v -4.61662340 18.43059349 -1.50000000
v -4.39010429 18.48585892 -1.50000000
v -4.16292334 18.53833961 -1.50000000
v -3.93511605 18.58802986 -1.50000000
v -4.85960340 19.40062523 -1.50000000
v -4.62116194 19.45879936 -1.50000000
v -4.38202477 19.51404190 -1.50000000
v -4.14222765 19.56634712 -1.50000000
v -3.90180635 19.61570549 -1.50000000
v -3.70671606 18.63492012 -1.50000000
v -3.47775793 18.67900467 -1.50000000
v -3.24827600 18.72027588 -1.50000000
v -3.66079783 19.66210938 -1.50000000
v -3.41923785 19.70555305 -1.50000000
v -3.17716289 19.74602890 -1.50000000
v -3.01830482 18.75872612 -1.50000000
v -2.78787899 18.79435349 -1.50000000
v -2.55703354 18.82715034 -1.50000000
v -2.93460941 19.78352928 -1.50000000
v -2.69161415 19.81805229 -1.50000000
v -4.84244776 18.37255287 -1.25000000
v -4.61662340 18.43059349 -1.25000000
v -4.39010429 18.48585892 -1.25000000
v -4.19370461 17.65885925 -1.25000000
v -4.16292334 18.53833961 -1.25000000
v -3.93511605 18.58802986 -1.25000000
v -4.80747128 19.36739922 -1.25000000
v -4.74890709 19.30883408 -1.25000000
v -4.66890717 19.28739929 -1.25000000
v -4.58890724 19.30883408 -1.25000000
v -4.53034306 19.36739922 -1.25000000
v -4.81902695 19.41052437 -1.25000000
v -4.62116194 19.45879936 -1.25000000
v -4.50890732 19.44739914 -1.25000000
v -4.51832771 19.48255539 -1.25000000
v -3.98180652 19.47714233 -1.25000000
v -4.04037046 19.53570557 -1.25000000
v -4.05346394 19.58456993 -1.25000000
v -3.90180635 19.45570564 -1.25000000
v -3.82180643 19.47714233 -1.25000000
v -3.90180635 19.61570549 -1.25000000
v -3.76324248 19.53570557 -1.25000000
v -3.32217407 17.84336472 -1.25000000
v -3.70671606 18.63492012 -1.25000000
v -3.47775793 18.67900467 -1.25000000
v -3.24827600 18.72027588 -1.25000000
v -3.74180651 19.61570549 -1.25000000
v -3.74965596 19.64500046 -1.25000000
v -3.26725340 19.67376709 -1.25000000
v -3.20868921 19.61520195 -1.25000000
v -3.12868929 19.59376717 -1.25000000
v -3.28192234 19.72851181 -1.25000000
v -3.17716289 19.74602890 -1.25000000
v -3.01830482 18.75872612 -1.25000000
v -2.78787899 18.79435349 -1.25000000
v -2.55703354 18.82715034 -1.25000000
v -3.04868937 19.61520195 -1.25000000
v -2.99012518 19.67376709 -1.25000000
v -2.97499132 19.77728653 -1.25000000
v -2.96868920 19.75376701 -1.25000000
v -2.50559950 19.84215546 -1.25000000
v -1.54866588 16.77868080 -1.25000000
v -2.32580280 18.85711098 -1.50000000
v -2.09422183 18.88423157 -1.50000000
v -2.44821358 19.84959030 -1.50000000
v -2.20444417 19.87813950 -1.50000000
v -1.96034276 19.90369415 -1.50000000
v -1.86232567 18.90851021 -1.50000000
v -1.63014889 18.92993927 -1.50000000
v -1.39772666 18.94851875 -1.50000000
v -1.71594620 19.92625237 -1.50000000
v -1.47129130 19.94580841 -1.50000000
v -1.16509402 18.96424484 -1.50000000
v -0.93228579 18.97711372 -1.50000000
v -0.69933724 18.98712540 -1.50000000
v -1.22641468 19.96236229 -1.50000000
v -0.98135346 19.97590828 -1.50000000
v -0.73614448 19.98644829 -1.50000000
v -0.46628335 18.99427795 -1.50000000
v -0.23315923 18.99856949 -1.50000000
v -0.49082458 19.99397659 -1.50000000
v -0.24543077 19.99849319 -1.50000000
v -2.44263983 17.98488235 -1.25000000
v -1.55722117 18.08307457 -1.25000000
v -2.32580280 18.85711098 -1.25000000
v -2.09422183 18.88423157 -1.25000000
v -2.43074799 19.72280502 -1.25000000
v -2.48931193 19.78136826 -1.25000000
v -2.35074806 19.70136833 -1.25000000
v -2.44821358 19.84959030 -1.25000000
v -2.27074790 19.72280502 -1.25000000
v -2.21218395 19.78136826 -1.25000000
v -2.19074798 19.86137009 -1.25000000
v -2.20444417 19.87813950 -1.25000000
v -2.19549274 19.87907600 -1.25000000
v -1.86232567 18.90851021 -1.25000000
v -1.63014889 18.92993927 -1.25000000
v -1.39772666 18.94851875 -1.25000000
v -1.72570002 19.92535210 -1.25000000
v -1.64918196 19.79978180 -1.25000000
v -1.56918192 19.77834702 -1.25000000
v -1.70774603 19.85834694 -1.25000000
v -1.71594620 19.92625237 -1.25000000
v -1.48918188 19.79978180 -1.25000000
v -1.43061781 19.85834694 -1.25000000
v -1.47129130 19.94580841 -1.25000000
v -1.40918195 19.93834686 -1.25000000
v -1.41225088 19.94980049 -1.25000000
v -0.66805112 18.13770103 -1.25000000
v -1.16509402 18.96424484 -1.25000000
v -0.93228579 18.97711372 -1.25000000
v -0.69933724 18.98712540 -1.25000000
v -0.94331086 19.97754478 -1.25000000
v -0.78519630 19.82458115 -1.25000000
v -0.92376035 19.90458107 -1.25000000
v -0.86519629 19.84601593 -1.25000000
v -0.70519632 19.84601593 -1.25000000
v -0.73614448 19.98644829 -1.25000000
v -0.64663225 19.90458107 -1.25000000
v -0.62519634 19.98458099 -1.25000000
v -0.62659740 19.98980904 -1.25000000
v -0.46628335 18.99427795 -1.25000000
v -0.23315923 18.99856949 -1.25000000
v -0.15973736 19.99901962 -1.25000000
v -0.13856407 19.92000008 -1.25000000
v -0.08000000 19.86143684 -1.25000000
v -7.69397879 10.62460423 -0.55000001
v -9.36135864 14.01026344 -0.55000001
v -7.53162813 12.85759735 -0.55000001
v -8.39513588 14.60972881 -0.55000001
v -6.40526056 10.30216408 -0.55000001
v -6.28975677 12.18805504 -0.55000001
v -6.07844448 14.04358196 -0.55000001
v -9.89764881 15.21377850 -0.55000001
v -9.13922119 15.68110752 -0.55000001
v -8.35877800 16.11065865 -0.55000001
v -7.55819654 16.50139809 -0.55000001
v -7.21229935 15.22840786 -0.55000001
v -6.73940706 16.85238457 -0.55000001
v -5.78657961 15.82519436 -0.55000001
v -5.90438175 17.16277313 -0.55000001
v -5.05513239 17.43181419 -0.55000001
v -4.39438105 16.26689720 -0.55000001
v -2.98252106 16.58394051 -0.55000001
v -4.19370461 17.65885925 -0.55000001
v -3.32217407 17.84336472 -0.55000001
v -1.54866588 16.77868080 -0.55000001
v -2.44263983 17.98488235 -0.55000001
v -1.55722117 18.08307457 -0.55000001
v -0.66805112 18.13770103 -0.55000001
v -18.13770103 0.66805112 0.55000001
v -18.08307457 1.55722117 0.55000001
v -17.98488235 2.44263983 0.55000001
v -17.84336472 3.32217407 0.55000001
v -17.65885925 4.19370461 0.55000001
v -16.82431412 0.93003988 0.55000001
v -16.71030998 2.16519308 0.55000001
v -16.52623177 3.28727198 0.55000001
v -16.26689720 4.39438105 0.55000001
v -17.43181419 5.05513239 0.55000001
v -17.16277313 5.90438175 0.55000001
v -16.85238457 6.73940706 0.55000001
v -15.89954948 5.57914114 0.55000001
v -15.48706818 6.63876581 0.55000001
v -16.50139809 7.55819654 0.55000001
v -16.11065865 8.35877800 0.55000001
v -15.00406075 7.66815853 0.55000001
v -15.68110752 9.13922119 0.55000001
v -15.21377850 9.89764881 0.55000001
v -14.39930248 8.75114822 0.55000001
v -13.77630424 9.70236778 0.55000001
v -20.00000000 0.00000000 1.25000000
v -19.92000008 0.13856407 1.25000000
v -19.86143684 0.08000000 1.25000000
v -19.99901962 0.15973736 1.25000000
v -19.84000015 0.00000000 1.25000000
v -19.98458099 0.62519634 1.25000000
v -19.98980904 0.62659740 1.25000000
v -19.98644829 0.73614448 1.25000000
v -19.90458107 0.64663225 1.25000000
v -19.84601593 0.70519632 1.25000000
v -19.90458107 0.92376035 1.25000000
v -19.84601593 0.86519629 1.25000000
v -19.82458115 0.78519630 1.25000000
v -19.97754478 0.94331086 1.25000000
v -19.00000000 0.00000000 1.25000000
v -18.99856949 0.23315923 1.25000000
v -18.99427795 0.46628335 1.25000000
v -18.98712540 0.69933724 1.25000000
v -18.97711372 0.93228579 1.25000000
v -18.96424484 1.16509402 1.25000000
v -19.93834686 1.40918195 1.25000000
v -19.94980049 1.41225088 1.25000000
v -19.94580841 1.47129130 1.25000000
v -19.85834694 1.43061781 1.25000000
v -19.79978180 1.48918188 1.25000000
v -19.92625237 1.71594620 1.25000000
v -19.85834694 1.70774603 1.25000000
v -19.92535210 1.72570002 1.25000000
v -19.77834702 1.56918192 1.25000000
v -19.79978180 1.64918196 1.25000000
v -19.86137009 2.19074798 1.25000000
v -19.87813950 2.20444417 1.25000000
v -19.87907600 2.19549274 1.25000000
v -19.84959030 2.44821358 1.25000000
v -19.78136826 2.21218395 1.25000000
v -19.72280502 2.27074790 1.25000000
v -19.78136826 2.48931193 1.25000000
v -19.70136833 2.35074806 1.25000000
v -19.72280502 2.43074799 1.25000000
v -18.94851875 1.39772666 1.25000000
v -18.92993927 1.63014889 1.25000000
v -18.90851021 1.86232567 1.25000000
v -18.88423157 2.09422183 1.25000000
v -18.85711098 2.32580280 1.25000000
v -18.13770103 0.66805112 1.25000000
v -18.08307457 1.55722117 1.25000000
v -17.98488235 2.44263983 1.25000000
v -20.00000000 0.00000000 1.50000000
v -19.99849319 0.24543077 1.50000000
v -19.99397659 0.49082458 1.50000000
v -19.98644829 0.73614448 1.50000000
v -19.97590828 0.98135346 1.50000000
v -19.96236229 1.22641468 1.50000000
v -19.00000000 0.00000000 1.50000000
v -18.99856949 0.23315923 1.50000000
v -18.99427795 0.46628335 1.50000000
v -18.98712540 0.69933724 1.50000000
v -18.97711372 0.93228579 1.50000000
v -18.96424484 1.16509402 1.50000000
v -19.94580841 1.47129130 1.50000000
v -19.92625237 1.71594620 1.50000000
v -19.90369415 1.96034276 1.50000000
v -19.87813950 2.20444417 1.50000000
v -19.84959030 2.44821358 1.50000000
v -18.94851875 1.39772666 1.50000000
v -18.92993927 1.63014889 1.50000000
v -18.90851021 1.86232567 1.50000000
v -18.88423157 2.09422183 1.50000000
v -18.85711098 2.32580280 1.50000000
v -19.84215546 2.50559950 1.25000000
v -19.75376701 2.96868920 1.25000000
v -19.77728653 2.97499132 1.25000000
v -19.67376709 2.99012518 1.25000000
v -19.61520195 3.04868937 1.25000000
v -19.74602890 3.17716289 1.25000000
v -19.72851181 3.28192234 1.25000000
v -19.67376709 3.26725340 1.25000000
v -19.61520195 3.20868921 1.25000000
v -19.59376717 3.12868929 1.25000000
v -19.61570549 3.74180651 1.25000000
v -19.64500046 3.74965596 1.25000000
v -18.82715034 2.55703354 1.25000000
v -18.79435349 2.78787899 1.25000000
v -18.75872612 3.01830482 1.25000000
v -19.61570549 3.90180635 1.25000000
v -19.53570557 3.76324248 1.25000000
v -19.58456993 4.05346394 1.25000000
v -19.53570557 4.04037046 1.25000000
v -19.47714233 3.82180643 1.25000000
v -19.45570564 3.90180635 1.25000000
v -19.47714233 3.98180652 1.25000000
v -19.48255539 4.51832771 1.25000000
v -19.44739914 4.50890732 1.25000000
v -19.45879936 4.62116194 1.25000000
v -19.41052437 4.81902695 1.25000000
v -19.36739922 4.53034306 1.25000000
v -19.30883408 4.58890724 1.25000000
v -19.28739929 4.66890717 1.25000000
v -19.30883408 4.74890709 1.25000000
v -19.36739922 4.80747128 1.25000000
v -18.72027588 3.24827600 1.25000000
v -18.67900467 3.47775793 1.25000000
v -18.63492012 3.70671606 1.25000000
v -17.84336472 3.32217407 1.25000000
v -18.58802986 3.93511605 1.25000000
v -18.53833961 4.16292334 1.25000000
v -18.48585892 4.39010429 1.25000000
v -18.43059349 4.61662340 1.25000000
v -18.37255287 4.84244776 1.25000000
v -17.65885925 4.19370461 1.25000000
v -19.81805229 2.69161415 1.50000000
v -19.78352928 2.93460941 1.50000000
v -19.74602890 3.17716289 1.50000000
v -19.70555305 3.41923785 1.50000000
v -19.66210938 3.66079783 1.50000000
v -18.82715034 2.55703354 1.50000000
v -18.79435349 2.78787899 1.50000000
v -18.75872612 3.01830482 1.50000000
v -19.61570549 3.90180635 1.50000000
v -19.56634712 4.14222765 1.50000000
v -19.51404190 4.38202477 1.50000000
v -19.45879936 4.62116194 1.50000000
v -19.40062523 4.85960340 1.50000000
v -18.72027588 3.24827600 1.50000000
v -18.67900467 3.47775793 1.50000000
v -18.63492012 3.70671606 1.50000000
v -18.58802986 3.93511605 1.50000000
v -18.53833961 4.16292334 1.50000000
v -18.48585892 4.39010429 1.50000000
v -18.43059349 4.61662340 1.50000000
v -18.37255287 4.84244776 1.50000000
v -16.82431412 0.93003988 1.25000000
v -16.71030998 2.16519308 1.25000000
v -16.52623177 3.28727198 1.25000000
v -16.26689720 4.39438105 1.25000000
v -19.29022408 5.27982712 1.25000000
v -19.24910545 5.26880884 1.25000000
v -19.16910553 5.29024506 1.25000000
v -19.27552223 5.33425522 1.25000000
v -19.11054039 5.34880877 1.25000000
v -19.08910561 5.42880917 1.25000000
v -19.20861053 5.57039356 1.25000000
v -19.20653152 5.57740164 1.25000000
v -19.16910553 5.56737328 1.25000000
v -19.11054039 5.50880909 1.25000000
v -19.06612015 6.04011917 1.25000000
v -19.06833267 6.03298759 1.25000000
v -19.02112961 6.02033997 1.25000000
v -18.94112968 6.04177570 1.25000000
v -18.88256645 6.10033989 1.25000000
v -18.86112976 6.18033981 1.25000000
v -18.99056435 6.27363491 1.25000000
v -18.97246933 6.32730103 1.25000000
v -18.94112968 6.31890392 1.25000000
v -18.88256645 6.26033974 1.25000000
v -18.81675529 6.77652359 1.25000000
v -18.76382637 6.76234102 1.25000000
v -18.31174469 5.06754255 1.25000000
v -18.24818039 5.29187393 1.25000000
v -18.18186569 5.51540899 1.25000000
v -18.11281395 5.73811293 1.25000000
v -18.04103470 5.95995283 1.25000000
v -17.96653938 6.18089533 1.25000000
v -18.68382645 6.78377724 1.25000000
v -18.62526321 6.84234095 1.25000000
v -18.74678040 6.96837378 1.25000000
v -18.60382652 6.92234135 1.25000000
v -18.62526321 7.00234127 1.25000000
v -18.68382645 7.06090498 1.25000000
v -18.70916557 7.06769514 1.25000000
v -18.47759056 7.49366856 1.25000000
v -17.88933754 6.40090704 1.25000000
v -17.80944061 6.61995506 1.25000000
v -17.72686386 6.83800554 1.25000000
v -17.64161491 7.05502653 1.25000000
v -17.55371094 7.27098513 1.25000000
v -19.33952904 5.09731340 1.50000000
v -19.27552223 5.33425522 1.50000000
v -19.20861053 5.57039356 1.50000000
v -19.13880730 5.80569363 1.50000000
v -19.06612015 6.04011917 1.50000000
v -18.99056435 6.27363491 1.50000000
v -18.91214561 6.50620604 1.50000000
v -18.83088112 6.73779726 1.50000000
v -18.31174469 5.06754255 1.50000000
v -18.24818039 5.29187393 1.50000000
v -18.18186569 5.51540899 1.50000000
v -18.11281395 5.73811293 1.50000000
v -18.04103470 5.95995283 1.50000000
v -17.96653938 6.18089533 1.50000000
v -18.74678040 6.96837378 1.50000000
v -18.65985680 7.19790077 1.50000000
v -18.57012177 7.42634392 1.50000000
v -17.88933754 6.40090704 1.50000000
v -17.80944061 6.61995506 1.50000000
v -17.72686386 6.83800554 1.50000000
v -17.64161491 7.05502653 1.50000000
v -17.55371094 7.27098513 1.50000000
v -18.53631210 7.50940323 1.25000000
v -18.47759056 7.65366888 1.25000000
v -18.39759064 7.51510477 1.25000000
v -18.33902740 7.57366848 1.25000000
v -18.31759071 7.65366888 1.25000000
v -18.41700554 7.79743481 1.25000000
v -18.39759064 7.79223251 1.25000000
v -18.33902740 7.73366880 1.25000000
v -18.22755051 8.23052788 1.25000000
v -18.16286278 8.21319485 1.25000000
v -18.18335915 8.32859135 1.25000000
v -18.08286285 8.23463058 1.25000000
v -18.02429962 8.29319477 1.25000000
v -18.00286293 8.37319469 1.25000000
v -18.09640884 8.51538849 1.25000000
v -18.08286285 8.51175880 1.25000000
v -18.02429962 8.45319462 1.25000000
v -17.89097214 8.93879223 1.25000000
v -17.82013130 8.91981030 1.25000000
v -17.86448669 8.99222660 1.25000000
v -17.74013138 8.94124603 1.25000000
v -17.68156624 8.99981022 1.25000000
v -17.74013138 9.21837425 1.25000000
v -17.75279236 9.21077442 1.25000000
v -17.66012955 9.07981014 1.25000000
v -17.68156624 9.15981007 1.25000000
v -17.74771881 9.22040749 1.25000000
v -17.52140236 9.64367580 1.25000000
v -17.52713013 9.63311386 1.25000000
v -18.47759056 7.65366888 1.50000000
v -18.38227654 7.87984085 1.50000000
v -18.28419495 8.10482597 1.50000000
v -18.18335915 8.32859135 1.50000000
v -18.07978630 8.55110168 1.50000000
v -17.97348976 8.77232456 1.50000000
v -17.86448669 8.99222660 1.50000000
v -17.75279236 9.21077442 1.50000000
v -17.63842583 9.42793465 1.50000000
v -17.52140236 9.64367580 1.50000000
v -17.43181419 5.05513239 1.25000000
v -17.16277313 5.90438175 1.25000000
v -17.46316338 7.48584890 1.25000000
v -16.85238457 6.73940706 1.25000000
v -15.89954948 5.57914114 1.25000000
v -15.48706818 6.63876581 1.25000000
v -17.46316338 7.48584890 1.50000000
v -17.36998558 7.69958496 1.25000000
v -17.27419090 7.91216183 1.25000000
v -17.17579651 8.12354660 1.25000000
v -17.07481575 8.33370876 1.25000000
v -16.97126198 8.54261494 1.25000000
v -16.50139809 7.55819654 1.25000000
v -17.44992065 9.61242485 1.25000000
v -17.36992073 9.63386059 1.25000000
v -17.40173912 9.85796356 1.25000000
v -17.36992073 9.91098881 1.25000000
v -17.37108994 9.91130257 1.25000000
v -17.31135559 9.69242477 1.25000000
v -17.28992081 9.77242470 1.25000000
v -17.31135559 9.85242462 1.25000000
v -16.86515236 8.75023556 1.25000000
v -16.75650406 8.95653820 1.25000000
v -16.64533234 9.16149139 1.25000000
v -16.53165245 9.36506557 1.25000000
v -16.41548347 9.56722927 1.25000000
v -16.29684448 9.76795197 1.25000000
v -16.11065865 8.35877800 1.25000000
v -15.00406075 7.66815853 1.25000000
v -15.68110752 9.13922119 1.25000000
v -16.17574883 9.96720409 1.25000000
v -15.21377850 9.89764881 1.25000000
v -17.36998558 7.69958496 1.50000000
v -17.27419090 7.91216183 1.50000000
v -17.17579651 8.12354660 1.50000000
v -17.07481575 8.33370876 1.50000000
v -16.97126198 8.54261494 1.50000000
v -17.40173912 9.85796356 1.50000000
v -16.86515236 8.75023556 1.50000000
v -16.75650406 8.95653820 1.50000000
v -16.64533234 9.16149139 1.50000000
v -16.53165245 9.36506557 1.50000000
v -16.41548347 9.56722927 1.50000000
v -16.29684448 9.76795197 1.50000000
v -16.17574883 9.96720409 1.50000000
v -14.39930248 8.75114822 1.25000000
v -13.77630424 9.70236778 1.25000000
v -14.70979786 10.63223076 0.55000001
v -14.17038059 11.34119987 0.55000001
v -13.09057045 10.60940456 0.55000001
v -13.59682560 12.02284622 0.55000001
v -12.99051476 12.67552853 0.55000001
v -12.34522438 11.46812725 0.55000001
v -11.46812725 12.34522438 0.55000001
v -12.35290813 13.29767513 0.55000001
v -11.68554211 13.88778591 0.55000001
v -10.52888203 13.15542221 0.55000001
v -10.99002552 14.44443989 0.55000001
v -10.26803207 14.96629620 0.55000001
v -17.13280296 10.31140709 1.25000000
v -17.05280304 10.28997135 1.25000000
v -16.97280312 10.31140709 1.25000000
v -17.13524818 10.31385136 1.25000000
v -16.91423988 10.36997128 1.25000000
v -16.89280319 10.44997120 1.25000000
v -17.02710342 10.49179363 1.25000000
v -16.96902847 10.58476067 1.25000000
v -16.91423988 10.52997112 1.25000000
v -16.70939255 10.97284031 1.25000000
v -16.71623802 10.97968674 1.25000000
v -16.62939262 10.95140457 1.25000000
v -16.62939262 11.11140442 1.25000000
v -16.54939270 10.97284031 1.25000000
v -16.49082756 11.03140450 1.25000000
v -16.54115105 11.24172783 1.25000000
v -16.49082756 11.19140434 1.25000000
v -16.46939278 11.11140442 1.25000000
v -16.26033974 11.61714077 1.25000000
v -16.27160835 11.62841034 1.25000000
v -16.05221748 10.16495514 1.25000000
v -15.92626953 10.36117458 1.25000000
v -15.79792309 10.55583477 1.25000000
v -15.66719723 10.74890423 1.25000000
v -15.53411102 10.94035530 1.25000000
v -15.39868641 11.13015938 1.25000000
v -16.18033981 11.59570503 1.25000000
v -16.20914459 11.71595669 1.25000000
v -16.10033989 11.61714077 1.25000000
v -16.04177666 11.67570496 1.25000000
v -16.02033997 11.75570488 1.25000000
v -16.04177666 11.83570480 1.25000000
v -16.08778191 11.88171101 1.25000000
v -15.78633881 12.24331474 1.25000000
v -15.80206203 12.25903797 1.25000000
v -15.70633888 12.22187901 1.25000000
v -15.76692867 12.30463219 1.25000000
v -15.62633896 12.24331474 1.25000000
v -15.26094341 11.31828690 1.25000000
v -15.12090111 11.50471020 1.25000000
v -15.56777477 12.30187893 1.25000000
v -15.61474419 12.49718952 1.25000000
v -15.56777477 12.46187878 1.25000000
v -15.54633904 12.38187885 1.25000000
v -17.27945709 10.07076740 1.50000000
v -17.15457153 10.28205490 1.50000000
v -17.02710342 10.49179363 1.50000000
v -16.89707184 10.69995213 1.50000000
v -16.76449394 10.90649986 1.50000000
v -16.62939262 11.11140442 1.50000000
v -16.49178696 11.31463623 1.50000000
v -16.35169601 11.51616383 1.50000000
v -16.05221748 10.16495514 1.50000000
v -15.92626953 10.36117458 1.50000000
v -15.79792309 10.55583477 1.50000000
v -15.66719723 10.74890423 1.50000000
v -15.53411102 10.94035530 1.50000000
v -15.39868641 11.13015938 1.50000000
v -16.20914459 11.71595669 1.50000000
v -16.06414986 11.91398621 1.50000000
v -15.91673851 12.11022091 1.50000000
v -15.76692867 12.30463219 1.50000000
v -15.26094341 11.31828690 1.50000000
v -15.12090111 11.50471020 1.50000000
v -15.61474419 12.49718952 1.50000000
v -15.60952568 12.50362968 1.25000000
v -15.28811932 12.85039711 1.25000000
v -15.30334568 12.87663078 1.25000000
v -15.30834103 12.87061882 1.25000000
v -15.20811939 12.82896137 1.25000000
v -15.12811947 12.85039711 1.25000000
v -15.06955528 12.90896130 1.25000000
v -15.14417648 13.06345654 1.25000000
v -15.10682201 13.10622787 1.25000000
v -15.04811954 12.98896122 1.25000000
v -15.06955528 13.06896114 1.25000000
v -15.46020889 12.68786526 1.50000000
v -15.30334568 12.87663078 1.50000000
v -15.14417648 13.06345654 1.50000000
v -14.70979786 10.63223076 1.25000000
v -14.97858238 11.68940067 1.25000000
v -14.83400726 11.87233067 1.25000000
v -14.68719864 12.05347252 1.25000000
v -14.53817844 12.23279953 1.25000000
v -14.38696766 12.41028404 1.25000000
v -14.17038059 11.34119987 1.25000000
v -13.09057045 10.60940456 1.25000000
v -13.59682560 12.02284622 1.25000000
v -14.97858238 11.68940067 1.50000000
v -14.83400726 11.87233067 1.50000000
v -14.68719864 12.05347252 1.50000000
v -14.53817844 12.23279953 1.50000000
v -14.38696766 12.41028404 1.50000000
v -14.76644993 13.43745041 1.25000000
v -14.79086494 13.46186543 1.25000000
v -14.68645000 13.41601467 1.25000000
v -14.60645008 13.43745041 1.25000000
v -14.54788589 13.49601460 1.25000000
v -14.65308571 13.61201954 1.25000000
v -14.54788589 13.65601444 1.25000000
v -14.58077717 13.68890667 1.25000000
v -14.52645016 13.57601452 1.25000000
v -14.23359108 12.58589935 1.25000000
v -14.07807159 12.75961971 1.25000000
v -13.92043114 12.93141937 1.25000000
v -13.76069450 13.10127068 1.25000000
v -14.22213554 14.00357151 1.25000000
v -14.25074673 14.03218269 1.25000000
v -14.14213562 13.98213577 1.25000000
v -14.14213562 14.14213562 1.25000000
v -14.06213570 14.00357151 1.25000000
v -14.00357151 14.06213570 1.25000000
v -13.98213577 14.14213562 1.25000000
v -14.03218269 14.25074673 1.25000000
v -14.00357151 14.22213554 1.25000000
v -13.59888554 13.26914883 1.25000000
v -13.43502903 13.43502903 1.25000000
v -13.26914883 13.59888554 1.25000000
v -12.99051476 12.67552853 1.25000000
v -13.68890667 14.58077717 1.25000000
v -13.65601444 14.54788589 1.25000000
v -13.61201954 14.65308571 1.25000000
v -13.57601452 14.52645016 1.25000000
v -13.49601460 14.54788589 1.25000000
v -13.46186543 14.79086494 1.25000000
v -13.43745041 14.60645008 1.25000000
v -13.41601467 14.68645000 1.25000000
v -13.43745041 14.76644993 1.25000000
v -13.10127068 13.76069450 1.25000000
v -12.93141937 13.92043114 1.25000000
v -12.75961971 14.07807159 1.25000000
v -12.58589935 14.23359108 1.25000000
v -14.98272800 13.24831581 1.50000000
v -14.81902218 13.43117905 1.50000000
v -14.65308571 13.61201954 1.50000000
v -14.23359108 12.58589935 1.50000000
v -14.07807159 12.75961971 1.50000000
v -13.92043114 12.93141937 1.50000000
v -13.76069450 13.10127068 1.50000000
v -14.48494148 13.79081059 1.50000000
v -14.31461620 13.96752453 1.50000000
v -14.14213562 14.14213562 1.50000000
v -13.96752453 14.31461620 1.50000000
v -13.79081059 14.48494148 1.50000000
v -13.59888554 13.26914883 1.50000000
v -13.43502903 13.43502903 1.50000000
v -13.26914883 13.59888554 1.50000000
v -13.61201954 14.65308571 1.50000000
v -13.43117905 14.81902218 1.50000000
v -13.24831581 14.98272800 1.50000000
v -13.10127068 13.76069450 1.50000000
v -12.93141937 13.92043114 1.50000000
v -12.75961971 14.07807159 1.50000000
v -12.58589935 14.23359108 1.50000000
v -12.34522438 11.46812725 1.25000000
v -11.46812725 12.34522438 1.25000000
v -12.35290813 13.29767513 1.25000000
v -12.41028404 14.38696766 1.25000000
v -12.23279953 14.53817844 1.25000000
v -12.05347252 14.68719864 1.25000000
v -11.68554211 13.88778591 1.25000000
v -11.87233067 14.83400726 1.25000000
v -11.68940067 14.97858238 1.25000000
v -10.52888203 13.15542221 1.25000000
v -10.99002552 14.44443989 1.25000000
v -10.26803207 14.96629620 1.25000000
v -12.41028404 14.38696766 1.50000000
v -12.23279953 14.53817844 1.50000000
v -12.05347252 14.68719864 1.50000000
v -11.87233067 14.83400726 1.50000000
v -11.68940067 14.97858238 1.50000000
v -13.06896114 15.06955528 1.25000000
v -13.10622787 15.10682201 1.25000000
v -13.06345654 15.14417648 1.25000000
v -12.98896122 15.04811954 1.25000000
v -12.90896130 15.06955528 1.25000000
v -12.85039711 15.12811947 1.25000000
v -12.82896137 15.20811939 1.25000000
v -12.87663078 15.30334568 1.25000000
v -12.87061882 15.30834103 1.25000000
v -12.85039711 15.28811932 1.25000000
v -12.50362968 15.60952568 1.25000000
v -13.06345654 15.14417648 1.50000000
v -12.87663078 15.30334568 1.50000000
v -12.68786526 15.46020889 1.50000000
v -12.46187878 15.56777477 1.25000000
v -12.49718952 15.61474419 1.25000000
v -12.38187885 15.54633904 1.25000000
v -12.30187893 15.56777477 1.25000000
v -12.30463219 15.76692867 1.25000000
v -12.24331474 15.62633896 1.25000000
v -12.22187901 15.70633888 1.25000000
v -12.24331474 15.78633881 1.25000000
v -12.25903797 15.80206203 1.25000000
v -11.88171101 16.08778191 1.25000000
v -11.50471020 15.12090111 1.25000000
v -11.31828690 15.26094341 1.25000000
v -11.83570480 16.04177666 1.25000000
v -11.75570488 16.02033997 1.25000000
v -11.67570496 16.04177666 1.25000000
v -11.71595669 16.20914459 1.25000000
v -11.61714077 16.10033989 1.25000000
v -11.59570503 16.18033981 1.25000000
v -11.61714077 16.26033974 1.25000000
v -11.62841034 16.27160835 1.25000000
v -11.13015938 15.39868641 1.25000000
v -10.94035530 15.53411102 1.25000000
v -10.74890423 15.66719723 1.25000000
v -10.55583477 15.79792309 1.25000000
v -10.36117458 15.92626953 1.25000000
v -10.16495514 16.05221748 1.25000000
v -11.24172783 16.54115105 1.25000000
v -11.19140434 16.49082756 1.25000000
v -11.11140442 16.46939278 1.25000000
v -11.03140450 16.49082756 1.25000000
v -10.97284031 16.54939270 1.25000000
v -11.11140442 16.62939262 1.25000000
v -10.95140457 16.62939262 1.25000000
v -10.97968674 16.71623802 1.25000000
v -10.97284031 16.70939255 1.25000000
v -10.58476067 16.96902847 1.25000000
v -10.52997112 16.91423988 1.25000000
v -10.49179363 17.02710342 1.25000000
v -10.44997120 16.89280319 1.25000000
v -10.36997128 16.91423988 1.25000000
v -10.31385136 17.13524818 1.25000000
v -10.31140709 16.97280312 1.25000000
v -10.28997135 17.05280304 1.25000000
v -10.31140709 17.13280296 1.25000000
v -12.49718952 15.61474419 1.50000000
v -12.30463219 15.76692867 1.50000000
v -12.11022091 15.91673851 1.50000000
v -11.91398621 16.06414986 1.50000000
v -11.50471020 15.12090111 1.50000000
v -11.31828690 15.26094341 1.50000000
v -11.71595669 16.20914459 1.50000000
v -11.51616383 16.35169601 1.50000000
v -11.31463623 16.49178696 1.50000000
v -11.13015938 15.39868641 1.50000000
v -10.94035530 15.53411102 1.50000000
v -10.74890423 15.66719723 1.50000000
v -10.55583477 15.79792309 1.50000000
v -10.36117458 15.92626953 1.50000000
v -10.16495514 16.05221748 1.50000000
v -11.11140442 16.62939262 1.50000000
v -10.90649986 16.76449394 1.50000000
v -10.69995213 16.89707184 1.50000000
v -10.49179363 17.02710342 1.50000000
v -10.28205490 17.15457153 1.50000000
v -10.07076740 17.27945709 1.50000000
v -5.68431377 1.22862637 0.55000001
v -5.21917057 0.02593786 0.55000001
v -6.58383942 4.47378063 0.55000001
v -6.17791939 2.81117630 0.55000001
v -6.91522408 6.23431253 0.55000001
v -5.39978027 5.16518116 0.55000001
v -5.76538658 7.31741047 0.55000001
v -7.17397499 8.05983448 0.55000001
v -6.03135824 9.59220600 0.55000001
v -4.29416513 1.21236706 0.55000001
v -4.45588350 1.65406156 0.55000001
v -3.96125746 1.48850095 0.55000001
v -3.55076194 0.12442127 0.55000001
v -3.04304194 0.54557133 0.55000001
v -2.76040721 0.70543730 0.55000001
v -3.52956200 1.77037549 0.55000001
v -3.07880425 1.98188102 0.55000001
v -2.64081740 2.11045527 0.55000001
v -4.92350817 3.15246654 0.55000001
v -2.49399281 0.80806565 0.55000001
v -2.25151896 0.85734570 0.55000001
v -2.03742337 0.85953343 0.55000001
v -1.39378798 0.15748605 0.55000001
v -1.51285231 0.49123192 0.55000001
v -1.84990311 0.82096398 0.55000001
v -1.65021694 0.72322196 0.55000001
v -2.25544572 2.16073489 0.55000001
v -1.81306219 2.14178777 0.55000001
v -1.46310568 2.06222630 0.55000001
v -0.08576954 0.27126136 0.55000001
v -0.32951126 1.02962756 0.55000001
v -0.20174608 0.70625740 0.55000001
v -0.72561145 1.64435959 0.55000001
v -1.12745106 1.92273748 0.55000001
v -0.50985444 1.35968316 0.55000001
v -5.68431377 1.22862637 1.25000000
v -5.21917057 0.02593786 1.25000000
v -6.58383942 4.47378063 1.25000000
v -6.17791939 2.81117630 1.25000000
v -6.91522408 6.23431253 1.25000000
v -5.39978027 5.16518116 1.25000000
v -5.76538658 7.31741047 1.25000000
v -7.17397499 8.05983448 1.25000000
v -6.03135824 9.59220600 1.25000000
v -4.29416513 1.21236706 1.25000000
v -4.45588350 1.65406156 1.25000000
v -3.96125746 1.48850095 1.25000000
v -3.55076194 0.12442127 1.25000000
v -3.04304194 0.54557133 1.25000000
v -2.76040721 0.70543730 1.25000000
v -3.52956200 1.77037549 1.25000000
v -3.07880425 1.98188102 1.25000000
v -2.64081740 2.11045527 1.25000000
v -4.92350817 3.15246654 1.25000000
v -2.49399281 0.80806565 1.25000000
v -2.25151896 0.85734570 1.25000000
v -2.03742337 0.85953343 1.25000000
v -1.39378798 0.15748605 1.25000000
v -1.51285231 0.49123192 1.25000000
v -1.84990311 0.82096398 1.25000000
v -1.65021694 0.72322196 1.25000000
v -2.25544572 2.16073489 1.25000000
v -1.81306219 2.14178777 1.25000000
v -1.46310568 2.06222630 1.25000000
v -0.08576954 0.27126136 1.25000000
v -0.32951126 1.02962756 1.25000000
v -0.20174608 0.70625740 1.25000000
v -0.72561145 1.64435959 1.25000000
v -1.12745106 1.92273748 1.25000000
v -0.50985444 1.35968316 1.25000000
v -7.53380299 12.39680004 0.55000001
v -9.61765575 13.83557701 0.55000001
v -8.66263103 14.45272732 0.55000001
v -7.40826273 10.42863560 0.55000001
v -6.23534012 12.46003437 0.55000001
v -9.52130318 15.45209694 0.55000001
v -8.75163555 15.90067196 0.55000001
v -7.62520361 15.02584839 0.55000001
v -7.96088457 16.31094170 0.55000001
v -6.33562136 15.61348248 0.55000001
v -7.15095568 16.68191719 0.55000001
v -6.32379913 17.01270294 0.55000001
v -5.77383327 15.82988834 0.55000001
v -5.48140812 17.30250549 0.55000001
v -4.29448652 16.29355431 0.55000001
v -2.77878618 16.61929131 0.55000001
v -4.62581158 17.55062294 0.55000001
v -3.75907159 17.75646019 0.55000001
v -2.88327527 17.91952133 0.55000001
v -1.23956287 16.80434418 0.55000001
v -2.00053310 18.03941154 0.55000001
v -1.11297131 18.11584282 0.55000001
v -0.22272842 18.14863396 0.55000001
v -7.53380299 12.39680004 1.25000000
v -9.61765575 13.83557701 1.25000000
v -8.66263103 14.45272732 1.25000000
v -7.40826273 10.42863560 1.25000000
v -6.23534012 12.46003437 1.25000000
v -9.52130318 15.45209694 1.25000000
v -9.96720409 16.17574883 1.25000000
v -8.75163555 15.90067196 1.25000000
v -9.76795197 16.29684448 1.25000000
v -9.56722927 16.41548347 1.25000000
v -9.85242462 17.31135559 1.25000000
v -9.91098881 17.36992073 1.25000000
v -9.91130257 17.37108994 1.25000000
v -9.85796356 17.40173912 1.25000000
v -9.77242470 17.28992081 1.25000000
v -9.69242477 17.31135559 1.25000000
v -9.63386059 17.36992073 1.25000000
v -9.61242485 17.44992065 1.25000000
v -9.36506557 16.53165245 1.25000000
v -9.16149139 16.64533234 1.25000000
v -8.95653820 16.75650406 1.25000000
v -8.75023556 16.86515236 1.25000000
v -7.62520361 15.02584839 1.25000000
v -8.54261494 16.97126198 1.25000000
v -8.33370876 17.07481575 1.25000000
v -7.96088457 16.31094170 1.25000000
v -8.12354660 17.17579651 1.25000000
v -7.91216183 17.27419090 1.25000000
v -7.69958496 17.36998558 1.25000000
v -9.96720409 16.17574883 1.50000000
v -9.76795197 16.29684448 1.50000000
v -9.56722927 16.41548347 1.50000000
v -9.85796356 17.40173912 1.50000000
v -9.36506557 16.53165245 1.50000000
v -9.16149139 16.64533234 1.50000000
v -8.95653820 16.75650406 1.50000000
v -8.75023556 16.86515236 1.50000000
v -8.54261494 16.97126198 1.50000000
v -8.33370876 17.07481575 1.50000000
v -8.12354660 17.17579651 1.50000000
v -7.91216183 17.27419090 1.50000000
v -7.69958496 17.36998558 1.50000000
v -9.64367580 17.52140236 1.25000000
v -9.63311386 17.52713013 1.25000000
v -9.22040749 17.74771881 1.25000000
v -9.15981007 17.68156624 1.25000000
v -9.21837425 17.74013138 1.25000000
v -9.21077442 17.75279236 1.25000000
v -9.07981014 17.66012955 1.25000000
v -8.99981022 17.68156624 1.25000000
v -8.94124603 17.74013138 1.25000000
v -8.99222660 17.86448669 1.25000000
v -8.91981030 17.82013130 1.25000000
v -8.93879223 17.89097214 1.25000000
v -8.45319462 18.02429962 1.25000000
v -8.51175880 18.08286285 1.25000000
v -8.51538849 18.09640884 1.25000000
v -8.37319469 18.00286293 1.25000000
v -8.29319477 18.02429962 1.25000000
v -8.23463058 18.08286285 1.25000000
v -8.32859135 18.18335915 1.25000000
v -8.21319485 18.16286278 1.25000000
v -8.23052788 18.22755051 1.25000000
v -7.79223251 18.39759064 1.25000000
v -7.79743481 18.41700554 1.25000000
v -7.73366880 18.33902740 1.25000000
v -7.65366888 18.31759071 1.25000000
v -7.57366848 18.33902740 1.25000000
v -7.51510477 18.39759064 1.25000000
v -7.65366888 18.47759056 1.25000000
v -7.50940323 18.53631210 1.25000000
v -9.64367580 17.52140236 1.50000000
v -9.42793465 17.63842583 1.50000000
v -9.21077442 17.75279236 1.50000000
v -8.99222660 17.86448669 1.50000000
v -8.77232456 17.97348976 1.50000000
v -8.55110168 18.07978630 1.50000000
v -8.32859135 18.18335915 1.50000000
v -8.10482597 18.28419495 1.50000000
v -7.87984085 18.38227654 1.50000000
v -7.65366888 18.47759056 1.50000000
v -6.33562136 15.61348248 1.25000000
v -7.15095568 16.68191719 1.25000000
v -7.48584890 17.46316338 1.25000000
v -6.32379913 17.01270294 1.25000000
v -5.77383327 15.82988834 1.25000000
v -5.48140812 17.30250549 1.25000000
v -7.48584890 17.46316338 1.50000000
v -7.27098513 17.55371094 1.25000000
v -7.05502653 17.64161491 1.25000000
v -7.49366856 18.47759056 1.25000000
v -7.06090498 18.68382645 1.25000000
v -7.06769514 18.70916557 1.25000000
v -7.00234127 18.62526321 1.25000000
v -6.96837378 18.74678040 1.25000000
v -6.92234135 18.60382652 1.25000000
v -6.83800554 17.72686386 1.25000000
v -6.61995506 17.80944061 1.25000000
v -6.40090704 17.88933754 1.25000000
v -6.84234095 18.62526321 1.25000000
v -6.78377724 18.68382645 1.25000000
v -6.76234102 18.76382637 1.25000000
v -6.77652359 18.81675529 1.25000000
v -6.26033974 18.88256645 1.25000000
v -6.31890392 18.94112968 1.25000000
v -6.32730103 18.97246933 1.25000000
v -6.27363491 18.99056435 1.25000000
v -6.18089533 17.96653938 1.25000000
v -5.95995283 18.04103470 1.25000000
v -5.73811293 18.11281395 1.25000000
v -5.51540899 18.18186569 1.25000000
v -5.29187393 18.24818039 1.25000000
v -5.06754255 18.31174469 1.25000000
v -6.18033981 18.86112976 1.25000000
v -6.10033989 18.88256645 1.25000000
v -6.04177570 18.94112968 1.25000000
v -6.02033997 19.02112961 1.25000000
v -6.04011917 19.06612015 1.25000000
v -6.03298759 19.06833267 1.25000000
v -5.56737328 19.16910553 1.25000000
v -5.57039356 19.20861053 1.25000000
v -5.57740164 19.20653152 1.25000000
v -5.50880909 19.11054039 1.25000000
v -5.42880917 19.08910561 1.25000000
v -5.34880877 19.11054039 1.25000000
v -5.33425522 19.27552223 1.25000000
v -5.29024506 19.16910553 1.25000000
v -5.27982712 19.29022408 1.25000000
v -5.26880884 19.24910545 1.25000000
v -7.27098513 17.55371094 1.50000000
v -7.05502653 17.64161491 1.50000000
v -7.42634392 18.57012177 1.50000000
v -7.19790077 18.65985680 1.50000000
v -6.96837378 18.74678040 1.50000000
v -6.83800554 17.72686386 1.50000000
v -6.61995506 17.80944061 1.50000000
v -6.40090704 17.88933754 1.50000000
v -6.73779726 18.83088112 1.50000000
v -6.50620604 18.91214561 1.50000000
v -6.27363491 18.99056435 1.50000000
v -6.18089533 17.96653938 1.50000000
v -5.95995283 18.04103470 1.50000000
v -5.73811293 18.11281395 1.50000000
v -5.51540899 18.18186569 1.50000000
v -5.29187393 18.24818039 1.50000000
v -5.06754255 18.31174469 1.50000000
v -6.04011917 19.06612015 1.50000000
v -5.80569363 19.13880730 1.50000000
v -5.57039356 19.20861053 1.50000000
v -5.33425522 19.27552223 1.50000000
v -5.09731340 19.33952904 1.50000000
v -4.29448652 16.29355431 1.25000000
v -2.77878618 16.61929131 1.25000000
v -4.62581158 17.55062294 1.25000000
v -4.84244776 18.37255287 1.25000000
v -4.61662340 18.43059349 1.25000000
v -4.39010429 18.48585892 1.25000000
v -3.75907159 17.75646019 1.25000000
v -4.16292334 18.53833961 1.25000000
v -3.93511605 18.58802986 1.25000000
v -4.80747128 19.36739922 1.25000000
v -4.74890709 19.30883408 1.25000000
v -4.66890717 19.28739929 1.25000000
v -4.58890724 19.30883408 1.25000000
v -4.53034306 19.36739922 1.25000000
v -4.81902695 19.41052437 1.25000000
v -4.62116194 19.45879936 1.25000000
v -4.50890732 19.44739914 1.25000000
v -4.51832771 19.48255539 1.25000000
v -3.98180652 19.47714233 1.25000000
v -4.04037046 19.53570557 1.25000000
v -4.05346394 19.58456993 1.25000000
v -3.90180635 19.45570564 1.25000000
v -3.82180643 19.47714233 1.25000000
v -3.90180635 19.61570549 1.25000000
v -3.76324248 19.53570557 1.25000000
v -3.70671606 18.63492012 1.25000000
v -3.47775793 18.67900467 1.25000000
v -3.24827600 18.72027588 1.25000000
v -2.88327527 17.91952133 1.25000000
v -3.74180651 19.61570549 1.25000000
v -3.74965596 19.64500046 1.25000000
v -3.26725340 19.67376709 1.25000000
v -3.20868921 19.61520195 1.25000000
v -3.12868929 19.59376717 1.25000000
v -3.28192234 19.72851181 1.25000000
v -3.17716289 19.74602890 1.25000000
v -3.01830482 18.75872612 1.25000000
v -2.78787899 18.79435349 1.25000000
v -2.55703354 18.82715034 1.25000000
v -3.04868937 19.61520195 1.25000000
v -2.99012518 19.67376709 1.25000000
v -2.97499132 19.77728653 1.25000000
v -2.96868920 19.75376701 1.25000000
v -2.50559950 19.84215546 1.25000000
v -4.84244776 18.37255287 1.50000000
v -4.61662340 18.43059349 1.50000000
v -4.39010429 18.48585892 1.50000000
v -4.16292334 18.53833961 1.50000000
v -3.93511605 18.58802986 1.50000000
v -4.85960340 19.40062523 1.50000000
v -4.62116194 19.45879936 1.50000000
v -4.38202477 19.51404190 1.50000000
v -4.14222765 19.56634712 1.50000000
v -3.90180635 19.61570549 1.50000000
v -3.70671606 18.63492012 1.50000000
v -3.47775793 18.67900467 1.50000000
v -3.24827600 18.72027588 1.50000000
v -3.66079783 19.66210938 1.50000000
v -3.41923785 19.70555305 1.50000000
v -3.17716289 19.74602890 1.50000000
v -3.01830482 18.75872612 1.50000000
v -2.78787899 18.79435349 1.50000000
v -2.55703354 18.82715034 1.50000000
v -2.93460941 19.78352928 1.50000000
v -2.69161415 19.81805229 1.50000000
v -1.23956287 16.80434418 1.25000000
v -2.00053310 18.03941154 1.25000000
v -2.32580280 18.85711098 1.25000000
v -2.09422183 18.88423157 1.25000000
v -2.43074799 19.72280502 1.25000000
v -2.48931193 19.78136826 1.25000000
v -2.35074806 19.70136833 1.25000000
v -2.44821358 19.84959030 1.25000000
v -2.27074790 19.72280502 1.25000000
v -2.21218395 19.78136826 1.25000000
v -2.19074798 19.86137009 1.25000000
v -2.20444417 19.87813950 1.25000000
v -2.19549274 19.87907600 1.25000000
v -1.86232567 18.90851021 1.25000000
v -1.63014889 18.92993927 1.25000000
v -1.39772666 18.94851875 1.25000000
v -1.72570002 19.92535210 1.25000000
v -1.64918196 19.79978180 1.25000000
v -1.56918192 19.77834702 1.25000000
v -1.70774603 19.85834694 1.25000000
v -1.71594620 19.92625237 1.25000000
v -1.48918188 19.79978180 1.25000000
v -1.43061781 19.85834694 1.25000000
v -1.47129130 19.94580841 1.25000000
v -1.40918195 19.93834686 1.25000000
v -1.41225088 19.94980049 1.25000000
v -1.11297131 18.11584282 1.25000000
v -0.22272842 18.14863396 1.25000000
v -1.16509402 18.96424484 1.25000000
v -0.93228579 18.97711372 1.25000000
v -0.69933724 18.98712540 1.25000000
v -0.94331086 19.97754478 1.25000000
v -0.78519630 19.82458115 1.25000000
v -0.92376035 19.90458107 1.25000000
v -0.86519629 19.84601593 1.25000000
v -0.70519632 19.84601593 1.25000000
v -0.73614448 19.98644829 1.25000000
v -0.64663225 19.90458107 1.25000000
v -0.62519634 19.98458099 1.25000000
v -0.62659740 19.98980904 1.25000000
v -0.46628335 18.99427795 1.25000000
v -0.23315923 18.99856949 1.25000000
v -0.15973736 19.99901962 1.25000000
v -0.13856407 19.92000008 1.25000000
v -0.08000000 19.86143684 1.25000000
v -2.32580280 18.85711098 1.50000000
v -2.09422183 18.88423157 1.50000000
v -2.44821358 19.84959030 1.50000000
v -2.20444417 19.87813950 1.50000000
v -1.96034276 19.90369415 1.50000000
v -1.86232567 18.90851021 1.50000000
v -1.63014889 18.92993927 1.50000000
v -1.39772666 18.94851875 1.50000000
v -1.71594620 19.92625237 1.50000000
v -1.47129130 19.94580841 1.50000000
v -1.16509402 18.96424484 1.50000000
v -0.93228579 18.97711372 1.50000000
v -0.69933724 18.98712540 1.50000000
v -1.22641468 19.96236229 1.50000000
v -0.98135346 19.97590828 1.50000000
v -0.73614448 19.98644829 1.50000000
v -0.46628335 18.99427795 1.50000000
v -0.23315923 18.99856949 1.50000000
v -0.49082458 19.99397659 1.50000000
v -0.24543077 19.99849319 1.50000000
v 0.00000000 -20.00000000 -1.50000000
v 0.24543077 -19.99849319 -1.50000000
v 0.49082458 -19.99397659 -1.50000000
v 0.00000000 -19.00000000 -1.50000000
v 0.23315923 -18.99856949 -1.50000000
v 0.46628335 -18.99427795 -1.50000000
v 0.73614448 -19.98644829 -1.50000000
v 0.98135346 -19.97590828 -1.50000000
v 1.22641468 -19.96236229 -1.50000000
v 0.69933724 -18.98712540 -1.50000000
v 0.93228579 -18.97711372 -1.50000000
v 1.16509402 -18.96424484 -1.50000000
v 1.47129130 -19.94580841 -1.50000000
v 1.71594620 -19.92625237 -1.50000000
v 1.39772666 -18.94851875 -1.50000000
v 1.63014889 -18.92993927 -1.50000000
v 1.86232567 -18.90851021 -1.50000000
v 1.96034276 -19.90369415 -1.50000000
v 2.20444417 -19.87813950 -1.50000000
v 2.44821358 -19.84959030 -1.50000000
v 2.09422183 -18.88423157 -1.50000000
v 2.32580280 -18.85711098 -1.50000000
v 0.08000000 -19.86143684 -1.25000000
v 0.13856407 -19.92000008 -1.25000000
v 0.15973736 -19.99901962 -1.25000000
v 0.00000000 -19.00000000 -1.25000000
v 0.23315923 -18.99856949 -1.25000000
v 0.46628335 -18.99427795 -1.25000000
v 0.62519634 -19.98458099 -1.25000000
v 0.62659740 -19.98980904 -1.25000000
v 0.64663225 -19.90458107 -1.25000000
v 0.73614448 -19.98644829 -1.25000000
v 0.70519632 -19.84601593 -1.25000000
v 0.86519629 -19.84601593 -1.25000000
v 0.92376035 -19.90458107 -1.25000000
v 0.78519630 -19.82458115 -1.25000000
v 0.94331086 -19.97754478 -1.25000000
v 0.69933724 -18.98712540 -1.25000000
v 0.93228579 -18.97711372 -1.25000000
v 1.16509402 -18.96424484 -1.25000000
v 0.66805112 -18.13770103 -1.25000000
v 1.40918195 -19.93834686 -1.25000000
v 1.41225088 -19.94980049 -1.25000000
v 1.47129130 -19.94580841 -1.25000000
v 1.43061781 -19.85834694 -1.25000000
v 1.48918188 -19.79978180 -1.25000000
v 1.71594620 -19.92625237 -1.25000000
v 1.70774603 -19.85834694 -1.25000000
v 1.56918192 -19.77834702 -1.25000000
v 1.64918196 -19.79978180 -1.25000000
v 1.72570002 -19.92535210 -1.25000000
v 1.39772666 -18.94851875 -1.25000000
v 1.63014889 -18.92993927 -1.25000000
v 1.86232567 -18.90851021 -1.25000000
v 2.19074798 -19.86137009 -1.25000000
v 2.20444417 -19.87813950 -1.25000000
v 2.19549274 -19.87907600 -1.25000000
v 2.21218395 -19.78136826 -1.25000000
v 2.27074790 -19.72280502 -1.25000000
v 2.44821358 -19.84959030 -1.25000000
v 2.35074806 -19.70136833 -1.25000000
v 2.48931193 -19.78136826 -1.25000000
v 2.43074799 -19.72280502 -1.25000000
v 2.09422183 -18.88423157 -1.25000000
v 2.32580280 -18.85711098 -1.25000000
v 1.55722117 -18.08307457 -1.25000000
v 2.44263983 -17.98488235 -1.25000000
v 0.00000000 -16.83857918 -1.25000000
v 0.31015339 -16.84714508 -1.25000000
v 1.85724425 -16.74733162 -1.25000000
v 2.69161415 -19.81805229 -1.50000000
v 2.93460941 -19.78352928 -1.50000000
v 2.55703354 -18.82715034 -1.50000000
v 2.78787899 -18.79435349 -1.50000000
v 3.01830482 -18.75872612 -1.50000000
v 3.17716289 -19.74602890 -1.50000000
v 3.41923785 -19.70555305 -1.50000000
v 3.66079783 -19.66210938 -1.50000000
v 3.24827600 -18.72027588 -1.50000000
v 3.47775793 -18.67900467 -1.50000000
v 3.70671606 -18.63492012 -1.50000000
v 3.90180635 -19.61570549 -1.50000000
v 4.14222765 -19.56634712 -1.50000000
v 4.38202477 -19.51404190 -1.50000000
v 4.62116194 -19.45879936 -1.50000000
v 4.85960340 -19.40062523 -1.50000000
v 3.93511605 -18.58802986 -1.50000000
v 4.16292334 -18.53833961 -1.50000000
v 4.39010429 -18.48585892 -1.50000000
v 4.61662340 -18.43059349 -1.50000000
v 4.84244776 -18.37255287 -1.50000000
v 2.50559950 -19.84215546 -1.25000000
v 2.96868920 -19.75376701 -1.25000000
v 2.97499132 -19.77728653 -1.25000000
v 2.99012518 -19.67376709 -1.25000000
v 3.04868937 -19.61520195 -1.25000000
v 2.55703354 -18.82715034 -1.25000000
v 2.78787899 -18.79435349 -1.25000000
v 3.01830482 -18.75872612 -1.25000000
v 3.17716289 -19.74602890 -1.25000000
v 3.28192234 -19.72851181 -1.25000000
v 3.12868929 -19.59376717 -1.25000000
v 3.20868921 -19.61520195 -1.25000000
v 3.26725340 -19.67376709 -1.25000000
v 3.74180651 -19.61570549 -1.25000000
v 3.74965596 -19.64500046 -1.25000000
v 3.24827600 -18.72027588 -1.25000000
v 3.47775793 -18.67900467 -1.25000000
v 3.70671606 -18.63492012 -1.25000000
v 3.32217407 -17.84336472 -1.25000000
v 3.76324248 -19.53570557 -1.25000000
v 3.90180635 -19.61570549 -1.25000000
v 3.82180643 -19.47714233 -1.25000000
v 3.90180635 -19.45570564 -1.25000000
v 4.05346394 -19.58456993 -1.25000000
v 4.04037046 -19.53570557 -1.25000000
v 3.98180652 -19.47714233 -1.25000000
v 4.51832771 -19.48255539 -1.25000000
v 4.50890732 -19.44739914 -1.25000000
v 4.62116194 -19.45879936 -1.25000000
v 4.81902695 -19.41052437 -1.25000000
v 4.53034306 -19.36739922 -1.25000000
v 4.58890724 -19.30883408 -1.25000000
v 4.66890717 -19.28739929 -1.25000000
v 4.74890709 -19.30883408 -1.25000000
v 4.80747128 -19.36739922 -1.25000000
v 3.93511605 -18.58802986 -1.25000000
v 4.16292334 -18.53833961 -1.25000000
v 4.19370461 -17.65885925 -1.25000000
v 4.39010429 -18.48585892 -1.25000000
v 4.61662340 -18.43059349 -1.25000000
v 4.84244776 -18.37255287 -1.25000000
v 3.38861299 -16.50575066 -1.25000000
v 4.89129686 -16.12444496 -1.25000000
v 5.09731340 -19.33952904 -1.50000000
v 5.33425522 -19.27552223 -1.50000000
v 5.57039356 -19.20861053 -1.50000000
v 5.80569363 -19.13880730 -1.50000000
v 6.04011917 -19.06612015 -1.50000000
v 5.06754255 -18.31174469 -1.50000000
v 5.29187393 -18.24818039 -1.50000000
v 5.51540899 -18.18186569 -1.50000000
v 5.73811293 -18.11281395 -1.50000000
v 5.95995283 -18.04103470 -1.50000000
v 6.18089533 -17.96653938 -1.50000000
v 6.27363491 -18.99056435 -1.50000000
v 6.50620604 -18.91214561 -1.50000000
v 6.73779726 -18.83088112 -1.50000000
v 6.40090704 -17.88933754 -1.50000000
v 6.61995506 -17.80944061 -1.50000000
v 6.83800554 -17.72686386 -1.50000000
v 6.96837378 -18.74678040 -1.50000000
v 7.19790077 -18.65985680 -1.50000000
v 7.42634392 -18.57012177 -1.50000000
v 7.05502653 -17.64161491 -1.50000000
v 7.27098513 -17.55371094 -1.50000000
v 5.26880884 -19.24910545 -1.25000000
v 5.27982712 -19.29022408 -1.25000000
v 5.29024506 -19.16910553 -1.25000000
v 5.33425522 -19.27552223 -1.25000000
v 5.34880877 -19.11054039 -1.25000000
v 5.42880917 -19.08910561 -1.25000000
v 5.50880909 -19.11054039 -1.25000000
v 5.57039356 -19.20861053 -1.25000000
v 5.57740164 -19.20653152 -1.25000000
v 5.56737328 -19.16910553 -1.25000000
v 6.04011917 -19.06612015 -1.25000000
v 6.03298759 -19.06833267 -1.25000000
v 6.02033997 -19.02112961 -1.25000000
v 6.04177570 -18.94112968 -1.25000000
v 6.10033989 -18.88256645 -1.25000000
v 6.18033981 -18.86112976 -1.25000000
v 5.06754255 -18.31174469 -1.25000000
v 5.29187393 -18.24818039 -1.25000000
v 5.51540899 -18.18186569 -1.25000000
v 5.73811293 -18.11281395 -1.25000000
v 5.95995283 -18.04103470 -1.25000000
v 6.18089533 -17.96653938 -1.25000000
v 6.27363491 -18.99056435 -1.25000000
v 6.32730103 -18.97246933 -1.25000000
v 6.31890392 -18.94112968 -1.25000000
v 6.26033974 -18.88256645 -1.25000000
v 6.77652359 -18.81675529 -1.25000000
v 6.76234102 -18.76382637 -1.25000000
v 6.78377724 -18.68382645 -1.25000000
v 6.84234095 -18.62526321 -1.25000000
v 6.40090704 -17.88933754 -1.25000000
v 6.61995506 -17.80944061 -1.25000000
v 6.83800554 -17.72686386 -1.25000000
v 6.92234135 -18.60382652 -1.25000000
v 6.96837378 -18.74678040 -1.25000000
v 7.00234127 -18.62526321 -1.25000000
v 7.06090498 -18.68382645 -1.25000000
v 7.06769514 -18.70916557 -1.25000000
v 7.49366856 -18.47759056 -1.25000000
v 7.05502653 -17.64161491 -1.25000000
v 7.27098513 -17.55371094 -1.25000000
v 7.48584890 -17.46316338 -1.50000000
v 5.05513239 -17.43181419 -1.25000000
v 5.90438175 -17.16277313 -1.25000000
v 6.73940706 -16.85238457 -1.25000000
v 7.48584890 -17.46316338 -1.25000000
v 6.33562136 -15.61348248 -1.25000000
v 7.65366888 -18.47759056 -1.50000000
v 7.87984085 -18.38227654 -1.50000000
v 8.10482597 -18.28419495 -1.50000000
v 8.32859135 -18.18335915 -1.50000000
v 8.55110168 -18.07978630 -1.50000000
v 8.77232456 -17.97348976 -1.50000000
v 8.99222660 -17.86448669 -1.50000000
v 9.21077442 -17.75279236 -1.50000000
v 9.42793465 -17.63842583 -1.50000000
v 9.64367580 -17.52140236 -1.50000000
v 7.50940323 -18.53631210 -1.25000000
v 7.65366888 -18.47759056 -1.25000000
v 7.51510477 -18.39759064 -1.25000000
v 7.57366848 -18.33902740 -1.25000000
v 7.65366888 -18.31759071 -1.25000000
v 7.73366880 -18.33902740 -1.25000000
v 7.79743481 -18.41700554 -1.25000000
v 7.79223251 -18.39759064 -1.25000000
v 8.23052788 -18.22755051 -1.25000000
v 8.21319485 -18.16286278 -1.25000000
v 8.32859135 -18.18335915 -1.25000000
v 8.23463058 -18.08286285 -1.25000000
v 8.29319477 -18.02429962 -1.25000000
v 8.37319469 -18.00286293 -1.25000000
v 8.51538849 -18.09640884 -1.25000000
v 8.51175880 -18.08286285 -1.25000000
v 8.45319462 -18.02429962 -1.25000000
v 8.93879223 -17.89097214 -1.25000000
v 8.91981030 -17.82013130 -1.25000000
v 8.99222660 -17.86448669 -1.25000000
v 8.94124603 -17.74013138 -1.25000000
v 8.99981022 -17.68156624 -1.25000000
v 9.07981014 -17.66012955 -1.25000000
v 9.21837425 -17.74013138 -1.25000000
v 9.21077442 -17.75279236 -1.25000000
v 9.15981007 -17.68156624 -1.25000000
v 9.22040749 -17.74771881 -1.25000000
v 9.64367580 -17.52140236 -1.25000000
v 9.63311386 -17.52713013 -1.25000000
v 7.69958496 -17.36998558 -1.50000000
v 7.91216183 -17.27419090 -1.50000000
v 8.12354660 -17.17579651 -1.50000000
v 8.33370876 -17.07481575 -1.50000000
v 8.54261494 -16.97126198 -1.50000000
v 8.75023556 -16.86515236 -1.50000000
v 8.95653820 -16.75650406 -1.50000000
v 9.16149139 -16.64533234 -1.50000000
v 9.36506557 -16.53165245 -1.50000000
v 9.85796356 -17.40173912 -1.50000000
v 9.56722927 -16.41548347 -1.50000000
v 9.76795197 -16.29684448 -1.50000000
v 9.96720409 -16.17574883 -1.50000000
v 7.69958496 -17.36998558 -1.25000000
v 7.91216183 -17.27419090 -1.25000000
v 8.12354660 -17.17579651 -1.25000000
v 7.55819654 -16.50139809 -1.25000000
v 8.33370876 -17.07481575 -1.25000000
v 8.54261494 -16.97126198 -1.25000000
v 7.62520361 -15.02584839 -1.25000000
v 8.35877800 -16.11065865 -1.25000000
v 8.75023556 -16.86515236 -1.25000000
v 8.95653820 -16.75650406 -1.25000000
v 9.16149139 -16.64533234 -1.25000000
v 9.36506557 -16.53165245 -1.25000000
v 9.61242485 -17.44992065 -1.25000000
v 9.63386059 -17.36992073 -1.25000000
v 9.69242477 -17.31135559 -1.25000000
v 9.77242470 -17.28992081 -1.25000000
v 9.85796356 -17.40173912 -1.25000000
v 9.91098881 -17.36992073 -1.25000000
v 9.91130257 -17.37108994 -1.25000000
v 9.85242462 -17.31135559 -1.25000000
v 9.56722927 -16.41548347 -1.25000000
v 9.76795197 -16.29684448 -1.25000000
v 9.13922119 -15.68110752 -1.25000000
v 9.96720409 -16.17574883 -1.25000000
v 9.89764881 -15.21377850 -1.25000000
v 6.27872133 -13.44481945 -1.25000000
v 6.14791727 -11.00889874 -1.25000000
v 7.40826273 -10.42863560 -1.25000000
v 8.66263103 -14.45272732 -1.25000000
v 9.61765575 -13.83557701 -1.25000000
v 7.53380299 -12.39680004 -1.25000000
v 0.66805112 -18.13770103 -0.55000001
v 1.55722117 -18.08307457 -0.55000001
v 2.44263983 -17.98488235 -0.55000001
v 0.31015339 -16.84714508 -0.55000001
v 1.85724425 -16.74733162 -0.55000001
v 3.32217407 -17.84336472 -0.55000001
v 4.19370461 -17.65885925 -0.55000001
v 3.38861299 -16.50575066 -0.55000001
v 4.89129686 -16.12444496 -0.55000001
v 5.05513239 -17.43181419 -0.55000001
v 5.90438175 -17.16277313 -0.55000001
v 6.73940706 -16.85238457 -0.55000001
v 6.33562136 -15.61348248 -0.55000001
v 7.55819654 -16.50139809 -0.55000001
v 7.62520361 -15.02584839 -0.55000001
v 8.35877800 -16.11065865 -0.55000001
v 9.13922119 -15.68110752 -0.55000001
v 9.89764881 -15.21377850 -0.55000001
v 6.27872133 -13.44481945 -0.55000001
v 6.14791727 -11.00889874 -0.55000001
v 7.40826273 -10.42863560 -0.55000001
v 8.66263103 -14.45272732 -0.55000001
v 9.61765575 -13.83557701 -0.55000001
v 7.53380299 -12.39680004 -0.55000001
v 0.55719829 -1.43050694 -1.25000000
v 0.75394434 -1.67279422 -1.25000000
v 1.02040267 -1.86297035 -1.25000000
v 0.20890296 -0.72740686 -1.25000000
v 0.37994963 -1.13343680 -1.25000000
v 0.10674906 -0.36787796 -1.25000000
v 1.31433630 -2.00876427 -1.25000000
v 1.66009116 -2.11454678 -1.25000000
v 2.01625991 -2.16112947 -1.25000000
v 2.37484384 -2.15157533 -1.25000000
v 1.65021694 -0.72322196 -1.25000000
v 1.84990311 -0.82096398 -1.25000000
v 1.51285231 -0.49123192 -1.25000000
v 1.41438997 -0.23017812 -1.25000000
v 2.08825660 -0.86301500 -1.25000000
v 2.36937284 -0.83902746 -1.25000000
v 2.75747037 -2.08356214 -1.25000000
v 3.19311547 -1.93593156 -1.25000000
v 3.54915857 -1.75931180 -1.25000000
v 2.62464714 -0.76372522 -1.25000000
v 2.90023446 -0.63280195 -1.25000000
v 3.18773651 -0.44362426 -1.25000000
v 3.47852373 -0.19557542 -1.25000000
v 3.96125746 -1.48850095 -1.25000000
v 4.69968367 -2.39022541 -1.25000000
v 4.29416513 -1.21236706 -1.25000000
v 5.98558521 -9.12825298 -1.25000000
v 7.17397499 -8.05983448 -1.25000000
v 5.76538658 -7.31741047 -1.25000000
v 5.48141146 -5.58500862 -1.25000000
v 6.91522408 -6.23431253 -1.25000000
v 5.12797356 -3.93972731 -1.25000000
v 6.17791939 -2.81117630 -1.25000000
v 6.58383942 -4.47378063 -1.25000000
v 5.21917057 -0.02593786 -1.25000000
v 5.68431377 -1.22862637 -1.25000000
v 0.55719829 -1.43050694 -0.55000001
v 0.75394434 -1.67279422 -0.55000001
v 1.02040267 -1.86297035 -0.55000001
v 0.20890296 -0.72740686 -0.55000001
v 0.37994963 -1.13343680 -0.55000001
v 0.10674906 -0.36787796 -0.55000001
v 1.31433630 -2.00876427 -0.55000001
v 1.66009116 -2.11454678 -0.55000001
v 2.01625991 -2.16112947 -0.55000001
v 2.37484384 -2.15157533 -0.55000001
v 1.65021694 -0.72322196 -0.55000001
v 1.84990311 -0.82096398 -0.55000001
v 1.51285231 -0.49123192 -0.55000001
v 1.41438997 -0.23017812 -0.55000001
v 2.08825660 -0.86301500 -0.55000001
v 2.36937284 -0.83902746 -0.55000001
v 2.75747037 -2.08356214 -0.55000001
v 3.19311547 -1.93593156 -0.55000001
v 3.54915857 -1.75931180 -0.55000001
v 2.62464714 -0.76372522 -0.55000001
v 2.90023446 -0.63280195 -0.55000001
v 3.18773651 -0.44362426 -0.55000001
v 3.47852373 -0.19557542 -0.55000001
v 3.96125746 -1.48850095 -0.55000001
v 4.69968367 -2.39022541 -0.55000001
v 4.29416513 -1.21236706 -0.55000001
v 5.98558521 -9.12825298 -0.55000001
v 7.17397499 -8.05983448 -0.55000001
v 5.76538658 -7.31741047 -0.55000001
v 5.48141146 -5.58500862 -0.55000001
v 6.91522408 -6.23431253 -0.55000001
v 5.12797356 -3.93972731 -0.55000001
v 6.17791939 -2.81117630 -0.55000001
v 6.58383942 -4.47378063 -0.55000001
v 5.21917057 -0.02593786 -0.55000001
v 5.68431377 -1.22862637 -0.55000001
v 10.07076740 -17.27945709 -1.50000000
v 10.28205490 -17.15457153 -1.50000000
v 10.49179363 -17.02710342 -1.50000000
v 10.69995213 -16.89707184 -1.50000000
v 10.90649986 -16.76449394 -1.50000000
v 11.11140442 -16.62939262 -1.50000000
v 10.16495514 -16.05221748 -1.50000000
v 10.36117458 -15.92626953 -1.50000000
v 10.55583477 -15.79792309 -1.50000000
v 10.74890423 -15.66719723 -1.50000000
v 10.94035530 -15.53411102 -1.50000000
v 11.13015938 -15.39868641 -1.50000000
v 11.31463623 -16.49178696 -1.50000000
v 11.51616383 -16.35169601 -1.50000000
v 11.71595669 -16.20914459 -1.50000000
v 11.31828690 -15.26094341 -1.50000000
v 11.50471020 -15.12090111 -1.50000000
v 11.91398621 -16.06414986 -1.50000000
v 12.11022091 -15.91673851 -1.50000000
v 12.30463219 -15.76692867 -1.50000000
v 12.49718952 -15.61474419 -1.50000000
v 10.31140709 -17.13280296 -1.25000000
v 10.28997135 -17.05280304 -1.25000000
v 10.31140709 -16.97280312 -1.25000000
v 10.31385136 -17.13524818 -1.25000000
v 10.36997128 -16.91423988 -1.25000000
v 10.44997120 -16.89280319 -1.25000000
v 10.49179363 -17.02710342 -1.25000000
v 10.52997112 -16.91423988 -1.25000000
v 10.58476067 -16.96902847 -1.25000000
v 10.97284031 -16.70939255 -1.25000000
v 10.97968674 -16.71623802 -1.25000000
v 10.95140457 -16.62939262 -1.25000000
v 11.11140442 -16.62939262 -1.25000000
v 10.97284031 -16.54939270 -1.25000000
v 11.03140450 -16.49082756 -1.25000000
v 11.11140442 -16.46939278 -1.25000000
v 11.19140434 -16.49082756 -1.25000000
v 11.24172783 -16.54115105 -1.25000000
v 10.16495514 -16.05221748 -1.25000000
v 10.36117458 -15.92626953 -1.25000000
v 10.55583477 -15.79792309 -1.25000000
v 10.74890423 -15.66719723 -1.25000000
v 10.94035530 -15.53411102 -1.25000000
v 11.13015938 -15.39868641 -1.25000000
v 11.61714077 -16.26033974 -1.25000000
v 11.62841034 -16.27160835 -1.25000000
v 11.59570503 -16.18033981 -1.25000000
v 11.61714077 -16.10033989 -1.25000000
v 11.71595669 -16.20914459 -1.25000000
v 11.67570496 -16.04177666 -1.25000000
v 11.75570488 -16.02033997 -1.25000000
v 11.83570480 -16.04177666 -1.25000000
v 11.31828690 -15.26094341 -1.25000000
v 11.50471020 -15.12090111 -1.25000000
v 11.88171101 -16.08778191 -1.25000000
v 12.24331474 -15.78633881 -1.25000000
v 12.25903797 -15.80206203 -1.25000000
v 12.22187901 -15.70633888 -1.25000000
v 12.24331474 -15.62633896 -1.25000000
v 12.30463219 -15.76692867 -1.25000000
v 12.30187893 -15.56777477 -1.25000000
v 12.38187885 -15.54633904 -1.25000000
v 12.49718952 -15.61474419 -1.25000000
v 12.46187878 -15.56777477 -1.25000000
v 12.68786526 -15.46020889 -1.50000000
v 12.87663078 -15.30334568 -1.50000000
v 13.06345654 -15.14417648 -1.50000000
v 12.50362968 -15.60952568 -1.25000000
v 12.85039711 -15.28811932 -1.25000000
v 12.87663078 -15.30334568 -1.25000000
v 12.87061882 -15.30834103 -1.25000000
v 12.82896137 -15.20811939 -1.25000000
v 12.85039711 -15.12811947 -1.25000000
v 12.90896130 -15.06955528 -1.25000000
v 12.98896122 -15.04811954 -1.25000000
v 13.06345654 -15.14417648 -1.25000000
v 13.10622787 -15.10682201 -1.25000000
v 13.06896114 -15.06955528 -1.25000000
v 11.68940067 -14.97858238 -1.50000000
v 11.87233067 -14.83400726 -1.50000000
v 12.05347252 -14.68719864 -1.50000000
v 12.23279953 -14.53817844 -1.50000000
v 12.41028404 -14.38696766 -1.50000000
v 10.63223076 -14.70979786 -1.25000000
v 10.52888203 -13.15542221 -1.25000000
v 11.68940067 -14.97858238 -1.25000000
v 11.87233067 -14.83400726 -1.25000000
v 11.34119987 -14.17038059 -1.25000000
v 12.05347252 -14.68719864 -1.25000000
v 12.23279953 -14.53817844 -1.25000000
v 12.41028404 -14.38696766 -1.25000000
v 12.02284622 -13.59682560 -1.25000000
v 11.46812725 -12.34522438 -1.25000000
v 12.27462482 -11.54366016 -1.25000000
v 12.58589935 -14.23359108 -1.50000000
v 12.75961971 -14.07807159 -1.50000000
v 12.93141937 -13.92043114 -1.50000000
v 13.10127068 -13.76069450 -1.50000000
v 13.24831581 -14.98272800 -1.50000000
v 13.43117905 -14.81902218 -1.50000000
v 13.61201954 -14.65308571 -1.50000000
v 13.26914883 -13.59888554 -1.50000000
v 13.43502903 -13.43502903 -1.50000000
v 13.59888554 -13.26914883 -1.50000000
v 13.79081059 -14.48494148 -1.50000000
v 13.96752453 -14.31461620 -1.50000000
v 14.14213562 -14.14213562 -1.50000000
v 14.31461620 -13.96752453 -1.50000000
v 14.48494148 -13.79081059 -1.50000000
v 13.76069450 -13.10127068 -1.50000000
v 13.92043114 -12.93141937 -1.50000000
v 14.07807159 -12.75961971 -1.50000000
v 14.23359108 -12.58589935 -1.50000000
v 14.65308571 -13.61201954 -1.50000000
v 14.81902218 -13.43117905 -1.50000000
v 14.98272800 -13.24831581 -1.50000000
v 12.58589935 -14.23359108 -1.25000000
v 12.75961971 -14.07807159 -1.25000000
v 12.93141937 -13.92043114 -1.25000000
v 13.10127068 -13.76069450 -1.25000000
v 13.43745041 -14.76644993 -1.25000000
v 13.41601467 -14.68645000 -1.25000000
v 13.43745041 -14.60645008 -1.25000000
v 13.46186543 -14.79086494 -1.25000000
v 13.49601460 -14.54788589 -1.25000000
v 13.57601452 -14.52645016 -1.25000000
v 13.61201954 -14.65308571 -1.25000000
v 13.65601444 -14.54788589 -1.25000000
v 13.68890667 -14.58077717 -1.25000000
v 12.67552853 -12.99051476 -1.25000000
v 13.26914883 -13.59888554 -1.25000000
v 13.43502903 -13.43502903 -1.25000000
v 13.59888554 -13.26914883 -1.25000000
v 14.00357151 -14.22213554 -1.25000000
v 14.03218269 -14.25074673 -1.25000000
v 13.98213577 -14.14213562 -1.25000000
v 14.00357151 -14.06213570 -1.25000000
v 14.06213570 -14.00357151 -1.25000000
v 14.14213562 -14.14213562 -1.25000000
v 14.14213562 -13.98213577 -1.25000000
v 14.25074673 -14.03218269 -1.25000000
v 14.22213554 -14.00357151 -1.25000000
v 13.76069450 -13.10127068 -1.25000000
v 13.92043114 -12.93141937 -1.25000000
v 14.07807159 -12.75961971 -1.25000000
v 14.23359108 -12.58589935 -1.25000000
v 14.52645016 -13.57601452 -1.25000000
v 14.58077717 -13.68890667 -1.25000000
v 14.54788589 -13.65601444 -1.25000000
v 14.65308571 -13.61201954 -1.25000000
v 14.54788589 -13.49601460 -1.25000000
v 14.60645008 -13.43745041 -1.25000000
v 14.68645000 -13.41601467 -1.25000000
v 14.79086494 -13.46186543 -1.25000000
v 14.76644993 -13.43745041 -1.25000000
v 14.38696766 -12.41028404 -1.50000000
v 14.53817844 -12.23279953 -1.50000000
v 14.68719864 -12.05347252 -1.50000000
v 14.83400726 -11.87233067 -1.50000000
v 14.97858238 -11.68940067 -1.50000000
v 13.29767513 -12.35290813 -1.25000000
v 13.02522659 -10.68952656 -1.25000000
v 13.88778591 -11.68554211 -1.25000000
v 14.38696766 -12.41028404 -1.25000000
v 14.53817844 -12.23279953 -1.25000000
v 14.68719864 -12.05347252 -1.25000000
v 14.83400726 -11.87233067 -1.25000000
v 14.97858238 -11.68940067 -1.25000000
v 14.44443989 -10.99002552 -1.25000000
v 14.96629620 -10.26803207 -1.25000000
v 15.14417648 -13.06345654 -1.50000000
v 15.30334568 -12.87663078 -1.50000000
v 15.46020889 -12.68786526 -1.50000000
v 15.06955528 -13.06896114 -1.25000000
v 15.04811954 -12.98896122 -1.25000000
v 15.10682201 -13.10622787 -1.25000000
v 15.14417648 -13.06345654 -1.25000000
v 15.06955528 -12.90896130 -1.25000000
v 15.12811947 -12.85039711 -1.25000000
v 15.20811939 -12.82896137 -1.25000000
v 15.30334568 -12.87663078 -1.25000000
v 15.30834103 -12.87061882 -1.25000000
v 15.28811932 -12.85039711 -1.25000000
v 15.60952568 -12.50362968 -1.25000000
v 15.61474419 -12.49718952 -1.50000000
v 15.12090111 -11.50471020 -1.50000000
v 15.26094341 -11.31828690 -1.50000000
v 15.76692867 -12.30463219 -1.50000000
v 15.91673851 -12.11022091 -1.50000000
v 16.06414986 -11.91398621 -1.50000000
v 16.20914459 -11.71595669 -1.50000000
v 15.39868641 -11.13015938 -1.50000000
v 15.53411102 -10.94035530 -1.50000000
v 15.66719723 -10.74890423 -1.50000000
v 15.79792309 -10.55583477 -1.50000000
v 15.92626953 -10.36117458 -1.50000000
v 16.05221748 -10.16495514 -1.50000000
v 16.35169601 -11.51616383 -1.50000000
v 16.49178696 -11.31463623 -1.50000000
v 16.62939262 -11.11140442 -1.50000000
v 16.76449394 -10.90649986 -1.50000000
v 16.89707184 -10.69995213 -1.50000000
v 17.02710342 -10.49179363 -1.50000000
v 17.15457153 -10.28205490 -1.50000000
v 17.27945709 -10.07076740 -1.50000000
v 15.54633904 -12.38187885 -1.25000000
v 15.56777477 -12.46187878 -1.25000000
v 15.61474419 -12.49718952 -1.25000000
v 15.56777477 -12.30187893 -1.25000000
v 15.12090111 -11.50471020 -1.25000000
v 15.26094341 -11.31828690 -1.25000000
v 15.62633896 -12.24331474 -1.25000000
v 15.76692867 -12.30463219 -1.25000000
v 15.70633888 -12.22187901 -1.25000000
v 15.78633881 -12.24331474 -1.25000000
v 15.80206203 -12.25903797 -1.25000000
v 16.08778191 -11.88171101 -1.25000000
v 16.04177666 -11.83570480 -1.25000000
v 16.02033997 -11.75570488 -1.25000000
v 16.04177666 -11.67570496 -1.25000000
v 16.10033989 -11.61714077 -1.25000000
v 16.20914459 -11.71595669 -1.25000000
v 16.18033981 -11.59570503 -1.25000000
v 15.39868641 -11.13015938 -1.25000000
v 15.53411102 -10.94035530 -1.25000000
v 15.66719723 -10.74890423 -1.25000000
v 15.79792309 -10.55583477 -1.25000000
v 15.92626953 -10.36117458 -1.25000000
v 16.05221748 -10.16495514 -1.25000000
v 16.26033974 -11.61714077 -1.25000000
v 16.27160835 -11.62841034 -1.25000000
v 16.46939278 -11.11140442 -1.25000000
v 16.49082756 -11.19140434 -1.25000000
v 16.54115105 -11.24172783 -1.25000000
v 16.49082756 -11.03140450 -1.25000000
v 16.54939270 -10.97284031 -1.25000000
v 16.62939262 -11.11140442 -1.25000000
v 16.62939262 -10.95140457 -1.25000000
v 16.71623802 -10.97968674 -1.25000000
v 16.70939255 -10.97284031 -1.25000000
v 16.91423988 -10.52997112 -1.25000000
v 16.96902847 -10.58476067 -1.25000000
v 17.02710342 -10.49179363 -1.25000000
v 16.89280319 -10.44997120 -1.25000000
v 16.91423988 -10.36997128 -1.25000000
v 17.13524818 -10.31385136 -1.25000000
v 16.97280312 -10.31140709 -1.25000000
v 17.05280304 -10.28997135 -1.25000000
v 17.13280296 -10.31140709 -1.25000000
v 10.63223076 -14.70979786 -0.55000001
v 10.52888203 -13.15542221 -0.55000001
v 11.34119987 -14.17038059 -0.55000001
v 12.02284622 -13.59682560 -0.55000001
v 11.46812725 -12.34522438 -0.55000001
v 12.27462482 -11.54366016 -0.55000001
v 12.67552853 -12.99051476 -0.55000001
v 13.29767513 -12.35290813 -0.55000001
v 13.02522659 -10.68952656 -0.55000001
v 13.88778591 -11.68554211 -0.55000001
v 14.44443989 -10.99002552 -0.55000001
v 14.96629620 -10.26803207 -0.55000001
v 13.77630424 -9.70236778 -1.25000000
v 14.39930248 -8.75114822 -1.25000000
v 14.95672798 -7.76007748 -1.25000000
v 16.17574883 -9.96720409 -1.50000000
v 16.29684448 -9.76795197 -1.50000000
v 16.41548347 -9.56722927 -1.50000000
v 16.53165245 -9.36506557 -1.50000000
v 16.64533234 -9.16149139 -1.50000000
v 16.75650406 -8.95653820 -1.50000000
v 16.86515236 -8.75023556 -1.50000000
v 17.40173912 -9.85796356 -1.50000000
v 16.97126198 -8.54261494 -1.50000000
v 17.07481575 -8.33370876 -1.50000000
v 17.17579651 -8.12354660 -1.50000000
v 17.27419090 -7.91216183 -1.50000000
v 17.36998558 -7.69958496 -1.50000000
v 15.45209694 -9.52130318 -1.25000000
v 16.17574883 -9.96720409 -1.25000000
v 15.90067196 -8.75163555 -1.25000000
v 16.29684448 -9.76795197 -1.25000000
v 16.41548347 -9.56722927 -1.25000000
v 16.53165245 -9.36506557 -1.25000000
v 16.64533234 -9.16149139 -1.25000000
v 16.75650406 -8.95653820 -1.25000000
v 16.86515236 -8.75023556 -1.25000000
v 17.31135559 -9.85242462 -1.25000000
v 17.28992081 -9.77242470 -1.25000000
v 17.31135559 -9.69242477 -1.25000000
v 17.36992073 -9.91098881 -1.25000000
v 17.37108994 -9.91130257 -1.25000000
v 17.40173912 -9.85796356 -1.25000000
v 17.36992073 -9.63386059 -1.25000000
v 17.44992065 -9.61242485 -1.25000000
v 16.31094170 -7.96088457 -1.25000000
v 16.97126198 -8.54261494 -1.25000000
v 17.07481575 -8.33370876 -1.25000000
v 17.17579651 -8.12354660 -1.25000000
v 17.27419090 -7.91216183 -1.25000000
v 17.36998558 -7.69958496 -1.25000000
v 17.46316338 -7.48584890 -1.50000000
v 15.44604206 -6.73366785 -1.25000000
v 15.89954948 -5.57914114 -1.25000000
v 16.68191719 -7.15095568 -1.25000000
v 17.46316338 -7.48584890 -1.25000000
v 17.01270294 -6.32379913 -1.25000000
v 17.30250549 -5.48140812 -1.25000000
v 17.52140236 -9.64367580 -1.50000000
v 17.63842583 -9.42793465 -1.50000000
v 17.75279236 -9.21077442 -1.50000000
v 17.86448669 -8.99222660 -1.50000000
v 17.97348976 -8.77232456 -1.50000000
v 18.07978630 -8.55110168 -1.50000000
v 18.18335915 -8.32859135 -1.50000000
v 18.28419495 -8.10482597 -1.50000000
v 18.38227654 -7.87984085 -1.50000000
v 18.47759056 -7.65366888 -1.50000000
v 17.52140236 -9.64367580 -1.25000000
v 17.52713013 -9.63311386 -1.25000000
v 17.74771881 -9.22040749 -1.25000000
v 17.68156624 -9.15981007 -1.25000000
v 17.66012955 -9.07981014 -1.25000000
v 17.74013138 -9.21837425 -1.25000000
v 17.75279236 -9.21077442 -1.25000000
v 17.68156624 -8.99981022 -1.25000000
v 17.74013138 -8.94124603 -1.25000000
v 17.86448669 -8.99222660 -1.25000000
v 17.82013130 -8.91981030 -1.25000000
v 17.89097214 -8.93879223 -1.25000000
v 18.02429962 -8.45319462 -1.25000000
v 18.08286285 -8.51175880 -1.25000000
v 18.09640884 -8.51538849 -1.25000000
v 18.00286293 -8.37319469 -1.25000000
v 18.02429962 -8.29319477 -1.25000000
v 18.08286285 -8.23463058 -1.25000000
v 18.18335915 -8.32859135 -1.25000000
v 18.16286278 -8.21319485 -1.25000000
v 18.22755051 -8.23052788 -1.25000000
v 18.33902740 -7.73366880 -1.25000000
v 18.39759064 -7.79223251 -1.25000000
v 18.41700554 -7.79743481 -1.25000000
v 18.31759071 -7.65366888 -1.25000000
v 18.33902740 -7.57366848 -1.25000000
v 18.39759064 -7.51510477 -1.25000000
v 18.47759056 -7.65366888 -1.25000000
v 18.53631210 -7.50940323 -1.25000000
v 17.55371094 -7.27098513 -1.50000000
v 17.64161491 -7.05502653 -1.50000000
v 17.72686386 -6.83800554 -1.50000000
v 17.80944061 -6.61995506 -1.50000000
v 17.88933754 -6.40090704 -1.50000000
v 18.57012177 -7.42634392 -1.50000000
v 18.65985680 -7.19790077 -1.50000000
v 18.74678040 -6.96837378 -1.50000000
v 17.96653938 -6.18089533 -1.50000000
v 18.04103470 -5.95995283 -1.50000000
v 18.11281395 -5.73811293 -1.50000000
v 18.18186569 -5.51540899 -1.50000000
v 18.24818039 -5.29187393 -1.50000000
v 18.31174469 -5.06754255 -1.50000000
v 18.83088112 -6.73779726 -1.50000000
v 18.91214561 -6.50620604 -1.50000000
v 18.99056435 -6.27363491 -1.50000000
v 19.06612015 -6.04011917 -1.50000000
v 19.13880730 -5.80569363 -1.50000000
v 19.20861053 -5.57039356 -1.50000000
v 19.27552223 -5.33425522 -1.50000000
v 19.33952904 -5.09731340 -1.50000000
v 17.55371094 -7.27098513 -1.25000000
v 17.64161491 -7.05502653 -1.25000000
v 17.72686386 -6.83800554 -1.25000000
v 17.80944061 -6.61995506 -1.25000000
v 17.88933754 -6.40090704 -1.25000000
v 18.47759056 -7.49366856 -1.25000000
v 18.68382645 -7.06090498 -1.25000000
v 18.70916557 -7.06769514 -1.25000000
v 18.62526321 -7.00234127 -1.25000000
v 18.60382652 -6.92234135 -1.25000000
v 18.74678040 -6.96837378 -1.25000000
v 18.62526321 -6.84234095 -1.25000000
v 18.68382645 -6.78377724 -1.25000000
v 17.96653938 -6.18089533 -1.25000000
v 18.04103470 -5.95995283 -1.25000000
v 18.11281395 -5.73811293 -1.25000000
v 18.18186569 -5.51540899 -1.25000000
v 18.24818039 -5.29187393 -1.25000000
v 18.31174469 -5.06754255 -1.25000000
v 18.76382637 -6.76234102 -1.25000000
v 18.81675529 -6.77652359 -1.25000000
v 18.88256645 -6.26033974 -1.25000000
v 18.94112968 -6.31890392 -1.25000000
v 18.97246933 -6.32730103 -1.25000000
v 18.99056435 -6.27363491 -1.25000000
v 18.86112976 -6.18033981 -1.25000000
v 18.88256645 -6.10033989 -1.25000000
v 18.94112968 -6.04177570 -1.25000000
v 19.02112961 -6.02033997 -1.25000000
v 19.06612015 -6.04011917 -1.25000000
v 19.06833267 -6.03298759 -1.25000000
v 19.11054039 -5.50880909 -1.25000000
v 19.16910553 -5.56737328 -1.25000000
v 19.20861053 -5.57039356 -1.25000000
v 19.20653152 -5.57740164 -1.25000000
v 19.08910561 -5.42880917 -1.25000000
v 19.11054039 -5.34880877 -1.25000000
v 19.27552223 -5.33425522 -1.25000000
v 19.16910553 -5.29024506 -1.25000000
v 19.24910545 -5.26880884 -1.25000000
v 19.29022408 -5.27982712 -1.25000000
v 16.23962593 -4.49411011 -1.25000000
v 16.50575066 -3.38861299 -1.25000000
v 16.71030998 -2.16519308 -1.25000000
v 16.82431412 -0.93003988 -1.25000000
v 18.37255287 -4.84244776 -1.50000000
v 18.43059349 -4.61662340 -1.50000000
v 18.48585892 -4.39010429 -1.50000000
v 18.53833961 -4.16292334 -1.50000000
v 18.58802986 -3.93511605 -1.50000000
v 18.63492012 -3.70671606 -1.50000000
v 18.67900467 -3.47775793 -1.50000000
v 18.72027588 -3.24827600 -1.50000000
v 19.40062523 -4.85960340 -1.50000000
v 19.45879936 -4.62116194 -1.50000000
v 19.51404190 -4.38202477 -1.50000000
v 19.56634712 -4.14222765 -1.50000000
v 19.61570549 -3.90180635 -1.50000000
v 18.75872612 -3.01830482 -1.50000000
v 18.79435349 -2.78787899 -1.50000000
v 18.82715034 -2.55703354 -1.50000000
v 19.66210938 -3.66079783 -1.50000000
v 19.70555305 -3.41923785 -1.50000000
v 19.74602890 -3.17716289 -1.50000000
v 19.78352928 -2.93460941 -1.50000000
v 19.81805229 -2.69161415 -1.50000000
v 17.55062294 -4.62581158 -1.25000000
v 17.75646019 -3.75907159 -1.25000000
v 18.37255287 -4.84244776 -1.25000000
v 18.43059349 -4.61662340 -1.25000000
v 18.48585892 -4.39010429 -1.25000000
v 18.53833961 -4.16292334 -1.25000000
v 18.58802986 -3.93511605 -1.25000000
v 17.91952133 -2.88327527 -1.25000000
v 18.63492012 -3.70671606 -1.25000000
v 18.67900467 -3.47775793 -1.25000000
v 18.72027588 -3.24827600 -1.25000000
v 19.36739922 -4.80747128 -1.25000000
v 19.30883408 -4.74890709 -1.25000000
v 19.28739929 -4.66890717 -1.25000000
v 19.30883408 -4.58890724 -1.25000000
v 19.36739922 -4.53034306 -1.25000000
v 19.41052437 -4.81902695 -1.25000000
v 19.45879936 -4.62116194 -1.25000000
v 19.44739914 -4.50890732 -1.25000000
v 19.48255539 -4.51832771 -1.25000000
v 19.47714233 -3.98180652 -1.25000000
v 19.45570564 -3.90180635 -1.25000000
v 19.47714233 -3.82180643 -1.25000000
v 19.53570557 -4.04037046 -1.25000000
v 19.58456993 -4.05346394 -1.25000000
v 19.53570557 -3.76324248 -1.25000000
v 19.61570549 -3.90180635 -1.25000000
v 18.75872612 -3.01830482 -1.25000000
v 18.79435349 -2.78787899 -1.25000000
v 18.82715034 -2.55703354 -1.25000000
v 19.61570549 -3.74180651 -1.25000000
v 19.64500046 -3.74965596 -1.25000000
v 19.59376717 -3.12868929 -1.25000000
v 19.61520195 -3.20868921 -1.25000000
v 19.67376709 -3.26725340 -1.25000000
v 19.72851181 -3.28192234 -1.25000000
v 19.74602890 -3.17716289 -1.25000000
v 19.61520195 -3.04868937 -1.25000000
v 19.67376709 -2.99012518 -1.25000000
v 19.77728653 -2.97499132 -1.25000000
v 19.75376701 -2.96868920 -1.25000000
v 19.84215546 -2.50559950 -1.25000000
v 18.85711098 -2.32580280 -1.50000000
v 18.88423157 -2.09422183 -1.50000000
v 18.90851021 -1.86232567 -1.50000000
v 18.92993927 -1.63014889 -1.50000000
v 18.94851875 -1.39772666 -1.50000000
v 19.84959030 -2.44821358 -1.50000000
v 19.87813950 -2.20444417 -1.50000000
v 19.90369415 -1.96034276 -1.50000000
v 19.92625237 -1.71594620 -1.50000000
v 19.94580841 -1.47129130 -1.50000000
v 18.96424484 -1.16509402 -1.50000000
v 18.97711372 -0.93228579 -1.50000000
v 18.98712540 -0.69933724 -1.50000000
v 18.99427795 -0.46628335 -1.50000000
v 18.99856949 -0.23315923 -1.50000000
v 19.96236229 -1.22641468 -1.50000000
v 19.97590828 -0.98135346 -1.50000000
v 19.98644829 -0.73614448 -1.50000000
v 19.99397659 -0.49082458 -1.50000000
v 19.99849319 -0.24543077 -1.50000000
v 18.03941154 -2.00053310 -1.25000000
v 18.11584282 -1.11297131 -1.25000000
v 18.14863396 -0.22272842 -1.25000000
v 18.85711098 -2.32580280 -1.25000000
v 18.88423157 -2.09422183 -1.25000000
v 18.90851021 -1.86232567 -1.25000000
v 18.92993927 -1.63014889 -1.25000000
v 18.94851875 -1.39772666 -1.25000000
v 19.72280502 -2.43074799 -1.25000000
v 19.70136833 -2.35074806 -1.25000000
v 19.78136826 -2.48931193 -1.25000000
v 19.72280502 -2.27074790 -1.25000000
v 19.78136826 -2.21218395 -1.25000000
v 19.84959030 -2.44821358 -1.25000000
v 19.86137009 -2.19074798 -1.25000000
v 19.87813950 -2.20444417 -1.25000000
v 19.87907600 -2.19549274 -1.25000000
v 19.79978180 -1.64918196 -1.25000000
v 19.77834702 -1.56918192 -1.25000000
v 19.92535210 -1.72570002 -1.25000000
v 19.85834694 -1.70774603 -1.25000000
v 19.92625237 -1.71594620 -1.25000000
v 19.79978180 -1.48918188 -1.25000000
v 19.85834694 -1.43061781 -1.25000000
v 19.94580841 -1.47129130 -1.25000000
v 19.93834686 -1.40918195 -1.25000000
v 19.94980049 -1.41225088 -1.25000000
v 18.96424484 -1.16509402 -1.25000000
v 18.97711372 -0.93228579 -1.25000000
v 18.98712540 -0.69933724 -1.25000000
v 18.99427795 -0.46628335 -1.25000000
v 18.99856949 -0.23315923 -1.25000000
v 19.97754478 -0.94331086 -1.25000000
v 19.82458115 -0.78519630 -1.25000000
v 19.84601593 -0.86519629 -1.25000000
v 19.90458107 -0.92376035 -1.25000000
v 19.84601593 -0.70519632 -1.25000000
v 19.90458107 -0.64663225 -1.25000000
v 19.98644829 -0.73614448 -1.25000000
v 19.98458099 -0.62519634 -1.25000000
v 19.98980904 -0.62659740 -1.25000000
v 19.99901962 -0.15973736 -1.25000000
v 19.86143684 -0.08000000 -1.25000000
v 19.92000008 -0.13856407 -1.25000000
v 13.77630424 -9.70236778 -0.55000001
v 14.39930248 -8.75114822 -0.55000001
v 14.95672798 -7.76007748 -0.55000001
v 15.45209694 -9.52130318 -0.55000001
v 15.90067196 -8.75163555 -0.55000001
v 16.31094170 -7.96088457 -0.55000001
v 15.44604206 -6.73366785 -0.55000001
v 15.89954948 -5.57914114 -0.55000001
v 16.68191719 -7.15095568 -0.55000001
v 17.01270294 -6.32379913 -0.55000001
v 17.30250549 -5.48140812 -0.55000001
v 16.23962593 -4.49411011 -0.55000001
v 16.50575066 -3.38861299 -0.55000001
v 16.71030998 -2.16519308 -0.55000001
v 16.82431412 -0.93003988 -0.55000001
v 17.55062294 -4.62581158 -0.55000001
v 17.75646019 -3.75907159 -0.55000001
v 17.91952133 -2.88327527 -0.55000001
v 18.03941154 -2.00053310 -0.55000001
v 18.11584282 -1.11297131 -0.55000001
v 18.14863396 -0.22272842 -0.55000001
v 0.22272842 -18.14863396 0.55000001
v 1.11297131 -18.11584282 0.55000001
v 2.00053310 -18.03941154 0.55000001
v 0.00000000 -16.85000038 0.55000001
v 1.54866588 -16.77868080 0.55000001
v 2.88327527 -17.91952133 0.55000001
v 3.75907159 -17.75646019 0.55000001
v 4.62581158 -17.55062294 0.55000001
v 2.98252106 -16.58394051 0.55000001
v 4.39438105 -16.26689720 0.55000001
v 5.48140812 -17.30250549 0.55000001
v 5.77383327 -15.82988834 0.55000001
v 6.32379913 -17.01270294 0.55000001
v 7.15095568 -16.68191719 0.55000001
v 7.21229935 -15.22840786 0.55000001
v 7.96088457 -16.31094170 0.55000001
v 8.75163555 -15.90067196 0.55000001
v 9.52130318 -15.45209694 0.55000001
v 6.07844448 -14.04358196 0.55000001
v 6.28975677 -12.18805504 0.55000001
v 6.40526056 -10.30216408 0.55000001
v 8.30533409 -14.66096592 0.55000001
v 7.50274515 -13.12823868 0.55000001
v 9.27521706 -14.06743908 0.55000001
v 7.68114519 -10.90518284 0.55000001
v 0.00000000 -20.00000000 1.25000000
v 0.08000000 -19.86143684 1.25000000
v 0.13856407 -19.92000008 1.25000000
v 0.15973736 -19.99901962 1.25000000
v 0.00000000 -19.00000000 1.25000000
v 0.23315923 -18.99856949 1.25000000
v 0.46628335 -18.99427795 1.25000000
v 0.62519634 -19.98458099 1.25000000
v 0.62659740 -19.98980904 1.25000000
v 0.64663225 -19.90458107 1.25000000
v 0.73614448 -19.98644829 1.25000000
v 0.70519632 -19.84601593 1.25000000
v 0.86519629 -19.84601593 1.25000000
v 0.92376035 -19.90458107 1.25000000
v 0.78519630 -19.82458115 1.25000000
v 0.94331086 -19.97754478 1.25000000
v 0.69933724 -18.98712540 1.25000000
v 0.93228579 -18.97711372 1.25000000
v 1.16509402 -18.96424484 1.25000000
v 0.22272842 -18.14863396 1.25000000
v 1.11297131 -18.11584282 1.25000000
v 1.40918195 -19.93834686 1.25000000
v 1.41225088 -19.94980049 1.25000000
v 1.47129130 -19.94580841 1.25000000
v 1.43061781 -19.85834694 1.25000000
v 1.48918188 -19.79978180 1.25000000
v 1.71594620 -19.92625237 1.25000000
v 1.70774603 -19.85834694 1.25000000
v 1.56918192 -19.77834702 1.25000000
v 1.64918196 -19.79978180 1.25000000
v 1.72570002 -19.92535210 1.25000000
v 1.39772666 -18.94851875 1.25000000
v 1.63014889 -18.92993927 1.25000000
v 1.86232567 -18.90851021 1.25000000
v 2.19074798 -19.86137009 1.25000000
v 2.20444417 -19.87813950 1.25000000
v 2.19549274 -19.87907600 1.25000000
v 2.21218395 -19.78136826 1.25000000
v 2.27074790 -19.72280502 1.25000000
v 2.44821358 -19.84959030 1.25000000
v 2.35074806 -19.70136833 1.25000000
v 2.48931193 -19.78136826 1.25000000
v 2.43074799 -19.72280502 1.25000000
v 2.09422183 -18.88423157 1.25000000
v 2.32580280 -18.85711098 1.25000000
v 2.00053310 -18.03941154 1.25000000
v 0.00000000 -20.00000000 1.50000000
v 0.24543077 -19.99849319 1.50000000
v 0.49082458 -19.99397659 1.50000000
v 0.00000000 -19.00000000 1.50000000
v 0.23315923 -18.99856949 1.50000000
v 0.46628335 -18.99427795 1.50000000
v 0.73614448 -19.98644829 1.50000000
v 0.98135346 -19.97590828 1.50000000
v 1.22641468 -19.96236229 1.50000000
v 0.69933724 -18.98712540 1.50000000
v 0.93228579 -18.97711372 1.50000000
v 1.16509402 -18.96424484 1.50000000
v 1.47129130 -19.94580841 1.50000000
v 1.71594620 -19.92625237 1.50000000
v 1.39772666 -18.94851875 1.50000000
v 1.63014889 -18.92993927 1.50000000
v 1.86232567 -18.90851021 1.50000000
v 1.96034276 -19.90369415 1.50000000
v 2.20444417 -19.87813950 1.50000000
v 2.44821358 -19.84959030 1.50000000
v 2.09422183 -18.88423157 1.50000000
v 2.32580280 -18.85711098 1.50000000
v 0.00000000 -16.85000038 1.25000000
v 1.54866588 -16.77868080 1.25000000
v 2.50559950 -19.84215546 1.25000000
v 2.96868920 -19.75376701 1.25000000
v 2.97499132 -19.77728653 1.25000000
v 2.99012518 -19.67376709 1.25000000
v 3.04868937 -19.61520195 1.25000000
v 2.55703354 -18.82715034 1.25000000
v 2.78787899 -18.79435349 1.25000000
v 3.01830482 -18.75872612 1.25000000
v 3.17716289 -19.74602890 1.25000000
v 3.28192234 -19.72851181 1.25000000
v 3.12868929 -19.59376717 1.25000000
v 3.20868921 -19.61520195 1.25000000
v 3.26725340 -19.67376709 1.25000000
v 3.74180651 -19.61570549 1.25000000
v 3.74965596 -19.64500046 1.25000000
v 2.88327527 -17.91952133 1.25000000
v 3.24827600 -18.72027588 1.25000000
v 3.47775793 -18.67900467 1.25000000
v 3.70671606 -18.63492012 1.25000000
v 3.76324248 -19.53570557 1.25000000
v 3.90180635 -19.61570549 1.25000000
v 3.82180643 -19.47714233 1.25000000
v 3.90180635 -19.45570564 1.25000000
v 4.05346394 -19.58456993 1.25000000
v 4.04037046 -19.53570557 1.25000000
v 3.98180652 -19.47714233 1.25000000
v 4.51832771 -19.48255539 1.25000000
v 4.50890732 -19.44739914 1.25000000
v 4.62116194 -19.45879936 1.25000000
v 4.81902695 -19.41052437 1.25000000
v 4.53034306 -19.36739922 1.25000000
v 4.58890724 -19.30883408 1.25000000
v 4.66890717 -19.28739929 1.25000000
v 4.74890709 -19.30883408 1.25000000
v 4.80747128 -19.36739922 1.25000000
v 3.93511605 -18.58802986 1.25000000
v 4.16292334 -18.53833961 1.25000000
v 3.75907159 -17.75646019 1.25000000
v 4.39010429 -18.48585892 1.25000000
v 4.61662340 -18.43059349 1.25000000
v 4.84244776 -18.37255287 1.25000000
v 4.62581158 -17.55062294 1.25000000
v 2.69161415 -19.81805229 1.50000000
v 2.93460941 -19.78352928 1.50000000
v 2.55703354 -18.82715034 1.50000000
v 2.78787899 -18.79435349 1.50000000
v 3.01830482 -18.75872612 1.50000000
v 3.17716289 -19.74602890 1.50000000
v 3.41923785 -19.70555305 1.50000000
v 3.66079783 -19.66210938 1.50000000
v 3.24827600 -18.72027588 1.50000000
v 3.47775793 -18.67900467 1.50000000
v 3.70671606 -18.63492012 1.50000000
v 3.90180635 -19.61570549 1.50000000
v 4.14222765 -19.56634712 1.50000000
v 4.38202477 -19.51404190 1.50000000
v 4.62116194 -19.45879936 1.50000000
v 4.85960340 -19.40062523 1.50000000
v 3.93511605 -18.58802986 1.50000000
v 4.16292334 -18.53833961 1.50000000
v 4.39010429 -18.48585892 1.50000000
v 4.61662340 -18.43059349 1.50000000
v 4.84244776 -18.37255287 1.50000000
v 2.98252106 -16.58394051 1.25000000
v 4.39438105 -16.26689720 1.25000000
v 5.26880884 -19.24910545 1.25000000
v 5.27982712 -19.29022408 1.25000000
v 5.29024506 -19.16910553 1.25000000
v 5.33425522 -19.27552223 1.25000000
v 5.34880877 -19.11054039 1.25000000
v 5.42880917 -19.08910561 1.25000000
v 5.50880909 -19.11054039 1.25000000
v 5.57039356 -19.20861053 1.25000000
v 5.57740164 -19.20653152 1.25000000
v 5.56737328 -19.16910553 1.25000000
v 6.04011917 -19.06612015 1.25000000
v 6.03298759 -19.06833267 1.25000000
v 6.02033997 -19.02112961 1.25000000
v 6.04177570 -18.94112968 1.25000000
v 6.10033989 -18.88256645 1.25000000
v 6.18033981 -18.86112976 1.25000000
v 5.06754255 -18.31174469 1.25000000
v 5.29187393 -18.24818039 1.25000000
v 5.51540899 -18.18186569 1.25000000
v 5.73811293 -18.11281395 1.25000000
v 5.95995283 -18.04103470 1.25000000
v 6.18089533 -17.96653938 1.25000000
v 6.27363491 -18.99056435 1.25000000
v 6.32730103 -18.97246933 1.25000000
v 6.31890392 -18.94112968 1.25000000
v 6.26033974 -18.88256645 1.25000000
v 6.77652359 -18.81675529 1.25000000
v 6.76234102 -18.76382637 1.25000000
v 6.78377724 -18.68382645 1.25000000
v 6.84234095 -18.62526321 1.25000000
v 6.40090704 -17.88933754 1.25000000
v 6.61995506 -17.80944061 1.25000000
v 6.83800554 -17.72686386 1.25000000
v 6.92234135 -18.60382652 1.25000000
v 6.96837378 -18.74678040 1.25000000
v 7.00234127 -18.62526321 1.25000000
v 7.06090498 -18.68382645 1.25000000
v 7.06769514 -18.70916557 1.25000000
v 7.49366856 -18.47759056 1.25000000
v 7.05502653 -17.64161491 1.25000000
v 7.27098513 -17.55371094 1.25000000
v 5.09731340 -19.33952904 1.50000000
v 5.33425522 -19.27552223 1.50000000
v 5.57039356 -19.20861053 1.50000000
v 5.80569363 -19.13880730 1.50000000
v 6.04011917 -19.06612015 1.50000000
v 5.06754255 -18.31174469 1.50000000
v 5.29187393 -18.24818039 1.50000000
v 5.51540899 -18.18186569 1.50000000
v 5.73811293 -18.11281395 1.50000000
v 5.95995283 -18.04103470 1.50000000
v 6.18089533 -17.96653938 1.50000000
v 6.27363491 -18.99056435 1.50000000
v 6.50620604 -18.91214561 1.50000000
v 6.73779726 -18.83088112 1.50000000
v 6.40090704 -17.88933754 1.50000000
v 6.61995506 -17.80944061 1.50000000
v 6.83800554 -17.72686386 1.50000000
v 6.96837378 -18.74678040 1.50000000
v 7.19790077 -18.65985680 1.50000000
v 7.42634392 -18.57012177 1.50000000
v 7.05502653 -17.64161491 1.50000000
v 7.27098513 -17.55371094 1.50000000
v 5.48140812 -17.30250549 1.25000000
v 5.77383327 -15.82988834 1.25000000
v 6.32379913 -17.01270294 1.25000000
v 7.48584890 -17.46316338 1.25000000
v 7.15095568 -16.68191719 1.25000000
v 7.21229935 -15.22840786 1.25000000
v 7.48584890 -17.46316338 1.50000000
v 7.50940323 -18.53631210 1.25000000
v 7.65366888 -18.47759056 1.25000000
v 7.51510477 -18.39759064 1.25000000
v 7.57366848 -18.33902740 1.25000000
v 7.65366888 -18.31759071 1.25000000
v 7.73366880 -18.33902740 1.25000000
v 7.79743481 -18.41700554 1.25000000
v 7.79223251 -18.39759064 1.25000000
v 8.23052788 -18.22755051 1.25000000
v 8.21319485 -18.16286278 1.25000000
v 8.32859135 -18.18335915 1.25000000
v 8.23463058 -18.08286285 1.25000000
v 8.29319477 -18.02429962 1.25000000
v 8.37319469 -18.00286293 1.25000000
v 8.51538849 -18.09640884 1.25000000
v 8.51175880 -18.08286285 1.25000000
v 8.45319462 -18.02429962 1.25000000
v 8.93879223 -17.89097214 1.25000000
v 8.91981030 -17.82013130 1.25000000
v 8.99222660 -17.86448669 1.25000000
v 8.94124603 -17.74013138 1.25000000
v 8.99981022 -17.68156624 1.25000000
v 9.07981014 -17.66012955 1.25000000
v 9.21837425 -17.74013138 1.25000000
v 9.21077442 -17.75279236 1.25000000
v 9.15981007 -17.68156624 1.25000000
v 9.22040749 -17.74771881 1.25000000
v 9.64367580 -17.52140236 1.25000000
v 9.63311386 -17.52713013 1.25000000
v 7.65366888 -18.47759056 1.50000000
v 7.87984085 -18.38227654 1.50000000
v 8.10482597 -18.28419495 1.50000000
v 8.32859135 -18.18335915 1.50000000
v 8.55110168 -18.07978630 1.50000000
v 8.77232456 -17.97348976 1.50000000
v 8.99222660 -17.86448669 1.50000000
v 9.21077442 -17.75279236 1.50000000
v 9.42793465 -17.63842583 1.50000000
v 9.64367580 -17.52140236 1.50000000
v 7.69958496 -17.36998558 1.25000000
v 7.91216183 -17.27419090 1.25000000
v 8.12354660 -17.17579651 1.25000000
v 7.96088457 -16.31094170 1.25000000
v 8.33370876 -17.07481575 1.25000000
v 8.54261494 -16.97126198 1.25000000
v 8.75023556 -16.86515236 1.25000000
v 8.95653820 -16.75650406 1.25000000
v 9.16149139 -16.64533234 1.25000000
v 9.36506557 -16.53165245 1.25000000
v 9.61242485 -17.44992065 1.25000000
v 9.63386059 -17.36992073 1.25000000
v 9.69242477 -17.31135559 1.25000000
v 9.77242470 -17.28992081 1.25000000
v 9.85796356 -17.40173912 1.25000000
v 9.91098881 -17.36992073 1.25000000
v 9.91130257 -17.37108994 1.25000000
v 9.85242462 -17.31135559 1.25000000
v 9.56722927 -16.41548347 1.25000000
v 9.76795197 -16.29684448 1.25000000
v 8.75163555 -15.90067196 1.25000000
v 9.96720409 -16.17574883 1.25000000
v 9.52130318 -15.45209694 1.25000000
v 7.69958496 -17.36998558 1.50000000
v 7.91216183 -17.27419090 1.50000000
v 8.12354660 -17.17579651 1.50000000
v 8.33370876 -17.07481575 1.50000000
v 8.54261494 -16.97126198 1.50000000
v 8.75023556 -16.86515236 1.50000000
v 8.95653820 -16.75650406 1.50000000
v 9.16149139 -16.64533234 1.50000000
v 9.36506557 -16.53165245 1.50000000
v 9.85796356 -17.40173912 1.50000000
v 9.56722927 -16.41548347 1.50000000
v 9.76795197 -16.29684448 1.50000000
v 9.96720409 -16.17574883 1.50000000
v 6.07844448 -14.04358196 1.25000000
v 6.28975677 -12.18805504 1.25000000
v 6.40526056 -10.30216408 1.25000000
v 8.30533409 -14.66096592 1.25000000
v 7.50274515 -13.12823868 1.25000000
v 9.27521706 -14.06743908 1.25000000
v 7.68114519 -10.90518284 1.25000000
v 1.21031880 -3.24646974 0.55000001
v 0.65786254 -2.82461834 0.55000001
v 0.91400820 -3.05207658 0.55000001
v 1.69599152 -3.43944073 0.55000001
v 2.14318657 -3.49611044 0.55000001
v 0.19067521 -1.88521445 0.55000001
v 0.32611179 -2.24872208 0.55000001
v 0.07742523 -1.43100631 0.55000001
v 0.02261849 -1.05077004 0.55000001
v 0.00016604 -0.56493539 0.55000001
v 0.02945749 -0.08291744 0.55000001
v 1.64602268 -1.97216749 0.55000001
v 1.51442742 -1.72142351 0.55000001
v 1.41015649 -1.42565143 0.55000001
v 1.97845650 -2.16877174 0.55000001
v 2.26429701 -2.18391919 0.55000001
v 1.33897221 -1.09842551 0.55000001
v 1.30559337 -0.40788808 0.55000001
v 2.64414740 -3.42910528 0.55000001
v 3.04465818 -3.27214479 0.55000001
v 3.44967341 -3.00855541 0.55000001
v 3.88211465 -2.58946395 0.55000001
v 2.57195520 -2.04207730 0.55000001
v 2.90478182 -1.73213160 0.55000001
v 3.20212412 -1.32078338 0.55000001
v 3.50844240 -0.74884140 0.55000001
v 4.21238661 -2.15283179 0.55000001
v 4.55891657 -1.55793691 0.55000001
v 3.76955819 -0.11700356 0.55000001
v 6.41492367 -8.40205288 0.55000001
v 6.20934057 -6.17069626 0.55000001
v 6.35268259 -7.06242990 0.55000001
v 7.48524809 -5.92153502 0.55000001
v 7.30498505 -5.13027191 0.55000001
v 7.72027969 -8.65593338 0.55000001
v 7.68237019 -7.51807308 0.55000001
v 7.62007666 -6.72519588 0.55000001
v 5.89589834 -4.91108036 0.55000001
v 5.47633219 -3.67014050 0.55000001
v 5.05163097 -2.62771702 0.55000001
v 6.83137608 -3.58941674 0.55000001
v 6.16355991 -1.92683625 0.55000001
v 1.21031880 -3.24646974 1.25000000
v 0.65786254 -2.82461834 1.25000000
v 0.91400820 -3.05207658 1.25000000
v 1.69599152 -3.43944073 1.25000000
v 2.14318657 -3.49611044 1.25000000
v 0.19067521 -1.88521445 1.25000000
v 0.32611179 -2.24872208 1.25000000
v 0.07742523 -1.43100631 1.25000000
v 0.02261849 -1.05077004 1.25000000
v 0.00016604 -0.56493539 1.25000000
v 0.02945749 -0.08291744 1.25000000
v 1.64602268 -1.97216749 1.25000000
v 1.51442742 -1.72142351 1.25000000
v 1.41015649 -1.42565143 1.25000000
v 1.97845650 -2.16877174 1.25000000
v 2.26429701 -2.18391919 1.25000000
v 1.33897221 -1.09842551 1.25000000
v 1.30559337 -0.40788808 1.25000000
v 2.64414740 -3.42910528 1.25000000
v 3.04465818 -3.27214479 1.25000000
v 3.44967341 -3.00855541 1.25000000
v 3.88211465 -2.58946395 1.25000000
v 2.57195520 -2.04207730 1.25000000
v 2.90478182 -1.73213160 1.25000000
v 3.20212412 -1.32078338 1.25000000
v 3.50844240 -0.74884140 1.25000000
v 4.21238661 -2.15283179 1.25000000
v 4.55891657 -1.55793691 1.25000000
v 3.76955819 -0.11700356 1.25000000
v 6.41492367 -8.40205288 1.25000000
v 6.20934057 -6.17069626 1.25000000
v 6.35268259 -7.06242990 1.25000000
v 7.48524809 -5.92153502 1.25000000
v 7.30498505 -5.13027191 1.25000000
v 7.72027969 -8.65593338 1.25000000
v 7.68237019 -7.51807308 1.25000000
v 7.62007666 -6.72519588 1.25000000
v 5.89589834 -4.91108036 1.25000000
v 5.47633219 -3.67014050 1.25000000
v 5.05163097 -2.62771702 1.25000000
v 6.83137608 -3.58941674 1.25000000
v 6.16355991 -1.92683625 1.25000000
v 10.26803207 -14.96629620 0.55000001
v 10.99002552 -14.44443989 0.55000001
v 10.20286083 -13.40985203 0.55000001
v 11.16170597 -12.62294865 0.55000001
v 11.68554211 -13.88778591 0.55000001
v 12.35290813 -13.29767513 0.55000001
v 12.06006432 -11.76764011 0.55000001
v 12.99051476 -12.67552853 0.55000001
v 13.59682560 -12.02284622 0.55000001
v 12.82626057 -10.92746735 0.55000001
v 13.53404713 -10.03753281 0.55000001
v 14.17038059 -11.34119987 0.55000001
v 14.70979786 -10.63223076 0.55000001
v 10.31140709 -17.13280296 1.25000000
v 10.28997135 -17.05280304 1.25000000
v 10.31140709 -16.97280312 1.25000000
v 10.31385136 -17.13524818 1.25000000
v 10.36997128 -16.91423988 1.25000000
v 10.44997120 -16.89280319 1.25000000
v 10.49179363 -17.02710342 1.25000000
v 10.52997112 -16.91423988 1.25000000
v 10.58476067 -16.96902847 1.25000000
v 10.97284031 -16.70939255 1.25000000
v 10.97968674 -16.71623802 1.25000000
v 10.95140457 -16.62939262 1.25000000
v 11.11140442 -16.62939262 1.25000000
v 10.97284031 -16.54939270 1.25000000
v 11.03140450 -16.49082756 1.25000000
v 11.11140442 -16.46939278 1.25000000
v 11.19140434 -16.49082756 1.25000000
v 11.24172783 -16.54115105 1.25000000
v 10.16495514 -16.05221748 1.25000000
v 10.36117458 -15.92626953 1.25000000
v 10.55583477 -15.79792309 1.25000000
v 10.74890423 -15.66719723 1.25000000
v 10.94035530 -15.53411102 1.25000000
v 11.13015938 -15.39868641 1.25000000
v 11.61714077 -16.26033974 1.25000000
v 11.62841034 -16.27160835 1.25000000
v 11.59570503 -16.18033981 1.25000000
v 11.61714077 -16.10033989 1.25000000
v 11.71595669 -16.20914459 1.25000000
v 11.67570496 -16.04177666 1.25000000
v 11.75570488 -16.02033997 1.25000000
v 11.83570480 -16.04177666 1.25000000
v 11.31828690 -15.26094341 1.25000000
v 11.50471020 -15.12090111 1.25000000
v 11.88171101 -16.08778191 1.25000000
v 12.24331474 -15.78633881 1.25000000
v 12.25903797 -15.80206203 1.25000000
v 12.22187901 -15.70633888 1.25000000
v 12.24331474 -15.62633896 1.25000000
v 12.30463219 -15.76692867 1.25000000
v 12.30187893 -15.56777477 1.25000000
v 12.38187885 -15.54633904 1.25000000
v 12.49718952 -15.61474419 1.25000000
v 12.46187878 -15.56777477 1.25000000
v 10.07076740 -17.27945709 1.50000000
v 10.28205490 -17.15457153 1.50000000
v 10.49179363 -17.02710342 1.50000000
v 10.69995213 -16.89707184 1.50000000
v 10.90649986 -16.76449394 1.50000000
v 11.11140442 -16.62939262 1.50000000
v 10.16495514 -16.05221748 1.50000000
v 10.36117458 -15.92626953 1.50000000
v 10.55583477 -15.79792309 1.50000000
v 10.74890423 -15.66719723 1.50000000
v 10.94035530 -15.53411102 1.50000000
v 11.13015938 -15.39868641 1.50000000
v 11.31463623 -16.49178696 1.50000000
v 11.51616383 -16.35169601 1.50000000
v 11.71595669 -16.20914459 1.50000000
v 11.31828690 -15.26094341 1.50000000
v 11.50471020 -15.12090111 1.50000000
v 11.91398621 -16.06414986 1.50000000
v 12.11022091 -15.91673851 1.50000000
v 12.30463219 -15.76692867 1.50000000
v 12.49718952 -15.61474419 1.50000000
v 12.50362968 -15.60952568 1.25000000
v 12.85039711 -15.28811932 1.25000000
v 12.87663078 -15.30334568 1.25000000
v 12.87061882 -15.30834103 1.25000000
v 12.82896137 -15.20811939 1.25000000
v 12.85039711 -15.12811947 1.25000000
v 12.90896130 -15.06955528 1.25000000
v 12.98896122 -15.04811954 1.25000000
v 13.06345654 -15.14417648 1.25000000
v 13.10622787 -15.10682201 1.25000000
v 13.06896114 -15.06955528 1.25000000
v 12.68786526 -15.46020889 1.50000000
v 12.87663078 -15.30334568 1.50000000
v 13.06345654 -15.14417648 1.50000000
v 10.26803207 -14.96629620 1.25000000
v 10.99002552 -14.44443989 1.25000000
v 10.20286083 -13.40985203 1.25000000
v 11.16170597 -12.62294865 1.25000000
v 11.68940067 -14.97858238 1.25000000
v 11.87233067 -14.83400726 1.25000000
v 11.68554211 -13.88778591 1.25000000
v 12.05347252 -14.68719864 1.25000000
v 12.23279953 -14.53817844 1.25000000
v 12.41028404 -14.38696766 1.25000000
v 12.35290813 -13.29767513 1.25000000
v 11.68940067 -14.97858238 1.50000000
v 11.87233067 -14.83400726 1.50000000
v 12.05347252 -14.68719864 1.50000000
v 12.23279953 -14.53817844 1.50000000
v 12.41028404 -14.38696766 1.50000000
v 12.06006432 -11.76764011 1.25000000
v 12.58589935 -14.23359108 1.25000000
v 12.75961971 -14.07807159 1.25000000
v 12.93141937 -13.92043114 1.25000000
v 13.10127068 -13.76069450 1.25000000
v 13.43745041 -14.76644993 1.25000000
v 13.41601467 -14.68645000 1.25000000
v 13.43745041 -14.60645008 1.25000000
v 13.46186543 -14.79086494 1.25000000
v 13.49601460 -14.54788589 1.25000000
v 13.57601452 -14.52645016 1.25000000
v 13.61201954 -14.65308571 1.25000000
v 13.65601444 -14.54788589 1.25000000
v 13.68890667 -14.58077717 1.25000000
v 12.99051476 -12.67552853 1.25000000
v 13.26914883 -13.59888554 1.25000000
v 13.43502903 -13.43502903 1.25000000
v 13.59888554 -13.26914883 1.25000000
v 14.00357151 -14.22213554 1.25000000
v 14.03218269 -14.25074673 1.25000000
v 13.98213577 -14.14213562 1.25000000
v 14.00357151 -14.06213570 1.25000000
v 14.06213570 -14.00357151 1.25000000
v 14.14213562 -14.14213562 1.25000000
v 14.14213562 -13.98213577 1.25000000
v 14.25074673 -14.03218269 1.25000000
v 14.22213554 -14.00357151 1.25000000
v 13.76069450 -13.10127068 1.25000000
v 13.92043114 -12.93141937 1.25000000
v 14.07807159 -12.75961971 1.25000000
v 14.23359108 -12.58589935 1.25000000
v 14.52645016 -13.57601452 1.25000000
v 14.58077717 -13.68890667 1.25000000
v 14.54788589 -13.65601444 1.25000000
v 14.65308571 -13.61201954 1.25000000
v 14.54788589 -13.49601460 1.25000000
v 14.60645008 -13.43745041 1.25000000
v 14.68645000 -13.41601467 1.25000000
v 14.79086494 -13.46186543 1.25000000
v 14.76644993 -13.43745041 1.25000000
v 12.58589935 -14.23359108 1.50000000
v 12.75961971 -14.07807159 1.50000000
v 12.93141937 -13.92043114 1.50000000
v 13.10127068 -13.76069450 1.50000000
v 13.24831581 -14.98272800 1.50000000
v 13.43117905 -14.81902218 1.50000000
v 13.61201954 -14.65308571 1.50000000
v 13.26914883 -13.59888554 1.50000000
v 13.43502903 -13.43502903 1.50000000
v 13.59888554 -13.26914883 1.50000000
v 13.79081059 -14.48494148 1.50000000
v 13.96752453 -14.31461620 1.50000000
v 14.14213562 -14.14213562 1.50000000
v 14.31461620 -13.96752453 1.50000000
v 14.48494148 -13.79081059 1.50000000
v 13.76069450 -13.10127068 1.50000000
v 13.92043114 -12.93141937 1.50000000
v 14.07807159 -12.75961971 1.50000000
v 14.23359108 -12.58589935 1.50000000
v 14.65308571 -13.61201954 1.50000000
v 14.81902218 -13.43117905 1.50000000
v 14.98272800 -13.24831581 1.50000000
v 13.59682560 -12.02284622 1.25000000
v 12.82626057 -10.92746735 1.25000000
v 13.53404713 -10.03753281 1.25000000
v 14.17038059 -11.34119987 1.25000000
v 14.38696766 -12.41028404 1.25000000
v 14.53817844 -12.23279953 1.25000000
v 14.68719864 -12.05347252 1.25000000
v 14.83400726 -11.87233067 1.25000000
v 14.97858238 -11.68940067 1.25000000
v 14.70979786 -10.63223076 1.25000000
v 14.38696766 -12.41028404 1.50000000
v 14.53817844 -12.23279953 1.50000000
v 14.68719864 -12.05347252 1.50000000
v 14.83400726 -11.87233067 1.50000000
v 14.97858238 -11.68940067 1.50000000
v 15.06955528 -13.06896114 1.25000000
v 15.04811954 -12.98896122 1.25000000
v 15.10682201 -13.10622787 1.25000000
v 15.14417648 -13.06345654 1.25000000
v 15.06955528 -12.90896130 1.25000000
v 15.12811947 -12.85039711 1.25000000
v 15.20811939 -12.82896137 1.25000000
v 15.30334568 -12.87663078 1.25000000
v 15.30834103 -12.87061882 1.25000000
v 15.28811932 -12.85039711 1.25000000
v 15.60952568 -12.50362968 1.25000000
v 15.14417648 -13.06345654 1.50000000
v 15.30334568 -12.87663078 1.50000000
v 15.46020889 -12.68786526 1.50000000
v 15.54633904 -12.38187885 1.25000000
v 15.56777477 -12.46187878 1.25000000
v 15.61474419 -12.49718952 1.25000000
v 15.56777477 -12.30187893 1.25000000
v 15.12090111 -11.50471020 1.25000000
v 15.26094341 -11.31828690 1.25000000
v 15.62633896 -12.24331474 1.25000000
v 15.76692867 -12.30463219 1.25000000
v 15.70633888 -12.22187901 1.25000000
v 15.78633881 -12.24331474 1.25000000
v 15.80206203 -12.25903797 1.25000000
v 16.08778191 -11.88171101 1.25000000
v 16.04177666 -11.83570480 1.25000000
v 16.02033997 -11.75570488 1.25000000
v 16.04177666 -11.67570496 1.25000000
v 16.10033989 -11.61714077 1.25000000
v 16.20914459 -11.71595669 1.25000000
v 16.18033981 -11.59570503 1.25000000
v 15.39868641 -11.13015938 1.25000000
v 15.53411102 -10.94035530 1.25000000
v 15.66719723 -10.74890423 1.25000000
v 15.79792309 -10.55583477 1.25000000
v 15.92626953 -10.36117458 1.25000000
v 16.05221748 -10.16495514 1.25000000
v 16.26033974 -11.61714077 1.25000000
v 16.27160835 -11.62841034 1.25000000
v 16.46939278 -11.11140442 1.25000000
v 16.49082756 -11.19140434 1.25000000
v 16.54115105 -11.24172783 1.25000000
v 16.49082756 -11.03140450 1.25000000
v 16.54939270 -10.97284031 1.25000000
v 16.62939262 -11.11140442 1.25000000
v 16.62939262 -10.95140457 1.25000000
v 16.71623802 -10.97968674 1.25000000
v 16.70939255 -10.97284031 1.25000000
v 16.91423988 -10.52997112 1.25000000
v 16.96902847 -10.58476067 1.25000000
v 17.02710342 -10.49179363 1.25000000
v 16.89280319 -10.44997120 1.25000000
v 16.91423988 -10.36997128 1.25000000
v 17.13524818 -10.31385136 1.25000000
v 16.97280312 -10.31140709 1.25000000
v 17.05280304 -10.28997135 1.25000000
v 17.13280296 -10.31140709 1.25000000
v 15.61474419 -12.49718952 1.50000000
v 15.12090111 -11.50471020 1.50000000
v 15.26094341 -11.31828690 1.50000000
v 15.76692867 -12.30463219 1.50000000
v 15.91673851 -12.11022091 1.50000000
v 16.06414986 -11.91398621 1.50000000
v 16.20914459 -11.71595669 1.50000000
v 15.39868641 -11.13015938 1.50000000
v 15.53411102 -10.94035530 1.50000000
v 15.66719723 -10.74890423 1.50000000
v 15.79792309 -10.55583477 1.50000000
v 15.92626953 -10.36117458 1.50000000
v 16.05221748 -10.16495514 1.50000000
v 16.35169601 -11.51616383 1.50000000
v 16.49178696 -11.31463623 1.50000000
v 16.62939262 -11.11140442 1.50000000
v 16.76449394 -10.90649986 1.50000000
v 16.89707184 -10.69995213 1.50000000
v 17.02710342 -10.49179363 1.50000000
v 17.15457153 -10.28205490 1.50000000
v 17.27945709 -10.07076740 1.50000000
v 14.18020153 -9.10188961 0.55000001
v 14.76178074 -8.12479687 0.55000001
v 15.21377850 -9.89764881 0.55000001
v 15.68110752 -9.13922119 0.55000001
v 16.11065865 -8.35877800 0.55000001
v 16.50139809 -7.55819654 0.55000001
v 15.27613735 -7.11070442 0.55000001
v 15.75784206 -5.96765518 0.55000001
v 16.85238457 -6.73940706 0.55000001
v 17.16277313 -5.90438175 0.55000001
v 17.43181419 -5.05513239 0.55000001
v 16.12444496 -4.89129686 0.55000001
v 16.44058037 -3.69185591 0.55000001
v 16.65213966 -2.57463264 0.55000001
v 16.79642296 -1.34264910 0.55000001
v 16.84873199 -0.20677543 0.55000001
v 17.65885925 -4.19370461 0.55000001
v 17.84336472 -3.32217407 0.55000001
v 17.98488235 -2.44263983 0.55000001
v 18.08307457 -1.55722117 0.55000001
v 18.13770103 -0.66805112 0.55000001
v 14.18020153 -9.10188961 1.25000000
v 14.76178074 -8.12479687 1.25000000
v 15.21377850 -9.89764881 1.25000000
v 16.17574883 -9.96720409 1.25000000
v 15.68110752 -9.13922119 1.25000000
v 16.11065865 -8.35877800 1.25000000
v 16.29684448 -9.76795197 1.25000000
v 16.41548347 -9.56722927 1.25000000
v 16.53165245 -9.36506557 1.25000000
v 16.64533234 -9.16149139 1.25000000
v 16.75650406 -8.95653820 1.25000000
v 16.86515236 -8.75023556 1.25000000
v 17.31135559 -9.85242462 1.25000000
v 17.28992081 -9.77242470 1.25000000
v 17.31135559 -9.69242477 1.25000000
v 17.36992073 -9.91098881 1.25000000
v 17.37108994 -9.91130257 1.25000000
v 17.40173912 -9.85796356 1.25000000
v 17.36992073 -9.63386059 1.25000000
v 17.44992065 -9.61242485 1.25000000
v 16.50139809 -7.55819654 1.25000000
v 16.97126198 -8.54261494 1.25000000
v 17.07481575 -8.33370876 1.25000000
v 17.17579651 -8.12354660 1.25000000
v 17.27419090 -7.91216183 1.25000000
v 17.36998558 -7.69958496 1.25000000
v 16.17574883 -9.96720409 1.50000000
v 16.29684448 -9.76795197 1.50000000
v 16.41548347 -9.56722927 1.50000000
v 16.53165245 -9.36506557 1.50000000
v 16.64533234 -9.16149139 1.50000000
v 16.75650406 -8.95653820 1.50000000
v 16.86515236 -8.75023556 1.50000000
v 17.40173912 -9.85796356 1.50000000
v 16.97126198 -8.54261494 1.50000000
v 17.07481575 -8.33370876 1.50000000
v 17.17579651 -8.12354660 1.50000000
v 17.27419090 -7.91216183 1.50000000
v 17.36998558 -7.69958496 1.50000000
v 15.27613735 -7.11070442 1.25000000
v 15.75784206 -5.96765518 1.25000000
v 16.85238457 -6.73940706 1.25000000
v 17.46316338 -7.48584890 1.25000000
v 17.16277313 -5.90438175 1.25000000
v 17.43181419 -5.05513239 1.25000000
v 17.46316338 -7.48584890 1.50000000
v 17.52140236 -9.64367580 1.25000000
v 17.52713013 -9.63311386 1.25000000
v 17.74771881 -9.22040749 1.25000000
v 17.68156624 -9.15981007 1.25000000
v 17.66012955 -9.07981014 1.25000000
v 17.74013138 -9.21837425 1.25000000
v 17.75279236 -9.21077442 1.25000000
v 17.68156624 -8.99981022 1.25000000
v 17.74013138 -8.94124603 1.25000000
v 17.86448669 -8.99222660 1.25000000
v 17.82013130 -8.91981030 1.25000000
v 17.89097214 -8.93879223 1.25000000
v 18.02429962 -8.45319462 1.25000000
v 18.08286285 -8.51175880 1.25000000
v 18.09640884 -8.51538849 1.25000000
v 18.00286293 -8.37319469 1.25000000
v 18.02429962 -8.29319477 1.25000000
v 18.08286285 -8.23463058 1.25000000
v 18.18335915 -8.32859135 1.25000000
v 18.16286278 -8.21319485 1.25000000
v 18.22755051 -8.23052788 1.25000000
v 18.33902740 -7.73366880 1.25000000
v 18.39759064 -7.79223251 1.25000000
v 18.41700554 -7.79743481 1.25000000
v 18.31759071 -7.65366888 1.25000000
v 18.33902740 -7.57366848 1.25000000
v 18.39759064 -7.51510477 1.25000000
v 18.47759056 -7.65366888 1.25000000
v 18.53631210 -7.50940323 1.25000000
v 17.52140236 -9.64367580 1.50000000
v 17.63842583 -9.42793465 1.50000000
v 17.75279236 -9.21077442 1.50000000
v 17.86448669 -8.99222660 1.50000000
v 17.97348976 -8.77232456 1.50000000
v 18.07978630 -8.55110168 1.50000000
v 18.18335915 -8.32859135 1.50000000
v 18.28419495 -8.10482597 1.50000000
v 18.38227654 -7.87984085 1.50000000
v 18.47759056 -7.65366888 1.50000000
v 17.55371094 -7.27098513 1.25000000
v 17.64161491 -7.05502653 1.25000000
v 17.72686386 -6.83800554 1.25000000
v 17.80944061 -6.61995506 1.25000000
v 17.88933754 -6.40090704 1.25000000
v 18.47759056 -7.49366856 1.25000000
v 18.68382645 -7.06090498 1.25000000
v 18.70916557 -7.06769514 1.25000000
v 18.62526321 -7.00234127 1.25000000
v 18.60382652 -6.92234135 1.25000000
v 18.74678040 -6.96837378 1.25000000
v 18.62526321 -6.84234095 1.25000000
v 18.68382645 -6.78377724 1.25000000
v 17.96653938 -6.18089533 1.25000000
v 18.04103470 -5.95995283 1.25000000
v 18.11281395 -5.73811293 1.25000000
v 18.18186569 -5.51540899 1.25000000
v 18.24818039 -5.29187393 1.25000000
v 18.31174469 -5.06754255 1.25000000
v 18.76382637 -6.76234102 1.25000000
v 18.81675529 -6.77652359 1.25000000
v 18.88256645 -6.26033974 1.25000000
v 18.94112968 -6.31890392 1.25000000
v 18.97246933 -6.32730103 1.25000000
v 18.99056435 -6.27363491 1.25000000
v 18.86112976 -6.18033981 1.25000000
v 18.88256645 -6.10033989 1.25000000
v 18.94112968 -6.04177570 1.25000000
v 19.02112961 -6.02033997 1.25000000
v 19.06612015 -6.04011917 1.25000000
v 19.06833267 -6.03298759 1.25000000
v 19.11054039 -5.50880909 1.25000000
v 19.16910553 -5.56737328 1.25000000
v 19.20861053 -5.57039356 1.25000000
v 19.20653152 -5.57740164 1.25000000
v 19.08910561 -5.42880917 1.25000000
v 19.11054039 -5.34880877 1.25000000
v 19.27552223 -5.33425522 1.25000000
v 19.16910553 -5.29024506 1.25000000
v 19.24910545 -5.26880884 1.25000000
v 19.29022408 -5.27982712 1.25000000
v 17.55371094 -7.27098513 1.50000000
v 17.64161491 -7.05502653 1.50000000
v 17.72686386 -6.83800554 1.50000000
v 17.80944061 -6.61995506 1.50000000
v 17.88933754 -6.40090704 1.50000000
v 18.57012177 -7.42634392 1.50000000
v 18.65985680 -7.19790077 1.50000000
v 18.74678040 -6.96837378 1.50000000
v 17.96653938 -6.18089533 1.50000000
v 18.04103470 -5.95995283 1.50000000
v 18.11281395 -5.73811293 1.50000000
v 18.18186569 -5.51540899 1.50000000
v 18.24818039 -5.29187393 1.50000000
v 18.31174469 -5.06754255 1.50000000
v 18.83088112 -6.73779726 1.50000000
v 18.91214561 -6.50620604 1.50000000
v 18.99056435 -6.27363491 1.50000000
v 19.06612015 -6.04011917 1.50000000
v 19.13880730 -5.80569363 1.50000000
v 19.20861053 -5.57039356 1.50000000
v 19.27552223 -5.33425522 1.50000000
v 19.33952904 -5.09731340 1.50000000
v 16.12444496 -4.89129686 1.25000000
v 16.44058037 -3.69185591 1.25000000
v 16.65213966 -2.57463264 1.25000000
v 16.79642296 -1.34264910 1.25000000
v 16.84873199 -0.20677543 1.25000000
v 17.65885925 -4.19370461 1.25000000
v 18.37255287 -4.84244776 1.25000000
v 18.43059349 -4.61662340 1.25000000
v 18.48585892 -4.39010429 1.25000000
v 18.53833961 -4.16292334 1.25000000
v 18.58802986 -3.93511605 1.25000000
v 17.84336472 -3.32217407 1.25000000
v 18.63492012 -3.70671606 1.25000000
v 18.67900467 -3.47775793 1.25000000
v 18.72027588 -3.24827600 1.25000000
v 19.36739922 -4.80747128 1.25000000
v 19.30883408 -4.74890709 1.25000000
v 19.28739929 -4.66890717 1.25000000
v 19.30883408 -4.58890724 1.25000000
v 19.36739922 -4.53034306 1.25000000
v 19.41052437 -4.81902695 1.25000000
v 19.45879936 -4.62116194 1.25000000
v 19.44739914 -4.50890732 1.25000000
v 19.48255539 -4.51832771 1.25000000
v 19.47714233 -3.98180652 1.25000000
v 19.45570564 -3.90180635 1.25000000
v 19.47714233 -3.82180643 1.25000000
v 19.53570557 -4.04037046 1.25000000
v 19.58456993 -4.05346394 1.25000000
v 19.53570557 -3.76324248 1.25000000
v 19.61570549 -3.90180635 1.25000000
v 18.75872612 -3.01830482 1.25000000
v 18.79435349 -2.78787899 1.25000000
v 18.82715034 -2.55703354 1.25000000
v 19.61570549 -3.74180651 1.25000000
v 19.64500046 -3.74965596 1.25000000
v 19.59376717 -3.12868929 1.25000000
v 19.61520195 -3.20868921 1.25000000
v 19.67376709 -3.26725340 1.25000000
v 19.72851181 -3.28192234 1.25000000
v 19.74602890 -3.17716289 1.25000000
v 19.61520195 -3.04868937 1.25000000
v 19.67376709 -2.99012518 1.25000000
v 19.77728653 -2.97499132 1.25000000
v 19.75376701 -2.96868920 1.25000000
v 19.84215546 -2.50559950 1.25000000
v 18.37255287 -4.84244776 1.50000000
v 18.43059349 -4.61662340 1.50000000
v 18.48585892 -4.39010429 1.50000000
v 18.53833961 -4.16292334 1.50000000
v 18.58802986 -3.93511605 1.50000000
v 18.63492012 -3.70671606 1.50000000
v 18.67900467 -3.47775793 1.50000000
v 18.72027588 -3.24827600 1.50000000
v 19.40062523 -4.85960340 1.50000000
v 19.45879936 -4.62116194 1.50000000
v 19.51404190 -4.38202477 1.50000000
v 19.56634712 -4.14222765 1.50000000
v 19.61570549 -3.90180635 1.50000000
v 18.75872612 -3.01830482 1.50000000
v 18.79435349 -2.78787899 1.50000000
v 18.82715034 -2.55703354 1.50000000
v 19.66210938 -3.66079783 1.50000000
v 19.70555305 -3.41923785 1.50000000
v 19.74602890 -3.17716289 1.50000000
v 19.78352928 -2.93460941 1.50000000
v 19.81805229 -2.69161415 1.50000000
v 17.98488235 -2.44263983 1.25000000
v 18.08307457 -1.55722117 1.25000000
v 18.13770103 -0.66805112 1.25000000
v 18.85711098 -2.32580280 1.25000000
v 18.88423157 -2.09422183 1.25000000
v 18.90851021 -1.86232567 1.25000000
v 18.92993927 -1.63014889 1.25000000
v 18.94851875 -1.39772666 1.25000000
v 19.72280502 -2.43074799 1.25000000
v 19.70136833 -2.35074806 1.25000000
v 19.78136826 -2.48931193 1.25000000
v 19.72280502 -2.27074790 1.25000000
v 19.78136826 -2.21218395 1.25000000
v 19.84959030 -2.44821358 1.25000000
v 19.86137009 -2.19074798 1.25000000
v 19.87813950 -2.20444417 1.25000000
v 19.87907600 -2.19549274 1.25000000
v 19.79978180 -1.64918196 1.25000000
v 19.77834702 -1.56918192 1.25000000
v 19.92535210 -1.72570002 1.25000000
v 19.85834694 -1.70774603 1.25000000
v 19.92625237 -1.71594620 1.25000000
v 19.79978180 -1.48918188 1.25000000
v 19.85834694 -1.43061781 1.25000000
v 19.94580841 -1.47129130 1.25000000
v 19.93834686 -1.40918195 1.25000000
v 19.94980049 -1.41225088 1.25000000
v 18.96424484 -1.16509402 1.25000000
v 18.97711372 -0.93228579 1.25000000
v 18.98712540 -0.69933724 1.25000000
v 18.99427795 -0.46628335 1.25000000
v 18.99856949 -0.23315923 1.25000000
v 19.97754478 -0.94331086 1.25000000
v 19.82458115 -0.78519630 1.25000000
v 19.84601593 -0.86519629 1.25000000
v 19.90458107 -0.92376035 1.25000000
v 19.84601593 -0.70519632 1.25000000
v 19.90458107 -0.64663225 1.25000000
v 19.98644829 -0.73614448 1.25000000
v 19.98458099 -0.62519634 1.25000000
v 19.98980904 -0.62659740 1.25000000
v 19.99901962 -0.15973736 1.25000000
v 19.86143684 -0.08000000 1.25000000
v 19.92000008 -0.13856407 1.25000000
v 18.85711098 -2.32580280 1.50000000
v 18.88423157 -2.09422183 1.50000000
v 18.90851021 -1.86232567 1.50000000
v 18.92993927 -1.63014889 1.50000000
v 18.94851875 -1.39772666 1.50000000
v 19.84959030 -2.44821358 1.50000000
v 19.87813950 -2.20444417 1.50000000
v 19.90369415 -1.96034276 1.50000000
v 19.92625237 -1.71594620 1.50000000
v 19.94580841 -1.47129130 1.50000000
v 18.96424484 -1.16509402 1.50000000
v 18.97711372 -0.93228579 1.50000000
v 18.98712540 -0.69933724 1.50000000
v 18.99427795 -0.46628335 1.50000000
v 18.99856949 -0.23315923 1.50000000
v 19.96236229 -1.22641468 1.50000000
v 19.97590828 -0.98135346 1.50000000
v 19.98644829 -0.73614448 1.50000000
v 19.99397659 -0.49082458 1.50000000
v 19.99849319 -0.24543077 1.50000000
v 0.02945749 0.08291744 -1.25000000
v 0.00016604 0.56493539 -1.25000000
v 0.02261849 1.05077004 -1.25000000
v 0.07742523 1.43100631 -1.25000000
v 0.19067521 1.88521445 -1.25000000
v 0.32611179 2.24872208 -1.25000000
v 1.30559337 0.40788808 -1.25000000
v 1.33897221 1.09842551 -1.25000000
v 1.41015649 1.42565143 -1.25000000
v 1.51442742 1.72142351 -1.25000000
v 1.64602268 1.97216749 -1.25000000
v 1.97845650 2.16877174 -1.25000000
v 2.26429701 2.18391919 -1.25000000
v 0.65786254 2.82461834 -1.25000000
v 0.91400820 3.05207658 -1.25000000
v 1.21031880 3.24646974 -1.25000000
v 1.69599152 3.43944073 -1.25000000
v 2.14318657 3.49611044 -1.25000000
v 3.50844240 0.74884140 -1.25000000
v 2.90478182 1.73213160 -1.25000000
v 2.57195520 2.04207730 -1.25000000
v 3.20212412 1.32078338 -1.25000000
v 3.76955819 0.11700356 -1.25000000
v 4.21238661 2.15283179 -1.25000000
v 4.55891657 1.55793691 -1.25000000
v 2.64414740 3.42910528 -1.25000000
v 3.04465818 3.27214479 -1.25000000
v 3.44967341 3.00855541 -1.25000000
v 3.88211465 2.58946395 -1.25000000
v 6.16355991 1.92683625 -1.25000000
v 5.05163097 2.62771702 -1.25000000
v 5.47633219 3.67014050 -1.25000000
v 5.89589834 4.91108036 -1.25000000
v 6.83137608 3.58941674 -1.25000000
v 6.20934057 6.17069626 -1.25000000
v 7.30498505 5.13027191 -1.25000000
v 7.48524809 5.92153502 -1.25000000
v 6.35268259 7.06242990 -1.25000000
v 6.41492367 8.40205288 -1.25000000
v 7.62007666 6.72519588 -1.25000000
v 7.68237019 7.51807308 -1.25000000
v 7.72027969 8.65593338 -1.25000000
v 0.02945749 0.08291744 -0.55000001
v 0.00016604 0.56493539 -0.55000001
v 0.02261849 1.05077004 -0.55000001
v 0.07742523 1.43100631 -0.55000001
v 0.19067521 1.88521445 -0.55000001
v 0.32611179 2.24872208 -0.55000001
v 1.30559337 0.40788808 -0.55000001
v 1.33897221 1.09842551 -0.55000001
v 1.41015649 1.42565143 -0.55000001
v 1.51442742 1.72142351 -0.55000001
v 1.64602268 1.97216749 -0.55000001
v 1.97845650 2.16877174 -0.55000001
v 2.26429701 2.18391919 -0.55000001
v 0.65786254 2.82461834 -0.55000001
v 0.91400820 3.05207658 -0.55000001
v 1.21031880 3.24646974 -0.55000001
v 1.69599152 3.43944073 -0.55000001
v 2.14318657 3.49611044 -0.55000001
v 3.50844240 0.74884140 -0.55000001
v 2.90478182 1.73213160 -0.55000001
v 2.57195520 2.04207730 -0.55000001
v 3.20212412 1.32078338 -0.55000001
v 3.76955819 0.11700356 -0.55000001
v 4.21238661 2.15283179 -0.55000001
v 4.55891657 1.55793691 -0.55000001
v 2.64414740 3.42910528 -0.55000001
v 3.04465818 3.27214479 -0.55000001
v 3.44967341 3.00855541 -0.55000001
v 3.88211465 2.58946395 -0.55000001
v 6.16355991 1.92683625 -0.55000001
v 5.05163097 2.62771702 -0.55000001
v 5.47633219 3.67014050 -0.55000001
v 5.89589834 4.91108036 -0.55000001
v 6.83137608 3.58941674 -0.55000001
v 6.20934057 6.17069626 -0.55000001
v 7.30498505 5.13027191 -0.55000001
v 7.48524809 5.92153502 -0.55000001
v 6.35268259 7.06242990 -0.55000001
v 6.41492367 8.40205288 -0.55000001
v 7.62007666 6.72519588 -0.55000001
v 7.68237019 7.51807308 -0.55000001
v 7.72027969 8.65593338 -0.55000001
v 0.00000000 16.85000038 -1.25000000
v 1.54866588 16.77868080 -1.25000000
v 0.00000000 19.00000000 -1.50000000
v 0.23315923 18.99856949 -1.50000000
v 0.46628335 18.99427795 -1.50000000
v 0.00000000 20.00000000 -1.50000000
v 0.24543077 19.99849319 -1.50000000
v 0.49082458 19.99397659 -1.50000000
v 0.69933724 18.98712540 -1.50000000
v 0.93228579 18.97711372 -1.50000000
v 1.16509402 18.96424484 -1.50000000
v 0.73614448 19.98644829 -1.50000000
v 0.98135346 19.97590828 -1.50000000
v 1.22641468 19.96236229 -1.50000000
v 1.39772666 18.94851875 -1.50000000
v 1.63014889 18.92993927 -1.50000000
v 1.86232567 18.90851021 -1.50000000
v 1.47129130 19.94580841 -1.50000000
v 1.71594620 19.92625237 -1.50000000
v 2.09422183 18.88423157 -1.50000000
v 2.32580280 18.85711098 -1.50000000
v 1.96034276 19.90369415 -1.50000000
v 2.20444417 19.87813950 -1.50000000
v 2.44821358 19.84959030 -1.50000000
v 0.22272842 18.14863396 -1.25000000
v 1.11297131 18.11584282 -1.25000000
v 0.00000000 19.00000000 -1.25000000
v 0.23315923 18.99856949 -1.25000000
v 0.46628335 18.99427795 -1.25000000
v 0.00000000 19.84000015 -1.25000000
v 0.00000000 20.00000000 -1.25000000
v 0.08000000 19.86143684 -1.25000000
v 0.13856407 19.92000008 -1.25000000
v 0.15973736 19.99901962 -1.25000000
v 0.69933724 18.98712540 -1.25000000
v 0.93228579 18.97711372 -1.25000000
v 1.16509402 18.96424484 -1.25000000
v 0.64663225 19.90458107 -1.25000000
v 0.62519634 19.98458099 -1.25000000
v 0.62659740 19.98980904 -1.25000000
v 0.70519632 19.84601593 -1.25000000
v 0.73614448 19.98644829 -1.25000000
v 0.78519630 19.82458115 -1.25000000
v 0.86519629 19.84601593 -1.25000000
v 0.92376035 19.90458107 -1.25000000
v 0.94331086 19.97754478 -1.25000000
v 2.00053310 18.03941154 -1.25000000
v 1.39772666 18.94851875 -1.25000000
v 1.63014889 18.92993927 -1.25000000
v 1.86232567 18.90851021 -1.25000000
v 1.48918188 19.79978180 -1.25000000
v 1.43061781 19.85834694 -1.25000000
v 1.40918195 19.93834686 -1.25000000
v 1.41225088 19.94980049 -1.25000000
v 1.47129130 19.94580841 -1.25000000
v 1.56918192 19.77834702 -1.25000000
v 1.64918196 19.79978180 -1.25000000
v 1.70774603 19.85834694 -1.25000000
v 1.71594620 19.92625237 -1.25000000
v 1.72570002 19.92535210 -1.25000000
v 2.09422183 18.88423157 -1.25000000
v 2.32580280 18.85711098 -1.25000000
v 2.21218395 19.78136826 -1.25000000
v 2.27074790 19.72280502 -1.25000000
v 2.19074798 19.86137009 -1.25000000
v 2.20444417 19.87813950 -1.25000000
v 2.19549274 19.87907600 -1.25000000
v 2.35074806 19.70136833 -1.25000000
v 2.43074799 19.72280502 -1.25000000
v 2.48931193 19.78136826 -1.25000000
v 2.44821358 19.84959030 -1.25000000
v 2.98252106 16.58394051 -1.25000000
v 4.39438105 16.26689720 -1.25000000
v 3.24827600 18.72027588 -1.50000000
v 3.47775793 18.67900467 -1.50000000
v 3.70671606 18.63492012 -1.50000000
v 2.55703354 18.82715034 -1.50000000
v 2.78787899 18.79435349 -1.50000000
v 3.01830482 18.75872612 -1.50000000
v 2.69161415 19.81805229 -1.50000000
v 2.93460941 19.78352928 -1.50000000
v 3.17716289 19.74602890 -1.50000000
v 3.41923785 19.70555305 -1.50000000
v 3.66079783 19.66210938 -1.50000000
v 3.93511605 18.58802986 -1.50000000
v 4.16292334 18.53833961 -1.50000000
v 4.61662340 18.43059349 -1.50000000
v 4.39010429 18.48585892 -1.50000000
v 4.84244776 18.37255287 -1.50000000
v 3.90180635 19.61570549 -1.50000000
v 4.14222765 19.56634712 -1.50000000
v 4.38202477 19.51404190 -1.50000000
v 4.62116194 19.45879936 -1.50000000
v 4.85960340 19.40062523 -1.50000000
v 2.88327527 17.91952133 -1.25000000
v 3.24827600 18.72027588 -1.25000000
v 3.47775793 18.67900467 -1.25000000
v 3.70671606 18.63492012 -1.25000000
v 2.55703354 18.82715034 -1.25000000
v 2.78787899 18.79435349 -1.25000000
v 3.01830482 18.75872612 -1.25000000
v 2.50559950 19.84215546 -1.25000000
v 2.99012518 19.67376709 -1.25000000
v 3.04868937 19.61520195 -1.25000000
v 2.96868920 19.75376701 -1.25000000
v 2.97499132 19.77728653 -1.25000000
v 3.12868929 19.59376717 -1.25000000
v 3.20868921 19.61520195 -1.25000000
v 3.26725340 19.67376709 -1.25000000
v 3.17716289 19.74602890 -1.25000000
v 3.28192234 19.72851181 -1.25000000
v 3.74180651 19.61570549 -1.25000000
v 3.74965596 19.64500046 -1.25000000
v 3.75907159 17.75646019 -1.25000000
v 3.93511605 18.58802986 -1.25000000
v 4.16292334 18.53833961 -1.25000000
v 4.62581158 17.55062294 -1.25000000
v 4.61662340 18.43059349 -1.25000000
v 4.39010429 18.48585892 -1.25000000
v 4.84244776 18.37255287 -1.25000000
v 3.82180643 19.47714233 -1.25000000
v 3.90180635 19.45570564 -1.25000000
v 3.76324248 19.53570557 -1.25000000
v 3.90180635 19.61570549 -1.25000000
v 3.98180652 19.47714233 -1.25000000
v 4.04037046 19.53570557 -1.25000000
v 4.05346394 19.58456993 -1.25000000
v 4.53034306 19.36739922 -1.25000000
v 4.58890724 19.30883408 -1.25000000
v 4.66890717 19.28739929 -1.25000000
v 4.74890709 19.30883408 -1.25000000
v 4.80747128 19.36739922 -1.25000000
v 4.50890732 19.44739914 -1.25000000
v 4.51832771 19.48255539 -1.25000000
v 4.62116194 19.45879936 -1.25000000
v 4.81902695 19.41052437 -1.25000000
v 6.40526056 10.30216408 -1.25000000
v 6.28975677 12.18805504 -1.25000000
v 6.07844448 14.04358196 -1.25000000
v 7.68114519 10.90518284 -1.25000000
v 7.50274515 13.12823868 -1.25000000
v 8.30533409 14.66096592 -1.25000000
v 9.27521706 14.06743908 -1.25000000
v 7.48584890 17.46316338 -1.50000000
v 5.77383327 15.82988834 -1.25000000
v 5.48140812 17.30250549 -1.25000000
v 7.21229935 15.22840786 -1.25000000
v 6.32379913 17.01270294 -1.25000000
v 7.15095568 16.68191719 -1.25000000
v 7.48584890 17.46316338 -1.25000000
v 5.06754255 18.31174469 -1.50000000
v 5.29187393 18.24818039 -1.50000000
v 5.51540899 18.18186569 -1.50000000
v 5.73811293 18.11281395 -1.50000000
v 5.95995283 18.04103470 -1.50000000
v 6.18089533 17.96653938 -1.50000000
v 5.09731340 19.33952904 -1.50000000
v 5.33425522 19.27552223 -1.50000000
v 5.57039356 19.20861053 -1.50000000
v 5.80569363 19.13880730 -1.50000000
v 6.04011917 19.06612015 -1.50000000
v 6.40090704 17.88933754 -1.50000000
v 6.61995506 17.80944061 -1.50000000
v 6.83800554 17.72686386 -1.50000000
v 7.05502653 17.64161491 -1.50000000
v 7.27098513 17.55371094 -1.50000000
v 6.96837378 18.74678040 -1.50000000
v 7.19790077 18.65985680 -1.50000000
v 7.42634392 18.57012177 -1.50000000
v 6.27363491 18.99056435 -1.50000000
v 6.50620604 18.91214561 -1.50000000
v 6.73779726 18.83088112 -1.50000000
v 5.06754255 18.31174469 -1.25000000
v 5.29187393 18.24818039 -1.25000000
v 5.51540899 18.18186569 -1.25000000
v 5.73811293 18.11281395 -1.25000000
v 5.95995283 18.04103470 -1.25000000
v 6.18089533 17.96653938 -1.25000000
v 5.29024506 19.16910553 -1.25000000
v 5.26880884 19.24910545 -1.25000000
v 5.27982712 19.29022408 -1.25000000
v 5.34880877 19.11054039 -1.25000000
v 5.42880917 19.08910561 -1.25000000
v 5.33425522 19.27552223 -1.25000000
v 5.50880909 19.11054039 -1.25000000
v 5.56737328 19.16910553 -1.25000000
v 5.57039356 19.20861053 -1.25000000
v 5.57740164 19.20653152 -1.25000000
v 6.04177570 18.94112968 -1.25000000
v 6.02033997 19.02112961 -1.25000000
v 6.10033989 18.88256645 -1.25000000
v 6.18033981 18.86112976 -1.25000000
v 6.04011917 19.06612015 -1.25000000
v 6.03298759 19.06833267 -1.25000000
v 6.40090704 17.88933754 -1.25000000
v 6.61995506 17.80944061 -1.25000000
v 6.83800554 17.72686386 -1.25000000
v 6.78377724 18.68382645 -1.25000000
v 6.84234095 18.62526321 -1.25000000
v 7.05502653 17.64161491 -1.25000000
v 7.27098513 17.55371094 -1.25000000
v 6.92234135 18.60382652 -1.25000000
v 7.00234127 18.62526321 -1.25000000
v 6.96837378 18.74678040 -1.25000000
v 7.06090498 18.68382645 -1.25000000
v 7.06769514 18.70916557 -1.25000000
v 7.49366856 18.47759056 -1.25000000
v 6.26033974 18.88256645 -1.25000000
v 6.31890392 18.94112968 -1.25000000
v 6.32730103 18.97246933 -1.25000000
v 6.27363491 18.99056435 -1.25000000
v 6.76234102 18.76382637 -1.25000000
v 6.77652359 18.81675529 -1.25000000
v 7.69958496 17.36998558 -1.50000000
v 8.12354660 17.17579651 -1.50000000
v 7.91216183 17.27419090 -1.50000000
v 8.33370876 17.07481575 -1.50000000
v 8.54261494 16.97126198 -1.50000000
v 9.96720409 16.17574883 -1.50000000
v 8.75023556 16.86515236 -1.50000000
v 8.95653820 16.75650406 -1.50000000
v 9.36506557 16.53165245 -1.50000000
v 9.16149139 16.64533234 -1.50000000
v 9.56722927 16.41548347 -1.50000000
v 9.76795197 16.29684448 -1.50000000
v 9.85796356 17.40173912 -1.50000000
v 7.96088457 16.31094170 -1.25000000
v 7.69958496 17.36998558 -1.25000000
v 8.12354660 17.17579651 -1.25000000
v 7.91216183 17.27419090 -1.25000000
v 8.33370876 17.07481575 -1.25000000
v 8.54261494 16.97126198 -1.25000000
v 8.75163555 15.90067196 -1.25000000
v 9.52130318 15.45209694 -1.25000000
v 9.96720409 16.17574883 -1.25000000
v 8.75023556 16.86515236 -1.25000000
v 8.95653820 16.75650406 -1.25000000
v 9.36506557 16.53165245 -1.25000000
v 9.16149139 16.64533234 -1.25000000
v 9.56722927 16.41548347 -1.25000000
v 9.76795197 16.29684448 -1.25000000
v 9.63386059 17.36992073 -1.25000000
v 9.61242485 17.44992065 -1.25000000
v 9.69242477 17.31135559 -1.25000000
v 9.77242470 17.28992081 -1.25000000
v 9.85242462 17.31135559 -1.25000000
v 9.85796356 17.40173912 -1.25000000
v 9.91098881 17.36992073 -1.25000000
v 9.91130257 17.37108994 -1.25000000
v 7.65366888 18.47759056 -1.50000000
v 7.87984085 18.38227654 -1.50000000
v 8.10482597 18.28419495 -1.50000000
v 8.55110168 18.07978630 -1.50000000
v 8.32859135 18.18335915 -1.50000000
v 8.77232456 17.97348976 -1.50000000
v 8.99222660 17.86448669 -1.50000000
v 9.21077442 17.75279236 -1.50000000
v 9.42793465 17.63842583 -1.50000000
v 9.64367580 17.52140236 -1.50000000
v 7.57366848 18.33902740 -1.25000000
v 7.51510477 18.39759064 -1.25000000
v 7.65366888 18.31759071 -1.25000000
v 7.73366880 18.33902740 -1.25000000
v 7.79223251 18.39759064 -1.25000000
v 7.79743481 18.41700554 -1.25000000
v 7.50940323 18.53631210 -1.25000000
v 7.65366888 18.47759056 -1.25000000
v 8.23463058 18.08286285 -1.25000000
v 8.29319477 18.02429962 -1.25000000
v 8.37319469 18.00286293 -1.25000000
v 8.45319462 18.02429962 -1.25000000
v 8.51175880 18.08286285 -1.25000000
v 8.51538849 18.09640884 -1.25000000
v 8.21319485 18.16286278 -1.25000000
v 8.23052788 18.22755051 -1.25000000
v 8.32859135 18.18335915 -1.25000000
v 8.94124603 17.74013138 -1.25000000
v 8.99981022 17.68156624 -1.25000000
v 8.91981030 17.82013130 -1.25000000
v 8.93879223 17.89097214 -1.25000000
v 8.99222660 17.86448669 -1.25000000
v 9.07981014 17.66012955 -1.25000000
v 9.15981007 17.68156624 -1.25000000
v 9.21837425 17.74013138 -1.25000000
v 9.21077442 17.75279236 -1.25000000
v 9.22040749 17.74771881 -1.25000000
v 9.64367580 17.52140236 -1.25000000
v 9.63311386 17.52713013 -1.25000000
v 0.00000000 16.85000038 -0.55000001
v 1.54866588 16.77868080 -0.55000001
v 0.22272842 18.14863396 -0.55000001
v 1.11297131 18.11584282 -0.55000001
v 2.00053310 18.03941154 -0.55000001
v 2.98252106 16.58394051 -0.55000001
v 4.39438105 16.26689720 -0.55000001
v 2.88327527 17.91952133 -0.55000001
v 3.75907159 17.75646019 -0.55000001
v 4.62581158 17.55062294 -0.55000001
v 6.40526056 10.30216408 -0.55000001
v 6.28975677 12.18805504 -0.55000001
v 6.07844448 14.04358196 -0.55000001
v 7.68114519 10.90518284 -0.55000001
v 7.50274515 13.12823868 -0.55000001
v 8.30533409 14.66096592 -0.55000001
v 9.27521706 14.06743908 -0.55000001
v 5.77383327 15.82988834 -0.55000001
v 5.48140812 17.30250549 -0.55000001
v 7.21229935 15.22840786 -0.55000001
v 6.32379913 17.01270294 -0.55000001
v 7.15095568 16.68191719 -0.55000001
v 7.96088457 16.31094170 -0.55000001
v 8.75163555 15.90067196 -0.55000001
v 9.52130318 15.45209694 -0.55000001
v 14.76178074 8.12479687 -1.25000000
v 14.18020153 9.10188961 -1.25000000
v 16.84873199 0.20677543 -1.25000000
v 16.79642296 1.34264910 -1.25000000
v 16.12444496 4.89129686 -1.25000000
v 16.65213966 2.57463264 -1.25000000
v 16.44058037 3.69185591 -1.25000000
v 19.00000000 0.00000000 -1.50000000
v 18.99856949 0.23315923 -1.50000000
v 18.99427795 0.46628335 -1.50000000
v 18.98712540 0.69933724 -1.50000000
v 18.97711372 0.93228579 -1.50000000
v 18.96424484 1.16509402 -1.50000000
v 20.00000000 0.00000000 -1.50000000
v 19.99849319 0.24543077 -1.50000000
v 19.99397659 0.49082458 -1.50000000
v 19.98644829 0.73614448 -1.50000000
v 19.97590828 0.98135346 -1.50000000
v 19.96236229 1.22641468 -1.50000000
v 18.94851875 1.39772666 -1.50000000
v 18.92993927 1.63014889 -1.50000000
v 18.90851021 1.86232567 -1.50000000
v 18.88423157 2.09422183 -1.50000000
v 18.85711098 2.32580280 -1.50000000
v 19.94580841 1.47129130 -1.50000000
v 19.92625237 1.71594620 -1.50000000
v 19.90369415 1.96034276 -1.50000000
v 19.87813950 2.20444417 -1.50000000
v 19.84959030 2.44821358 -1.50000000
v 18.13770103 0.66805112 -1.25000000
v 18.08307457 1.55722117 -1.25000000
v 17.98488235 2.44263983 -1.25000000
v 19.00000000 0.00000000 -1.25000000
v 18.99856949 0.23315923 -1.25000000
v 18.99427795 0.46628335 -1.25000000
v 18.98712540 0.69933724 -1.25000000
v 18.97711372 0.93228579 -1.25000000
v 18.96424484 1.16509402 -1.25000000
v 19.84000015 0.00000000 -1.25000000
v 19.86143684 0.08000000 -1.25000000
v 19.92000008 0.13856407 -1.25000000
v 20.00000000 0.00000000 -1.25000000
v 19.99901962 0.15973736 -1.25000000
v 19.82458115 0.78519630 -1.25000000
v 19.90458107 0.64663225 -1.25000000
v 19.84601593 0.70519632 -1.25000000
v 19.98458099 0.62519634 -1.25000000
v 19.98980904 0.62659740 -1.25000000
v 19.98644829 0.73614448 -1.25000000
v 19.84601593 0.86519629 -1.25000000
v 19.90458107 0.92376035 -1.25000000
v 19.97754478 0.94331086 -1.25000000
v 18.94851875 1.39772666 -1.25000000
v 18.92993927 1.63014889 -1.25000000
v 18.90851021 1.86232567 -1.25000000
v 18.88423157 2.09422183 -1.25000000
v 18.85711098 2.32580280 -1.25000000
v 19.79978180 1.48918188 -1.25000000
v 19.85834694 1.43061781 -1.25000000
v 19.93834686 1.40918195 -1.25000000
v 19.94980049 1.41225088 -1.25000000
v 19.94580841 1.47129130 -1.25000000
v 19.77834702 1.56918192 -1.25000000
v 19.79978180 1.64918196 -1.25000000
v 19.85834694 1.70774603 -1.25000000
v 19.92625237 1.71594620 -1.25000000
v 19.92535210 1.72570002 -1.25000000
v 19.72280502 2.27074790 -1.25000000
v 19.78136826 2.21218395 -1.25000000
v 19.70136833 2.35074806 -1.25000000
v 19.72280502 2.43074799 -1.25000000
v 19.78136826 2.48931193 -1.25000000
v 19.86137009 2.19074798 -1.25000000
v 19.87813950 2.20444417 -1.25000000
v 19.87907600 2.19549274 -1.25000000
v 19.84959030 2.44821358 -1.25000000
v 18.72027588 3.24827600 -1.50000000
v 18.67900467 3.47775793 -1.50000000
v 18.63492012 3.70671606 -1.50000000
v 18.58802986 3.93511605 -1.50000000
v 18.53833961 4.16292334 -1.50000000
v 18.43059349 4.61662340 -1.50000000
v 18.37255287 4.84244776 -1.50000000
v 18.48585892 4.39010429 -1.50000000
v 18.82715034 2.55703354 -1.50000000
v 18.79435349 2.78787899 -1.50000000
v 18.75872612 3.01830482 -1.50000000
v 19.81805229 2.69161415 -1.50000000
v 19.78352928 2.93460941 -1.50000000
v 19.66210938 3.66079783 -1.50000000
v 19.74602890 3.17716289 -1.50000000
v 19.70555305 3.41923785 -1.50000000
v 19.61570549 3.90180635 -1.50000000
v 19.56634712 4.14222765 -1.50000000
v 19.51404190 4.38202477 -1.50000000
v 19.45879936 4.62116194 -1.50000000
v 19.40062523 4.85960340 -1.50000000
v 17.84336472 3.32217407 -1.25000000
v 18.72027588 3.24827600 -1.25000000
v 18.67900467 3.47775793 -1.25000000
v 18.63492012 3.70671606 -1.25000000
v 17.65885925 4.19370461 -1.25000000
v 18.58802986 3.93511605 -1.25000000
v 18.53833961 4.16292334 -1.25000000
v 18.43059349 4.61662340 -1.25000000
v 18.37255287 4.84244776 -1.25000000
v 18.48585892 4.39010429 -1.25000000
v 18.82715034 2.55703354 -1.25000000
v 18.79435349 2.78787899 -1.25000000
v 18.75872612 3.01830482 -1.25000000
v 19.67376709 2.99012518 -1.25000000
v 19.61520195 3.04868937 -1.25000000
v 19.84215546 2.50559950 -1.25000000
v 19.75376701 2.96868920 -1.25000000
v 19.77728653 2.97499132 -1.25000000
v 19.59376717 3.12868929 -1.25000000
v 19.61520195 3.20868921 -1.25000000
v 19.67376709 3.26725340 -1.25000000
v 19.61570549 3.74180651 -1.25000000
v 19.64500046 3.74965596 -1.25000000
v 19.74602890 3.17716289 -1.25000000
v 19.72851181 3.28192234 -1.25000000
v 19.36739922 4.53034306 -1.25000000
v 19.28739929 4.66890717 -1.25000000
v 19.30883408 4.58890724 -1.25000000
v 19.30883408 4.74890709 -1.25000000
v 19.36739922 4.80747128 -1.25000000
v 19.47714233 3.82180643 -1.25000000
v 19.45570564 3.90180635 -1.25000000
v 19.47714233 3.98180652 -1.25000000
v 19.53570557 3.76324248 -1.25000000
v 19.61570549 3.90180635 -1.25000000
v 19.53570557 4.04037046 -1.25000000
v 19.58456993 4.05346394 -1.25000000
v 19.44739914 4.50890732 -1.25000000
v 19.48255539 4.51832771 -1.25000000
v 19.45879936 4.62116194 -1.25000000
v 19.41052437 4.81902695 -1.25000000
v 17.46316338 7.48584890 -1.50000000
v 15.75784206 5.96765518 -1.25000000
v 15.27613735 7.11070442 -1.25000000
v 17.43181419 5.05513239 -1.25000000
v 17.16277313 5.90438175 -1.25000000
v 16.85238457 6.73940706 -1.25000000
v 17.46316338 7.48584890 -1.25000000
v 16.17574883 9.96720409 -1.50000000
v 17.17579651 8.12354660 -1.50000000
v 17.36998558 7.69958496 -1.50000000
v 17.27419090 7.91216183 -1.50000000
v 17.07481575 8.33370876 -1.50000000
v 16.97126198 8.54261494 -1.50000000
v 16.53165245 9.36506557 -1.50000000
v 16.86515236 8.75023556 -1.50000000
v 16.75650406 8.95653820 -1.50000000
v 16.64533234 9.16149139 -1.50000000
v 16.41548347 9.56722927 -1.50000000
v 16.29684448 9.76795197 -1.50000000
v 17.40173912 9.85796356 -1.50000000
v 16.11065865 8.35877800 -1.25000000
v 15.21377850 9.89764881 -1.25000000
v 15.68110752 9.13922119 -1.25000000
v 16.17574883 9.96720409 -1.25000000
v 16.50139809 7.55819654 -1.25000000
v 17.17579651 8.12354660 -1.25000000
v 17.36998558 7.69958496 -1.25000000
v 17.27419090 7.91216183 -1.25000000
v 17.07481575 8.33370876 -1.25000000
v 16.97126198 8.54261494 -1.25000000
v 16.53165245 9.36506557 -1.25000000
v 16.86515236 8.75023556 -1.25000000
v 16.75650406 8.95653820 -1.25000000
v 16.64533234 9.16149139 -1.25000000
v 16.41548347 9.56722927 -1.25000000
v 16.29684448 9.76795197 -1.25000000
v 17.36992073 9.63386059 -1.25000000
v 17.44992065 9.61242485 -1.25000000
v 17.31135559 9.69242477 -1.25000000
v 17.28992081 9.77242470 -1.25000000
v 17.31135559 9.85242462 -1.25000000
v 17.36992073 9.91098881 -1.25000000
v 17.37108994 9.91130257 -1.25000000
v 17.40173912 9.85796356 -1.25000000
v 18.11281395 5.73811293 -1.50000000
v 17.96653938 6.18089533 -1.50000000
v 18.04103470 5.95995283 -1.50000000
v 18.24818039 5.29187393 -1.50000000
v 18.31174469 5.06754255 -1.50000000
v 18.18186569 5.51540899 -1.50000000
v 17.80944061 6.61995506 -1.50000000
v 17.72686386 6.83800554 -1.50000000
v 17.88933754 6.40090704 -1.50000000
v 17.64161491 7.05502653 -1.50000000
v 17.55371094 7.27098513 -1.50000000
v 18.74678040 6.96837378 -1.50000000
v 18.57012177 7.42634392 -1.50000000
v 18.65985680 7.19790077 -1.50000000
v 19.33952904 5.09731340 -1.50000000
v 19.20861053 5.57039356 -1.50000000
v 19.27552223 5.33425522 -1.50000000
v 19.13880730 5.80569363 -1.50000000
v 19.06612015 6.04011917 -1.50000000
v 18.99056435 6.27363491 -1.50000000
v 18.91214561 6.50620604 -1.50000000
v 18.83088112 6.73779726 -1.50000000
v 18.11281395 5.73811293 -1.25000000
v 17.96653938 6.18089533 -1.25000000
v 18.04103470 5.95995283 -1.25000000
v 18.24818039 5.29187393 -1.25000000
v 18.31174469 5.06754255 -1.25000000
v 18.18186569 5.51540899 -1.25000000
v 17.80944061 6.61995506 -1.25000000
v 17.72686386 6.83800554 -1.25000000
v 17.88933754 6.40090704 -1.25000000
v 17.64161491 7.05502653 -1.25000000
v 17.55371094 7.27098513 -1.25000000
v 18.62526321 6.84234095 -1.25000000
v 18.68382645 6.78377724 -1.25000000
v 18.60382652 6.92234135 -1.25000000
v 18.62526321 7.00234127 -1.25000000
v 18.74678040 6.96837378 -1.25000000
v 18.68382645 7.06090498 -1.25000000
v 18.70916557 7.06769514 -1.25000000
v 18.47759056 7.49366856 -1.25000000
v 19.16910553 5.29024506 -1.25000000
v 19.24910545 5.26880884 -1.25000000
v 19.29022408 5.27982712 -1.25000000
v 19.11054039 5.34880877 -1.25000000
v 19.08910561 5.42880917 -1.25000000
v 19.11054039 5.50880909 -1.25000000
v 19.16910553 5.56737328 -1.25000000
v 19.20861053 5.57039356 -1.25000000
v 19.20653152 5.57740164 -1.25000000
v 19.27552223 5.33425522 -1.25000000
v 18.88256645 6.10033989 -1.25000000
v 18.86112976 6.18033981 -1.25000000
v 18.94112968 6.04177570 -1.25000000
v 19.02112961 6.02033997 -1.25000000
v 19.06612015 6.04011917 -1.25000000
v 19.06833267 6.03298759 -1.25000000
v 18.88256645 6.26033974 -1.25000000
v 18.94112968 6.31890392 -1.25000000
v 18.97246933 6.32730103 -1.25000000
v 18.99056435 6.27363491 -1.25000000
v 18.76382637 6.76234102 -1.25000000
v 18.81675529 6.77652359 -1.25000000
v 18.07978630 8.55110168 -1.50000000
v 18.38227654 7.87984085 -1.50000000
v 18.28419495 8.10482597 -1.50000000
v 18.47759056 7.65366888 -1.50000000
v 18.18335915 8.32859135 -1.50000000
v 17.75279236 9.21077442 -1.50000000
v 17.86448669 8.99222660 -1.50000000
v 17.97348976 8.77232456 -1.50000000
v 17.63842583 9.42793465 -1.50000000
v 17.52140236 9.64367580 -1.50000000
v 18.08286285 8.23463058 -1.25000000
v 18.02429962 8.29319477 -1.25000000
v 18.00286293 8.37319469 -1.25000000
v 18.02429962 8.45319462 -1.25000000
v 18.08286285 8.51175880 -1.25000000
v 18.09640884 8.51538849 -1.25000000
v 18.33902740 7.57366848 -1.25000000
v 18.31759071 7.65366888 -1.25000000
v 18.39759064 7.51510477 -1.25000000
v 18.33902740 7.73366880 -1.25000000
v 18.39759064 7.79223251 -1.25000000
v 18.41700554 7.79743481 -1.25000000
v 18.47759056 7.65366888 -1.25000000
v 18.53631210 7.50940323 -1.25000000
v 18.16286278 8.21319485 -1.25000000
v 18.22755051 8.23052788 -1.25000000
v 18.18335915 8.32859135 -1.25000000
v 17.68156624 8.99981022 -1.25000000
v 17.74013138 8.94124603 -1.25000000
v 17.66012955 9.07981014 -1.25000000
v 17.68156624 9.15981007 -1.25000000
v 17.74013138 9.21837425 -1.25000000
v 17.75279236 9.21077442 -1.25000000
v 17.74771881 9.22040749 -1.25000000
v 17.82013130 8.91981030 -1.25000000
v 17.86448669 8.99222660 -1.25000000
v 17.89097214 8.93879223 -1.25000000
v 17.52140236 9.64367580 -1.25000000
v 17.52713013 9.63311386 -1.25000000
v 14.76178074 8.12479687 -0.55000001
v 14.18020153 9.10188961 -0.55000001
v 16.84873199 0.20677543 -0.55000001
v 16.79642296 1.34264910 -0.55000001
v 16.12444496 4.89129686 -0.55000001
v 16.65213966 2.57463264 -0.55000001
v 16.44058037 3.69185591 -0.55000001
v 18.13770103 0.66805112 -0.55000001
v 18.08307457 1.55722117 -0.55000001
v 17.98488235 2.44263983 -0.55000001
v 17.84336472 3.32217407 -0.55000001
v 17.65885925 4.19370461 -0.55000001
v 15.75784206 5.96765518 -0.55000001
v 15.27613735 7.11070442 -0.55000001
v 17.43181419 5.05513239 -0.55000001
v 17.16277313 5.90438175 -0.55000001
v 16.85238457 6.73940706 -0.55000001
v 16.11065865 8.35877800 -0.55000001
v 15.21377850 9.89764881 -0.55000001
v 15.68110752 9.13922119 -0.55000001
v 16.50139809 7.55819654 -0.55000001
v 12.06006432 11.76764011 -1.25000000
v 11.68940067 14.97858238 -1.50000000
v 11.87233067 14.83400726 -1.50000000
v 12.05347252 14.68719864 -1.50000000
v 12.23279953 14.53817844 -1.50000000
v 12.41028404 14.38696766 -1.50000000
v 10.20286083 13.40985203 -1.25000000
v 11.16170597 12.62294865 -1.25000000
v 10.26803207 14.96629620 -1.25000000
v 10.99002552 14.44443989 -1.25000000
v 12.35290813 13.29767513 -1.25000000
v 11.68554211 13.88778591 -1.25000000
v 11.68940067 14.97858238 -1.25000000
v 11.87233067 14.83400726 -1.25000000
v 12.05347252 14.68719864 -1.25000000
v 12.23279953 14.53817844 -1.25000000
v 12.41028404 14.38696766 -1.25000000
v 14.83400726 11.87233067 -1.50000000
v 14.97858238 11.68940067 -1.50000000
v 14.68719864 12.05347252 -1.50000000
v 14.38696766 12.41028404 -1.50000000
v 14.53817844 12.23279953 -1.50000000
v 12.82626057 10.92746735 -1.25000000
v 13.53404713 10.03753281 -1.25000000
v 13.59682560 12.02284622 -1.25000000
v 14.70979786 10.63223076 -1.25000000
v 14.17038059 11.34119987 -1.25000000
v 14.83400726 11.87233067 -1.25000000
v 14.97858238 11.68940067 -1.25000000
v 14.68719864 12.05347252 -1.25000000
v 14.38696766 12.41028404 -1.25000000
v 14.53817844 12.23279953 -1.25000000
v 13.43502903 13.43502903 -1.50000000
v 13.26914883 13.59888554 -1.50000000
v 13.59888554 13.26914883 -1.50000000
v 12.58589935 14.23359108 -1.50000000
v 12.75961971 14.07807159 -1.50000000
v 12.93141937 13.92043114 -1.50000000
v 13.10127068 13.76069450 -1.50000000
v 13.24831581 14.98272800 -1.50000000
v 13.43117905 14.81902218 -1.50000000
v 13.61201954 14.65308571 -1.50000000
v 13.76069450 13.10127068 -1.50000000
v 13.92043114 12.93141937 -1.50000000
v 14.07807159 12.75961971 -1.50000000
v 14.23359108 12.58589935 -1.50000000
v 14.65308571 13.61201954 -1.50000000
v 14.81902218 13.43117905 -1.50000000
v 14.98272800 13.24831581 -1.50000000
v 13.96752453 14.31461620 -1.50000000
v 14.31461620 13.96752453 -1.50000000
v 14.14213562 14.14213562 -1.50000000
v 13.79081059 14.48494148 -1.50000000
v 14.48494148 13.79081059 -1.50000000
v 12.99051476 12.67552853 -1.25000000
v 13.43502903 13.43502903 -1.25000000
v 13.26914883 13.59888554 -1.25000000
v 13.59888554 13.26914883 -1.25000000
v 12.58589935 14.23359108 -1.25000000
v 12.75961971 14.07807159 -1.25000000
v 12.93141937 13.92043114 -1.25000000
v 13.10127068 13.76069450 -1.25000000
v 13.43745041 14.60645008 -1.25000000
v 13.41601467 14.68645000 -1.25000000
v 13.43745041 14.76644993 -1.25000000
v 13.57601452 14.52645016 -1.25000000
v 13.49601460 14.54788589 -1.25000000
v 13.65601444 14.54788589 -1.25000000
v 13.61201954 14.65308571 -1.25000000
v 13.68890667 14.58077717 -1.25000000
v 13.46186543 14.79086494 -1.25000000
v 13.76069450 13.10127068 -1.25000000
v 13.92043114 12.93141937 -1.25000000
v 14.07807159 12.75961971 -1.25000000
v 14.23359108 12.58589935 -1.25000000
v 14.60645008 13.43745041 -1.25000000
v 14.68645000 13.41601467 -1.25000000
v 14.52645016 13.57601452 -1.25000000
v 14.54788589 13.49601460 -1.25000000
v 14.54788589 13.65601444 -1.25000000
v 14.58077717 13.68890667 -1.25000000
v 14.65308571 13.61201954 -1.25000000
v 14.76644993 13.43745041 -1.25000000
v 14.79086494 13.46186543 -1.25000000
v 14.00357151 14.06213570 -1.25000000
v 14.06213570 14.00357151 -1.25000000
v 13.98213577 14.14213562 -1.25000000
v 14.00357151 14.22213554 -1.25000000
v 14.03218269 14.25074673 -1.25000000
v 14.14213562 13.98213577 -1.25000000
v 14.22213554 14.00357151 -1.25000000
v 14.25074673 14.03218269 -1.25000000
v 14.14213562 14.14213562 -1.25000000
v 10.16495514 16.05221748 -1.50000000
v 10.36117458 15.92626953 -1.50000000
v 10.55583477 15.79792309 -1.50000000
v 10.94035530 15.53411102 -1.50000000
v 11.13015938 15.39868641 -1.50000000
v 10.74890423 15.66719723 -1.50000000
v 10.28205490 17.15457153 -1.50000000
v 10.07076740 17.27945709 -1.50000000
v 10.49179363 17.02710342 -1.50000000
v 10.90649986 16.76449394 -1.50000000
v 11.11140442 16.62939262 -1.50000000
v 10.69995213 16.89707184 -1.50000000
v 11.31828690 15.26094341 -1.50000000
v 11.50471020 15.12090111 -1.50000000
v 11.71595669 16.20914459 -1.50000000
v 12.49718952 15.61474419 -1.50000000
v 12.11022091 15.91673851 -1.50000000
v 11.91398621 16.06414986 -1.50000000
v 12.30463219 15.76692867 -1.50000000
v 11.31463623 16.49178696 -1.50000000
v 11.51616383 16.35169601 -1.50000000
v 10.16495514 16.05221748 -1.25000000
v 10.36117458 15.92626953 -1.25000000
v 10.55583477 15.79792309 -1.25000000
v 10.94035530 15.53411102 -1.25000000
v 11.13015938 15.39868641 -1.25000000
v 10.74890423 15.66719723 -1.25000000
v 10.31140709 16.97280312 -1.25000000
v 10.28997135 17.05280304 -1.25000000
v 10.31140709 17.13280296 -1.25000000
v 10.36997128 16.91423988 -1.25000000
v 10.44997120 16.89280319 -1.25000000
v 10.31385136 17.13524818 -1.25000000
v 10.52997112 16.91423988 -1.25000000
v 10.49179363 17.02710342 -1.25000000
v 10.58476067 16.96902847 -1.25000000
v 10.97284031 16.54939270 -1.25000000
v 11.03140450 16.49082756 -1.25000000
v 11.11140442 16.46939278 -1.25000000
v 11.19140434 16.49082756 -1.25000000
v 11.24172783 16.54115105 -1.25000000
v 10.95140457 16.62939262 -1.25000000
v 10.97284031 16.70939255 -1.25000000
v 10.97968674 16.71623802 -1.25000000
v 11.11140442 16.62939262 -1.25000000
v 11.31828690 15.26094341 -1.25000000
v 11.50471020 15.12090111 -1.25000000
v 11.67570496 16.04177666 -1.25000000
v 11.61714077 16.10033989 -1.25000000
v 11.59570503 16.18033981 -1.25000000
v 11.71595669 16.20914459 -1.25000000
v 11.75570488 16.02033997 -1.25000000
v 11.83570480 16.04177666 -1.25000000
v 12.30187893 15.56777477 -1.25000000
v 12.38187885 15.54633904 -1.25000000
v 12.46187878 15.56777477 -1.25000000
v 12.49718952 15.61474419 -1.25000000
v 11.88171101 16.08778191 -1.25000000
v 12.24331474 15.62633896 -1.25000000
v 12.22187901 15.70633888 -1.25000000
v 12.30463219 15.76692867 -1.25000000
v 12.24331474 15.78633881 -1.25000000
v 12.25903797 15.80206203 -1.25000000
v 11.61714077 16.26033974 -1.25000000
v 11.62841034 16.27160835 -1.25000000
v 12.68786526 15.46020889 -1.50000000
v 12.87663078 15.30334568 -1.50000000
v 13.06345654 15.14417648 -1.50000000
v 12.50362968 15.60952568 -1.25000000
v 12.85039711 15.12811947 -1.25000000
v 12.90896130 15.06955528 -1.25000000
v 12.82896137 15.20811939 -1.25000000
v 12.85039711 15.28811932 -1.25000000
v 12.87663078 15.30334568 -1.25000000
v 12.87061882 15.30834103 -1.25000000
v 12.98896122 15.04811954 -1.25000000
v 13.06896114 15.06955528 -1.25000000
v 13.06345654 15.14417648 -1.25000000
v 13.10622787 15.10682201 -1.25000000
v 15.39868641 11.13015938 -1.50000000
v 15.53411102 10.94035530 -1.50000000
v 15.92626953 10.36117458 -1.50000000
v 15.79792309 10.55583477 -1.50000000
v 16.05221748 10.16495514 -1.50000000
v 15.66719723 10.74890423 -1.50000000
v 15.12090111 11.50471020 -1.50000000
v 15.26094341 11.31828690 -1.50000000
v 15.61474419 12.49718952 -1.50000000
v 16.20914459 11.71595669 -1.50000000
v 15.91673851 12.11022091 -1.50000000
v 15.76692867 12.30463219 -1.50000000
v 16.06414986 11.91398621 -1.50000000
v 16.76449394 10.90649986 -1.50000000
v 16.62939262 11.11140442 -1.50000000
v 17.15457153 10.28205490 -1.50000000
v 17.02710342 10.49179363 -1.50000000
v 17.27945709 10.07076740 -1.50000000
v 16.89707184 10.69995213 -1.50000000
v 16.35169601 11.51616383 -1.50000000
v 16.49178696 11.31463623 -1.50000000
v 15.39868641 11.13015938 -1.25000000
v 15.53411102 10.94035530 -1.25000000
v 15.92626953 10.36117458 -1.25000000
v 15.79792309 10.55583477 -1.25000000
v 16.05221748 10.16495514 -1.25000000
v 15.66719723 10.74890423 -1.25000000
v 15.12090111 11.50471020 -1.25000000
v 15.26094341 11.31828690 -1.25000000
v 15.56777477 12.30187893 -1.25000000
v 15.54633904 12.38187885 -1.25000000
v 15.56777477 12.46187878 -1.25000000
v 15.61474419 12.49718952 -1.25000000
v 16.04177666 11.67570496 -1.25000000
v 16.02033997 11.75570488 -1.25000000
v 16.04177666 11.83570480 -1.25000000
v 16.10033989 11.61714077 -1.25000000
v 16.18033981 11.59570503 -1.25000000
v 16.20914459 11.71595669 -1.25000000
v 15.62633896 12.24331474 -1.25000000
v 15.70633888 12.22187901 -1.25000000
v 15.76692867 12.30463219 -1.25000000
v 15.78633881 12.24331474 -1.25000000
v 15.80206203 12.25903797 -1.25000000
v 16.08778191 11.88171101 -1.25000000
v 16.54939270 10.97284031 -1.25000000
v 16.49082756 11.03140450 -1.25000000
v 16.46939278 11.11140442 -1.25000000
v 16.49082756 11.19140434 -1.25000000
v 16.54115105 11.24172783 -1.25000000
v 16.62939262 10.95140457 -1.25000000
v 16.70939255 10.97284031 -1.25000000
v 16.71623802 10.97968674 -1.25000000
v 16.62939262 11.11140442 -1.25000000
v 16.97280312 10.31140709 -1.25000000
v 17.05280304 10.28997135 -1.25000000
v 17.13280296 10.31140709 -1.25000000
v 16.91423988 10.36997128 -1.25000000
v 16.89280319 10.44997120 -1.25000000
v 16.91423988 10.52997112 -1.25000000
v 17.02710342 10.49179363 -1.25000000
v 16.96902847 10.58476067 -1.25000000
v 17.13524818 10.31385136 -1.25000000
v 16.26033974 11.61714077 -1.25000000
v 16.27160835 11.62841034 -1.25000000
v 15.14417648 13.06345654 -1.50000000
v 15.30334568 12.87663078 -1.50000000
v 15.46020889 12.68786526 -1.50000000
v 15.06955528 12.90896130 -1.25000000
v 15.12811947 12.85039711 -1.25000000
v 15.04811954 12.98896122 -1.25000000
v 15.06955528 13.06896114 -1.25000000
v 15.10682201 13.10622787 -1.25000000
v 15.14417648 13.06345654 -1.25000000
v 15.20811939 12.82896137 -1.25000000
v 15.28811932 12.85039711 -1.25000000
v 15.30334568 12.87663078 -1.25000000
v 15.30834103 12.87061882 -1.25000000
v 15.60952568 12.50362968 -1.25000000
v 12.06006432 11.76764011 -0.55000001
v 10.20286083 13.40985203 -0.55000001
v 11.16170597 12.62294865 -0.55000001
v 10.26803207 14.96629620 -0.55000001
v 10.99002552 14.44443989 -0.55000001
v 12.35290813 13.29767513 -0.55000001
v 11.68554211 13.88778591 -0.55000001
v 12.82626057 10.92746735 -0.55000001
v 13.53404713 10.03753281 -0.55000001
v 13.59682560 12.02284622 -0.55000001
v 14.70979786 10.63223076 -0.55000001
v 14.17038059 11.34119987 -0.55000001
v 12.99051476 12.67552853 -0.55000001
v 0.10674906 0.36787796 0.55000001
v 0.20890296 0.72740686 0.55000001
v 0.37994963 1.13343680 0.55000001
v 0.55719829 1.43050694 0.55000001
v 0.75394434 1.67279422 0.55000001
v 1.02040267 1.86297035 0.55000001
v 1.41438997 0.23017812 0.55000001
v 1.51285231 0.49123192 0.55000001
v 1.65021694 0.72322196 0.55000001
v 1.84990311 0.82096398 0.55000001
v 2.08825660 0.86301500 0.55000001
v 2.36937284 0.83902746 0.55000001
v 1.31433630 2.00876427 0.55000001
v 1.66009116 2.11454678 0.55000001
v 2.01625991 2.16112947 0.55000001
v 2.37484384 2.15157533 0.55000001
v 2.62464714 0.76372522 0.55000001
v 2.90023446 0.63280195 0.55000001
v 3.18773651 0.44362426 0.55000001
v 3.47852373 0.19557542 0.55000001
v 2.75747037 2.08356214 0.55000001
v 3.54915857 1.75931180 0.55000001
v 3.19311547 1.93593156 0.55000001
v 4.29416513 1.21236706 0.55000001
v 3.96125746 1.48850095 0.55000001
v 4.69968367 2.39022541 0.55000001
v 5.21917057 0.02593786 0.55000001
v 5.68431377 1.22862637 0.55000001
v 6.17791939 2.81117630 0.55000001
v 5.12797356 3.93972731 0.55000001
v 6.58383942 4.47378063 0.55000001
v 5.48141146 5.58500862 0.55000001
v 5.76538658 7.31741047 0.55000001
v 6.91522408 6.23431253 0.55000001
v 5.98558521 9.12825298 0.55000001
v 7.17397499 8.05983448 0.55000001
v 0.10674906 0.36787796 1.25000000
v 0.20890296 0.72740686 1.25000000
v 0.37994963 1.13343680 1.25000000
v 0.55719829 1.43050694 1.25000000
v 0.75394434 1.67279422 1.25000000
v 1.02040267 1.86297035 1.25000000
v 1.41438997 0.23017812 1.25000000
v 1.51285231 0.49123192 1.25000000
v 1.65021694 0.72322196 1.25000000
v 1.84990311 0.82096398 1.25000000
v 2.08825660 0.86301500 1.25000000
v 2.36937284 0.83902746 1.25000000
v 1.31433630 2.00876427 1.25000000
v 1.66009116 2.11454678 1.25000000
v 2.01625991 2.16112947 1.25000000
v 2.37484384 2.15157533 1.25000000
v 2.62464714 0.76372522 1.25000000
v 2.90023446 0.63280195 1.25000000
v 3.18773651 0.44362426 1.25000000
v 3.47852373 0.19557542 1.25000000
v 2.75747037 2.08356214 1.25000000
v 3.54915857 1.75931180 1.25000000
v 3.19311547 1.93593156 1.25000000
v 4.29416513 1.21236706 1.25000000
v 3.96125746 1.48850095 1.25000000
v 4.69968367 2.39022541 1.25000000
v 5.21917057 0.02593786 1.25000000
v 5.68431377 1.22862637 1.25000000
v 6.17791939 2.81117630 1.25000000
v 5.12797356 3.93972731 1.25000000
v 6.58383942 4.47378063 1.25000000
v 5.48141146 5.58500862 1.25000000
v 5.76538658 7.31741047 1.25000000
v 6.91522408 6.23431253 1.25000000
v 5.98558521 9.12825298 1.25000000
v 7.17397499 8.05983448 1.25000000
v 0.31015339 16.84714508 0.55000001
v 1.85724425 16.74733162 0.55000001
v 0.66805112 18.13770103 0.55000001
v 1.55722117 18.08307457 0.55000001
v 2.44263983 17.98488235 0.55000001
v 3.38861299 16.50575066 0.55000001
v 4.89129686 16.12444496 0.55000001
v 3.32217407 17.84336472 0.55000001
v 4.19370461 17.65885925 0.55000001
v 6.14791727 11.00889874 0.55000001
v 7.40826273 10.42863560 0.55000001
v 6.27872133 13.44481945 0.55000001
v 7.53380299 12.39680004 0.55000001
v 8.66263103 14.45272732 0.55000001
v 9.61765575 13.83557701 0.55000001
v 5.05513239 17.43181419 0.55000001
v 5.90438175 17.16277313 0.55000001
v 6.33562136 15.61348248 0.55000001
v 6.73940706 16.85238457 0.55000001
v 7.62520361 15.02584839 0.55000001
v 8.35877800 16.11065865 0.55000001
v 7.55819654 16.50139809 0.55000001
v 9.13922119 15.68110752 0.55000001
v 9.89764881 15.21377850 0.55000001
v 0.00000000 16.83857918 1.25000000
v 0.31015339 16.84714508 1.25000000
v 1.85724425 16.74733162 1.25000000
v 0.66805112 18.13770103 1.25000000
v 0.00000000 19.00000000 1.25000000
v 0.23315923 18.99856949 1.25000000
v 0.46628335 18.99427795 1.25000000
v 0.00000000 19.84000015 1.25000000
v 0.00000000 20.00000000 1.25000000
v 0.08000000 19.86143684 1.25000000
v 0.13856407 19.92000008 1.25000000
v 0.15973736 19.99901962 1.25000000
v 0.69933724 18.98712540 1.25000000
v 0.93228579 18.97711372 1.25000000
v 1.16509402 18.96424484 1.25000000
v 0.64663225 19.90458107 1.25000000
v 0.62519634 19.98458099 1.25000000
v 0.62659740 19.98980904 1.25000000
v 0.70519632 19.84601593 1.25000000
v 0.73614448 19.98644829 1.25000000
v 0.78519630 19.82458115 1.25000000
v 0.86519629 19.84601593 1.25000000
v 0.92376035 19.90458107 1.25000000
v 0.94331086 19.97754478 1.25000000
v 1.55722117 18.08307457 1.25000000
v 2.44263983 17.98488235 1.25000000
v 1.39772666 18.94851875 1.25000000
v 1.63014889 18.92993927 1.25000000
v 1.86232567 18.90851021 1.25000000
v 1.48918188 19.79978180 1.25000000
v 1.43061781 19.85834694 1.25000000
v 1.40918195 19.93834686 1.25000000
v 1.41225088 19.94980049 1.25000000
v 1.47129130 19.94580841 1.25000000
v 1.56918192 19.77834702 1.25000000
v 1.64918196 19.79978180 1.25000000
v 1.70774603 19.85834694 1.25000000
v 1.71594620 19.92625237 1.25000000
v 1.72570002 19.92535210 1.25000000
v 2.09422183 18.88423157 1.25000000
v 2.32580280 18.85711098 1.25000000
v 2.21218395 19.78136826 1.25000000
v 2.27074790 19.72280502 1.25000000
v 2.19074798 19.86137009 1.25000000
v 2.20444417 19.87813950 1.25000000
v 2.19549274 19.87907600 1.25000000
v 2.35074806 19.70136833 1.25000000
v 2.43074799 19.72280502 1.25000000
v 2.48931193 19.78136826 1.25000000
v 2.44821358 19.84959030 1.25000000
v 0.00000000 19.00000000 1.50000000
v 0.23315923 18.99856949 1.50000000
v 0.46628335 18.99427795 1.50000000
v 0.00000000 20.00000000 1.50000000
v 0.24543077 19.99849319 1.50000000
v 0.49082458 19.99397659 1.50000000
v 0.69933724 18.98712540 1.50000000
v 0.93228579 18.97711372 1.50000000
v 1.16509402 18.96424484 1.50000000
v 0.73614448 19.98644829 1.50000000
v 0.98135346 19.97590828 1.50000000
v 1.22641468 19.96236229 1.50000000
v 1.39772666 18.94851875 1.50000000
v 1.63014889 18.92993927 1.50000000
v 1.86232567 18.90851021 1.50000000
v 1.47129130 19.94580841 1.50000000
v 1.71594620 19.92625237 1.50000000
v 2.09422183 18.88423157 1.50000000
v 2.32580280 18.85711098 1.50000000
v 1.96034276 19.90369415 1.50000000
v 2.20444417 19.87813950 1.50000000
v 2.44821358 19.84959030 1.50000000
v 3.38861299 16.50575066 1.25000000
v 4.89129686 16.12444496 1.25000000
v 3.32217407 17.84336472 1.25000000
v 3.24827600 18.72027588 1.25000000
v 3.47775793 18.67900467 1.25000000
v 3.70671606 18.63492012 1.25000000
v 2.55703354 18.82715034 1.25000000
v 2.78787899 18.79435349 1.25000000
v 3.01830482 18.75872612 1.25000000
v 2.50559950 19.84215546 1.25000000
v 2.99012518 19.67376709 1.25000000
v 3.04868937 19.61520195 1.25000000
v 2.96868920 19.75376701 1.25000000
v 2.97499132 19.77728653 1.25000000
v 3.12868929 19.59376717 1.25000000
v 3.20868921 19.61520195 1.25000000
v 3.26725340 19.67376709 1.25000000
v 3.17716289 19.74602890 1.25000000
v 3.28192234 19.72851181 1.25000000
v 3.74180651 19.61570549 1.25000000
v 3.74965596 19.64500046 1.25000000
v 4.19370461 17.65885925 1.25000000
v 3.93511605 18.58802986 1.25000000
v 4.16292334 18.53833961 1.25000000
v 4.61662340 18.43059349 1.25000000
v 4.39010429 18.48585892 1.25000000
v 4.84244776 18.37255287 1.25000000
v 3.82180643 19.47714233 1.25000000
v 3.90180635 19.45570564 1.25000000
v 3.76324248 19.53570557 1.25000000
v 3.90180635 19.61570549 1.25000000
v 3.98180652 19.47714233 1.25000000
v 4.04037046 19.53570557 1.25000000
v 4.05346394 19.58456993 1.25000000
v 4.53034306 19.36739922 1.25000000
v 4.58890724 19.30883408 1.25000000
v 4.66890717 19.28739929 1.25000000
v 4.74890709 19.30883408 1.25000000
v 4.80747128 19.36739922 1.25000000
v 4.50890732 19.44739914 1.25000000
v 4.51832771 19.48255539 1.25000000
v 4.62116194 19.45879936 1.25000000
v 4.81902695 19.41052437 1.25000000
v 3.24827600 18.72027588 1.50000000
v 3.47775793 18.67900467 1.50000000
v 3.70671606 18.63492012 1.50000000
v 2.55703354 18.82715034 1.50000000
v 2.78787899 18.79435349 1.50000000
v 3.01830482 18.75872612 1.50000000
v 2.69161415 19.81805229 1.50000000
v 2.93460941 19.78352928 1.50000000
v 3.17716289 19.74602890 1.50000000
v 3.41923785 19.70555305 1.50000000
v 3.66079783 19.66210938 1.50000000
v 3.93511605 18.58802986 1.50000000
v 4.16292334 18.53833961 1.50000000
v 4.61662340 18.43059349 1.50000000
v 4.39010429 18.48585892 1.50000000
v 4.84244776 18.37255287 1.50000000
v 3.90180635 19.61570549 1.50000000
v 4.14222765 19.56634712 1.50000000
v 4.38202477 19.51404190 1.50000000
v 4.62116194 19.45879936 1.50000000
v 4.85960340 19.40062523 1.50000000
v 6.14791727 11.00889874 1.25000000
v 7.40826273 10.42863560 1.25000000
v 6.27872133 13.44481945 1.25000000
v 7.53380299 12.39680004 1.25000000
v 8.66263103 14.45272732 1.25000000
v 9.61765575 13.83557701 1.25000000
v 5.05513239 17.43181419 1.25000000
v 5.90438175 17.16277313 1.25000000
v 6.33562136 15.61348248 1.25000000
v 6.73940706 16.85238457 1.25000000
v 7.48584890 17.46316338 1.25000000
v 7.48584890 17.46316338 1.50000000
v 5.06754255 18.31174469 1.25000000
v 5.29187393 18.24818039 1.25000000
v 5.51540899 18.18186569 1.25000000
v 5.73811293 18.11281395 1.25000000
v 5.95995283 18.04103470 1.25000000
v 6.18089533 17.96653938 1.25000000
v 5.29024506 19.16910553 1.25000000
v 5.26880884 19.24910545 1.25000000
v 5.27982712 19.29022408 1.25000000
v 5.34880877 19.11054039 1.25000000
v 5.42880917 19.08910561 1.25000000
v 5.33425522 19.27552223 1.25000000
v 5.50880909 19.11054039 1.25000000
v 5.56737328 19.16910553 1.25000000
v 5.57039356 19.20861053 1.25000000
v 5.57740164 19.20653152 1.25000000
v 6.04177570 18.94112968 1.25000000
v 6.02033997 19.02112961 1.25000000
v 6.10033989 18.88256645 1.25000000
v 6.18033981 18.86112976 1.25000000
v 6.04011917 19.06612015 1.25000000
v 6.03298759 19.06833267 1.25000000
v 6.40090704 17.88933754 1.25000000
v 6.61995506 17.80944061 1.25000000
v 6.83800554 17.72686386 1.25000000
v 6.78377724 18.68382645 1.25000000
v 6.84234095 18.62526321 1.25000000
v 7.05502653 17.64161491 1.25000000
v 7.27098513 17.55371094 1.25000000
v 6.92234135 18.60382652 1.25000000
v 7.00234127 18.62526321 1.25000000
v 6.96837378 18.74678040 1.25000000
v 7.06090498 18.68382645 1.25000000
v 7.06769514 18.70916557 1.25000000
v 7.49366856 18.47759056 1.25000000
v 6.26033974 18.88256645 1.25000000
v 6.31890392 18.94112968 1.25000000
v 6.32730103 18.97246933 1.25000000
v 6.27363491 18.99056435 1.25000000
v 6.76234102 18.76382637 1.25000000
v 6.77652359 18.81675529 1.25000000
v 5.06754255 18.31174469 1.50000000
v 5.29187393 18.24818039 1.50000000
v 5.51540899 18.18186569 1.50000000
v 5.73811293 18.11281395 1.50000000
v 5.95995283 18.04103470 1.50000000
v 6.18089533 17.96653938 1.50000000
v 5.09731340 19.33952904 1.50000000
v 5.33425522 19.27552223 1.50000000
v 5.57039356 19.20861053 1.50000000
v 5.80569363 19.13880730 1.50000000
v 6.04011917 19.06612015 1.50000000
v 6.40090704 17.88933754 1.50000000
v 6.61995506 17.80944061 1.50000000
v 6.83800554 17.72686386 1.50000000
v 7.05502653 17.64161491 1.50000000
v 7.27098513 17.55371094 1.50000000
v 6.96837378 18.74678040 1.50000000
v 7.19790077 18.65985680 1.50000000
v 7.42634392 18.57012177 1.50000000
v 6.27363491 18.99056435 1.50000000
v 6.50620604 18.91214561 1.50000000
v 6.73779726 18.83088112 1.50000000
v 7.62520361 15.02584839 1.25000000
v 8.35877800 16.11065865 1.25000000
v 7.55819654 16.50139809 1.25000000
v 7.69958496 17.36998558 1.25000000
v 8.12354660 17.17579651 1.25000000
v 7.91216183 17.27419090 1.25000000
v 8.33370876 17.07481575 1.25000000
v 8.54261494 16.97126198 1.25000000
v 9.13922119 15.68110752 1.25000000
v 9.89764881 15.21377850 1.25000000
v 9.96720409 16.17574883 1.25000000
v 8.75023556 16.86515236 1.25000000
v 8.95653820 16.75650406 1.25000000
v 9.36506557 16.53165245 1.25000000
v 9.16149139 16.64533234 1.25000000
v 9.56722927 16.41548347 1.25000000
v 9.76795197 16.29684448 1.25000000
v 9.63386059 17.36992073 1.25000000
v 9.61242485 17.44992065 1.25000000
v 9.69242477 17.31135559 1.25000000
v 9.77242470 17.28992081 1.25000000
v 9.85242462 17.31135559 1.25000000
v 9.85796356 17.40173912 1.25000000
v 9.91098881 17.36992073 1.25000000
v 9.91130257 17.37108994 1.25000000
v 7.69958496 17.36998558 1.50000000
v 8.12354660 17.17579651 1.50000000
v 7.91216183 17.27419090 1.50000000
v 8.33370876 17.07481575 1.50000000
v 8.54261494 16.97126198 1.50000000
v 9.96720409 16.17574883 1.50000000
v 8.75023556 16.86515236 1.50000000
v 8.95653820 16.75650406 1.50000000
v 9.36506557 16.53165245 1.50000000
v 9.16149139 16.64533234 1.50000000
v 9.56722927 16.41548347 1.50000000
v 9.76795197 16.29684448 1.50000000
v 9.85796356 17.40173912 1.50000000
v 7.57366848 18.33902740 1.25000000
v 7.51510477 18.39759064 1.25000000
v 7.65366888 18.31759071 1.25000000
v 7.73366880 18.33902740 1.25000000
v 7.79223251 18.39759064 1.25000000
v 7.79743481 18.41700554 1.25000000
v 7.50940323 18.53631210 1.25000000
v 7.65366888 18.47759056 1.25000000
v 8.23463058 18.08286285 1.25000000
v 8.29319477 18.02429962 1.25000000
v 8.37319469 18.00286293 1.25000000
v 8.45319462 18.02429962 1.25000000
v 8.51175880 18.08286285 1.25000000
v 8.51538849 18.09640884 1.25000000
v 8.21319485 18.16286278 1.25000000
v 8.23052788 18.22755051 1.25000000
v 8.32859135 18.18335915 1.25000000
v 8.94124603 17.74013138 1.25000000
v 8.99981022 17.68156624 1.25000000
v 8.91981030 17.82013130 1.25000000
v 8.93879223 17.89097214 1.25000000
v 8.99222660 17.86448669 1.25000000
v 9.07981014 17.66012955 1.25000000
v 9.15981007 17.68156624 1.25000000
v 9.21837425 17.74013138 1.25000000
v 9.21077442 17.75279236 1.25000000
v 9.22040749 17.74771881 1.25000000
v 9.64367580 17.52140236 1.25000000
v 9.63311386 17.52713013 1.25000000
v 7.65366888 18.47759056 1.50000000
v 7.87984085 18.38227654 1.50000000
v 8.10482597 18.28419495 1.50000000
v 8.55110168 18.07978630 1.50000000
v 8.32859135 18.18335915 1.50000000
v 8.77232456 17.97348976 1.50000000
v 8.99222660 17.86448669 1.50000000
v 9.21077442 17.75279236 1.50000000
v 9.42793465 17.63842583 1.50000000
v 9.64367580 17.52140236 1.50000000
v 14.95672798 7.76007748 0.55000001
v 13.77630424 9.70236778 0.55000001
v 14.39930248 8.75114822 0.55000001
v 16.82431412 0.93003988 0.55000001
v 16.71030998 2.16519308 0.55000001
v 16.23962593 4.49411011 0.55000001
v 16.50575066 3.38861299 0.55000001
v 18.11584282 1.11297131 0.55000001
v 18.14863396 0.22272842 0.55000001
v 18.03941154 2.00053310 0.55000001
v 17.91952133 2.88327527 0.55000001
v 17.75646019 3.75907159 0.55000001
v 17.55062294 4.62581158 0.55000001
v 15.89954948 5.57914114 0.55000001
v 15.44604206 6.73366785 0.55000001
v 17.30250549 5.48140812 0.55000001
v 16.68191719 7.15095568 0.55000001
v 17.01270294 6.32379913 0.55000001
v 15.45209694 9.52130318 0.55000001
v 15.90067196 8.75163555 0.55000001
v 16.31094170 7.96088457 0.55000001
v 14.95672798 7.76007748 1.25000000
v 13.77630424 9.70236778 1.25000000
v 14.39930248 8.75114822 1.25000000
v 16.82431412 0.93003988 1.25000000
v 16.71030998 2.16519308 1.25000000
v 16.23962593 4.49411011 1.25000000
v 16.50575066 3.38861299 1.25000000
v 18.11584282 1.11297131 1.25000000
v 18.14863396 0.22272842 1.25000000
v 18.03941154 2.00053310 1.25000000
v 19.00000000 0.00000000 1.25000000
v 18.99856949 0.23315923 1.25000000
v 18.99427795 0.46628335 1.25000000
v 18.98712540 0.69933724 1.25000000
v 18.97711372 0.93228579 1.25000000
v 18.96424484 1.16509402 1.25000000
v 19.84000015 0.00000000 1.25000000
v 19.86143684 0.08000000 1.25000000
v 19.92000008 0.13856407 1.25000000
v 20.00000000 0.00000000 1.25000000
v 19.99901962 0.15973736 1.25000000
v 19.82458115 0.78519630 1.25000000
v 19.90458107 0.64663225 1.25000000
v 19.84601593 0.70519632 1.25000000
v 19.98458099 0.62519634 1.25000000
v 19.98980904 0.62659740 1.25000000
v 19.98644829 0.73614448 1.25000000
v 19.84601593 0.86519629 1.25000000
v 19.90458107 0.92376035 1.25000000
v 19.97754478 0.94331086 1.25000000
v 18.94851875 1.39772666 1.25000000
v 18.92993927 1.63014889 1.25000000
v 18.90851021 1.86232567 1.25000000
v 18.88423157 2.09422183 1.25000000
v 18.85711098 2.32580280 1.25000000
v 19.79978180 1.48918188 1.25000000
v 19.85834694 1.43061781 1.25000000
v 19.93834686 1.40918195 1.25000000
v 19.94980049 1.41225088 1.25000000
v 19.94580841 1.47129130 1.25000000
v 19.77834702 1.56918192 1.25000000
v 19.79978180 1.64918196 1.25000000
v 19.85834694 1.70774603 1.25000000
v 19.92625237 1.71594620 1.25000000
v 19.92535210 1.72570002 1.25000000
v 19.72280502 2.27074790 1.25000000
v 19.78136826 2.21218395 1.25000000
v 19.70136833 2.35074806 1.25000000
v 19.72280502 2.43074799 1.25000000
v 19.78136826 2.48931193 1.25000000
v 19.86137009 2.19074798 1.25000000
v 19.87813950 2.20444417 1.25000000
v 19.87907600 2.19549274 1.25000000
v 19.84959030 2.44821358 1.25000000
v 19.00000000 0.00000000 1.50000000
v 18.99856949 0.23315923 1.50000000
v 18.99427795 0.46628335 1.50000000
v 18.98712540 0.69933724 1.50000000
v 18.97711372 0.93228579 1.50000000
v 18.96424484 1.16509402 1.50000000
v 20.00000000 0.00000000 1.50000000
v 19.99849319 0.24543077 1.50000000
v 19.99397659 0.49082458 1.50000000
v 19.98644829 0.73614448 1.50000000
v 19.97590828 0.98135346 1.50000000
v 19.96236229 1.22641468 1.50000000
v 18.94851875 1.39772666 1.50000000
v 18.92993927 1.63014889 1.50000000
v 18.90851021 1.86232567 1.50000000
v 18.88423157 2.09422183 1.50000000
v 18.85711098 2.32580280 1.50000000
v 19.94580841 1.47129130 1.50000000
v 19.92625237 1.71594620 1.50000000
v 19.90369415 1.96034276 1.50000000
v 19.87813950 2.20444417 1.50000000
v 19.84959030 2.44821358 1.50000000
v 17.91952133 2.88327527 1.25000000
v 18.72027588 3.24827600 1.25000000
v 18.67900467 3.47775793 1.25000000
v 18.63492012 3.70671606 1.25000000
v 17.75646019 3.75907159 1.25000000
v 17.55062294 4.62581158 1.25000000
v 18.58802986 3.93511605 1.25000000
v 18.53833961 4.16292334 1.25000000
v 18.43059349 4.61662340 1.25000000
v 18.37255287 4.84244776 1.25000000
v 18.48585892 4.39010429 1.25000000
v 18.82715034 2.55703354 1.25000000
v 18.79435349 2.78787899 1.25000000
v 18.75872612 3.01830482 1.25000000
v 19.67376709 2.99012518 1.25000000
v 19.61520195 3.04868937 1.25000000
v 19.84215546 2.50559950 1.25000000
v 19.75376701 2.96868920 1.25000000
v 19.77728653 2.97499132 1.25000000
v 19.59376717 3.12868929 1.25000000
v 19.61520195 3.20868921 1.25000000
v 19.67376709 3.26725340 1.25000000
v 19.61570549 3.74180651 1.25000000
v 19.64500046 3.74965596 1.25000000
v 19.74602890 3.17716289 1.25000000
v 19.72851181 3.28192234 1.25000000
v 19.36739922 4.53034306 1.25000000
v 19.28739929 4.66890717 1.25000000
v 19.30883408 4.58890724 1.25000000
v 19.30883408 4.74890709 1.25000000
v 19.36739922 4.80747128 1.25000000
v 19.47714233 3.82180643 1.25000000
v 19.45570564 3.90180635 1.25000000
v 19.47714233 3.98180652 1.25000000
v 19.53570557 3.76324248 1.25000000
v 19.61570549 3.90180635 1.25000000
v 19.53570557 4.04037046 1.25000000
v 19.58456993 4.05346394 1.25000000
v 19.44739914 4.50890732 1.25000000
v 19.48255539 4.51832771 1.25000000
v 19.45879936 4.62116194 1.25000000
v 19.41052437 4.81902695 1.25000000
v 18.72027588 3.24827600 1.50000000
v 18.67900467 3.47775793 1.50000000
v 18.63492012 3.70671606 1.50000000
v 18.58802986 3.93511605 1.50000000
v 18.53833961 4.16292334 1.50000000
v 18.43059349 4.61662340 1.50000000
v 18.37255287 4.84244776 1.50000000
v 18.48585892 4.39010429 1.50000000
v 18.82715034 2.55703354 1.50000000
v 18.79435349 2.78787899 1.50000000
v 18.75872612 3.01830482 1.50000000
v 19.81805229 2.69161415 1.50000000
v 19.78352928 2.93460941 1.50000000
v 19.66210938 3.66079783 1.50000000
v 19.74602890 3.17716289 1.50000000
v 19.70555305 3.41923785 1.50000000
v 19.61570549 3.90180635 1.50000000
v 19.56634712 4.14222765 1.50000000
v 19.51404190 4.38202477 1.50000000
v 19.45879936 4.62116194 1.50000000
v 19.40062523 4.85960340 1.50000000
v 15.89954948 5.57914114 1.25000000
v 15.44604206 6.73366785 1.25000000
v 17.30250549 5.48140812 1.25000000
v 16.68191719 7.15095568 1.25000000
v 17.01270294 6.32379913 1.25000000
v 17.46316338 7.48584890 1.25000000
v 17.46316338 7.48584890 1.50000000
v 15.45209694 9.52130318 1.25000000
v 15.90067196 8.75163555 1.25000000
v 16.17574883 9.96720409 1.25000000
v 16.31094170 7.96088457 1.25000000
v 17.17579651 8.12354660 1.25000000
v 17.36998558 7.69958496 1.25000000
v 17.27419090 7.91216183 1.25000000
v 17.07481575 8.33370876 1.25000000
v 16.97126198 8.54261494 1.25000000
v 16.53165245 9.36506557 1.25000000
v 16.86515236 8.75023556 1.25000000
v 16.75650406 8.95653820 1.25000000
v 16.64533234 9.16149139 1.25000000
v 16.41548347 9.56722927 1.25000000
v 16.29684448 9.76795197 1.25000000
v 17.36992073 9.63386059 1.25000000
v 17.44992065 9.61242485 1.25000000
v 17.31135559 9.69242477 1.25000000
v 17.28992081 9.77242470 1.25000000
v 17.31135559 9.85242462 1.25000000
v 17.36992073 9.91098881 1.25000000
v 17.37108994 9.91130257 1.25000000
v 17.40173912 9.85796356 1.25000000
v 16.17574883 9.96720409 1.50000000
v 17.17579651 8.12354660 1.50000000
v 17.36998558 7.69958496 1.50000000
v 17.27419090 7.91216183 1.50000000
v 17.07481575 8.33370876 1.50000000
v 16.97126198 8.54261494 1.50000000
v 16.53165245 9.36506557 1.50000000
v 16.86515236 8.75023556 1.50000000
v 16.75650406 8.95653820 1.50000000
v 16.64533234 9.16149139 1.50000000
v 16.41548347 9.56722927 1.50000000
v 16.29684448 9.76795197 1.50000000
v 17.40173912 9.85796356 1.50000000
v 18.11281395 5.73811293 1.25000000
v 17.96653938 6.18089533 1.25000000
v 18.04103470 5.95995283 1.25000000
v 18.24818039 5.29187393 1.25000000
v 18.31174469 5.06754255 1.25000000
v 18.18186569 5.51540899 1.25000000
v 17.80944061 6.61995506 1.25000000
v 17.72686386 6.83800554 1.25000000
v 17.88933754 6.40090704 1.25000000
v 17.64161491 7.05502653 1.25000000
v 17.55371094 7.27098513 1.25000000
v 18.62526321 6.84234095 1.25000000
v 18.68382645 6.78377724 1.25000000
v 18.60382652 6.92234135 1.25000000
v 18.62526321 7.00234127 1.25000000
v 18.74678040 6.96837378 1.25000000
v 18.68382645 7.06090498 1.25000000
v 18.70916557 7.06769514 1.25000000
v 18.47759056 7.49366856 1.25000000
v 19.16910553 5.29024506 1.25000000
v 19.24910545 5.26880884 1.25000000
v 19.29022408 5.27982712 1.25000000
v 19.11054039 5.34880877 1.25000000
v 19.08910561 5.42880917 1.25000000
v 19.11054039 5.50880909 1.25000000
v 19.16910553 5.56737328 1.25000000
v 19.20861053 5.57039356 1.25000000
v 19.20653152 5.57740164 1.25000000
v 19.27552223 5.33425522 1.25000000
v 18.88256645 6.10033989 1.25000000
v 18.86112976 6.18033981 1.25000000
v 18.94112968 6.04177570 1.25000000
v 19.02112961 6.02033997 1.25000000
v 19.06612015 6.04011917 1.25000000
v 19.06833267 6.03298759 1.25000000
v 18.88256645 6.26033974 1.25000000
v 18.94112968 6.31890392 1.25000000
v 18.97246933 6.32730103 1.25000000
v 18.99056435 6.27363491 1.25000000
v 18.76382637 6.76234102 1.25000000
v 18.81675529 6.77652359 1.25000000
v 18.11281395 5.73811293 1.50000000
v 17.96653938 6.18089533 1.50000000
v 18.04103470 5.95995283 1.50000000
v 18.24818039 5.29187393 1.50000000
v 18.31174469 5.06754255 1.50000000
v 18.18186569 5.51540899 1.50000000
v 17.80944061 6.61995506 1.50000000
v 17.72686386 6.83800554 1.50000000
v 17.88933754 6.40090704 1.50000000
v 17.64161491 7.05502653 1.50000000
v 17.55371094 7.27098513 1.50000000
v 18.74678040 6.96837378 1.50000000
v 18.57012177 7.42634392 1.50000000
v 18.65985680 7.19790077 1.50000000
v 19.33952904 5.09731340 1.50000000
v 19.20861053 5.57039356 1.50000000
v 19.27552223 5.33425522 1.50000000
v 19.13880730 5.80569363 1.50000000
v 19.06612015 6.04011917 1.50000000
v 18.99056435 6.27363491 1.50000000
v 18.91214561 6.50620604 1.50000000
v 18.83088112 6.73779726 1.50000000
v 18.08286285 8.23463058 1.25000000
v 18.02429962 8.29319477 1.25000000
v 18.00286293 8.37319469 1.25000000
v 18.02429962 8.45319462 1.25000000
v 18.08286285 8.51175880 1.25000000
v 18.09640884 8.51538849 1.25000000
v 18.33902740 7.57366848 1.25000000
v 18.31759071 7.65366888 1.25000000
v 18.39759064 7.51510477 1.25000000
v 18.33902740 7.73366880 1.25000000
v 18.39759064 7.79223251 1.25000000
v 18.41700554 7.79743481 1.25000000
v 18.47759056 7.65366888 1.25000000
v 18.53631210 7.50940323 1.25000000
v 18.16286278 8.21319485 1.25000000
v 18.22755051 8.23052788 1.25000000
v 18.18335915 8.32859135 1.25000000
v 17.68156624 8.99981022 1.25000000
v 17.74013138 8.94124603 1.25000000
v 17.66012955 9.07981014 1.25000000
v 17.68156624 9.15981007 1.25000000
v 17.74013138 9.21837425 1.25000000
v 17.75279236 9.21077442 1.25000000
v 17.74771881 9.22040749 1.25000000
v 17.82013130 8.91981030 1.25000000
v 17.86448669 8.99222660 1.25000000
v 17.89097214 8.93879223 1.25000000
v 17.52140236 9.64367580 1.25000000
v 17.52713013 9.63311386 1.25000000
v 18.07978630 8.55110168 1.50000000
v 18.38227654 7.87984085 1.50000000
v 18.28419495 8.10482597 1.50000000
v 18.47759056 7.65366888 1.50000000
v 18.18335915 8.32859135 1.50000000
v 17.75279236 9.21077442 1.50000000
v 17.86448669 8.99222660 1.50000000
v 17.97348976 8.77232456 1.50000000
v 17.63842583 9.42793465 1.50000000
v 17.52140236 9.64367580 1.50000000
v 11.46812725 12.34522438 0.55000001
v 12.27462482 11.54366016 0.55000001
v 10.52888203 13.15542221 0.55000001
v 10.63223076 14.70979786 0.55000001
v 12.02284622 13.59682560 0.55000001
v 11.34119987 14.17038059 0.55000001
v 13.02522659 10.68952656 0.55000001
v 13.29767513 12.35290813 0.55000001
v 14.96629620 10.26803207 0.55000001
v 14.44443989 10.99002552 0.55000001
v 13.88778591 11.68554211 0.55000001
v 12.67552853 12.99051476 0.55000001
v 11.46812725 12.34522438 1.25000000
v 12.27462482 11.54366016 1.25000000
v 10.52888203 13.15542221 1.25000000
v 10.63223076 14.70979786 1.25000000
v 12.02284622 13.59682560 1.25000000
v 11.34119987 14.17038059 1.25000000
v 11.68940067 14.97858238 1.25000000
v 11.87233067 14.83400726 1.25000000
v 12.05347252 14.68719864 1.25000000
v 12.23279953 14.53817844 1.25000000
v 12.41028404 14.38696766 1.25000000
v 11.68940067 14.97858238 1.50000000
v 11.87233067 14.83400726 1.50000000
v 12.05347252 14.68719864 1.50000000
v 12.23279953 14.53817844 1.50000000
v 12.41028404 14.38696766 1.50000000
v 13.02522659 10.68952656 1.25000000
v 13.29767513 12.35290813 1.25000000
v 14.96629620 10.26803207 1.25000000
v 14.44443989 10.99002552 1.25000000
v 13.88778591 11.68554211 1.25000000
v 14.83400726 11.87233067 1.25000000
v 14.97858238 11.68940067 1.25000000
v 14.68719864 12.05347252 1.25000000
v 14.38696766 12.41028404 1.25000000
v 14.53817844 12.23279953 1.25000000
v 14.83400726 11.87233067 1.50000000
v 14.97858238 11.68940067 1.50000000
v 14.68719864 12.05347252 1.50000000
v 14.38696766 12.41028404 1.50000000
v 14.53817844 12.23279953 1.50000000
v 12.67552853 12.99051476 1.25000000
v 13.43502903 13.43502903 1.25000000
v 13.26914883 13.59888554 1.25000000
v 13.59888554 13.26914883 1.25000000
v 12.58589935 14.23359108 1.25000000
v 12.75961971 14.07807159 1.25000000
v 12.93141937 13.92043114 1.25000000
v 13.10127068 13.76069450 1.25000000
v 13.43745041 14.60645008 1.25000000
v 13.41601467 14.68645000 1.25000000
v 13.43745041 14.76644993 1.25000000
v 13.57601452 14.52645016 1.25000000
v 13.49601460 14.54788589 1.25000000
v 13.65601444 14.54788589 1.25000000
v 13.61201954 14.65308571 1.25000000
v 13.68890667 14.58077717 1.25000000
v 13.46186543 14.79086494 1.25000000
v 13.76069450 13.10127068 1.25000000
v 13.92043114 12.93141937 1.25000000
v 14.07807159 12.75961971 1.25000000
v 14.23359108 12.58589935 1.25000000
v 14.60645008 13.43745041 1.25000000
v 14.68645000 13.41601467 1.25000000
v 14.52645016 13.57601452 1.25000000
v 14.54788589 13.49601460 1.25000000
v 14.54788589 13.65601444 1.25000000
v 14.58077717 13.68890667 1.25000000
v 14.65308571 13.61201954 1.25000000
v 14.76644993 13.43745041 1.25000000
v 14.79086494 13.46186543 1.25000000
v 14.00357151 14.06213570 1.25000000
v 14.06213570 14.00357151 1.25000000
v 13.98213577 14.14213562 1.25000000
v 14.00357151 14.22213554 1.25000000
v 14.03218269 14.25074673 1.25000000
v 14.14213562 13.98213577 1.25000000
v 14.22213554 14.00357151 1.25000000
v 14.25074673 14.03218269 1.25000000
v 14.14213562 14.14213562 1.25000000
v 13.43502903 13.43502903 1.50000000
v 13.26914883 13.59888554 1.50000000
v 13.59888554 13.26914883 1.50000000
v 12.58589935 14.23359108 1.50000000
v 12.75961971 14.07807159 1.50000000
v 12.93141937 13.92043114 1.50000000
v 13.10127068 13.76069450 1.50000000
v 13.24831581 14.98272800 1.50000000
v 13.43117905 14.81902218 1.50000000
v 13.61201954 14.65308571 1.50000000
v 13.76069450 13.10127068 1.50000000
v 13.92043114 12.93141937 1.50000000
v 14.07807159 12.75961971 1.50000000
v 14.23359108 12.58589935 1.50000000
v 14.65308571 13.61201954 1.50000000
v 14.81902218 13.43117905 1.50000000
v 14.98272800 13.24831581 1.50000000
v 13.96752453 14.31461620 1.50000000
v 14.31461620 13.96752453 1.50000000
v 14.14213562 14.14213562 1.50000000
v 13.79081059 14.48494148 1.50000000
v 14.48494148 13.79081059 1.50000000
v 10.16495514 16.05221748 1.25000000
v 10.36117458 15.92626953 1.25000000
v 10.55583477 15.79792309 1.25000000
v 10.94035530 15.53411102 1.25000000
v 11.13015938 15.39868641 1.25000000
v 10.74890423 15.66719723 1.25000000
v 10.31140709 16.97280312 1.25000000
v 10.28997135 17.05280304 1.25000000
v 10.31140709 17.13280296 1.25000000
v 10.36997128 16.91423988 1.25000000
v 10.44997120 16.89280319 1.25000000
v 10.31385136 17.13524818 1.25000000
v 10.52997112 16.91423988 1.25000000
v 10.49179363 17.02710342 1.25000000
v 10.58476067 16.96902847 1.25000000
v 10.97284031 16.54939270 1.25000000
v 11.03140450 16.49082756 1.25000000
v 11.11140442 16.46939278 1.25000000
v 11.19140434 16.49082756 1.25000000
v 11.24172783 16.54115105 1.25000000
v 10.95140457 16.62939262 1.25000000
v 10.97284031 16.70939255 1.25000000
v 10.97968674 16.71623802 1.25000000
v 11.11140442 16.62939262 1.25000000
v 11.31828690 15.26094341 1.25000000
v 11.50471020 15.12090111 1.25000000
v 11.67570496 16.04177666 1.25000000
v 11.61714077 16.10033989 1.25000000
v 11.59570503 16.18033981 1.25000000
v 11.71595669 16.20914459 1.25000000
v 11.75570488 16.02033997 1.25000000
v 11.83570480 16.04177666 1.25000000
v 12.30187893 15.56777477 1.25000000
v 12.38187885 15.54633904 1.25000000
v 12.46187878 15.56777477 1.25000000
v 12.49718952 15.61474419 1.25000000
v 11.88171101 16.08778191 1.25000000
v 12.24331474 15.62633896 1.25000000
v 12.22187901 15.70633888 1.25000000
v 12.30463219 15.76692867 1.25000000
v 12.24331474 15.78633881 1.25000000
v 12.25903797 15.80206203 1.25000000
v 11.61714077 16.26033974 1.25000000
v 11.62841034 16.27160835 1.25000000
v 10.16495514 16.05221748 1.50000000
v 10.36117458 15.92626953 1.50000000
v 10.55583477 15.79792309 1.50000000
v 10.94035530 15.53411102 1.50000000
v 11.13015938 15.39868641 1.50000000
v 10.74890423 15.66719723 1.50000000
v 10.28205490 17.15457153 1.50000000
v 10.07076740 17.27945709 1.50000000
v 10.49179363 17.02710342 1.50000000
v 10.90649986 16.76449394 1.50000000
v 11.11140442 16.62939262 1.50000000
v 10.69995213 16.89707184 1.50000000
v 11.31828690 15.26094341 1.50000000
v 11.50471020 15.12090111 1.50000000
v 11.71595669 16.20914459 1.50000000
v 12.49718952 15.61474419 1.50000000
v 12.11022091 15.91673851 1.50000000
v 11.91398621 16.06414986 1.50000000
v 12.30463219 15.76692867 1.50000000
v 11.31463623 16.49178696 1.50000000
v 11.51616383 16.35169601 1.50000000
v 12.50362968 15.60952568 1.25000000
v 12.85039711 15.12811947 1.25000000
v 12.90896130 15.06955528 1.25000000
v 12.82896137 15.20811939 1.25000000
v 12.85039711 15.28811932 1.25000000
v 12.87663078 15.30334568 1.25000000
v 12.87061882 15.30834103 1.25000000
v 12.98896122 15.04811954 1.25000000
v 13.06896114 15.06955528 1.25000000
v 13.06345654 15.14417648 1.25000000
v 13.10622787 15.10682201 1.25000000
v 12.68786526 15.46020889 1.50000000
v 12.87663078 15.30334568 1.50000000
v 13.06345654 15.14417648 1.50000000
v 15.39868641 11.13015938 1.25000000
v 15.53411102 10.94035530 1.25000000
v 15.92626953 10.36117458 1.25000000
v 15.79792309 10.55583477 1.25000000
v 16.05221748 10.16495514 1.25000000
v 15.66719723 10.74890423 1.25000000
v 15.12090111 11.50471020 1.25000000
v 15.26094341 11.31828690 1.25000000
v 15.56777477 12.30187893 1.25000000
v 15.54633904 12.38187885 1.25000000
v 15.56777477 12.46187878 1.25000000
v 15.61474419 12.49718952 1.25000000
v 16.04177666 11.67570496 1.25000000
v 16.02033997 11.75570488 1.25000000
v 16.04177666 11.83570480 1.25000000
v 16.10033989 11.61714077 1.25000000
v 16.18033981 11.59570503 1.25000000
v 16.20914459 11.71595669 1.25000000
v 15.62633896 12.24331474 1.25000000
v 15.70633888 12.22187901 1.25000000
v 15.76692867 12.30463219 1.25000000
v 15.78633881 12.24331474 1.25000000
v 15.80206203 12.25903797 1.25000000
v 16.08778191 11.88171101 1.25000000
v 16.54939270 10.97284031 1.25000000
v 16.49082756 11.03140450 1.25000000
v 16.46939278 11.11140442 1.25000000
v 16.49082756 11.19140434 1.25000000
v 16.54115105 11.24172783 1.25000000
v 16.62939262 10.95140457 1.25000000
v 16.70939255 10.97284031 1.25000000
v 16.71623802 10.97968674 1.25000000
v 16.62939262 11.11140442 1.25000000
v 16.97280312 10.31140709 1.25000000
v 17.05280304 10.28997135 1.25000000
v 17.13280296 10.31140709 1.25000000
v 16.91423988 10.36997128 1.25000000
v 16.89280319 10.44997120 1.25000000
v 16.91423988 10.52997112 1.25000000
v 17.02710342 10.49179363 1.25000000
v 16.96902847 10.58476067 1.25000000
v 17.13524818 10.31385136 1.25000000
v 16.26033974 11.61714077 1.25000000
v 16.27160835 11.62841034 1.25000000
v 15.39868641 11.13015938 1.50000000
v 15.53411102 10.94035530 1.50000000
v 15.92626953 10.36117458 1.50000000
v 15.79792309 10.55583477 1.50000000
v 16.05221748 10.16495514 1.50000000
v 15.66719723 10.74890423 1.50000000
v 15.12090111 11.50471020 1.50000000
v 15.26094341 11.31828690 1.50000000
v 15.61474419 12.49718952 1.50000000
v 16.20914459 11.71595669 1.50000000
v 15.91673851 12.11022091 1.50000000
v 15.76692867 12.30463219 1.50000000
v 16.06414986 11.91398621 1.50000000
v 16.76449394 10.90649986 1.50000000
v 16.62939262 11.11140442 1.50000000
v 17.15457153 10.28205490 1.50000000
v 17.02710342 10.49179363 1.50000000
v 17.27945709 10.07076740 1.50000000
v 16.89707184 10.69995213 1.50000000
v 16.35169601 11.51616383 1.50000000
v 16.49178696 11.31463623 1.50000000
v 15.06955528 12.90896130 1.25000000
v 15.12811947 12.85039711 1.25000000
v 15.04811954 12.98896122 1.25000000
v 15.06955528 13.06896114 1.25000000
v 15.10682201 13.10622787 1.25000000
v 15.14417648 13.06345654 1.25000000
v 15.20811939 12.82896137 1.25000000
v 15.28811932 12.85039711 1.25000000
v 15.30334568 12.87663078 1.25000000
v 15.30834103 12.87061882 1.25000000
v 15.60952568 12.50362968 1.25000000
v 15.14417648 13.06345654 1.50000000
v 15.30334568 12.87663078 1.50000000
v 15.46020889 12.68786526 1.50000000
f 3 164 9
f 3 223 164
f 1 4 27
f 2 3 5
f 9 164 10
f 3 9 5
f 2 5 6
f 16 26 37
f 19 38 20
f 17 39 19
f 15 21 367
f 15 366 16
f 15 47 21
f 21 48 22
f 21 22 371
f 17 369 22
f 16 366 377
f 21 371 367
f 15 367 366
f 19 40 38
f 19 39 40
f 21 47 48
f 15 51 47
f 24 34 27
f 24 58 25
f 24 27 59
f 23 26 31
f 24 25 30
f 23 32 25
f 24 30 34
f 23 62 26
f 1 28 2
f 1 27 35
f 2 29 3
f 2 28 29
f 3 29 223
f 1 35 28
f 27 34 35
f 27 68 59
f 24 59 58
f 23 56 62
f 26 62 37
f 4 68 27
f 16 377 26
f 23 31 33
f 25 32 30
f 23 33 32
f 26 377 31
f 80 83 173
f 82 234 99
f 80 81 84
f 81 82 88
f 80 84 83
f 81 87 84
f 81 88 87
f 94 129 100
f 94 116 129
f 96 123 99
f 96 98 118
f 96 99 235
f 96 236 98
f 97 98 237
f 98 236 237
f 97 238 100
f 94 100 101
f 94 110 95
f 94 102 110
f 97 100 122
f 100 238 101
f 97 237 238
f 94 101 102
f 96 119 123
f 96 118 119
f 93 99 123
f 100 129 122
f 104 109 105
f 103 105 112
f 104 105 135
f 95 104 139
f 103 106 144
f 106 108 145
f 103 113 106
f 106 114 108
f 106 113 114
f 107 108 609
f 108 114 609
f 104 135 139
f 105 136 135
f 106 145 144
f 108 147 145
f 95 111 104
f 95 110 111
f 104 111 109
f 105 109 112
f 103 112 113
f 161 169 163
f 160 163 170
f 161 163 181
f 161 182 162
f 161 181 182
f 163 185 181
f 159 166 221
f 165 166 190
f 159 192 166
f 164 222 165
f 165 220 166
f 165 222 220
f 166 220 221
f 159 167 162
f 161 162 168
f 163 169 170
f 161 168 169
f 159 221 167
f 162 167 168
f 166 192 190
f 159 193 192
f 172 174 173
f 171 172 205
f 160 171 204
f 160 178 171
f 171 178 180
f 171 180 179
f 171 179 172
f 172 179 174
f 80 176 81
f 80 173 175
f 80 175 176
f 81 177 82
f 82 177 234
f 81 176 177
f 173 174 175
f 172 203 205
f 171 205 204
f 160 170 178
f 164 223 224
f 164 224 222
f 99 234 235
f 96 235 236
f 10 164 957
f 1 951 4
f 1 2 962
f 2 6 962
f 16 37 966
f 15 16 1009
f 15 1009 51
f 18 20 1012
f 20 38 967
f 22 48 977
f 17 22 1011
f 17 1011 39
f 23 985 56
f 23 25 1017
f 25 58 1019
f 82 1035 88
f 82 99 1043
f 83 1162 173
f 93 1043 99
f 94 95 1088
f 95 139 1068
f 94 1088 116
f 98 1047 118
f 97 1092 98
f 97 122 1091
f 103 1099 105
f 103 144 1073
f 107 1102 108
f 105 1099 136
f 107 616 1101
f 108 1102 147
f 159 162 1148
f 162 182 1110
f 160 1152 163
f 159 1148 193
f 163 1152 185
f 165 190 1118
f 164 165 1153
f 160 204 1132
f 172 173 1161
f 172 1161 203
f 263 264 403
f 266 267 276
f 265 266 275
f 264 278 267
f 263 273 274
f 266 276 275
f 267 278 280
f 267 280 276
f 268 272 285
f 268 286 270
f 269 288 311
f 269 271 290
f 265 317 266
f 264 267 313
f 266 316 267
f 265 272 322
f 268 321 272
f 264 313 403
f 267 314 313
f 267 316 314
f 268 285 286
f 269 290 289
f 269 289 288
f 272 296 285
f 302 312 324
f 303 327 304
f 312 349 324
f 304 327 326
f 302 430 312
f 306 338 308
f 304 330 305
f 302 303 422
f 307 308 336
f 307 343 309
f 305 330 331
f 304 326 330
f 308 337 336
f 307 336 343
f 308 338 337
f 268 270 318
f 270 271 320
f 310 348 312
f 269 311 425
f 310 426 311
f 269 424 271
f 268 318 323
f 270 320 318
f 265 315 317
f 272 321 322
f 265 322 315
f 266 317 316
f 268 323 321
f 312 348 349
f 310 312 428
f 271 319 320
f 271 424 319
f 269 425 424
f 311 423 425
f 311 426 423
f 310 427 426
f 19 20 372
f 17 19 370
f 18 373 20
f 18 380 365
f 263 365 273
f 263 375 365
f 18 365 374
f 19 372 370
f 20 373 372
f 18 376 373
f 22 368 371
f 22 369 368
f 17 370 369
f 365 380 378
f 273 365 378
f 365 375 374
f 18 374 376
f 263 403 375
f 410 432 411
f 411 433 412
f 413 437 414
f 414 450 417
f 303 304 479
f 304 305 489
f 302 420 430
f 302 421 420
f 302 422 421
f 303 477 422
f 410 431 432
f 411 432 433
f 413 435 437
f 414 437 450
f 415 447 416
f 416 454 418
f 419 456 472
f 303 478 477
f 303 479 478
f 304 480 479
f 304 481 480
f 304 487 481
f 304 488 487
f 304 489 488
f 416 447 448
f 416 448 454
f 310 428 427
f 312 429 428
f 312 430 429
f 472 494 473
f 412 413 1979
f 413 414 1978
f 411 412 1980
f 410 411 1981
f 474 501 475
f 475 506 476
f 476 508 482
f 305 306 2041
f 305 490 489
f 305 491 490
f 305 1906 491
f 307 2039 308
f 309 410 2037
f 307 309 2038
f 306 308 2040
f 456 492 472
f 472 492 494
f 473 494 495
f 475 501 502
f 475 502 506
f 476 506 508
f 415 416 1972
f 416 418 1971
f 472 473 1916
f 473 474 1915
f 418 419 1970
f 419 472 1969
f 414 417 1977
f 415 1973 417
f 483 519 484
f 475 476 1913
f 474 475 1914
f 476 482 1912
f 482 483 1905
f 483 484 1904
f 484 485 1903
f 485 486 1902
f 484 521 485
f 486 1922 1900
f 483 516 519
f 484 519 521
f 486 525 1922
f 263 1253 264
f 264 1228 278
f 263 274 1253
f 265 275 1254
f 270 286 1236
f 270 1260 271
f 265 1261 272
f 271 1260 290
f 272 1261 296
f 302 1304 303
f 303 1265 327
f 302 324 1303
f 305 1307 306
f 306 1276 338
f 305 331 1307
f 309 343 1310
f 310 311 1311
f 288 1238 311
f 310 1311 348
f 18 1327 380
f 309 1410 410
f 410 1368 431
f 412 433 1370
f 412 1413 413
f 413 1413 435
f 415 417 1415
f 417 450 1387
f 418 454 1391
f 418 1419 419
f 419 1393 456
f 415 1415 447
f 473 1477 474
f 474 1440 501
f 473 495 1477
f 482 508 1485
f 482 1486 483
f 483 1455 516
f 485 521 1460
f 485 1489 486
f 486 1489 525
f 563 564 573
f 566 608 567
f 565 566 577
f 566 567 581
f 564 574 573
f 566 580 577
f 565 577 575
f 566 581 580
f 568 570 586
f 567 610 569
f 568 569 613
f 568 588 569
f 572 642 595
f 571 572 596
f 568 612 570
f 570 614 571
f 568 613 612
f 570 612 614
f 571 702 572
f 571 614 702
f 568 585 588
f 568 586 585
f 572 594 596
f 572 595 594
f 107 603 602
f 563 602 604
f 563 606 564
f 107 602 616
f 563 617 602
f 107 609 603
f 602 603 604
f 563 604 606
f 564 605 565
f 564 606 605
f 565 605 607
f 565 607 566
f 566 607 608
f 602 617 616
f 563 573 617
f 567 608 610
f 569 610 611
f 569 611 613
f 639 670 644
f 640 641 664
f 639 661 670
f 641 663 664
f 572 645 642
f 642 646 643
f 643 647 644
f 643 644 669
f 572 702 645
f 642 645 646
f 643 646 647
f 639 644 648
f 639 648 649
f 639 649 640
f 640 655 641
f 640 649 655
f 644 647 648
f 644 670 669
f 650 657 651
f 651 658 652
f 650 651 681
f 641 650 663
f 652 659 653
f 653 660 654
f 652 653 686
f 653 654 690
f 650 681 680
f 650 680 663
f 652 686 687
f 653 690 686
f 654 693 690
f 641 656 650
f 641 655 656
f 651 657 658
f 650 656 657
f 652 658 659
f 653 659 660
f 654 660 719
f 714 715 735
f 715 716 736
f 714 721 715
f 654 719 714
f 715 722 716
f 715 721 720
f 715 720 722
f 717 718 744
f 718 724 759
f 716 723 717
f 716 722 723
f 717 732 718
f 717 723 732
f 715 736 735
f 716 737 736
f 718 747 744
f 718 759 747
f 714 719 721
f 725 729 726
f 725 726 760
f 718 733 724
f 724 734 725
f 718 732 733
f 724 733 734
f 725 734 729
f 726 730 727
f 727 731 728
f 726 727 761
f 728 779 769
f 726 729 730
f 727 730 731
f 728 731 782
f 726 761 760
f 727 765 761
f 728 782 779
f 779 783 780
f 780 786 781
f 779 780 799
f 780 781 805
f 779 782 783
f 780 783 786
f 781 787 784
f 784 788 785
f 785 792 789
f 784 785 811
f 785 789 815
f 781 786 787
f 784 787 788
f 785 788 792
f 769 779 799
f 780 804 799
f 780 805 804
f 784 811 810
f 785 815 811
f 789 817 815
f 789 793 790
f 790 794 791
f 790 791 824
f 791 795 828
f 789 792 793
f 790 793 794
f 791 794 797
f 791 797 795
f 795 798 796
f 796 3809 3806
f 796 3806 836
f 795 797 798
f 796 798 3809
f 791 828 824
f 795 831 828
f 836 3806 839
f 564 1528 574
f 564 565 1557
f 567 1535 581
f 565 575 1557
f 567 569 1560
f 569 588 1542
f 570 571 1563
f 571 596 1550
f 570 1563 586
f 639 1603 661
f 639 640 1644
f 640 664 1645
f 642 643 1647
f 643 669 1611
f 595 642 1647
f 651 1623 681
f 651 652 1656
f 654 1635 693
f 654 714 1659
f 652 687 1656
f 716 717 1723
f 717 744 1689
f 714 735 1721
f 716 1723 737
f 724 725 1731
f 725 760 1704
f 727 728 1734
f 724 1731 759
f 727 1734 765
f 728 769 1735
f 781 1750 805
f 781 784 1791
f 789 1762 817
f 784 810 1791
f 789 790 1799
f 795 796 1805
f 796 836 1782
f 790 824 1800
f 795 1805 831
f 164 1153 957
f 1 1021 951
f 1 962 1021
f 6 953 962
f 16 966 1010
f 51 1009 980
f 16 1010 1009
f 18 1012 1327
f 20 967 1014
f 22 977 1016
f 20 1014 1012
f 39 1011 968
f 22 1016 1011
f 23 1017 985
f 25 1019 1017
f 58 987 1019
f 82 1042 1035
f 83 1030 1162
f 82 1043 1042
f 93 1040 1043
f 95 1068 1089
f 116 1088 1045
f 95 1089 1088
f 98 1092 1047
f 97 1091 1092
f 122 1051 1091
f 103 1073 1097
f 136 1099 1065
f 103 1097 1099
f 107 1101 1102
f 147 1102 1076
f 160 1132 1149
f 162 1110 1151
f 160 1149 1152
f 162 1151 1148
f 185 1152 1113
f 165 1118 1154
f 165 1154 1153
f 193 1148 1121
f 203 1161 1131
f 173 1162 1161
f 952 956 963
f 952 963 953
f 956 957 964
f 957 1153 964
f 953 963 962
f 956 964 963
f 964 1153 1023
f 966 991 1010
f 991 1020 1010
f 967 969 1014
f 968 1013 969
f 976 980 1015
f 976 1016 977
f 969 1013 1014
f 968 1011 1013
f 976 1015 1016
f 980 1009 1015
f 1010 1020 1349
f 1009 1010 1350
f 1015 1351 1016
f 1011 1016 1353
f 1009 1354 1015
f 1009 1350 1354
f 1010 1349 1350
f 987 988 1019
f 988 997 1018
f 985 1020 991
f 951 1021 997
f 988 1018 1019
f 997 1021 1018
f 985 1017 1020
f 1017 1019 1027
f 1018 1026 1019
f 1018 1021 1024
f 962 963 1029
f 962 1028 1021
f 963 964 1022
f 964 1023 1022
f 1023 1153 1183
f 963 1022 1029
f 962 1029 1028
f 1021 1028 1024
f 1017 1360 1020
f 1017 1025 1360
f 1017 1027 1025
f 1019 1026 1027
f 1018 1024 1026
f 1020 1360 1349
f 1031 1034 1041
f 1030 1031 1041
f 1034 1035 1042
f 1030 1041 1162
f 1034 1042 1041
f 1040 1093 1043
f 1043 1093 1166
f 1045 1088 1094
f 1048 1093 1052
f 1047 1090 1048
f 1040 1052 1093
f 1051 1058 1091
f 1045 1094 1058
f 1048 1090 1093
f 1047 1092 1090
f 1090 1092 1196
f 1090 1195 1093
f 1091 1197 1092
f 1092 1197 1196
f 1091 1198 1197
f 1058 1094 1091
f 1091 1094 1198
f 1088 1199 1094
f 1088 1089 1096
f 1089 1104 1096
f 1094 1199 1198
f 1088 1095 1199
f 1088 1096 1095
f 1064 1065 1098
f 1064 1089 1068
f 1073 1074 1100
f 1074 1076 1100
f 1064 1098 1089
f 1065 1099 1098
f 1098 1099 1105
f 1097 1103 1099
f 1073 1100 1097
f 1076 1102 1100
f 1097 1100 1106
f 1100 1102 1107
f 1100 1107 1106
f 1101 1108 1102
f 1102 1108 1107
f 1101 1597 1108
f 1089 1098 1104
f 1098 1105 1104
f 1099 1103 1105
f 1097 1106 1103
f 1109 1113 1150
f 1109 1151 1110
f 1109 1150 1151
f 1113 1152 1150
f 1149 1158 1152
f 1118 1120 1154
f 1120 1121 1155
f 1120 1155 1154
f 1121 1148 1155
f 1148 1180 1155
f 1148 1151 1181
f 1153 1154 1184
f 1154 1155 1182
f 1155 1180 1182
f 1148 1181 1180
f 1150 1156 1151
f 1150 1152 1157
f 1150 1157 1156
f 1149 1159 1158
f 1152 1158 1157
f 1151 1156 1181
f 1131 1160 1133
f 1132 1133 1149
f 1131 1161 1160
f 1133 1160 1149
f 1161 1162 1168
f 1041 1163 1162
f 1149 1160 1159
f 1160 1161 1169
f 1160 1169 1167
f 1162 1163 1168
f 1161 1168 1169
f 1041 1042 1164
f 1042 1165 1164
f 1042 1043 1165
f 1043 1166 1165
f 1041 1164 1163
f 1159 1160 1167
f 1153 1184 1183
f 1154 1182 1184
f 1093 1195 1166
f 1090 1196 1195
f 264 1256 1228
f 274 1224 1253
f 275 1225 1254
f 264 1253 1256
f 270 1236 1259
f 270 1259 1260
f 290 1260 1240
f 265 1254 1261
f 296 1261 1246
f 303 1304 1265
f 324 1262 1303
f 302 1303 1304
f 306 1309 1276
f 331 1269 1307
f 306 1307 1309
f 343 1281 1310
f 309 1310 1410
f 311 1238 1312
f 311 1312 1311
f 348 1311 1286
f 410 1410 1368
f 412 1370 1412
f 412 1412 1413
f 435 1413 1372
f 417 1387 1417
f 418 1391 1418
f 419 1419 1393
f 447 1415 1384
f 417 1417 1415
f 418 1418 1419
f 474 1478 1440
f 495 1434 1477
f 474 1477 1478
f 508 1447 1485
f 483 1486 1455
f 485 1460 1488
f 482 1485 1486
f 485 1488 1489
f 525 1489 1464
f 1223 1252 1224
f 1226 1230 1255
f 1225 1226 1255
f 1228 1256 1230
f 1224 1252 1253
f 1225 1255 1254
f 1230 1256 1255
f 1252 1314 1253
f 1235 1246 1257
f 1235 1257 1236
f 1239 1240 1258
f 1238 1239 1258
f 1236 1257 1259
f 1238 1258 1312
f 1240 1260 1258
f 1257 1261 1324
f 1246 1261 1257
f 1253 1315 1256
f 1255 1256 1318
f 1252 1367 1314
f 1254 1255 1316
f 1254 1322 1261
f 1253 1314 1315
f 1256 1315 1317
f 1256 1317 1318
f 1262 1287 1303
f 1264 1265 1305
f 1287 1313 1303
f 1265 1304 1305
f 1268 1306 1269
f 1264 1306 1268
f 1274 1275 1308
f 1274 1308 1281
f 1275 1276 1309
f 1269 1306 1307
f 1264 1305 1306
f 1275 1309 1308
f 1281 1308 1310
f 1303 1313 1420
f 1303 1480 1304
f 1286 1313 1287
f 1286 1311 1313
f 1257 1321 1259
f 1259 1320 1260
f 1258 1423 1312
f 1258 1260 1425
f 1257 1324 1319
f 1257 1319 1321
f 1255 1318 1316
f 1254 1323 1322
f 1254 1316 1323
f 1261 1322 1324
f 1311 1312 1427
f 1311 1429 1313
f 1259 1321 1320
f 1260 1320 1424
f 1260 1424 1425
f 1258 1425 1423
f 1312 1423 1426
f 1312 1426 1427
f 1325 1327 1348
f 1223 1325 1252
f 1012 1348 1327
f 1252 1325 1348
f 1012 1014 1359
f 1013 1356 1014
f 1011 1355 1013
f 1012 1358 1348
f 1252 1348 1367
f 1011 1353 1355
f 1013 1355 1356
f 1014 1356 1359
f 1015 1354 1351
f 1016 1351 1352
f 1016 1352 1353
f 1012 1359 1357
f 1012 1357 1358
f 1348 1358 1367
f 1369 1411 1370
f 1368 1411 1369
f 1372 1414 1374
f 1374 1417 1387
f 1368 1410 1411
f 1370 1411 1412
f 1372 1413 1414
f 1374 1414 1417
f 1304 1483 1305
f 1305 1493 1306
f 1303 1420 1421
f 1303 1421 1422
f 1303 1422 1480
f 1384 1416 1385
f 1385 1418 1391
f 1384 1415 1416
f 1385 1416 1418
f 1393 1419 1475
f 1304 1480 1481
f 1304 1481 1482
f 1304 1482 1483
f 1305 1483 1484
f 1305 1484 1490
f 1305 1490 1491
f 1305 1491 1492
f 1311 1427 1428
f 1311 1428 1429
f 1313 1429 1430
f 1313 1430 1420
f 1393 1475 1431
f 1431 1476 1433
f 1433 1476 1434
f 1440 1478 1441
f 1441 1479 1445
f 1445 1479 1447
f 1431 1475 1476
f 1434 1476 1477
f 1441 1478 1479
f 1447 1479 1485
f 1412 3006 1413
f 1413 3005 1414
f 1411 3007 1412
f 1410 3008 1411
f 1306 3066 1307
f 1305 1492 1493
f 1306 1493 1494
f 1306 1494 2939
f 1306 2939 2940
f 1308 1309 3064
f 1310 3062 1410
f 1308 3063 1310
f 1307 3065 1309
f 1455 1487 1458
f 1458 1488 1460
f 1464 2933 2886
f 1455 1486 1487
f 1458 1487 1488
f 1415 2999 1416
f 1416 2998 1418
f 1475 2949 1476
f 1476 2948 1477
f 1418 2997 1419
f 1419 2996 1475
f 1414 3004 1417
f 1415 1417 3000
f 1464 1489 2933
f 1478 2946 1479
f 1477 2947 1478
f 1479 2945 1485
f 1485 2938 1486
f 1486 2937 1487
f 1487 2936 1488
f 1488 2935 1489
f 564 1556 1528
f 567 1560 1535
f 564 1557 1556
f 575 1529 1557
f 569 1542 1562
f 571 1550 1564
f 586 1563 1540
f 569 1562 1560
f 571 1564 1563
f 616 1567 1101
f 639 1644 1603
f 640 1645 1644
f 664 1606 1645
f 643 1611 1648
f 595 1647 1549
f 643 1648 1647
f 651 1655 1623
f 654 1659 1635
f 651 1656 1655
f 687 1629 1656
f 717 1689 1724
f 714 1721 1659
f 735 1680 1721
f 737 1723 1682
f 717 1724 1723
f 725 1704 1732
f 725 1732 1731
f 759 1731 1703
f 765 1734 1709
f 728 1735 1734
f 769 1713 1735
f 781 1790 1750
f 789 1799 1762
f 781 1791 1790
f 810 1755 1791
f 796 1782 1806
f 790 1800 1799
f 824 1770 1800
f 831 1805 1777
f 796 1806 1805
f 1527 1528 1556
f 1529 1531 1557
f 1531 1534 1558
f 1534 1535 1559
f 1534 1559 1558
f 1531 1558 1557
f 1535 1560 1559
f 1559 1560 1595
f 1539 1540 1561
f 1539 1562 1542
f 1548 1549 1565
f 1548 1564 1550
f 1539 1561 1562
f 1540 1563 1561
f 1560 1562 1596
f 1561 1563 1601
f 1561 1599 1562
f 1548 1565 1564
f 1549 1647 1565
f 1565 1647 1672
f 1563 1564 1600
f 1563 1600 1601
f 1564 1602 1600
f 1564 1565 1602
f 1565 1672 1602
f 1101 1567 1568
f 1527 1590 1568
f 1101 1568 1590
f 1527 1556 1590
f 1101 1590 1597
f 1556 1591 1590
f 1556 1557 1592
f 1590 1591 1597
f 1556 1592 1591
f 1557 1594 1592
f 1557 1558 1594
f 1558 1559 1593
f 1558 1593 1594
f 1560 1596 1595
f 1559 1595 1593
f 1562 1598 1596
f 1562 1599 1598
f 1561 1601 1599
f 1603 1649 1612
f 1605 1645 1606
f 1603 1644 1649
f 1605 1646 1645
f 1611 1612 1648
f 1612 1649 1648
f 1647 1648 1650
f 1648 1649 1651
f 1647 1650 1672
f 1648 1651 1650
f 1649 1652 1651
f 1644 1645 1653
f 1644 1652 1649
f 1645 1646 1654
f 1645 1654 1653
f 1646 1660 1654
f 1644 1653 1652
f 1622 1623 1655
f 1605 1622 1646
f 1628 1632 1657
f 1628 1657 1629
f 1632 1635 1658
f 1622 1655 1646
f 1629 1657 1656
f 1656 1657 1662
f 1632 1658 1657
f 1635 1659 1658
f 1657 1658 1663
f 1658 1659 1664
f 1659 1721 1665
f 1646 1655 1660
f 1655 1661 1660
f 1655 1656 1661
f 1656 1662 1661
f 1657 1663 1662
f 1658 1664 1663
f 1659 1665 1664
f 1680 1681 1721
f 1681 1682 1722
f 1689 1692 1725
f 1692 1703 1725
f 1681 1722 1721
f 1682 1723 1722
f 1721 1722 1726
f 1722 1728 1726
f 1722 1723 1727
f 1722 1727 1728
f 1689 1725 1724
f 1703 1731 1725
f 1723 1724 1729
f 1723 1729 1727
f 1724 1730 1729
f 1724 1725 1730
f 1725 1731 1739
f 1725 1739 1730
f 1665 1721 1726
f 1704 1705 1733
f 1705 1709 1733
f 1713 1744 1735
f 1704 1733 1732
f 1732 1733 1741
f 1731 1732 1740
f 1731 1740 1739
f 1733 1736 1741
f 1732 1741 1740
f 1709 1734 1733
f 1735 1744 1789
f 1733 1734 1736
f 1734 1735 1737
f 1735 1789 1738
f 1734 1737 1736
f 1735 1738 1737
f 1744 1749 1789
f 1749 1750 1790
f 1755 1756 1794
f 1756 1760 1794
f 1760 1762 1795
f 1749 1790 1789
f 1789 1790 1792
f 1790 1791 1793
f 1738 1789 1792
f 1790 1793 1792
f 1791 1796 1793
f 1755 1794 1791
f 1760 1795 1794
f 1762 1799 1795
f 1791 1794 1796
f 1794 1795 1797
f 1795 1799 1798
f 1794 1797 1796
f 1795 1798 1797
f 1798 1799 1802
f 1770 1774 1800
f 1774 1777 1801
f 1782 4775 4821
f 1774 1801 1800
f 1799 1800 1802
f 1800 1801 1803
f 1801 1805 1804
f 1800 1803 1802
f 1801 1804 1803
f 1777 1805 1801
f 1782 4821 1806
f 1805 1806 1807
f 1806 4821 1808
f 1804 1805 1807
f 1806 1808 1807
f 1808 4821 4824
f 486 1900 1901
f 486 1901 1902
f 485 1902 1903
f 484 1903 1904
f 483 1904 1905
f 482 1905 1912
f 476 1912 1913
f 1900 1925 1901
f 1902 1928 1903
f 475 1913 1914
f 474 1914 1915
f 473 1915 1916
f 472 1916 1969
f 419 1969 1970
f 418 1970 1971
f 416 1971 1972
f 415 1972 1973
f 1903 1935 1904
f 305 2042 1906
f 1900 1922 1925
f 1903 1928 1929
f 1903 1929 1935
f 417 1973 1977
f 414 1977 1978
f 413 1978 1979
f 412 1979 1980
f 411 1980 1981
f 410 1981 2037
f 1905 1943 1912
f 1912 1947 1913
f 1914 1954 1915
f 1915 1955 1916
f 309 2037 2038
f 307 2038 2039
f 308 2039 2040
f 306 2040 2041
f 305 2041 2042
f 1906 2042 1907
f 1907 2042 1908
f 1908 2042 1909
f 1912 1943 1944
f 1912 1944 1947
f 1913 1947 1949
f 1915 1954 1953
f 1915 1953 1955
f 1916 1955 1990
f 1916 1990 1969
f 1970 1995 1971
f 1971 1996 1972
f 1909 2042 1910
f 1910 2042 1911
f 1911 2042 1917
f 1917 2043 1918
f 1918 2043 1919
f 1919 2043 1920
f 1920 2044 1921
f 1970 1992 1995
f 1971 1995 1996
f 1973 2001 1977
f 1977 2007 1978
f 1979 2012 1980
f 1980 2015 1981
f 1921 2044 1974
f 1974 2044 1975
f 1975 2051 1976
f 1917 2042 2043
f 1977 2001 2005
f 1977 2005 2007
f 1980 2012 2014
f 1980 2014 2015
f 1976 2051 1982
f 1982 2052 1983
f 1983 2052 1984
f 1920 2043 2044
f 1975 2044 2051
f 2037 2059 2038
f 2038 2065 2039
f 2040 2070 2041
f 2041 2075 2042
f 2038 2059 2062
f 2038 2062 2065
f 2039 2065 2066
f 2041 2070 2069
f 2041 2069 2075
f 2042 2076 2043
f 2044 2089 2051
f 2042 2075 2076
f 2044 2079 2089
f 1984 2053 1985
f 1985 2053 1986
f 1986 2100 1987
f 1987 2100 1988
f 1982 2051 2052
f 1984 2052 2053
f 1988 2101 1989
f 1989 2101 2045
f 2045 2102 2046
f 1986 2053 2100
f 2046 2103 2047
f 2047 2103 2048
f 1988 2100 2101
f 2045 2101 2102
f 2046 2102 2103
f 2051 2093 2052
f 2048 2104 2049
f 2049 2105 2050
f 2050 2105 2054
f 2054 2106 2055
f 2051 2089 2093
f 2048 2103 2104
f 2053 2110 2100
f 2100 2115 2101
f 2102 2118 2103
f 2049 2104 2105
f 2054 2105 2106
f 2055 2107 2056
f 2056 2108 2057
f 2057 2108 2058
f 2055 2106 2107
f 2058 2109 2139
f 2056 2107 2108
f 2103 2124 2104
f 2100 2110 2111
f 2100 2111 2115
f 2103 2118 2120
f 2103 2120 2124
f 2058 2108 2109
f 2105 2127 2106
f 2106 2133 2107
f 2108 2138 2109
f 2106 2127 2129
f 2106 2129 2133
f 2107 2133 2136
f 2109 2138 2137
f 2139 2151 2146
f 2146 2207 2147
f 2147 2207 2148
f 2109 2151 2139
f 2146 2151 2207
f 2148 2208 2149
f 2149 2209 2150
f 2150 2210 2152
f 2148 2207 2208
f 2149 2208 2209
f 2150 2209 2210
f 2109 2167 2151
f 2151 2169 2207
f 2152 2211 2153
f 2153 2211 2154
f 2154 2212 2155
f 2109 2137 2167
f 2151 2167 2169
f 1901 1925 2889
f 1901 2935 1902
f 1904 2938 1905
f 1902 2935 1928
f 1904 1935 2937
f 1905 2907 1943
f 1913 2947 1914
f 1914 2918 1954
f 1913 1949 2947
f 1969 2997 1970
f 1972 1996 2961
f 1972 3000 1973
f 1969 1990 2996
f 1970 2997 1992
f 1973 3000 2001
f 1978 2007 2972
f 1978 3006 1979
f 1979 3006 2012
f 1981 2015 3008
f 1981 3062 2037
f 2037 3021 2059
f 2039 3065 2040
f 2040 3032 2070
f 2039 2066 3065
f 2043 3069 2044
f 2044 3041 2079
f 2043 2076 3068
f 2052 2093 3055
f 2052 3078 2053
f 2053 3078 2110
f 2101 2115 3089
f 2101 3115 2102
f 2104 2124 3098
f 2104 3118 2105
f 2102 3115 2118
f 2105 3101 2127
f 2107 3121 2108
f 2108 3112 2138
f 2107 2136 3121
f 2208 2234 2209
f 2209 2235 2210
f 2152 2210 2211
f 2154 2211 2212
f 2155 2213 2156
f 2156 2214 2157
f 2155 2212 2213
f 2156 2213 2214
f 2157 2214 2221
f 2211 2240 2212
f 2212 2243 2213
f 2208 2231 2234
f 2209 2234 2235
f 2211 2238 2240
f 2212 2240 2243
f 2214 2255 2221
f 2214 2247 2255
f 2157 2221 2158
f 2158 2222 2215
f 2215 2223 2216
f 2158 2221 2222
f 2216 2223 2217
f 2217 2224 2218
f 2215 2222 2223
f 2217 2223 2224
f 2218 2224 2227
f 2221 2260 2222
f 2223 2262 2224
f 2224 2269 2227
f 2218 2227 2219
f 2219 2272 2220
f 2220 2273 2225
f 2219 2227 2272
f 2220 2272 2273
f 2225 2274 2226
f 2226 2301 2286
f 2225 2273 2274
f 2221 2255 2260
f 2224 2262 2264
f 2224 2264 2269
f 2227 2269 2275
f 2226 2274 2301
f 2272 2278 2273
f 2273 2282 2274
f 2274 2283 2301
f 2273 2278 2277
f 2273 2277 2282
f 2274 2282 2283
f 2286 2301 2287
f 2287 2302 2288
f 2287 2301 2302
f 2288 2302 2303
f 2288 2303 2289
f 2289 2308 2290
f 2289 2303 2308
f 2290 2308 2309
f 2302 2328 2303
f 2303 2330 2308
f 2290 2309 2304
f 2304 2310 2305
f 2304 2309 2310
f 2305 2310 2311
f 2305 2311 2306
f 2306 2312 2307
f 2302 2324 2328
f 2303 2328 2330
f 2306 2311 2312
f 2309 2337 2310
f 2310 2343 2311
f 2310 2337 2339
f 2310 2339 2343
f 2307 2316 2313
f 2313 2317 2314
f 2307 2312 2316
f 2313 2316 2317
f 2314 2317 2315
f 2315 2318 2319
f 2315 2317 2318
f 2318 2378 2319
f 2312 2351 2316
f 2316 2354 2317
f 2319 2378 2320
f 2320 2379 2321
f 2320 2378 2379
f 2321 2380 2322
f 2321 2379 2380
f 2312 2349 2351
f 2316 2351 2354
f 2322 2392 2363
f 2363 2393 2364
f 2318 2382 2378
f 2322 2380 2392
f 2378 2388 2379
f 2380 2391 2392
f 2378 2382 2383
f 2378 2383 2388
f 2379 2388 2389
f 2363 2392 2393
f 2364 2393 2394
f 2364 2394 2365
f 2365 2395 2366
f 2365 2394 2395
f 2392 2417 2393
f 2393 2421 2394
f 2366 2398 2367
f 2367 2399 2396
f 2396 2400 2397
f 2366 2395 2398
f 2367 2398 2399
f 2397 2400 2401
f 2396 2399 2400
f 2395 2428 2398
f 2391 2414 2392
f 2392 2414 2417
f 2393 2417 2421
f 2395 2422 2428
f 2398 2428 2432
f 2398 2432 2399
f 2401 2407 2402
f 2400 2407 2401
f 2402 2408 2403
f 2403 2409 2404
f 2402 2407 2408
f 2403 2408 2409
f 2400 2444 2407
f 2407 2446 2408
f 2404 2410 2405
f 2404 2409 2410
f 2405 2410 2411
f 2405 2411 2406
f 2406 2412 2566
f 2406 2411 2412
f 2409 2448 2410
f 2410 2453 2411
f 2400 2439 2444
f 2407 2444 2446
f 2410 2448 2450
f 2410 2450 2453
f 2207 3227 2208
f 2210 2235 3189
f 2210 3230 2211
f 2169 3226 2207
f 2208 3227 2231
f 2211 3230 2238
f 2213 2243 3197
f 2213 3233 2214
f 2214 3233 2247
f 2222 3242 2223
f 2223 3216 2262
f 2222 2260 3241
f 2227 3258 2272
f 2272 3250 2278
f 2227 2275 3258
f 2283 3314 2301
f 2301 3315 2302
f 2308 2330 3282
f 2302 3315 2324
f 2308 3322 2309
f 2311 2343 3295
f 2311 3325 2312
f 2309 3322 2337
f 2312 3325 2349
f 2317 2354 3306
f 2317 3331 2318
f 2318 3354 2382
f 2379 3366 2380
f 2380 3363 2391
f 2379 2389 3366
f 2394 3414 2395
f 2395 3376 2422
f 2394 2421 3413
f 2399 2432 3386
f 2399 3419 2400
f 2400 3419 2439
f 2408 2446 3400
f 2408 3428 2409
f 2411 2453 3407
f 2411 3431 2412
f 2409 3428 2448
f 2566 2569 2567
f 2567 2603 2568
f 2568 2604 2570
f 2412 2569 2566
f 2567 2569 2603
f 2568 2603 2604
f 2412 2587 2569
f 2569 2613 2603
f 2570 2605 2571
f 2570 2604 2605
f 2571 2605 2606
f 2571 2606 2572
f 2572 2607 2573
f 2412 2586 2587
f 2569 2587 2613
f 2573 2608 2574
f 2574 2609 2575
f 2575 2609 2576
f 2572 2606 2607
f 2604 2618 2605
f 2605 2622 2606
f 2606 2624 2607
f 2603 2613 2614
f 2604 2615 2618
f 2605 2618 2622
f 2606 2622 2624
f 2573 2607 2608
f 2574 2608 2609
f 2576 2609 2610
f 2608 2631 2609
f 2609 2633 2610
f 2576 2610 2577
f 2577 2611 2578
f 2577 2610 2611
f 2578 2612 2642
f 2578 2611 2612
f 2612 2651 2642
f 2611 2640 2612
f 2612 2641 2651
f 2608 2627 2631
f 2609 2631 2633
f 2611 2635 2640
f 2612 2640 2641
f 2642 2651 2649
f 2649 2652 2650
f 2650 2653 2654
f 2649 2651 2652
f 2650 2652 2653
f 2652 2677 2653
f 2654 2657 2655
f 2653 2657 2654
f 2655 2657 2658
f 2655 2658 2656
f 2656 2659 2660
f 2656 2658 2659
f 2652 2675 2677
f 2653 2685 2657
f 2658 2689 2659
f 2653 2677 2685
f 2658 2688 2689
f 2660 2666 2661
f 2659 2666 2660
f 2661 2667 2662
f 2661 2666 2667
f 2662 2668 2663
f 2663 2669 2664
f 2664 2670 2665
f 2662 2667 2668
f 2659 2700 2666
f 2667 2704 2668
f 2663 2668 2669
f 2664 2669 2670
f 2665 2670 2719
f 2668 2708 2669
f 2669 2710 2670
f 2659 2689 2700
f 2666 2700 2701
f 2668 2704 2703
f 2668 2703 2708
f 2669 2708 2710
f 2665 2719 2714
f 2714 2720 2715
f 2714 2719 2720
f 2715 2720 2716
f 2716 2720 2721
f 2719 2747 2720
f 2720 2749 2721
f 2716 2721 2717
f 2717 2722 2718
f 2717 2721 2722
f 2718 2723 2724
f 2718 2722 2723
f 2723 2727 2724
f 2722 2752 2723
f 2723 2762 2727
f 2719 2746 2747
f 2720 2747 2749
f 2723 2752 2755
f 2723 2755 2762
f 2724 2727 2725
f 2725 2727 2728
f 2725 2728 2726
f 2726 2729 2730
f 2726 2728 2729
f 2728 2766 2729
f 2730 2733 2731
f 2731 2734 2732
f 2729 2733 2730
f 2731 2733 2734
f 2732 2734 2779
f 2729 2773 2733
f 2734 2804 2779
f 2729 2766 2767
f 2729 2767 2773
f 2734 2775 2804
f 2732 2779 2777
f 2777 2780 2778
f 2778 2781 2782
f 2777 2779 2780
f 2778 2780 2781
f 2779 2808 2780
f 2782 2785 2783
f 2783 2786 2784
f 2784 2790 2787
f 2781 2785 2782
f 2783 2785 2786
f 2784 2786 2790
f 2781 2813 2785
f 2785 2820 2786
f 2786 2822 2790
f 2779 2804 2808
f 2780 2808 2809
f 2785 2813 2817
f 2785 2817 2820
f 2786 2820 2822
f 2787 2791 2788
f 2788 2792 2789
f 2787 2790 2791
f 2788 2791 2792
f 2789 2792 2795
f 2791 2832 2792
f 2789 2795 2793
f 2793 2796 2794
f 2794 5799 5796
f 2793 2795 2796
f 2794 2796 5799
f 2792 2835 2795
f 2796 2838 5799
f 2791 2827 2832
f 2792 2832 2835
f 2838 5824 5799
f 2412 3537 2586
f 2603 3597 2604
f 2604 3569 2615
f 2603 2614 3597
f 2607 2624 3600
f 2607 3601 2608
f 2610 2633 3587
f 2610 3604 2611
f 2608 3601 2627
f 2611 3604 2635
f 2641 3595 2651
f 2651 3657 2652
f 2652 3657 2675
f 2657 3663 2658
f 2658 3630 2688
f 2657 2685 3662
f 2666 3672 2667
f 2667 3646 2704
f 2666 2701 3672
f 2670 2710 3675
f 2670 3725 2719
f 2719 3690 2746
f 2721 2749 3693
f 2721 3728 2722
f 2722 3728 2752
f 2727 2762 3706
f 2727 3734 2728
f 2733 2773 3717
f 2733 3740 2734
f 2734 3719 2775
f 2728 3734 2766
f 2780 3790 2781
f 2781 3757 2813
f 2780 2809 3790
f 2790 2822 3799
f 2790 3800 2791
f 2791 3772 2827
f 2795 2835 3780
f 2795 3805 2796
f 2796 3805 2838
f 1901 2889 2934
f 1901 2934 2935
f 1928 2935 2892
f 1935 2899 2937
f 1904 2937 2938
f 1905 2938 2907
f 1914 2948 2918
f 1949 2913 2947
f 1914 2947 2948
f 1972 2961 2999
f 1990 2955 2996
f 1969 2996 2997
f 1992 2997 2957
f 1972 2999 3000
f 2001 3000 2966
f 1978 2972 3005
f 1978 3005 3006
f 2012 3006 2977
f 2015 2980 3008
f 1981 3008 3062
f 2037 3062 3021
f 2040 3066 3032
f 2066 3028 3065
f 2040 3065 3066
f 2044 3069 3041
f 2076 3038 3068
f 2043 3068 3069
f 2052 3055 3077
f 2052 3077 3078
f 2110 3078 3084
f 2101 3089 3114
f 2104 3098 3117
f 2101 3114 3115
f 2118 3115 3092
f 2104 3117 3118
f 2105 3118 3101
f 2108 3122 3112
f 2136 3110 3121
f 2108 3121 3122
f 2169 3140 3226
f 2886 2933 2889
f 2892 2936 2893
f 2893 2937 2899
f 2889 2933 2934
f 2892 2935 2936
f 1489 2934 2933
f 1489 2935 2934
f 1488 2936 2935
f 1487 2937 2936
f 1486 2938 2937
f 1485 2945 2938
f 1479 2946 2945
f 2893 2936 2937
f 1478 2947 2946
f 1477 2948 2947
f 1476 2949 2948
f 1475 2996 2949
f 1419 2997 2996
f 1418 2998 2997
f 1416 2999 2998
f 1415 3000 2999
f 1306 2940 3067
f 2907 2945 2908
f 2908 2946 2911
f 2911 2946 2913
f 2917 2918 2948
f 2917 2949 2919
f 2919 2949 2955
f 2907 2938 2945
f 2908 2945 2946
f 2913 2946 2947
f 1417 3004 3000
f 1414 3005 3004
f 1413 3006 3005
f 1412 3007 3006
f 1411 3008 3007
f 1410 3062 3008
f 2917 2948 2949
f 1310 3063 3062
f 1308 3064 3063
f 1309 3065 3064
f 1307 3066 3065
f 1306 3067 3066
f 2940 2941 3067
f 2941 2942 3067
f 2957 2998 2960
f 2960 2998 2961
f 2949 2996 2955
f 2957 2997 2998
f 2961 2998 2999
f 2942 2943 3067
f 2943 2944 3067
f 2944 2950 3067
f 2950 2951 3067
f 2951 2952 3068
f 2952 2953 3068
f 2953 2954 3068
f 2966 3004 2970
f 2970 3004 2972
f 2977 3007 2979
f 2979 3008 2980
f 2966 3000 3004
f 2972 3004 3005
f 2977 3006 3007
f 2979 3007 3008
f 2954 3001 3069
f 3001 3002 3069
f 3002 3003 3069
f 2951 3068 3067
f 3003 3009 3076
f 3009 3010 3076
f 3010 3011 3077
f 3011 3012 3077
f 3021 3063 3024
f 3024 3064 3027
f 3027 3064 3028
f 3031 3032 3066
f 3031 3067 3037
f 3021 3062 3063
f 3024 3063 3064
f 2954 3069 3068
f 3003 3076 3069
f 3028 3064 3065
f 3031 3066 3067
f 3037 3067 3038
f 3041 3076 3051
f 3038 3067 3068
f 3041 3069 3076
f 3012 3013 3078
f 3013 3014 3078
f 3014 3015 3113
f 3010 3077 3076
f 3012 3078 3077
f 3015 3016 3113
f 3016 3070 3114
f 3070 3071 3114
f 3051 3076 3055
f 3014 3113 3078
f 3071 3072 3115
f 3072 3073 3116
f 3016 3114 3113
f 3055 3076 3077
f 3071 3115 3114
f 3072 3116 3115
f 3073 3074 3116
f 3074 3075 3117
f 3075 3079 3118
f 3079 3080 3118
f 3080 3081 3119
f 3084 3113 3085
f 3085 3113 3089
f 3092 3116 3094
f 3094 3117 3098
f 3078 3113 3084
f 3089 3113 3114
f 3092 3115 3116
f 3094 3116 3117
f 3074 3117 3116
f 3075 3118 3117
f 3081 3082 3120
f 3082 3083 3121
f 3083 3129 3121
f 3080 3119 3118
f 3081 3120 3119
f 3082 3121 3120
f 3101 3119 3103
f 3103 3120 3107
f 3107 3120 3110
f 3111 3112 3122
f 3101 3118 3119
f 3103 3119 3120
f 3110 3120 3121
f 3121 3129 3122
f 3122 3129 3155
f 3155 3156 3160
f 3156 3157 3226
f 3111 3160 3138
f 3138 3160 3140
f 3122 3155 3160
f 3156 3226 3160
f 3157 3158 3226
f 3158 3159 3227
f 3159 3161 3228
f 3111 3122 3160
f 3140 3160 3226
f 3158 3227 3226
f 3159 3228 3227
f 3161 3229 3228
f 3161 3162 3229
f 3162 3163 3230
f 3163 3164 3230
f 2210 3189 3229
f 2207 3226 3227
f 2231 3227 3185
f 2210 3229 3230
f 2238 3230 3192
f 2213 3197 3232
f 2213 3232 3233
f 2247 3233 3201
f 2223 3242 3216
f 2260 3214 3241
f 2222 3241 3242
f 2272 3259 3250
f 2275 3247 3258
f 2272 3258 3259
f 2283 3255 3314
f 2301 3314 3315
f 2324 3315 3276
f 2308 3282 3321
f 2311 3295 3324
f 2308 3321 3322
f 2337 3322 3289
f 2311 3324 3325
f 2317 3306 3330
f 2349 3325 3301
f 2317 3330 3331
f 2318 3331 3354
f 2380 3411 3363
f 2389 3361 3366
f 2380 3366 3411
f 2395 3414 3376
f 2421 3375 3413
f 2394 3413 3414
f 2399 3386 3418
f 2399 3418 3419
f 2439 3419 3393
f 2408 3400 3427
f 2411 3407 3430
f 2412 3431 3537
f 2408 3427 3428
f 2448 3428 3402
f 2411 3430 3431
f 3185 3228 3188
f 3188 3228 3189
f 3192 3231 3194
f 3194 3232 3197
f 3185 3227 3228
f 3189 3228 3229
f 3162 3230 3229
f 3164 3231 3230
f 3164 3165 3231
f 3165 3166 3232
f 3166 3167 3233
f 3192 3230 3231
f 3194 3231 3232
f 3165 3232 3231
f 3166 3233 3232
f 3201 3233 3240
f 3167 3234 3240
f 3234 3235 3241
f 3167 3240 3233
f 3235 3236 3242
f 3236 3237 3242
f 3201 3240 3209
f 3209 3241 3214
f 3216 3243 3218
f 3218 3246 3223
f 3223 3246 3247
f 3209 3240 3241
f 3234 3241 3240
f 3235 3242 3241
f 3237 3238 3243
f 3237 3243 3242
f 3216 3242 3243
f 3218 3243 3246
f 3238 3246 3243
f 3238 3239 3246
f 3239 3244 3258
f 3239 3258 3246
f 3244 3259 3258
f 3244 3245 3259
f 3245 3270 3260
f 3245 3260 3259
f 3249 3250 3259
f 3249 3260 3254
f 3254 3260 3255
f 3246 3258 3247
f 3249 3259 3260
f 3260 3270 3314
f 3255 3260 3314
f 3270 3271 3314
f 3271 3272 3314
f 3276 3316 3280
f 3280 3321 3282
f 3272 3315 3314
f 3272 3273 3315
f 3273 3274 3316
f 3273 3316 3315
f 3276 3315 3316
f 3280 3316 3321
f 3274 3321 3316
f 3274 3317 3321
f 3317 3318 3322
f 3317 3322 3321
f 3318 3323 3322
f 3318 3319 3323
f 3319 3320 3324
f 3289 3323 3291
f 3291 3323 3295
f 3289 3322 3323
f 3295 3323 3324
f 3319 3324 3323
f 3320 3325 3324
f 3320 3326 3325
f 3301 3329 3303
f 3303 3330 3306
f 3326 3327 3329
f 3325 3326 3329
f 3327 3330 3329
f 3327 3328 3330
f 3328 3332 3330
f 3301 3325 3329
f 3303 3329 3330
f 3330 3332 3331
f 3331 3332 3333
f 3331 3333 3364
f 3333 3334 3364
f 3334 3365 3364
f 3334 3335 3365
f 3335 3366 3365
f 3335 3348 3366
f 3348 3349 3411
f 3349 3350 3412
f 3354 3364 3355
f 3355 3365 3360
f 3360 3365 3361
f 3331 3364 3354
f 3355 3364 3365
f 3361 3365 3366
f 3348 3411 3366
f 3363 3411 3368
f 3368 3412 3371
f 3371 3412 3375
f 3376 3417 3382
f 3382 3417 3386
f 3349 3412 3411
f 3350 3351 3413
f 3350 3413 3412
f 3351 3414 3413
f 3368 3411 3412
f 3375 3412 3413
f 3351 3352 3414
f 3352 3415 3417
f 3415 3416 3418
f 3376 3414 3417
f 3352 3417 3414
f 3415 3418 3417
f 3416 3420 3419
f 3416 3419 3418
f 3386 3417 3418
f 3419 3420 3421
f 3419 3421 3426
f 3421 3422 3426
f 3422 3423 3427
f 3423 3424 3428
f 3393 3426 3398
f 3398 3427 3400
f 3402 3429 3404
f 3404 3430 3407
f 3393 3419 3426
f 3398 3426 3427
f 3422 3427 3426
f 3423 3428 3427
f 3424 3425 3429
f 3424 3429 3428
f 3425 3430 3429
f 3425 3554 3430
f 3430 3554 3431
f 3402 3428 3429
f 3404 3429 3430
f 2604 3598 3569
f 2614 3568 3597
f 2604 3597 3598
f 2624 3578 3600
f 2610 3587 3603
f 2607 3600 3601
f 2627 3601 3581
f 2610 3603 3604
f 2635 3604 3589
f 2651 3595 3656
f 2651 3656 3657
f 2675 3657 3617
f 2658 3663 3630
f 2685 3627 3662
f 2657 3662 3663
f 2667 3673 3646
f 2701 3643 3672
f 2667 3672 3673
f 2710 3652 3675
f 2670 3675 3725
f 2719 3725 3690
f 2721 3693 3727
f 2721 3727 3728
f 2752 3728 3696
f 2727 3706 3733
f 2733 3717 3739
f 2734 3740 3719
f 2727 3733 3734
f 2766 3734 3710
f 2733 3739 3740
f 2781 3794 3757
f 2809 3753 3790
f 2781 3790 3794
f 2822 3766 3799
f 2791 3800 3772
f 2795 3780 3804
f 2790 3799 3800
f 2795 3804 3805
f 2838 3805 3783
f 3537 3557 3538
f 3538 3596 3567
f 3431 3554 3555
f 3555 3556 3557
f 3556 3558 3596
f 3431 3557 3537
f 3538 3557 3596
f 3431 3555 3557
f 3556 3596 3557
f 3558 3597 3596
f 3558 3559 3597
f 3559 3560 3598
f 3559 3598 3597
f 3560 3561 3599
f 3560 3599 3598
f 3561 3562 3600
f 3562 3563 3601
f 3563 3564 3602
f 3567 3597 3568
f 3569 3598 3572
f 3572 3599 3576
f 3576 3599 3578
f 3567 3596 3597
f 3572 3598 3599
f 3578 3599 3600
f 3561 3600 3599
f 3581 3602 3585
f 3585 3602 3587
f 3589 3605 3594
f 3594 3605 3595
f 3581 3601 3602
f 3562 3601 3600
f 3563 3602 3601
f 3587 3602 3603
f 3564 3565 3602
f 3565 3566 3603
f 3565 3603 3602
f 3566 3604 3603
f 3566 3612 3604
f 3604 3612 3605
f 3589 3604 3605
f 3595 3605 3656
f 3617 3658 3619
f 3605 3612 3654
f 3654 3655 3656
f 3655 3659 3657
f 3617 3657 3658
f 3605 3654 3656
f 3655 3657 3656
f 3657 3659 3658
f 3658 3659 3660
f 3660 3661 3662
f 3658 3660 3662
f 3661 3665 3663
f 3661 3663 3662
f 3663 3665 3664
f 3619 3662 3627
f 3630 3664 3631
f 3619 3658 3662
f 3630 3663 3664
f 3664 3665 3666
f 3664 3666 3671
f 3666 3667 3671
f 3667 3668 3672
f 3668 3669 3673
f 3669 3670 3674
f 3670 3720 3675
f 3631 3671 3642
f 3642 3671 3643
f 3645 3646 3673
f 3645 3674 3650
f 3650 3675 3652
f 3631 3664 3671
f 3643 3671 3672
f 3667 3672 3671
f 3668 3673 3672
f 3645 3673 3674
f 3650 3674 3675
f 3669 3674 3673
f 3670 3675 3674
f 3720 3721 3725
f 3690 3726 3691
f 3691 3727 3693
f 3696 3729 3699
f 3699 3729 3706
f 3675 3720 3725
f 3721 3726 3725
f 3721 3722 3726
f 3722 3723 3726
f 3723 3727 3726
f 3690 3725 3726
f 3691 3726 3727
f 3723 3724 3727
f 3724 3728 3727
f 3724 3730 3728
f 3728 3730 3729
f 3696 3728 3729
f 3706 3729 3733
f 3710 3735 3711
f 3711 3739 3717
f 3729 3730 3731
f 3731 3732 3733
f 3729 3731 3733
f 3732 3734 3733
f 3732 3736 3734
f 3710 3734 3735
f 3734 3736 3735
f 3735 3736 3737
f 3737 3738 3739
f 3738 3786 3740
f 3711 3735 3739
f 3719 3740 3788
f 3735 3737 3739
f 3738 3740 3739
f 3719 3788 3748
f 3748 3789 3752
f 3752 3789 3753
f 3757 3794 3761
f 3761 3795 3764
f 3764 3799 3766
f 3786 3787 3788
f 3787 3791 3789
f 3748 3788 3789
f 3753 3789 3790
f 3740 3786 3788
f 3787 3789 3788
f 3789 3791 3790
f 3790 3791 3792
f 3792 3793 3794
f 3793 3796 3795
f 3761 3794 3795
f 3764 3795 3799
f 3790 3792 3794
f 3793 3795 3794
f 3795 3796 3799
f 3772 3801 3777
f 3777 3804 3780
f 3783 6825 6780
f 3796 3797 3799
f 3797 3798 3800
f 3798 3802 3801
f 3772 3800 3801
f 3777 3801 3804
f 3797 3800 3799
f 3798 3801 3800
f 3802 3803 3804
f 3803 6822 3805
f 3783 3805 6825
f 3801 3802 3804
f 3803 3805 3804
f 3805 6822 6825
f 3806 3810 3807
f 3807 3811 3808
f 3806 3807 3830
f 3808 3812 3835
f 3806 3809 3810
f 3807 3810 3811
f 3808 3811 3815
f 3808 3815 3812
f 3812 3816 3813
f 3813 3817 3814
f 3812 3813 3837
f 3812 3815 3816
f 3813 3816 3817
f 839 3806 3830
f 3812 3837 3835
f 3813 3842 3837
f 3814 3820 3818
f 3818 3821 3819
f 3819 3822 3823
f 3814 3818 3848
f 3818 3819 3849
f 3819 3823 3856
f 3814 3817 3820
f 3818 3820 3821
f 3819 3821 3822
f 3823 3826 3824
f 3824 3827 3825
f 3824 3825 3861
f 3822 3826 3823
f 3824 3826 3827
f 3825 3827 3878
f 3818 3849 3848
f 3819 3852 3849
f 3819 3856 3852
f 3824 3861 3862
f 3825 3865 3861
f 3825 3878 3876
f 3876 3879 3877
f 3877 3880 3881
f 3825 3876 3865
f 3877 3881 3899
f 3876 3878 3879
f 3877 3879 3880
f 3881 3884 3882
f 3881 3882 3906
f 3880 3884 3881
f 3882 3884 3885
f 3882 3885 3883
f 3883 3885 3886
f 3865 3876 3897
f 3881 3905 3899
f 3881 3906 3905
f 3883 3887 3911
f 3887 3888 3920
f 3883 3886 3887
f 3887 3892 3888
f 3886 3892 3887
f 3888 3893 3889
f 3888 3892 3893
f 3889 3893 3894
f 3889 3890 3923
f 3890 3891 3925
f 3889 3894 3890
f 3890 3894 3895
f 3890 3896 3891
f 3890 3895 3896
f 3887 3917 3911
f 3887 3920 3917
f 3890 3925 3923
f 3891 3926 3925
f 3891 3896 3945
f 3891 3945 3940
f 3940 3946 3941
f 3941 3947 3942
f 3940 3941 3963
f 3941 3942 3965
f 3942 3948 3943
f 3942 3943 3970
f 3944 3951 3972
f 3941 3965 3963
f 3942 3969 3965
f 3942 3970 3969
f 3944 3972 3973
f 3951 3984 3972
f 3940 3945 3946
f 3941 3946 3947
f 3942 3947 3948
f 3943 3949 3944
f 3943 3948 3949
f 3944 3950 3951
f 3944 3949 3950
f 3951 3952 3984
f 3953 3957 3988
f 3952 3985 3984
f 3957 3996 3988
f 3951 3954 3952
f 3950 3954 3951
f 3952 3954 3955
f 3952 3955 3953
f 3953 3956 3957
f 3953 3955 3956
f 3957 3960 3958
f 3958 3961 3959
f 3957 3958 3996
f 3956 3960 3957
f 3958 3960 3961
f 3959 3961 4003
f 3958 3999 3996
f 3959 4003 4009
f 3959 4009 4019
f 4009 4010 4020
f 4009 4048 4010
f 4003 4048 4009
f 4010 4049 4011
f 4010 4048 4049
f 4011 4049 4050
f 4011 4012 4027
f 4012 4013 4029
f 4011 4050 4012
f 4012 4052 4013
f 4013 4053 4014
f 4009 4020 4019
f 4010 4025 4020
f 4012 4029 4027
f 4013 4033 4029
f 4014 4054 4015
f 4014 4015 4036
f 4015 4016 4038
f 4016 4017 4043
f 4015 4038 4036
f 4016 4043 4038
f 4017 4045 4043
f 4018 4046 4047
f 4012 4050 4051
f 4012 4051 4052
f 4013 4052 4053
f 4014 4053 4054
f 4015 4054 4055
f 4015 4055 4016
f 4016 4056 4017
f 4016 4055 4056
f 4017 4058 4018
f 4018 4059 4057
f 4057 4060 4188
f 4018 4057 4046
f 4057 4188 4077
f 4017 4056 4058
f 4018 4058 4059
f 4057 4059 4060
f 4046 4057 4077
f 4077 4188 4079
f 3807 3808 4822
f 3808 3835 4783
f 3813 4790 3842
f 3813 3814 4828
f 3807 4822 3830
f 3823 4805 3856
f 3823 3824 4838
f 3814 3848 4829
f 3824 3862 4838
f 3876 4845 3897
f 3876 3877 4887
f 3877 3899 4847
f 3882 3883 4893
f 3883 3911 4859
f 3882 4893 3906
f 3888 3889 4899
f 3889 3923 4871
f 3891 4874 3926
f 3891 3940 4902
f 3888 4899 3920
f 3943 4918 3970
f 3943 3944 4954
f 3940 3963 4951
f 3944 3973 4954
f 3952 4933 3985
f 3952 3953 4963
f 3953 3988 4964
f 3958 3959 4969
f 3959 4019 4980
f 3958 4969 3999
f 4010 4011 5010
f 4011 4027 4988
f 4013 4014 5013
f 4010 5010 4025
f 4013 5013 4033
f 4017 5006 4045
f 4017 4018 5017
f 4014 4036 5014
f 4018 4047 5017
f 4079 4188 5035
f 4189 4190 4212
f 4190 4191 4217
f 4188 4194 4189
f 4060 4194 4188
f 4189 4194 4195
f 4189 4195 4190
f 4190 4196 4191
f 4190 4195 4196
f 4191 4197 4192
f 4192 4198 4193
f 4192 4193 4219
f 4193 4200 4221
f 4190 4215 4212
f 4190 4217 4215
f 4193 4221 4219
f 4200 4226 4221
f 4191 4196 4197
f 4192 4197 4198
f 4193 4199 4200
f 4193 4198 4199
f 4201 4202 4234
f 4200 4204 4201
f 4199 4203 4200
f 4201 4267 4202
f 4202 4268 4205
f 4202 4205 4237
f 4200 4203 4204
f 4201 4204 4267
f 4202 4267 4268
f 4206 4207 4245
f 4207 4208 4248
f 4205 4269 4206
f 4205 4268 4269
f 4206 4269 4270
f 4206 4270 4207
f 4207 4271 4208
f 4202 4237 4234
f 4205 4243 4237
f 4207 4248 4245
f 4208 4251 4248
f 4208 4256 4251
f 4208 4283 4253
f 4208 4253 4256
f 4254 4255 4258
f 4255 4287 4265
f 4254 4258 4259
f 4255 4264 4258
f 4255 4265 4264
f 4207 4270 4271
f 4208 4271 4283
f 4253 4284 4254
f 4253 4283 4284
f 4254 4285 4255
f 4254 4284 4285
f 4255 4285 4286
f 4255 4286 4287
f 4287 4290 4288
f 4288 4289 4312
f 4289 4293 4315
f 4286 4290 4287
f 4288 4290 4291
f 4288 4292 4289
f 4289 4298 4293
f 4288 4291 4292
f 4289 4315 4312
f 4293 4317 4315
f 4289 4292 4298
f 4293 4299 4294
f 4294 4295 4323
f 4295 4296 4329
f 4295 4327 4323
f 4295 4329 4327
f 4293 4298 4299
f 4294 4299 4300
f 4294 4300 4295
f 4295 4301 4296
f 4295 4300 4301
f 4296 4301 4344
f 4296 4344 4297
f 4297 4345 4302
f 4297 4302 4336
f 4302 4303 4338
f 4297 4344 4345
f 4302 4345 4346
f 4302 4346 4303
f 4303 4347 4304
f 4302 4338 4336
f 4303 4342 4338
f 4303 4346 4347
f 4304 4347 4348
f 4304 4359 4364
f 4304 4374 4359
f 4359 4360 4365
f 4360 4361 4370
f 4359 4365 4364
f 4360 4369 4365
f 4360 4370 4369
f 4359 4375 4360
f 4304 4348 4374
f 4359 4374 4375
f 4360 4380 4361
f 4361 4381 4373
f 4360 4375 4380
f 4361 4380 4381
f 4373 4381 4382
f 4373 4376 4396
f 4376 4377 4404
f 4373 4382 4376
f 4376 4383 4377
f 4377 4385 4378
f 4378 4379 4405
f 4372 4373 4396
f 4376 4401 4396
f 4376 4404 4401
f 4379 4410 4405
f 4376 4382 4383
f 4377 4383 4384
f 4378 4453 4379
f 4377 4384 4385
f 4378 4385 4453
f 4379 4453 4454
f 4379 4386 4410
f 4386 4419 4410
f 4379 4454 4386
f 4386 4455 4387
f 4387 4388 4422
f 4388 4389 4425
f 4387 4456 4388
f 4386 4454 4455
f 4387 4455 4456
f 4388 4457 4389
f 4389 4459 4390
f 4390 4391 4430
f 4391 4392 4431
f 4388 4425 4422
f 4389 4427 4425
f 4391 4431 4430
f 4392 4434 4431
f 4188 4189 5203
f 4189 4212 5162
f 4191 4192 5206
f 4192 4219 5169
f 4191 5206 4217
f 4200 4201 5215
f 4201 4234 5184
f 4200 5215 4226
f 4205 5193 4243
f 4205 4206 5220
f 4206 4245 5221
f 4253 5224 4256
f 4253 4254 5235
f 4265 4287 5233
f 4254 4259 5235
f 4287 4288 5298
f 4288 4312 5262
f 4293 4294 5304
f 4294 4323 5273
f 4296 4297 5307
f 4293 5304 4317
f 4296 5307 4329
f 4297 4336 5286
f 4303 4304 5314
f 4303 5314 4342
f 4361 5339 4370
f 4361 4373 5344
f 4304 4364 5315
f 4372 5344 4373
f 4377 5355 4404
f 4377 4378 5393
f 4378 4405 5394
f 4386 4387 5402
f 4387 4422 5373
f 4386 5402 4419
f 4389 4390 5405
f 4390 4430 5381
f 4392 4393 5408
f 4389 5405 4427
f 4392 5408 4434
f 4393 4479 5409
f 4388 4456 4457
f 4389 4457 4458
f 4389 4458 4459
f 4390 4461 4391
f 4391 4462 4392
f 4392 4463 4393
f 4393 4460 4479
f 4460 4496 4480
f 4390 4459 4461
f 4391 4461 4462
f 4392 4462 4463
f 4393 4465 4460
f 4460 4489 4496
f 4460 4480 4479
f 4480 4496 4506
f 4393 4463 4464
f 4393 4464 4465
f 4460 4465 4489
f 4496 4497 4507
f 4496 4535 4497
f 4498 4499 4512
f 4499 4500 4517
f 4496 4507 4506
f 4498 4512 4508
f 4499 4515 4512
f 4499 4517 4515
f 4497 4537 4498
f 4489 4535 4496
f 4498 4538 4499
f 4501 4502 4520
f 4497 4535 4536
f 4497 4536 4537
f 4498 4537 4538
f 4499 4539 4500
f 4500 4544 4501
f 4502 4503 4526
f 4501 4545 4502
f 4504 4505 4529
f 4505 4540 4534
f 4502 4524 4520
f 4502 4526 4524
f 4505 4533 4529
f 4505 4534 4533
f 4499 4538 4539
f 4500 4539 4543
f 4500 4543 4544
f 4501 4544 4545
f 4502 4547 4503
f 4503 4548 4504
f 4541 4542 4564
f 4504 4603 4505
f 4502 4545 4546
f 4502 4546 4547
f 4505 4605 4540
f 4542 4567 4564
f 4503 4547 4548
f 4504 4548 4602
f 4504 4602 4603
f 4540 4607 4541
f 4541 4609 4542
f 4505 4603 4604
f 4505 4604 4605
f 4540 4605 4606
f 4540 4606 4607
f 4542 4549 4567
f 4550 4551 4580
f 4549 4577 4567
f 4551 4581 4580
f 4551 4552 4581
f 4552 4553 4587
f 4542 4616 4549
f 4549 4666 4550
f 4554 4555 4590
f 4555 4556 4597
f 4552 4586 4581
f 4552 4587 4586
f 4554 4590 4591
f 4555 4594 4590
f 4555 4597 4594
f 4541 4607 4608
f 4541 4608 4609
f 4542 4609 4615
f 4550 4669 4551
f 4542 4615 4616
f 4549 4616 4617
f 4549 4617 4665
f 4610 4611 4639
f 4611 4612 4642
f 4613 4614 4647
f 4614 4618 4654
f 4611 4640 4639
f 4611 4642 4640
f 4614 4649 4647
f 4614 4654 4649
f 4549 4665 4666
f 4550 4666 4667
f 4550 4667 4668
f 4550 4668 4669
f 4551 4669 4675
f 4551 4675 4676
f 4551 4676 4677
f 4619 4620 4658
f 4620 4621 4659
f 4622 4670 4664
f 4620 4659 4658
f 4621 4662 4659
f 4551 4677 4678
f 4551 4678 4679
f 4551 4679 6114
f 4551 6307 4552
f 4552 6306 4553
f 4553 6304 4554
f 4554 6305 4555
f 4555 6303 4556
f 4670 4671 4698
f 4671 4672 4701
f 4556 6203 4610
f 4610 6202 4611
f 4611 6201 4612
f 4612 6200 4613
f 4613 6199 4614
f 4614 6196 4618
f 4673 4674 4706
f 4674 4680 4711
f 4664 4670 4698
f 4671 4700 4698
f 4671 4701 4700
f 4673 4706 4704
f 4674 4709 4706
f 4674 4711 4709
f 4551 6114 6307
f 4618 6198 4619
f 4619 6197 4620
f 4620 6195 4621
f 4621 6194 4622
f 4622 6135 4670
f 4670 6134 4671
f 4671 6133 4672
f 4672 6132 4673
f 4681 4682 4717
f 4673 6131 4674
f 4674 6125 4680
f 4680 6124 4681
f 4681 6123 4682
f 4682 6122 4683
f 4683 6121 4684
f 4682 4683 4725
f 4684 6120 4726
f 4682 4723 4717
f 4682 4725 4723
f 4726 6120 6148
f 4497 5478 4507
f 4497 4498 5507
f 4500 5488 4517
f 4498 4508 5507
f 4500 4501 5510
f 4501 4520 5491
f 4503 4504 5513
f 4504 4529 5500
f 4503 5513 4526
f 4540 4541 5562
f 4541 4564 5523
f 4534 4540 5562
f 4549 5536 4577
f 4549 4550 5571
f 4550 4580 5572
f 4553 5546 4587
f 4553 4554 5575
f 4556 5556 4597
f 4556 4610 5578
f 4554 4591 5575
f 4612 4613 5635
f 4613 4647 5607
f 4610 4639 5633
f 4612 5635 4642
f 4618 4619 5641
f 4619 4658 5618
f 4621 4622 5644
f 4618 5641 4654
f 4621 5644 4662
f 4622 4664 5645
f 4672 5662 4701
f 4672 4673 5697
f 4680 5672 4711
f 4673 4704 5697
f 4680 4681 5705
f 4683 4684 5708
f 4684 4726 5687
f 4681 4717 5706
f 4683 5708 4725
f 3808 4783 4823
f 3813 4828 4790
f 3830 4822 4778
f 3808 4823 4822
f 3814 4829 4828
f 3823 4834 4805
f 3848 4797 4829
f 3823 4838 4834
f 3862 4811 4838
f 3876 4887 4845
f 3877 4847 4888
f 3883 4859 4894
f 3877 4888 4887
f 3906 4893 4854
f 3883 4894 4893
f 3889 4871 4900
f 3891 4902 4874
f 3920 4899 4868
f 3889 4900 4899
f 3943 4953 4918
f 3940 4951 4902
f 3963 4911 4951
f 3943 4954 4953
f 3973 4921 4954
f 3952 4963 4933
f 3953 4964 4963
f 3988 4936 4964
f 3959 4980 4970
f 3999 4969 4947
f 3959 4970 4969
f 4011 4988 5011
f 4025 5010 4986
f 4011 5011 5010
f 4033 5013 4994
f 4014 5014 5013
f 4017 5016 5006
f 4036 4997 5014
f 4017 5017 5016
f 4047 5008 5017
f 4775 4778 4821
f 4783 4785 4823
f 4785 4790 4827
f 4778 4822 4821
f 4821 4822 4824
f 4822 4823 4825
f 4823 4827 4826
f 4822 4825 4824
f 4823 4826 4825
f 4785 4827 4823
f 4790 4828 4827
f 4827 4828 4830
f 4828 4829 4831
f 4826 4827 4830
f 4828 4831 4830
f 4829 4832 4831
f 4797 4798 4829
f 4798 4801 4833
f 4801 4805 4834
f 4810 4839 4811
f 4810 4814 4839
f 4814 4845 4840
f 4798 4833 4829
f 4801 4834 4833
f 4829 4833 4832
f 4833 4834 4835
f 4834 4838 4836
f 4832 4833 4835
f 4834 4836 4835
f 4836 4838 4837
f 4811 4839 4838
f 4814 4840 4839
f 4837 4838 4839
f 4839 4840 4841
f 4840 4887 4842
f 4837 4839 4841
f 4840 4842 4841
f 4847 4853 4888
f 4853 4854 4892
f 4840 4845 4887
f 4853 4892 4888
f 4887 4888 4889
f 4888 4892 4890
f 4842 4887 4889
f 4888 4890 4889
f 4890 4892 4891
f 4854 4893 4892
f 4891 4892 4893
f 4891 4893 4895
f 4893 4894 4895
f 4894 4898 4896
f 4894 4896 4895
f 4896 4898 4897
f 4859 4865 4898
f 4865 4868 4898
f 4871 4873 4900
f 4873 4874 4901
f 4859 4898 4894
f 4868 4899 4898
f 4897 4898 4899
f 4897 4899 4903
f 4899 4900 4903
f 4900 4904 4903
f 4873 4901 4900
f 4874 4902 4901
f 4900 4901 4904
f 4901 4905 4904
f 4901 4906 4905
f 4901 4902 4906
f 4902 4951 4907
f 4902 4907 4906
f 4911 4913 4951
f 4913 4917 4952
f 4917 4918 4953
f 4920 4955 4921
f 4920 4932 4955
f 4913 4952 4951
f 4917 4953 4952
f 4951 4952 4956
f 4952 4953 4957
f 4921 4955 4954
f 4932 4962 4955
f 4953 4954 4958
f 4954 4955 4959
f 4907 4951 4956
f 4952 4957 4956
f 4953 4958 4957
f 4954 4959 4958
f 4955 4960 4959
f 4955 4962 4960
f 4960 4962 4961
f 4932 4933 4962
f 4936 4944 4964
f 4933 4963 4962
f 4944 4968 4964
f 4944 4947 4968
f 4961 4962 4963
f 4963 4964 4965
f 4961 4963 4965
f 4964 4968 4966
f 4964 4966 4965
f 4966 4968 4967
f 4947 4969 4968
f 4967 4968 4969
f 4969 4970 4971
f 4970 5009 4972
f 4967 4969 4971
f 4970 4972 4971
f 4972 5009 4979
f 4980 4981 5009
f 4981 4986 5009
f 4988 4990 5012
f 4990 4994 5012
f 4970 4980 5009
f 4986 5010 5009
f 4979 5009 5010
f 4979 5010 5042
f 5010 5011 5042
f 5011 5012 5043
f 5011 5043 5042
f 5012 5044 5043
f 4988 5012 5011
f 4994 5013 5012
f 5012 5013 5045
f 5013 5014 5046
f 4997 4999 5015
f 4999 5004 5015
f 5004 5006 5016
f 5007 5017 5008
f 4997 5015 5014
f 5004 5016 5015
f 5014 5015 5047
f 5007 5018 5017
f 5012 5045 5044
f 5013 5046 5045
f 5014 5047 5046
f 5007 5033 5018
f 5033 5035 5051
f 5015 5016 5048
f 5015 5048 5047
f 5016 5017 5049
f 5016 5049 5048
f 5017 5050 5049
f 5018 5033 5051
f 5035 5203 5051
f 5017 5018 5050
f 5018 5051 5052
f 5051 5203 5053
f 5018 5052 5050
f 5051 5053 5052
f 5053 5203 5054
f 4188 5203 5035
f 4189 5162 5204
f 4192 5169 5207
f 4189 5204 5203
f 4217 5206 5167
f 4192 5207 5206
f 4201 5184 5216
f 4226 5215 5176
f 4201 5216 5215
f 4205 5220 5193
f 4206 5221 5220
f 4245 5195 5221
f 4253 5223 5224
f 4287 5298 5233
f 4253 5235 5223
f 4259 5227 5235
f 4288 5262 5299
f 4288 5299 5298
f 4317 5304 5267
f 4294 5273 5305
f 4297 5286 5308
f 4294 5305 5304
f 4329 5307 5279
f 4297 5308 5307
f 4342 5314 5292
f 4304 5315 5314
f 4361 5343 5339
f 4364 5333 5315
f 4361 5344 5343
f 4372 5341 5344
f 4377 5393 5355
f 4378 5394 5393
f 4405 5356 5394
f 4387 5373 5403
f 4419 5402 5370
f 4387 5403 5402
f 4390 5381 5406
f 4427 5405 5378
f 4390 5406 5405
f 4434 5408 5385
f 4393 5409 5408
f 5162 5165 5204
f 5165 5167 5205
f 5169 5171 5207
f 5171 5176 5208
f 5165 5205 5204
f 5167 5206 5205
f 5054 5203 5204
f 5054 5204 5209
f 5204 5205 5209
f 5205 5206 5210
f 5205 5210 5209
f 5171 5208 5207
f 5176 5215 5208
f 5206 5207 5211
f 5207 5208 5212
f 5206 5211 5210
f 5207 5212 5211
f 5208 5213 5212
f 5208 5215 5213
f 5213 5215 5214
f 5184 5217 5216
f 5184 5187 5217
f 5187 5193 5217
f 5195 5198 5222
f 5198 5201 5222
f 5201 5224 5223
f 5193 5220 5217
f 5215 5216 5218
f 5214 5215 5218
f 5216 5217 5219
f 5217 5220 5249
f 5216 5219 5218
f 5217 5249 5219
f 5220 5250 5249
f 5195 5222 5221
f 5201 5223 5222
f 5220 5221 5250
f 5221 5222 5251
f 5221 5251 5250
f 5222 5223 5252
f 5226 5236 5227
f 5226 5232 5236
f 5232 5233 5237
f 5227 5236 5235
f 5232 5237 5236
f 5223 5235 5253
f 5233 5298 5237
f 5222 5252 5251
f 5223 5253 5252
f 5262 5265 5299
f 5265 5267 5300
f 5235 5294 5253
f 5235 5236 5294
f 5236 5295 5294
f 5236 5237 5295
f 5237 5296 5295
f 5237 5298 5296
f 5296 5298 5297
f 5265 5300 5299
f 5267 5304 5300
f 5297 5298 5299
f 5297 5299 5301
f 5299 5302 5301
f 5299 5300 5302
f 5300 5304 5303
f 5300 5303 5302
f 5303 5304 5309
f 5273 5277 5306
f 5277 5279 5306
f 5273 5306 5305
f 5279 5307 5306
f 5304 5305 5309
f 5305 5306 5310
f 5286 5288 5308
f 5288 5292 5313
f 5305 5310 5309
f 5306 5311 5310
f 5306 5307 5311
f 5307 5308 5312
f 5307 5312 5311
f 5308 5326 5312
f 5288 5313 5308
f 5292 5314 5313
f 5308 5313 5326
f 5313 5314 5327
f 5313 5327 5326
f 5314 5328 5327
f 5314 5315 5328
f 5315 5329 5328
f 5315 5330 5329
f 5333 5334 5342
f 5334 5338 5342
f 5338 5339 5343
f 5315 5333 5342
f 5338 5343 5342
f 5341 5389 5344
f 5315 5342 5330
f 5341 5347 5389
f 5347 5352 5389
f 5352 5355 5392
f 5356 5361 5394
f 5361 5370 5395
f 5342 5343 5390
f 5330 5342 5390
f 5343 5391 5390
f 5343 5344 5391
f 5344 5389 5396
f 5344 5396 5391
f 5389 5397 5396
f 5352 5392 5389
f 5355 5393 5392
f 5389 5392 5397
f 5361 5395 5394
f 5392 5393 5398
f 5392 5398 5397
f 5393 5394 5400
f 5394 5395 5401
f 5393 5399 5398
f 5393 5400 5399
f 5395 5402 5457
f 5394 5401 5400
f 5395 5457 5401
f 5370 5402 5395
f 5373 5376 5403
f 5376 5378 5404
f 5381 5382 5407
f 5382 5385 5407
f 5376 5404 5403
f 5378 5405 5404
f 5402 5403 5458
f 5403 5404 5459
f 5402 5458 5457
f 5403 5459 5458
f 5404 5460 5459
f 5404 5405 5460
f 5405 5406 5462
f 5381 5407 5406
f 5385 5408 5407
f 4479 5447 5409
f 4497 5506 5478
f 4500 5510 5488
f 4497 5507 5506
f 4508 5479 5507
f 4501 5491 5511
f 4504 5500 5514
f 4501 5511 5510
f 4526 5513 5497
f 4504 5514 5513
f 4541 5523 5563
f 4534 5562 5505
f 4541 5563 5562
f 4549 5571 5536
f 4550 5572 5571
f 4580 5539 5572
f 4553 5574 5546
f 4556 5578 5556
f 4553 5575 5574
f 4591 5550 5575
f 4613 5607 5636
f 4610 5633 5578
f 4639 5599 5633
f 4642 5635 5602
f 4613 5636 5635
f 4619 5618 5642
f 4654 5641 5614
f 4619 5642 5641
f 4662 5644 5622
f 4622 5645 5644
f 4664 5624 5645
f 4672 5696 5662
f 4680 5705 5672
f 4672 5697 5696
f 4704 5665 5697
f 4684 5687 5709
f 4681 5706 5705
f 4717 5678 5706
f 4725 5708 5686
f 4684 5709 5708
f 5447 5448 5464
f 5448 5477 5464
f 5405 5461 5460
f 5405 5462 5461
f 5406 5463 5462
f 5409 5447 5464
f 5464 5477 5506
f 5406 5407 5463
f 5407 5408 5465
f 5408 5409 5466
f 5407 5465 5463
f 5408 5466 5465
f 5409 5467 5466
f 5409 5464 5468
f 5464 5506 5469
f 5409 5468 5467
f 5464 5469 5468
f 5469 5506 5476
f 5477 5478 5506
f 5479 5483 5508
f 5483 5486 5508
f 5486 5488 5509
f 5479 5508 5507
f 5486 5509 5508
f 5488 5510 5509
f 5476 5506 5507
f 5491 5495 5511
f 5495 5497 5512
f 5500 5504 5515
f 5504 5505 5515
f 5507 5508 5558
f 5508 5509 5559
f 5509 5510 5560
f 5476 5507 5557
f 5507 5558 5557
f 5508 5559 5558
f 5510 5511 5565
f 5511 5512 5566
f 5495 5512 5511
f 5497 5513 5512
f 5500 5515 5514
f 5505 5562 5515
f 5523 5526 5564
f 5509 5560 5559
f 5510 5561 5560
f 5510 5565 5561
f 5511 5566 5565
f 5512 5567 5566
f 5523 5564 5563
f 5512 5513 5568
f 5513 5514 5569
f 5514 5515 5625
f 5512 5568 5567
f 5513 5569 5568
f 5515 5562 5627
f 5514 5570 5569
f 5514 5625 5570
f 5515 5626 5625
f 5562 5563 5629
f 5563 5564 5631
f 5515 5627 5626
f 5562 5628 5627
f 5562 5629 5628
f 5526 5536 5564
f 5539 5540 5573
f 5536 5571 5564
f 5539 5573 5572
f 5540 5545 5573
f 5545 5546 5574
f 5549 5576 5550
f 5549 5553 5576
f 5553 5556 5577
f 5545 5574 5573
f 5550 5576 5575
f 5553 5577 5576
f 5556 5578 5577
f 5564 5571 5638
f 5571 5572 5690
f 5563 5630 5629
f 5563 5631 5630
f 5564 5632 5631
f 5564 5638 5632
f 5599 5600 5633
f 5600 5602 5634
f 5607 5609 5637
f 5609 5614 5637
f 5572 5573 5693
f 5571 5639 5638
f 5571 5640 5639
f 5571 5690 5640
f 5600 5634 5633
f 5602 5635 5634
f 5607 5637 5636
f 5614 5641 5637
f 5618 5619 5643
f 5619 5622 5643
f 5572 5691 5690
f 5572 5692 5691
f 5572 5693 5692
f 5573 5694 5693
f 5573 5700 5694
f 5573 5701 5700
f 5573 5702 5701
f 5618 5643 5642
f 5622 5644 5643
f 5624 5695 5645
f 5624 5659 5695
f 5659 5661 5695
f 5661 5662 5696
f 5665 5667 5698
f 5667 5670 5698
f 5670 5672 5699
f 5573 5703 5702
f 5573 5704 5703
f 5573 5574 7322
f 5574 5575 7321
f 5575 5576 7319
f 5576 5577 7320
f 5577 5578 7318
f 5661 5696 5695
f 5665 5698 5697
f 5670 5699 5698
f 5672 5705 5699
f 5578 5633 7219
f 5633 5634 7218
f 5634 5635 7217
f 5635 5636 7216
f 5636 5637 7215
f 5637 5641 7212
f 5678 5684 5706
f 5684 5686 5707
f 5687 7100 7141
f 5573 7322 5704
f 5684 5707 5706
f 5641 5642 7214
f 5642 5643 7213
f 5643 5644 7211
f 5644 5645 7210
f 5645 5695 7156
f 5695 5696 7155
f 5696 5697 7154
f 5697 5698 7153
f 5686 5708 5707
f 5687 7141 5709
f 5698 5699 7152
f 5699 5705 7146
f 5705 5706 7145
f 5706 5707 7144
f 5707 5708 7143
f 5708 5709 7142
f 5796 5800 5797
f 5797 5801 5798
f 5796 5799 5800
f 5797 5800 5801
f 5798 5801 5805
f 5799 5827 5800
f 5798 5805 5802
f 5802 5806 5803
f 5803 5807 5804
f 5802 5805 5806
f 5803 5806 5807
f 5801 5835 5805
f 5805 5839 5806
f 5799 5824 5827
f 5801 5833 5835
f 5805 5835 5839
f 5804 5811 5808
f 5808 5812 5809
f 5809 5815 5810
f 5804 5807 5811
f 5808 5811 5812
f 5809 5812 5815
f 5807 5848 5811
f 5811 5852 5812
f 5810 5816 5813
f 5813 5817 5814
f 5810 5815 5816
f 5813 5816 5817
f 5814 5817 5873
f 5815 5860 5816
f 5816 5864 5817
f 5807 5847 5848
f 5811 5848 5852
f 5812 5852 5853
f 5816 5860 5859
f 5816 5859 5864
f 5817 5864 5895
f 5814 5873 5870
f 5870 5874 5871
f 5871 5875 5872
f 5870 5873 5874
f 5871 5874 5875
f 5817 5895 5873
f 5874 5903 5875
f 5867 5872 5876
f 5867 5877 5868
f 5868 5883 5869
f 5867 5876 5877
f 5868 5877 5883
f 5872 5875 5876
f 5875 5904 5876
f 5874 5899 5903
f 5875 5903 5904
f 5880 5887 5882
f 5869 5884 5878
f 5869 5883 5884
f 5878 5885 5879
f 5878 5884 5885
f 5877 5906 5883
f 5883 5920 5884
f 5879 5886 5881
f 5880 5881 5886
f 5879 5885 5886
f 5882 5887 5950
f 5880 5886 5887
f 5885 5928 5886
f 5886 5929 5887
f 5883 5906 5917
f 5883 5917 5920
f 5885 5927 5928
f 5886 5928 5929
f 5882 5950 5944
f 5944 5951 5945
f 5945 5952 5946
f 5947 5954 5948
f 5946 5953 5947
f 5948 5963 5949
f 5948 5954 5963
f 5944 5950 5951
f 5945 5951 5952
f 5950 5977 5951
f 5951 5980 5952
f 5946 5952 5953
f 5947 5953 5954
f 5954 6004 5963
f 5953 5987 5954
f 5950 5974 5977
f 5951 5977 5980
f 5952 5980 5981
f 5954 5986 6004
f 5954 5987 5986
f 5956 5960 5957
f 5949 5964 5955
f 5949 5963 5964
f 5955 5964 5965
f 5955 5965 5956
f 5956 5965 5960
f 5957 5961 5958
f 5958 5962 5959
f 5937 5959 6043
f 5957 5960 5961
f 5958 5961 5962
f 5959 5962 6043
f 5960 5999 5961
f 5960 5997 5999
f 5963 6003 5964
f 5960 5965 5997
f 5963 6004 6003
f 5965 6006 5997
f 6008 6046 6010
f 6010 6046 6011
f 6011 6048 6013
f 6013 6049 6014
f 6014 6049 6050
f 6014 6050 6016
f 6015 6016 6051
f 6016 6050 6051
f 6015 6052 6017
f 6017 6019 6018
f 6012 6018 6512
f 6015 6051 6052
f 6017 6052 6019
f 6018 6019 6512
f 6019 6052 6040
f 6019 6042 6512
f 6040 6052 6080
f 6019 6040 6042
f 5937 6044 6007
f 5937 6043 6044
f 6007 6045 6009
f 6008 6009 6047
f 6007 6044 6045
f 6009 6045 6047
f 6043 6058 6044
f 5962 6059 6043
f 6008 6047 6046
f 6011 6046 6048
f 6046 6047 6066
f 6045 6068 6047
f 6043 6059 6060
f 6043 6060 6058
f 6047 6068 6069
f 6047 6069 6066
f 6013 6048 6049
f 6048 6073 6049
f 6049 6078 6050
f 6051 6080 6052
f 6049 6073 6074
f 6050 6078 6079
f 6049 6074 6078
f 6051 6081 6080
f 5800 5827 6783
f 5800 6827 5801
f 5806 6833 5807
f 5801 6827 5833
f 5806 5839 6832
f 5807 6804 5847
f 5812 6841 5815
f 5815 6817 5860
f 5812 5853 6841
f 5873 6894 5874
f 5876 5904 6862
f 5876 6897 5877
f 5873 5895 6893
f 5874 6894 5899
f 5877 6897 5906
f 5884 5920 6877
f 5884 6905 5885
f 5885 6905 5927
f 5887 5929 6907
f 5887 6967 5950
f 5950 6928 5974
f 5952 6970 5953
f 5953 6941 5987
f 5952 5981 6970
f 5961 5999 6953
f 5961 6979 5962
f 5962 6979 6059
f 5964 6982 5965
f 5965 6960 6006
f 5964 6003 6981
f 6044 6058 7026
f 6044 7052 6045
f 6046 6066 7034
f 6046 7055 6048
f 6045 7052 6068
f 6048 7041 6073
f 6050 7058 6051
f 6051 7049 6081
f 6050 6079 7058
f 4684 6121 6120
f 4683 6122 6121
f 4682 6123 6122
f 4681 6124 6123
f 4680 6125 6124
f 4674 6131 6125
f 4672 6133 6132
f 4673 6132 6131
f 6120 6121 6148
f 6122 6123 6154
f 4618 6196 6198
f 4614 6199 6196
f 4622 6194 6135
f 4621 6195 6194
f 4671 6134 6133
f 4670 6135 6134
f 4620 6197 6195
f 4619 6198 6197
f 6123 6124 6155
f 6121 6149 6148
f 6123 6155 6154
f 6124 6158 6155
f 4553 6306 6304
f 4555 6305 6303
f 4556 6303 6203
f 4554 6304 6305
f 6114 6115 6307
f 6115 6116 6307
f 6116 6117 6307
f 4552 6307 6306
f 4610 6203 6202
f 4611 6202 6201
f 4613 6200 6199
f 4612 6201 6200
f 6125 6131 6167
f 6131 6132 6168
f 6132 6133 6173
f 6134 6135 6180
f 6131 6168 6167
f 6132 6172 6168
f 6132 6173 6172
f 6134 6180 6181
f 6135 6182 6180
f 6135 6219 6182
f 6183 6184 6300
f 6184 6185 6300
f 6185 6186 6302
f 6117 6118 6308
f 6118 6119 6308
f 6119 6126 6308
f 6126 6127 6308
f 6127 6128 6308
f 6128 6129 6309
f 6129 6130 6309
f 6135 6194 6219
f 6195 6197 6221
f 6197 6198 6228
f 6197 6227 6221
f 6197 6228 6227
f 6130 6191 6309
f 6191 6192 6310
f 6192 6193 6310
f 6183 6310 6193
f 6117 6308 6307
f 6128 6309 6308
f 6196 6199 6226
f 6199 6200 6238
f 6201 6202 6242
f 6202 6203 6243
f 6199 6238 6226
f 6200 6240 6238
f 6202 6243 6242
f 6203 6244 6243
f 6245 6254 6361
f 6253 6601 6255
f 6254 6255 6264
f 6259 6260 6602
f 6260 6261 6597
f 6258 6597 6261
f 6253 6256 6601
f 6256 6257 6599
f 6257 6259 6600
f 6255 6601 6264
f 6254 6264 6361
f 6256 6599 6601
f 6259 6602 6600
f 6257 6600 6599
f 6264 6389 6361
f 6264 6601 6287
f 6264 6288 6389
f 6264 6287 6288
f 6186 6187 6302
f 6187 6190 6301
f 6188 6301 6190
f 6188 6189 6355
f 6189 6293 6353
f 6292 6353 6293
f 6185 6302 6300
f 6289 6291 6356
f 6295 6296 6358
f 6290 6297 6359
f 6290 6352 6291
f 6295 6359 6297
f 6292 6294 6354
f 6289 6356 6294
f 6189 6353 6355
f 6187 6301 6302
f 6188 6355 6301
f 6292 6354 6353
f 6294 6356 6354
f 6300 6302 6328
f 6300 6328 6326
f 6191 6310 6309
f 6303 6305 6332
f 6304 6339 6305
f 6183 6300 6310
f 6307 6308 6344
f 6304 6306 6338
f 6304 6338 6337
f 6305 6339 6332
f 6304 6337 6339
f 6308 6349 6344
f 6307 6344 6345
f 6308 6309 6348
f 6300 6351 6310
f 6308 6348 6349
f 6300 6326 6351
f 6296 6298 6357
f 6298 6299 6357
f 6245 6360 6299
f 6291 6352 6356
f 6290 6359 6352
f 6296 6357 6358
f 6299 6360 6357
f 6295 6358 6359
f 6353 6373 6355
f 6301 6355 6375
f 6354 6356 6377
f 6352 6378 6356
f 6352 6367 6378
f 6355 6374 6375
f 6355 6373 6374
f 6356 6378 6377
f 6245 6361 6360
f 6357 6360 6385
f 6358 6388 6359
f 6357 6387 6358
f 6357 6384 6387
f 6357 6385 6384
f 6358 6387 6388
f 6361 6389 6390
f 6121 6122 7142
f 6122 6154 7106
f 6124 7110 6158
f 6124 6125 7145
f 6121 7142 6149
f 6133 7125 6173
f 6133 6134 7154
f 6125 6167 7146
f 6134 6181 7154
f 6194 7173 6219
f 6194 6195 7210
f 6195 6221 7175
f 6196 6226 7180
f 6196 7214 6198
f 6198 7214 6228
f 6200 6201 7216
f 6201 6242 7196
f 6203 7198 6244
f 6203 6303 7219
f 6200 7216 6240
f 6287 6601 7248
f 6301 6375 7339
f 6301 7317 6302
f 6302 7317 6328
f 6306 7290 6338
f 6306 6307 7321
f 6303 6332 7318
f 6307 6345 7321
f 6309 7300 6348
f 6309 6310 7324
f 6310 6351 7325
f 6352 6359 7355
f 6353 6354 7356
f 6354 6377 7341
f 6352 7355 6367
f 6353 7356 6373
f 6360 7349 6385
f 6360 6361 7363
f 6359 6388 7362
f 6361 6390 7363
f 6415 6523 6416
f 6416 6520 6417
f 6429 6431 6460
f 6429 6460 6430
f 6446 6464 6454
f 6449 6451 6450
f 6447 6571 6448
f 6417 6570 6447
f 6447 6570 6571
f 6448 6572 6449
f 6449 6572 6451
f 6448 6571 6572
f 6445 6450 6452
f 6445 6452 6453
f 6444 6445 6453
f 6444 6453 6446
f 6446 6453 6464
f 6450 6451 6452
f 6453 6481 6464
f 6452 6480 6453
f 6453 6480 6481
f 6452 6482 6480
f 6456 6462 6457
f 6432 6457 6465
f 6455 6463 6456
f 6454 6461 6455
f 6456 6463 6462
f 6457 6462 6465
f 6432 6458 6433
f 6431 6433 6459
f 6433 6458 6459
f 6431 6459 6460
f 6432 6465 6458
f 6458 6465 6493
f 6458 6495 6459
f 6465 6492 6493
f 6458 6493 6495
f 6454 6464 6461
f 6455 6461 6463
f 6462 6463 6503
f 6461 6504 6463
f 6461 6500 6504
f 6463 6504 6503
f 6506 6516 6507
f 6507 6514 6510
f 6508 6510 6515
f 6508 6524 6509
f 6508 6515 6524
f 6012 6511 6505
f 6012 6512 6511
f 6505 6513 6506
f 6505 6511 6513
f 6506 6513 6516
f 6511 6539 6513
f 6513 6540 6516
f 6507 6516 6514
f 6510 6514 6515
f 6515 6545 6524
f 6514 6549 6515
f 6511 6537 6539
f 6513 6539 6540
f 6514 6548 6549
f 6515 6549 6545
f 6517 6525 6518
f 6413 6522 6414
f 6413 6518 6519
f 6509 6525 6517
f 6509 6524 6525
f 6518 6525 6519
f 6413 6519 6522
f 6519 6562 6522
f 6414 6521 6415
f 6414 6522 6521
f 6415 6521 6523
f 6416 6523 6520
f 6521 6567 6523
f 6520 6523 6561
f 6519 6555 6562
f 6520 6561 6573
f 6523 6567 6565
f 6523 6565 6561
f 6519 6525 6555
f 6525 6569 6555
f 6417 6520 6570
f 6570 6579 6571
f 6571 6582 6572
f 6451 6572 6583
f 6571 6579 6578
f 6571 6578 6582
f 6572 6582 6583
f 6252 6588 6593
f 6586 6587 6596
f 6587 6589 6594
f 6586 6596 6588
f 6252 6593 6603
f 6584 6592 6585
f 6584 6591 6651
f 6430 6649 6590
f 6590 6650 6591
f 6590 6649 6650
f 6584 6651 6592
f 6591 6650 6651
f 6585 6595 6589
f 6587 6594 6596
f 6589 6595 6594
f 6588 6596 6593
f 6593 6596 6622
f 6585 6592 6595
f 6592 6625 6595
f 6594 6595 6627
f 6592 6662 6616
f 6593 6622 6648
f 6596 6628 6622
f 6595 6625 6627
f 6592 6616 6625
f 6262 6263 6604
f 6258 6262 6598
f 6252 6603 6263
f 6260 6597 6602
f 6258 6598 6597
f 6263 6603 6604
f 6262 6604 6598
f 6597 6598 6636
f 6598 6604 6637
f 6600 6602 6645
f 6599 6600 6646
f 6604 6633 6637
f 6598 6637 6636
f 6600 6645 6644
f 6600 6644 6646
f 6593 6648 6603
f 6430 6460 6649
f 6649 6660 6650
f 6592 6651 6662
f 6460 6657 6649
f 6650 6660 6661
f 6649 6657 6660
f 6460 6656 6657
f 6451 7455 6452
f 6464 6481 7423
f 6452 7455 6482
f 6459 7463 6460
f 6459 6495 7437
f 6461 6464 7464
f 6462 6503 7445
f 6462 7468 6465
f 6461 7464 6500
f 6465 7468 6492
f 6511 6512 7519
f 6516 6540 7483
f 6514 6516 7522
f 6511 7519 6537
f 6042 7520 6512
f 6514 7522 6548
f 6521 6522 7529
f 6521 7510 6567
f 6522 6562 7530
f 6524 6545 7488
f 6524 7533 6525
f 6525 7533 6569
f 6520 7545 6570
f 6570 7540 6579
f 6520 6573 7545
f 6451 6583 7454
f 6594 7604 6596
f 6596 7571 6628
f 6594 6627 7602
f 6597 7610 6602
f 6597 6636 7579
f 6599 6646 7589
f 6599 7609 6601
f 6602 7610 6645
f 6603 7612 6604
f 6603 6648 7591
f 6604 7612 6633
f 6650 7626 6651
f 6651 7623 6662
f 6460 7617 6656
f 6650 6661 7626
f 5800 6783 6826
f 5800 6826 6827
f 5833 6827 6789
f 5839 6795 6832
f 5806 6832 6833
f 5807 6833 6804
f 5815 6842 6817
f 5853 6810 6841
f 5815 6841 6842
f 5876 6862 6896
f 5895 6853 6893
f 5873 6893 6894
f 5899 6894 6857
f 5906 6897 6864
f 5876 6896 6897
f 5884 6877 6904
f 5884 6904 6905
f 5927 6905 6884
f 5929 6886 6907
f 5887 6907 6967
f 5950 6967 6928
f 5953 6971 6941
f 5981 6935 6970
f 5953 6970 6971
f 5961 6953 6978
f 5961 6978 6979
f 6059 6979 7027
f 5965 6982 6960
f 6003 6957 6981
f 5964 6981 6982
f 6042 7007 7520
f 6044 7026 7051
f 6046 7034 7053
f 6044 7051 7052
f 6046 7053 7055
f 6068 7052 7036
f 6048 7055 7041
f 6051 7059 7049
f 6079 7047 7058
f 6051 7058 7059
f 6780 6825 6783
f 6789 6831 6791
f 6791 6832 6795
f 6822 6823 6825
f 6823 6824 6826
f 6824 6828 6827
f 6783 6825 6826
f 6789 6827 6831
f 6823 6826 6825
f 6824 6827 6826
f 6828 6829 6831
f 6829 6830 6832
f 6791 6831 6832
f 6827 6828 6831
f 6829 6832 6831
f 6830 6833 6832
f 6804 6837 6805
f 6805 6838 6809
f 6809 6838 6810
f 6816 6817 6842
f 6816 6843 6821
f 6830 6834 6833
f 6834 6835 6837
f 6835 6836 6838
f 6804 6833 6837
f 6805 6837 6838
f 6810 6838 6841
f 6833 6834 6837
f 6835 6838 6837
f 6836 6841 6838
f 6836 6839 6841
f 6839 6840 6842
f 6840 6890 6843
f 6816 6842 6843
f 6839 6842 6841
f 6840 6843 6842
f 6821 6893 6853
f 6857 6895 6861
f 6861 6895 6862
f 6890 6891 6893
f 6891 6892 6894
f 6821 6843 6893
f 6857 6894 6895
f 6843 6890 6893
f 6891 6894 6893
f 6892 6895 6894
f 6887 6888 6896
f 6887 6895 6892
f 6888 6889 6897
f 6888 6897 6896
f 6862 6895 6896
f 6887 6896 6895
f 6902 6961 6907
f 6864 6903 6874
f 6874 6903 6877
f 6884 6906 6885
f 6885 6907 6886
f 6889 6898 6903
f 6889 6903 6897
f 6898 6904 6903
f 6898 6899 6904
f 6899 6901 6905
f 6899 6905 6904
f 6864 6897 6903
f 6877 6903 6904
f 6900 6906 6901
f 6901 6906 6905
f 6900 6902 6906
f 6902 6907 6906
f 6884 6905 6906
f 6885 6906 6907
f 6961 6962 6967
f 6962 6963 6968
f 6963 6964 6969
f 6964 6965 6970
f 6965 6971 6970
f 6965 6966 6971
f 6966 6980 6971
f 6928 6968 6931
f 6934 6969 6935
f 6931 6969 6934
f 6940 6980 6958
f 6940 6941 6971
f 6928 6967 6968
f 6931 6968 6969
f 6907 6961 6967
f 6962 6968 6967
f 6963 6969 6968
f 6935 6969 6970
f 6940 6971 6980
f 6964 6970 6969
f 6951 6978 6953
f 6973 6974 6982
f 6966 6972 6980
f 6972 6973 6981
f 6972 6981 6980
f 6974 6977 6982
f 6973 6982 6981
f 6974 6975 6977
f 6975 6976 6978
f 6919 6979 6976
f 6951 6977 6978
f 6975 6978 6977
f 6976 6979 6978
f 6957 6958 6981
f 6951 6960 6977
f 6958 6980 6981
f 6960 6982 6977
f 7009 7011 7054
f 7011 7012 7053
f 7012 7014 7053
f 7005 7048 7020
f 7005 7520 7007
f 7015 7017 7056
f 7014 7015 7055
f 7016 7057 7017
f 7017 7057 7056
f 7016 7058 7057
f 7016 7018 7058
f 7018 7019 7059
f 7013 7020 7019
f 7020 7048 7059
f 7005 7020 7520
f 7018 7059 7058
f 7019 7020 7059
f 7013 7520 7020
f 7026 7028 7051
f 7027 7050 7028
f 7034 7037 7053
f 7036 7054 7037
f 6919 7008 7050
f 7008 7051 7050
f 7008 7010 7051
f 7009 7052 7010
f 7010 7052 7051
f 6979 7050 7027
f 7028 7050 7051
f 6919 7050 6979
f 7011 7053 7054
f 7009 7054 7052
f 7014 7055 7053
f 7036 7052 7054
f 7037 7054 7053
f 7041 7056 7042
f 7042 7057 7046
f 7046 7058 7047
f 7048 7049 7059
f 7041 7055 7056
f 7046 7057 7058
f 7042 7056 7057
f 7015 7056 7055
f 6122 7106 7143
f 6124 7145 7110
f 6149 7142 7101
f 6122 7143 7142
f 6125 7146 7145
f 6133 7153 7125
f 6167 7119 7146
f 6133 7154 7153
f 6181 7133 7154
f 6194 7210 7173
f 6195 7175 7211
f 6196 7180 7212
f 6195 7211 7210
f 6196 7212 7214
f 6228 7214 7182
f 6201 7196 7217
f 6203 7219 7198
f 6240 7216 7194
f 6201 7217 7216
f 6301 7339 7316
f 6328 7317 7280
f 6301 7316 7317
f 6306 7319 7290
f 6303 7318 7219
f 6332 7284 7318
f 6306 7321 7319
f 6345 7297 7321
f 6309 7324 7300
f 6310 7325 7324
f 6351 7303 7325
f 6354 7341 7357
f 6367 7355 7331
f 6359 7362 7355
f 6373 7356 7337
f 6354 7357 7356
f 6360 7360 7349
f 6360 7363 7360
f 6388 7352 7362
f 6390 7354 7363
f 7100 7101 7141
f 7106 7107 7143
f 7107 7110 7144
f 7101 7142 7141
f 5709 7141 7142
f 5708 7142 7143
f 5707 7143 7144
f 5706 7144 7145
f 5705 7145 7146
f 5699 7146 7152
f 5697 7153 7154
f 5698 7152 7153
f 7107 7144 7143
f 7110 7145 7144
f 5641 7214 7212
f 5637 7212 7215
f 5645 7156 7210
f 5644 7210 7211
f 5696 7154 7155
f 5695 7155 7156
f 5643 7211 7213
f 5642 7213 7214
f 7119 7120 7152
f 7120 7124 7152
f 7124 7125 7153
f 7132 7155 7133
f 7132 7134 7155
f 7134 7173 7156
f 5575 7319 7321
f 5577 7318 7320
f 5578 7219 7318
f 5576 7320 7319
f 5704 7322 7135
f 7135 7322 7136
f 7136 7322 7137
f 7137 7323 7138
f 5574 7321 7322
f 7119 7152 7146
f 7124 7153 7152
f 5633 7218 7219
f 5634 7217 7218
f 5636 7215 7216
f 5635 7216 7217
f 7133 7155 7154
f 7134 7156 7155
f 7199 7209 7315
f 7199 7315 7200
f 7200 7317 7201
f 7201 7317 7202
f 7175 7181 7211
f 7181 7182 7213
f 7138 7323 7139
f 7139 7323 7140
f 7140 7323 7147
f 7147 7323 7148
f 7148 7324 7149
f 7149 7324 7150
f 7150 7324 7151
f 7156 7173 7210
f 7181 7213 7211
f 7182 7214 7213
f 7180 7192 7212
f 7192 7194 7215
f 7197 7198 7218
f 7196 7197 7218
f 7151 7325 7207
f 7207 7325 7208
f 7208 7325 7209
f 7137 7322 7323
f 7148 7323 7324
f 7192 7215 7212
f 7194 7216 7215
f 7196 7218 7217
f 7198 7219 7218
f 7226 7262 7252
f 7252 7609 7253
f 7251 7253 7609
f 7249 7364 7353
f 7248 7262 7249
f 7257 7605 7258
f 7258 7605 7259
f 7256 7259 7606
f 7251 7607 7254
f 7254 7608 7255
f 7255 7610 7257
f 7226 7364 7262
f 7252 7262 7609
f 7249 7262 7364
f 7248 7609 7262
f 7255 7608 7610
f 7254 7607 7608
f 7251 7609 7607
f 7202 7316 7203
f 7203 7316 7206
f 7204 7206 7358
f 7204 7356 7205
f 7205 7356 7308
f 7307 7308 7357
f 7200 7315 7317
f 7202 7317 7316
f 7278 7280 7315
f 7304 7355 7306
f 7305 7362 7312
f 7305 7306 7362
f 7310 7312 7361
f 7307 7359 7309
f 7304 7309 7359
f 7204 7358 7356
f 7206 7316 7358
f 7280 7317 7315
f 7308 7356 7357
f 7307 7357 7359
f 7289 7290 7319
f 7284 7291 7320
f 7289 7320 7291
f 7296 7301 7322
f 7296 7322 7297
f 7284 7320 7318
f 7289 7319 7320
f 7151 7324 7325
f 7209 7325 7315
f 7301 7323 7322
f 7297 7322 7321
f 7300 7323 7301
f 7278 7325 7303
f 7300 7324 7323
f 7278 7315 7325
f 7338 7358 7339
f 7337 7358 7338
f 7341 7342 7359
f 7331 7359 7342
f 7310 7360 7311
f 7311 7360 7313
f 7313 7363 7314
f 7306 7355 7362
f 7312 7362 7361
f 7331 7355 7359
f 7226 7314 7364
f 7310 7361 7360
f 7313 7360 7363
f 7337 7356 7358
f 7316 7339 7358
f 7304 7359 7355
f 7341 7359 7357
f 7348 7349 7360
f 7351 7361 7352
f 7348 7361 7351
f 7353 7364 7354
f 7348 7360 7361
f 7352 7361 7362
f 7314 7363 7364
f 7354 7364 7363
f 6451 7454 7455
f 6482 7455 7424
f 6459 7437 7462
f 6492 7468 7434
f 6459 7462 7463
f 6462 7445 7465
f 6464 7423 7467
f 6500 7464 7442
f 6462 7465 7468
f 6464 7467 7464
f 6516 7483 7524
f 6537 7519 7480
f 6512 7520 7519
f 6516 7524 7522
f 6548 7522 7491
f 6521 7529 7510
f 6562 7505 7530
f 6522 7530 7529
f 6524 7488 7532
f 6524 7532 7533
f 6569 7533 7512
f 6570 7546 7540
f 6573 7534 7545
f 6570 7545 7546
f 6583 7544 7454
f 6596 7604 7571
f 6627 7570 7602
f 6594 7602 7604
f 6597 7579 7605
f 6599 7589 7607
f 6601 7609 7248
f 6597 7605 7610
f 6645 7610 7588
f 6599 7607 7609
f 6603 7591 7611
f 6603 7611 7612
f 6633 7612 7576
f 6651 7600 7623
f 6460 7463 7617
f 6661 7622 7626
f 6651 7626 7600
f 7391 7392 7531
f 7392 7450 7528
f 7403 7462 7405
f 7403 7404 7463
f 7449 7457 7456
f 7422 7467 7423
f 7422 7424 7456
f 7452 7453 7547
f 7450 7451 7545
f 7451 7546 7545
f 7451 7452 7546
f 7452 7547 7546
f 7447 7455 7448
f 7448 7454 7453
f 7447 7449 7456
f 7447 7456 7455
f 7456 7457 7467
f 7422 7456 7467
f 7424 7455 7456
f 7453 7454 7547
f 7448 7455 7454
f 7434 7461 7435
f 7435 7462 7437
f 7406 7465 7460
f 7458 7459 7464
f 7457 7458 7467
f 7459 7460 7466
f 7459 7466 7464
f 7460 7465 7466
f 7406 7407 7468
f 7405 7461 7407
f 7405 7462 7461
f 7403 7463 7462
f 7434 7468 7461
f 7435 7461 7462
f 7406 7468 7465
f 7407 7461 7468
f 7445 7446 7465
f 7442 7466 7446
f 7442 7464 7466
f 7446 7466 7465
f 7458 7464 7467
f 7515 7518 7524
f 7516 7522 7518
f 7516 7517 7523
f 7517 7532 7523
f 7480 7521 7482
f 7482 7521 7483
f 7488 7492 7532
f 7491 7523 7492
f 7013 7513 7520
f 7513 7514 7519
f 7513 7519 7520
f 7514 7515 7521
f 7514 7521 7519
f 7515 7524 7521
f 7480 7519 7521
f 7483 7521 7524
f 7491 7522 7523
f 7492 7523 7532
f 7518 7522 7524
f 7516 7523 7522
f 7498 7512 7527
f 7498 7530 7505
f 7504 7528 7534
f 7508 7510 7531
f 7504 7508 7528
f 7525 7526 7533
f 7388 7533 7526
f 7388 7389 7527
f 7498 7527 7530
f 7517 7525 7532
f 7525 7533 7532
f 7388 7527 7533
f 7389 7530 7527
f 7389 7390 7530
f 7390 7391 7529
f 7390 7529 7530
f 7392 7528 7531
f 7391 7531 7529
f 7510 7529 7531
f 7508 7531 7528
f 7512 7533 7527
f 7539 7540 7546
f 7543 7547 7544
f 7539 7547 7543
f 7528 7545 7534
f 7539 7546 7547
f 7450 7545 7528
f 7454 7544 7547
f 7250 7261 7601
f 7595 7603 7597
f 7594 7602 7595
f 7594 7596 7604
f 7250 7604 7596
f 7250 7601 7604
f 7559 7623 7600
f 7565 7571 7601
f 7559 7603 7568
f 7568 7602 7570
f 7593 7597 7600
f 7592 7593 7626
f 7592 7625 7599
f 7404 7598 7463
f 7598 7599 7624
f 7599 7625 7624
f 7593 7600 7626
f 7592 7626 7625
f 7571 7604 7601
f 7597 7603 7600
f 7595 7602 7603
f 7594 7604 7602
f 7559 7600 7603
f 7568 7603 7602
f 7579 7580 7605
f 7576 7606 7580
f 7587 7588 7608
f 7587 7607 7589
f 7260 7611 7261
f 7256 7612 7260
f 7256 7606 7612
f 7257 7610 7605
f 7259 7605 7606
f 7576 7612 7606
f 7580 7606 7605
f 7260 7612 7611
f 7261 7611 7601
f 7588 7610 7608
f 7587 7608 7607
f 7565 7611 7591
f 7565 7601 7611
f 7617 7624 7618
f 7621 7625 7622
f 7618 7625 7621
f 7618 7624 7625
f 7622 7625 7626
f 7463 7598 7624
f 7463 7624 7617
f 29 73 223
f 28 72 29
f 73 228 223
f 29 72 73
f 28 79 72
f 31 377 398
f 31 75 33
f 32 33 77
f 30 32 76
f 34 78 35
f 28 35 79
f 30 74 34
f 30 76 74
f 33 75 77
f 31 398 75
f 32 77 76
f 35 78 79
f 34 74 78
f 76 77 399
f 78 400 79
f 72 231 73
f 72 79 400
f 74 400 78
f 74 76 400
f 72 400 231
f 101 238 243
f 101 133 102
f 102 134 110
f 101 243 133
f 102 133 134
f 109 153 112
f 110 154 111
f 109 111 155
f 112 156 113
f 113 157 114
f 114 158 609
f 110 134 154
f 111 154 155
f 109 155 153
f 112 153 156
f 113 156 157
f 114 157 158
f 158 629 609
f 134 246 154
f 153 155 247
f 154 247 155
f 157 630 158
f 153 247 156
f 156 247 157
f 157 247 630
f 167 199 168
f 168 200 169
f 169 201 170
f 167 226 199
f 168 199 200
f 169 200 201
f 170 201 202
f 174 212 175
f 175 213 176
f 176 214 177
f 177 215 234
f 175 212 213
f 176 213 214
f 177 214 215
f 170 202 178
f 178 216 180
f 179 180 218
f 174 179 217
f 178 202 216
f 180 216 218
f 179 218 217
f 174 217 212
f 201 232 202
f 200 232 201
f 213 245 214
f 214 245 215
f 216 219 218
f 217 218 219
f 202 232 216
f 216 232 219
f 212 217 219
f 212 219 245
f 212 245 213
f 222 224 229
f 220 225 221
f 220 222 227
f 223 228 224
f 167 221 226
f 222 229 227
f 221 225 226
f 220 227 225
f 224 228 229
f 225 227 230
f 73 231 228
f 228 231 229
f 227 229 230
f 229 231 230
f 199 226 230
f 225 230 226
f 199 232 200
f 199 230 232
f 234 239 235
f 236 241 237
f 235 240 236
f 237 242 238
f 235 239 240
f 237 241 242
f 236 240 241
f 215 239 234
f 238 242 243
f 215 245 239
f 239 244 240
f 240 244 241
f 239 245 244
f 242 244 243
f 241 244 242
f 133 243 246
f 133 246 134
f 243 244 246
f 154 246 247
f 313 354 403
f 314 316 357
f 313 314 355
f 315 356 317
f 315 322 363
f 316 317 358
f 313 355 354
f 314 357 355
f 317 356 358
f 315 363 356
f 316 358 357
f 318 359 323
f 318 320 361
f 319 360 320
f 321 362 322
f 321 323 364
f 323 359 364
f 318 361 359
f 320 360 361
f 322 362 363
f 321 364 362
f 354 355 407
f 355 357 407
f 357 358 467
f 356 467 358
f 356 363 471
f 362 471 363
f 357 467 407
f 366 386 377
f 367 371 391
f 366 367 387
f 368 388 371
f 368 369 389
f 369 370 390
f 366 387 386
f 367 391 387
f 371 388 391
f 368 389 388
f 369 390 389
f 370 372 392
f 372 373 393
f 373 376 396
f 374 394 376
f 375 403 404
f 374 375 395
f 370 392 390
f 372 393 392
f 373 396 393
f 376 394 396
f 374 395 394
f 375 404 395
f 377 386 398
f 386 387 401
f 387 391 401
f 390 392 405
f 392 393 405
f 393 396 405
f 388 389 397
f 389 390 397
f 388 397 391
f 391 397 401
f 390 405 397
f 75 398 399
f 75 399 77
f 386 401 398
f 398 401 399
f 76 399 400
f 354 404 403
f 394 406 396
f 394 395 406
f 395 404 406
f 396 406 405
f 354 407 404
f 404 407 406
f 420 421 460
f 421 422 461
f 420 460 459
f 421 461 460
f 423 462 425
f 319 424 463
f 424 425 464
f 423 426 465
f 427 428 468
f 426 427 466
f 425 462 464
f 319 463 360
f 424 464 463
f 423 465 462
f 426 466 465
f 427 468 466
f 428 429 469
f 429 430 470
f 420 459 430
f 428 469 468
f 429 470 469
f 430 459 470
f 359 534 364
f 362 364 533
f 356 471 467
f 362 533 471
f 359 535 534
f 364 534 533
f 422 477 511
f 477 478 512
f 478 479 513
f 479 480 514
f 480 481 515
f 422 511 461
f 477 512 511
f 478 513 512
f 479 514 513
f 480 515 514
f 481 528 515
f 481 487 528
f 487 488 529
f 488 489 530
f 489 490 531
f 490 491 532
f 491 1906 1936
f 487 529 528
f 488 530 529
f 489 531 530
f 490 532 531
f 491 1936 532
f 459 460 2004
f 460 461 2003
f 461 511 2002
f 511 512 1965
f 513 514 1963
f 514 515 1962
f 515 528 1961
f 512 513 1964
f 528 529 1941
f 529 530 1940
f 530 531 1939
f 531 532 1938
f 359 1966 535
f 462 2028 464
f 465 466 2026
f 462 465 2027
f 360 463 2081
f 359 361 2083
f 360 2082 361
f 463 464 2029
f 466 468 2025
f 468 469 2023
f 469 470 2022
f 459 2021 470
f 537 2036 536
f 539 2034 538
f 538 2035 537
f 536 2144 409
f 408 2182 402
f 409 2145 408
f 540 2184 541
f 541 2299 233
f 402 2183 540
f 249 2375 250
f 233 2362 249
f 250 2376 248
f 603 623 604
f 604 624 606
f 605 606 626
f 605 625 607
f 607 627 608
f 603 629 623
f 604 623 624
f 606 624 626
f 605 626 625
f 607 625 627
f 608 627 628
f 603 609 629
f 608 628 610
f 610 632 611
f 611 633 613
f 612 613 635
f 612 634 614
f 614 636 702
f 610 628 632
f 611 632 633
f 613 633 635
f 612 635 634
f 614 634 636
f 636 703 702
f 624 631 626
f 625 626 631
f 625 631 627
f 623 629 630
f 158 630 629
f 623 630 624
f 624 630 631
f 627 637 628
f 627 631 637
f 628 637 632
f 632 637 633
f 633 637 635
f 634 635 704
f 634 704 636
f 635 637 704
f 645 673 646
f 646 674 647
f 647 677 648
f 648 678 649
f 649 679 655
f 645 703 673
f 646 673 674
f 647 674 677
f 648 677 678
f 649 678 679
f 655 679 696
f 657 698 658
f 655 696 656
f 656 697 657
f 658 699 659
f 659 700 660
f 656 696 697
f 657 697 698
f 658 698 699
f 659 699 700
f 660 700 701
f 677 705 678
f 678 705 679
f 679 707 696
f 697 707 698
f 696 707 697
f 698 707 699
f 699 754 700
f 699 707 754
f 645 702 703
f 673 703 704
f 636 704 703
f 673 705 674
f 673 704 705
f 674 705 677
f 679 705 707
f 706 872 708
f 706 713 870
f 706 870 872
f 660 701 719
f 719 751 721
f 720 721 753
f 720 752 722
f 722 755 723
f 723 756 732
f 701 751 719
f 721 751 753
f 720 753 752
f 722 752 755
f 723 755 756
f 732 756 773
f 729 770 730
f 730 771 731
f 730 770 771
f 731 771 772
f 732 773 733
f 733 774 734
f 729 734 775
f 733 773 774
f 734 774 775
f 729 775 770
f 751 757 753
f 700 754 701
f 701 754 751
f 751 754 757
f 752 753 757
f 752 757 755
f 755 757 756
f 756 776 773
f 774 776 775
f 773 776 774
f 756 757 776
f 770 775 776
f 770 823 771
f 770 776 823
f 731 772 782
f 782 808 783
f 783 809 786
f 786 820 787
f 787 821 788
f 788 822 792
f 772 808 782
f 783 808 809
f 786 809 820
f 787 820 821
f 788 821 822
f 792 833 793
f 793 834 794
f 794 835 797
f 797 841 798
f 798 842 3809
f 792 822 833
f 793 833 834
f 794 834 835
f 797 835 841
f 798 841 842
f 842 3831 3809
f 771 823 772
f 772 823 808
f 808 823 809
f 809 843 820
f 809 823 843
f 820 843 821
f 821 843 822
f 822 843 833
f 833 844 834
f 833 843 844
f 834 844 835
f 835 844 841
f 841 844 842
f 842 844 3831
f 708 880 777
f 884 778 777
f 778 898 845
f 845 903 3873
f 710 2478 638
f 2478 711 638
f 708 872 873
f 708 873 878
f 711 2477 712
f 708 878 879
f 248 2560 709
f 709 2562 710
f 2478 710 2474
f 710 2475 2474
f 712 2470 869
f 869 2470 871
f 871 2469 874
f 874 2469 875
f 711 2478 2477
f 712 2477 2470
f 871 2470 2469
f 875 2469 876
f 777 880 882
f 708 879 881
f 708 881 880
f 777 882 883
f 777 883 884
f 778 884 888
f 889 778 888
f 778 889 890
f 778 890 898
f 845 898 899
f 845 899 900
f 845 900 901
f 845 901 902
f 845 902 903
f 3873 903 2503
f 3873 2503 2504
f 1906 1907 1937
f 1907 1908 1938
f 1908 1909 1939
f 1909 1910 1940
f 1910 1911 1941
f 1906 1937 1936
f 1907 1938 1937
f 1908 1939 1938
f 1909 1940 1939
f 1910 1941 1940
f 1911 1961 1941
f 1911 1917 1961
f 1917 1918 1962
f 1918 1919 1963
f 1919 1920 1964
f 1920 1921 1965
f 1921 1974 2002
f 1917 1962 1961
f 1918 1963 1962
f 1919 1964 1963
f 1920 1965 1964
f 1921 2002 1965
f 532 1936 1937
f 532 1937 1938
f 531 1938 1939
f 530 1939 1940
f 529 1940 1941
f 528 1941 1961
f 515 1961 1962
f 514 1962 1963
f 513 1963 1964
f 512 1964 1965
f 511 1965 2002
f 461 2002 2003
f 460 2003 2004
f 359 2083 1966
f 459 2004 2021
f 470 2021 2022
f 469 2022 2023
f 468 2023 2025
f 466 2025 2026
f 465 2026 2027
f 462 2027 2028
f 464 2028 2029
f 463 2029 2081
f 360 2081 2082
f 361 2082 2083
f 2084 1967 1966
f 1974 1975 2003
f 1975 1976 2004
f 1974 2003 2002
f 1975 2004 2003
f 1976 1982 2021
f 1982 1983 2022
f 1983 1984 2023
f 1976 2021 2004
f 1982 2022 2021
f 1983 2023 2022
f 1984 1985 2025
f 1985 1986 2026
f 1986 1987 2027
f 1987 1988 2028
f 1988 1989 2029
f 1989 2045 2081
f 1984 2025 2023
f 1985 2026 2025
f 1986 2027 2026
f 1987 2028 2027
f 1988 2029 2028
f 1989 2081 2029
f 2085 1968 1967
f 2086 2024 1968
f 2083 2084 1966
f 2084 2085 1967
f 2096 2030 2024
f 2085 2086 1968
f 539 2032 2033
f 2034 539 2033
f 2035 538 2034
f 537 2035 2036
f 536 2036 2144
f 409 2144 2145
f 408 2145 2182
f 2045 2046 2082
f 2046 2047 2083
f 2047 2048 2084
f 2048 2049 2085
f 2049 2050 2086
f 2045 2082 2081
f 2046 2083 2082
f 2047 2084 2083
f 2048 2085 2084
f 2049 2086 2085
f 2050 2054 2095
f 2054 2055 2096
f 2055 2056 2097
f 2056 2057 2098
f 2057 2058 2099
f 2050 2095 2086
f 2054 2096 2095
f 2055 2097 2096
f 2056 2098 2097
f 2057 2099 2098
f 2058 2142 2099
f 2086 2095 2024
f 2095 2096 2024
f 2099 2031 2030
f 2096 2097 2030
f 2097 2098 2030
f 2098 2099 2030
f 2099 2142 2031
f 2058 2139 2142
f 2159 2140 2031
f 2142 2159 2031
f 2162 2141 2140
f 2159 2160 2140
f 2160 2161 2140
f 2161 2162 2140
f 2174 2143 2141
f 2139 2146 2159
f 2146 2147 2160
f 2147 2148 2161
f 2148 2149 2162
f 2149 2150 2163
f 2150 2152 2173
f 2139 2159 2142
f 2146 2160 2159
f 2147 2161 2160
f 2148 2162 2161
f 2149 2163 2162
f 2150 2173 2163
f 2152 2153 2174
f 2153 2154 2175
f 2154 2155 2176
f 2155 2156 2177
f 2156 2157 2178
f 2152 2174 2173
f 2153 2175 2174
f 2154 2176 2175
f 2155 2177 2176
f 2156 2178 2177
f 2157 2180 2178
f 2157 2158 2180
f 2162 2163 2141
f 2163 2173 2141
f 2173 2174 2141
f 2174 2175 2143
f 2175 2176 2143
f 2177 2164 2143
f 2176 2177 2143
f 2177 2178 2164
f 2178 2180 2164
f 2249 2179 2164
f 2180 2248 2164
f 2248 2249 2164
f 2249 2250 2179
f 2252 2181 2179
f 402 2182 2183
f 2184 540 2183
f 541 2184 2299
f 233 2299 2362
f 249 2362 2375
f 250 2375 2376
f 248 2376 2560
f 2158 2215 2248
f 2215 2216 2249
f 2216 2217 2250
f 2217 2218 2251
f 2218 2219 2252
f 2219 2220 2253
f 2158 2248 2180
f 2215 2249 2248
f 2216 2250 2249
f 2217 2251 2250
f 2218 2252 2251
f 2219 2253 2252
f 2220 2266 2253
f 2220 2225 2266
f 2225 2226 2267
f 2226 2286 2293
f 2225 2267 2266
f 2226 2293 2267
f 2250 2251 2179
f 2251 2252 2179
f 2252 2253 2181
f 2293 2291 2181
f 2253 2266 2181
f 2266 2267 2181
f 2267 2293 2181
f 2286 2287 2294
f 2287 2288 2295
f 2288 2289 2296
f 2289 2290 2297
f 2286 2294 2293
f 2287 2295 2294
f 2288 2296 2295
f 2289 2297 2296
f 2290 2332 2297
f 2296 2292 2291
f 2293 2294 2291
f 2294 2295 2291
f 2295 2296 2291
f 2296 2297 2292
f 2334 2298 2292
f 2297 2332 2292
f 2332 2333 2292
f 2333 2334 2292
f 2346 2300 2298
f 2290 2304 2332
f 2304 2305 2333
f 2305 2306 2334
f 2306 2307 2335
f 2304 2333 2332
f 2305 2334 2333
f 2306 2335 2334
f 2307 2313 2345
f 2313 2314 2346
f 2314 2315 2347
f 2315 2319 2358
f 2307 2345 2335
f 2313 2346 2345
f 2314 2347 2346
f 2315 2358 2347
f 2319 2320 2359
f 2320 2321 2360
f 2321 2322 2361
f 2319 2359 2358
f 2320 2360 2359
f 2321 2361 2360
f 2322 2369 2361
f 2334 2335 2298
f 2335 2345 2298
f 2345 2346 2298
f 2346 2347 2300
f 2347 2358 2300
f 2358 2359 2300
f 2360 2348 2300
f 2359 2360 2300
f 2360 2361 2348
f 2361 2369 2348
f 2322 2363 2369
f 2363 2364 2370
f 2364 2365 2371
f 2365 2366 2373
f 2366 2367 2374
f 2363 2370 2369
f 2364 2371 2370
f 2365 2373 2371
f 2366 2374 2373
f 2369 2370 2348
f 2371 2368 2348
f 2370 2371 2348
f 2371 2373 2368
f 2423 2372 2368
f 2373 2374 2368
f 2374 2423 2368
f 2423 2424 2372
f 2424 2433 2372
f 2435 2377 2372
f 2367 2396 2423
f 2396 2397 2424
f 2367 2423 2374
f 2396 2424 2423
f 2397 2433 2424
f 2397 2401 2433
f 2401 2402 2434
f 2402 2403 2435
f 2403 2404 2436
f 2404 2405 2437
f 2405 2406 2438
f 2406 2566 2580
f 2401 2434 2433
f 2402 2435 2434
f 2403 2436 2435
f 2404 2437 2436
f 2405 2438 2437
f 2406 2580 2438
f 2433 2434 2372
f 2434 2435 2372
f 2435 2436 2377
f 2436 2437 2377
f 2437 2438 2377
f 2580 2579 2377
f 2438 2580 2377
f 710 2476 2475
f 709 2560 2562
f 710 2562 2476
f 876 2469 877
f 2481 2564 2479
f 2712 2472 2473
f 2480 2646 2473
f 2479 2565 2480
f 2482 2486 885
f 2482 2485 2486
f 885 2486 2487
f 885 2488 887
f 885 2487 2488
f 887 2490 886
f 886 2490 891
f 887 2488 2489
f 887 2489 2490
f 2499 892 891
f 2499 893 892
f 891 2490 2498
f 2499 891 2498
f 2502 894 893
f 894 2502 895
f 895 2501 896
f 896 2497 897
f 896 2500 2497
f 897 2497 2495
f 2495 2497 2496
f 893 2499 2502
f 2501 895 2502
f 896 2501 2500
f 3873 2504 5794
f 2483 2471 2712
f 2483 2713 2484
f 2484 2713 2491
f 2491 2713 2492
f 2472 2712 2471
f 2492 2713 2493
f 5794 2504 2505
f 5794 2505 2506
f 2508 5794 2506
f 2512 5794 2507
f 5794 2508 2507
f 2493 2776 2494
f 2494 2776 2509
f 2509 2776 2510
f 2510 5794 2513
f 5794 2511 2513
f 5794 2512 2511
f 2476 2562 2559
f 2562 2561 2559
f 2643 2561 2562
f 2564 2481 2563
f 2479 2564 2565
f 2480 2565 2646
f 2473 2646 2712
f 2566 2582 2580
f 2566 2567 2582
f 2567 2568 2583
f 2568 2570 2592
f 2570 2571 2593
f 2571 2572 2594
f 2572 2573 2595
f 2567 2583 2582
f 2568 2592 2583
f 2570 2593 2592
f 2571 2594 2593
f 2572 2595 2594
f 2573 2574 2597
f 2574 2575 2598
f 2575 2576 2600
f 2576 2577 2601
f 2577 2578 2602
f 2578 2642 2644
f 2573 2597 2595
f 2574 2598 2597
f 2575 2600 2598
f 2576 2601 2600
f 2577 2602 2601
f 2578 2644 2602
f 2580 2582 2579
f 2582 2583 2579
f 2593 2581 2579
f 2583 2592 2579
f 2592 2593 2579
f 2593 2594 2581
f 2594 2595 2581
f 2595 2597 2581
f 2597 2596 2581
f 2597 2598 2596
f 2598 2600 2596
f 2600 2601 2596
f 2602 2599 2596
f 2601 2602 2596
f 2602 2644 2599
f 2642 2671 2644
f 2644 2671 2599
f 2671 2672 2599
f 2679 2645 2599
f 2672 2679 2599
f 2679 2680 2645
f 2691 2647 2645
f 2642 2649 2671
f 2649 2650 2672
f 2650 2654 2679
f 2654 2655 2680
f 2655 2656 2681
f 2656 2660 2690
f 2649 2672 2671
f 2650 2679 2672
f 2654 2680 2679
f 2655 2681 2680
f 2656 2690 2681
f 2660 2661 2691
f 2661 2662 2692
f 2662 2663 2693
f 2663 2664 2694
f 2664 2665 2695
f 2660 2691 2690
f 2661 2692 2691
f 2662 2693 2692
f 2663 2694 2693
f 2664 2695 2694
f 2680 2681 2645
f 2681 2690 2645
f 2690 2691 2645
f 2691 2692 2647
f 2692 2693 2647
f 2695 2648 2647
f 2693 2694 2647
f 2694 2695 2647
f 2483 2712 2713
f 2493 2713 2776
f 5794 2510 2776
f 2665 2714 2735
f 2714 2715 2736
f 2715 2716 2737
f 2716 2717 2739
f 2717 2718 2740
f 2718 2724 2758
f 2665 2735 2695
f 2714 2736 2735
f 2715 2737 2736
f 2716 2739 2737
f 2717 2740 2739
f 2718 2758 2740
f 2724 2725 2759
f 2725 2726 2760
f 2726 2730 2768
f 2724 2759 2758
f 2725 2760 2759
f 2726 2768 2760
f 2730 2731 2769
f 2731 2732 2770
f 2730 2769 2768
f 2731 2770 2769
f 2695 2735 2648
f 2735 2736 2648
f 2737 2738 2648
f 2736 2737 2648
f 2737 2739 2738
f 2739 2740 2738
f 2740 2758 2738
f 2758 2759 2738
f 2759 2757 2738
f 2759 2760 2757
f 2760 2768 2757
f 2768 2769 2757
f 2769 2770 2757
f 2770 2797 2757
f 2732 2777 2799
f 2777 2778 2800
f 2778 2782 2810
f 2782 2783 2811
f 2783 2784 2812
f 2732 2799 2770
f 2777 2800 2799
f 2778 2810 2800
f 2782 2811 2810
f 2783 2812 2811
f 2784 2824 2812
f 2784 2787 2824
f 2787 2788 2825
f 2788 2789 2826
f 2789 2793 2836
f 2793 2794 2837
f 2794 5796 5820
f 2787 2825 2824
f 2788 2826 2825
f 2789 2836 2826
f 2793 2837 2836
f 2794 5820 2837
f 2770 2799 2797
f 2799 2800 2797
f 2811 2798 2797
f 2800 2810 2797
f 2810 2811 2797
f 2811 2812 2798
f 2812 2824 2798
f 2826 2823 2798
f 2824 2825 2798
f 2825 2826 2798
f 2826 2836 2823
f 2836 2837 2823
f 5820 5818 2823
f 2837 5820 2823
f 3809 3831 3810
f 3810 3832 3811
f 3811 3833 3815
f 3815 3843 3816
f 3816 3844 3817
f 3817 3845 3820
f 3810 3831 3832
f 3811 3832 3833
f 3815 3833 3843
f 3816 3843 3844
f 3817 3844 3845
f 3820 3857 3821
f 3821 3858 3822
f 3822 3859 3826
f 3826 3869 3827
f 3827 3870 3878
f 3820 3845 3857
f 3821 3857 3858
f 3822 3858 3859
f 3826 3859 3869
f 3827 3869 3870
f 3870 3902 3878
f 3831 3846 3832
f 3831 844 3846
f 3832 3846 3833
f 3833 3846 3843
f 3843 3871 3844
f 3844 3871 3845
f 3843 3846 3871
f 3845 3871 3857
f 3857 3871 3858
f 3858 3872 3859
f 3859 3872 3869
f 3858 3871 3872
f 3869 3872 3870
f 3870 3872 3902
f 3878 3902 3879
f 3879 3903 3880
f 3879 3902 3903
f 3880 3903 3904
f 3880 3904 3884
f 3884 3912 3885
f 3885 3913 3886
f 3884 3904 3912
f 3885 3912 3913
f 3886 3913 3914
f 3886 3914 3892
f 3892 3932 3893
f 3893 3933 3894
f 3894 3935 3895
f 3895 3936 3896
f 3896 3937 3945
f 3892 3914 3932
f 3893 3932 3933
f 3894 3933 3935
f 3895 3935 3936
f 3896 3936 3937
f 3937 3978 3945
f 3902 3872 3915
f 3902 3915 3903
f 3903 3915 3904
f 3904 3915 3912
f 3912 3915 3913
f 3913 3915 3934
f 3913 3934 3914
f 3914 3934 3932
f 3932 3934 3933
f 3933 3934 3935
f 3935 4004 3936
f 3935 3934 4004
f 3936 4004 3937
f 3937 4004 3978
f 3873 4116 3874
f 3874 4124 3875
f 3875 4134 3938
f 3938 4147 3939
f 3945 3978 3946
f 3946 3979 3947
f 3947 3980 3948
f 3948 3981 3949
f 3949 3982 3950
f 3946 3978 3979
f 3947 3979 3980
f 3948 3980 3981
f 3949 3981 3982
f 3950 3982 3983
f 3950 3983 3954
f 3954 3992 3955
f 3955 3993 3956
f 3956 3994 3960
f 3960 4001 3961
f 3961 4002 4003
f 3954 3983 3992
f 3955 3992 3993
f 3956 3993 3994
f 3960 3994 4001
f 3961 4001 4002
f 3978 4005 3979
f 3979 4005 3980
f 3978 4004 4005
f 3980 4005 3981
f 3981 4005 3982
f 3982 4006 3983
f 3983 4006 3992
f 3992 4006 3993
f 4002 4007 4003
f 3982 4005 4006
f 3939 4086 4008
f 3993 4006 3994
f 3994 4064 4001
f 3994 4006 4064
f 4001 4064 4002
f 4002 4064 4007
f 4003 4007 4048
f 4048 4061 4049
f 4049 4062 4050
f 4050 4063 4051
f 4051 4065 4052
f 4052 4066 4053
f 4007 4061 4048
f 4049 4061 4062
f 4050 4062 4063
f 4051 4063 4065
f 4052 4065 4066
f 4053 4066 4069
f 4053 4069 4054
f 4054 4070 4055
f 4055 4071 4056
f 4056 4072 4058
f 4058 4081 4059
f 4059 4082 4060
f 4054 4069 4070
f 4055 4070 4071
f 4056 4071 4072
f 4058 4072 4081
f 4059 4081 4082
f 4060 4082 4084
f 4007 4064 4061
f 4061 4068 4062
f 4061 4064 4068
f 4062 4068 4063
f 4063 4068 4065
f 4065 4068 4066
f 4066 4068 4083
f 4066 4083 4069
f 4069 4083 4070
f 4070 4083 4071
f 4071 4085 4072
f 4072 4085 4081
f 4071 4083 4085
f 4081 4085 4082
f 4082 4085 4084
f 3939 4087 4086
f 4087 3939 4142
f 4142 3939 4144
f 3873 4120 4116
f 4117 3874 4116
f 4122 3874 4118
f 3874 4122 4123
f 4118 3874 4117
f 4119 3873 4121
f 3873 4119 4120
f 3873 5710 4121
f 3873 5711 5710
f 4124 3874 4123
f 3875 4124 4125
f 3875 4125 4132
f 4147 3938 4140
f 3875 4132 4133
f 3875 4133 4134
f 3938 4134 4139
f 3938 4139 4141
f 3938 4141 4140
f 4135 5731 4136
f 5732 4138 4137
f 3939 4145 4144
f 4145 3939 4147
f 4067 4091 5751
f 4088 5750 4091
f 4067 5936 4089
f 4143 5749 4088
f 4146 5745 4143
f 4151 5743 4148
f 4149 5745 4146
f 4148 5743 4149
f 4089 6418 4090
f 4060 4084 4194
f 4194 4227 4195
f 4195 4228 4196
f 4196 4229 4197
f 4197 4230 4198
f 4198 4231 4199
f 4199 4232 4203
f 4084 4227 4194
f 4195 4227 4228
f 4196 4228 4229
f 4197 4229 4230
f 4198 4230 4231
f 4199 4231 4232
f 4203 4241 4204
f 4204 4242 4267
f 4203 4232 4241
f 4204 4241 4242
f 4242 4274 4267
f 4084 4272 4227
f 4084 4085 4272
f 4227 4272 4228
f 4228 4272 4229
f 4229 4272 4230
f 4230 4276 4231
f 4231 4276 4232
f 4267 4274 4268
f 4268 4275 4269
f 4269 4277 4270
f 4270 4278 4271
f 4271 4279 4283
f 4268 4274 4275
f 4269 4275 4277
f 4270 4277 4278
f 4271 4278 4279
f 4230 4272 4276
f 4232 4276 4241
f 4241 4276 4242
f 4242 4280 4274
f 4274 4280 4275
f 4242 4276 4280
f 4275 4280 4277
f 4277 4318 4278
f 4277 4280 4318
f 4278 4318 4279
f 4283 4305 4284
f 4284 4306 4285
f 4285 4307 4286
f 4279 4305 4283
f 4284 4305 4306
f 4285 4306 4307
f 4286 4307 4308
f 4286 4308 4290
f 4290 4319 4291
f 4291 4320 4292
f 4292 4321 4298
f 4290 4308 4319
f 4291 4319 4320
f 4292 4320 4321
f 4298 4321 4331
f 4298 4331 4299
f 4299 4332 4300
f 4300 4333 4301
f 4301 4334 4344
f 4299 4331 4332
f 4300 4332 4333
f 4301 4333 4334
f 4279 4318 4305
f 4305 4318 4306
f 4306 4349 4307
f 4306 4318 4349
f 4307 4349 4308
f 4308 4349 4319
f 4319 4349 4320
f 4320 4351 4321
f 4321 4351 4331
f 4331 4351 4332
f 4344 4352 4345
f 4345 4353 4346
f 4346 4354 4347
f 4347 4355 4348
f 4334 4352 4344
f 4345 4352 4353
f 4346 4353 4354
f 4347 4354 4355
f 4348 4355 4356
f 4320 4349 4351
f 4332 4357 4333
f 4333 4357 4334
f 4334 4357 4352
f 4332 4351 4357
f 4352 4357 4353
f 4353 4358 4354
f 4354 4358 4355
f 4355 4358 4356
f 4353 4357 4358
f 4348 4356 4374
f 4374 4398 4375
f 4375 4399 4380
f 4356 4398 4374
f 4375 4398 4399
f 4380 4412 4381
f 4381 4413 4382
f 4382 4414 4383
f 4383 4415 4384
f 4384 4416 4385
f 4385 4417 4453
f 4380 4399 4412
f 4381 4412 4413
f 4382 4413 4414
f 4383 4414 4415
f 4384 4415 4416
f 4385 4416 4417
f 4417 4467 4453
f 4356 4466 4398
f 4398 4466 4399
f 4399 4466 4412
f 4356 4358 4466
f 4412 4466 4413
f 4413 4468 4414
f 4414 4468 4415
f 4090 6419 4273
f 4273 6412 4281
f 4281 6434 4282
f 4282 6435 4350
f 6108 4450 4350
f 6107 4451 4450
f 4451 6247 4452
f 4453 4467 4454
f 4454 4469 4455
f 4455 4470 4456
f 4456 4471 4457
f 4457 4472 4458
f 4458 4473 4459
f 4454 4467 4469
f 4455 4469 4470
f 4456 4470 4471
f 4457 4471 4472
f 4458 4472 4473
f 4459 4473 4474
f 4459 4474 4461
f 4461 4484 4462
f 4462 4485 4463
f 4463 4486 4464
f 4464 4487 4465
f 4465 4488 4489
f 4461 4474 4484
f 4462 4484 4485
f 4463 4485 4486
f 4464 4486 4487
f 4465 4487 4488
f 4488 4493 4489
f 4413 4466 4468
f 4415 4468 4416
f 4416 4483 4417
f 4417 4483 4467
f 4416 4468 4483
f 4467 4483 4469
f 4469 4483 4470
f 4470 4492 4471
f 4470 4483 4492
f 4471 4492 4472
f 4472 4492 4473
f 4473 4494 4474
f 4474 4494 4484
f 4484 4494 4485
f 4489 4493 4535
f 4473 4492 4494
f 4485 4495 4486
f 4486 4495 4487
f 4487 4495 4488
f 4485 4494 4495
f 4488 4623 4493
f 4488 4495 4623
f 4535 4557 4536
f 4536 4558 4537
f 4537 4559 4538
f 4538 4560 4539
f 4539 4561 4543
f 4493 4557 4535
f 4536 4557 4558
f 4537 4558 4559
f 4538 4559 4560
f 4539 4560 4561
f 4543 4561 4570
f 4543 4570 4544
f 4544 4571 4545
f 4545 4572 4546
f 4546 4573 4547
f 4547 4574 4548
f 4544 4570 4571
f 4545 4571 4572
f 4546 4572 4573
f 4547 4573 4574
f 4548 4574 4575
f 4493 4623 4557
f 4557 4624 4558
f 4558 4624 4559
f 4559 4624 4560
f 4557 4623 4624
f 4560 4630 4561
f 4561 4630 4570
f 4452 6246 4490
f 4490 6111 4491
f 4491 6113 4598
f 4598 6112 4599
f 4599 6110 4600
f 4600 6109 4601
f 4600 6110 6109
f 4548 4575 4602
f 4602 4625 4603
f 4603 4626 4604
f 4604 4627 4605
f 4605 4628 4606
f 4606 4629 4607
f 4575 4625 4602
f 4603 4625 4626
f 4604 4626 4627
f 4605 4627 4628
f 4606 4628 4629
f 4607 4629 4631
f 4607 4631 4608
f 4608 4632 4609
f 4609 4633 4615
f 4608 4631 4632
f 4609 4632 4633
f 4615 4633 4650
f 4615 4650 4616
f 4616 4651 4617
f 4616 4650 4651
f 4617 4651 4652
f 4570 4685 4571
f 4560 4624 4630
f 4571 4686 4572
f 4572 4687 4573
f 4570 4630 4685
f 4571 4685 4686
f 4617 4652 4665
f 4665 4688 4666
f 4666 4689 4667
f 4667 4690 4668
f 4668 4691 4669
f 4669 4692 4675
f 4652 4688 4665
f 4666 4688 4689
f 4667 4689 4690
f 4668 4690 4691
f 4669 4691 4692
f 4675 4712 4676
f 4676 4713 4677
f 4677 4714 4678
f 4678 4715 4679
f 4679 4716 6114
f 4675 4692 4712
f 4676 4712 4713
f 4677 4713 4714
f 4678 4714 4715
f 4679 4715 4716
f 4716 6139 6114
f 4572 4686 4687
f 4573 6314 4574
f 4574 6315 4575
f 4575 6212 4625
f 4625 6211 4626
f 4626 6213 4627
f 4627 6210 4628
f 4628 6209 4629
f 4629 6207 4631
f 4631 6206 4632
f 4632 6205 4633
f 4633 6216 4650
f 4573 4687 6316
f 4650 6215 4651
f 4651 6214 4652
f 4652 6163 4688
f 4688 6162 4689
f 4689 6161 4690
f 4690 6160 4691
f 4691 6159 4692
f 4692 6144 4712
f 4712 6143 4713
f 4713 6142 4714
f 4714 6141 4715
f 4715 6140 4716
f 3873 5794 5711
f 5716 5718 4129
f 4129 5720 4128
f 4128 5720 4126
f 4126 5721 4127
f 5718 5716 5717
f 4129 5718 5719
f 4129 5719 5720
f 4126 5720 5721
f 4127 5722 4130
f 5730 4131 4130
f 4127 5721 5722
f 4130 5722 5730
f 5729 4135 4131
f 4136 5731 4137
f 5729 4131 5730
f 4135 5729 5731
f 5728 4137 5731
f 5732 4137 5728
f 5794 5712 5711
f 5794 5713 5712
f 5713 5795 5714
f 5714 5795 5715
f 5715 5795 5723
f 5723 5795 5724
f 5724 5795 5725
f 5725 5865 5726
f 5865 5727 5726
f 5737 5866 5738
f 5866 5733 5738
f 5733 5938 5734
f 5865 5735 5727
f 5866 5736 5735
f 5736 5866 5737
f 4150 5739 4151
f 4151 5739 5743
f 4143 5745 5746
f 4149 5743 5745
f 4143 5746 5749
f 4088 5749 5750
f 5751 4091 5750
f 4067 5751 5935
f 4067 5935 5936
f 6418 4089 5936
f 5734 5938 5740
f 5740 5938 5741
f 5930 5744 5742
f 5741 5932 5742
f 5930 5742 5931
f 5744 5930 5747
f 5747 5930 5748
f 5713 5794 5795
f 5725 5795 5865
f 5866 5735 5865
f 5938 5733 5866
f 5796 5797 5821
f 5797 5798 5822
f 5798 5802 5828
f 5802 5803 5829
f 5803 5804 5830
f 5796 5821 5820
f 5797 5822 5821
f 5798 5828 5822
f 5802 5829 5828
f 5803 5830 5829
f 5804 5841 5830
f 5804 5808 5841
f 5808 5809 5842
f 5809 5810 5843
f 5810 5813 5854
f 5813 5814 5855
f 5814 5870 5892
f 5808 5842 5841
f 5809 5843 5842
f 5810 5854 5843
f 5813 5855 5854
f 5814 5892 5855
f 5820 5821 5818
f 5821 5822 5818
f 5822 5828 5818
f 5828 5829 5818
f 5830 5819 5818
f 5829 5830 5818
f 5830 5841 5819
f 5841 5842 5819
f 5842 5843 5819
f 5854 5840 5819
f 5843 5854 5819
f 5854 5855 5840
f 5855 5892 5840
f 5892 5893 5840
f 5867 5889 5872
f 5867 5868 5890
f 5868 5869 5891
f 5872 5889 5894
f 5867 5890 5889
f 5868 5891 5890
f 5870 5871 5893
f 5871 5872 5894
f 5870 5893 5892
f 5871 5894 5893
f 5869 5878 5908
f 5878 5879 5909
f 5879 5881 5912
f 5880 5911 5881
f 5880 5882 5913
f 5882 5944 5966
f 5869 5908 5891
f 5878 5909 5908
f 5879 5912 5909
f 5881 5911 5912
f 5880 5913 5911
f 5882 5966 5913
f 5894 5888 5840
f 5893 5894 5840
f 5889 5888 5894
f 5908 5907 5888
f 5890 5891 5888
f 5889 5890 5888
f 5891 5908 5888
f 5908 5909 5907
f 5909 5912 5907
f 5911 5907 5912
f 5913 5910 5907
f 5913 5966 5910
f 5966 5967 5910
f 5911 5913 5907
f 5931 5742 5932
f 5932 5741 5938
f 5935 5751 5933
f 5934 5935 5933
f 5935 5934 5940
f 5937 5943 5959
f 5988 5941 5939
f 5990 5993 5941
f 5994 5942 5941
f 5993 5994 5941
f 5943 6021 5942
f 5943 5942 5994
f 5944 5945 5967
f 5945 5946 5968
f 5947 5948 5970
f 5948 5949 5971
f 5946 5947 5969
f 5944 5967 5966
f 5945 5968 5967
f 5946 5969 5968
f 5947 5970 5969
f 5948 5971 5970
f 5949 5955 5988
f 5955 5956 5989
f 5956 5957 5990
f 5957 5958 5993
f 5958 5959 5994
f 5949 5988 5971
f 5955 5989 5988
f 5956 5990 5989
f 5957 5993 5990
f 5958 5994 5993
f 5943 5994 5959
f 5968 5939 5910
f 5967 5968 5910
f 5968 5969 5939
f 5970 5971 5939
f 5969 5970 5939
f 5971 5988 5939
f 5988 5989 5941
f 5989 5990 5941
f 5937 6007 6021
f 6007 6009 6023
f 6008 6022 6009
f 6008 6010 6024
f 6010 6011 6025
f 6011 6013 6029
f 5937 6021 5943
f 6007 6023 6021
f 6009 6022 6023
f 6008 6024 6022
f 6010 6025 6024
f 6011 6029 6025
f 6012 6028 6018
f 6013 6014 6030
f 6014 6016 6032
f 6015 6031 6016
f 6015 6017 6033
f 6017 6018 6034
f 6013 6030 6029
f 6014 6032 6030
f 6016 6031 6032
f 6015 6033 6031
f 6017 6034 6033
f 6018 6028 6034
f 6022 6020 5942
f 6021 6023 5942
f 6022 5942 6023
f 6022 6024 6020
f 6024 6025 6020
f 6025 6029 6020
f 6030 6026 6020
f 6029 6030 6020
f 6033 6027 6026
f 6033 6034 6027
f 6028 6526 6027
f 6028 6027 6034
f 6030 6032 6026
f 6031 6026 6032
f 6031 6033 6026
f 6419 4090 6418
f 6412 4273 6419
f 6434 4281 6412
f 6247 4451 6107
f 6435 4282 6434
f 6108 4350 6435
f 6107 4450 6108
f 4491 6111 6113
f 6246 4452 6247
f 4490 6246 6111
f 6112 4598 6113
f 6110 4599 6112
f 6114 6139 6115
f 6115 6140 6116
f 6116 6141 6117
f 6117 6142 6118
f 6118 6143 6119
f 6119 6144 6126
f 6115 6139 6140
f 6116 6140 6141
f 6117 6141 6142
f 6118 6142 6143
f 6119 6143 6144
f 6126 6159 6127
f 6127 6160 6128
f 6128 6161 6129
f 6129 6162 6130
f 6130 6163 6191
f 6126 6144 6159
f 6127 6159 6160
f 6128 6160 6161
f 6129 6161 6162
f 6130 6162 6163
f 6163 6214 6191
f 4633 6205 6216
f 4632 6206 6205
f 4631 6207 6206
f 4629 6209 6207
f 4625 6212 6211
f 4574 6314 6315
f 4573 6316 6314
f 4575 6315 6212
f 4627 6213 6210
f 4628 6210 6209
f 4626 6211 6213
f 6316 4687 6136
f 4716 6140 6139
f 4715 6141 6140
f 4714 6142 6141
f 4713 6143 6142
f 4712 6144 6143
f 4689 6162 6161
f 4692 6159 6144
f 4691 6160 6159
f 4690 6161 6160
f 4688 6163 6162
f 4652 6214 6163
f 4651 6215 6214
f 4650 6216 6215
f 6183 6193 6216
f 6183 6205 6184
f 6184 6206 6185
f 6183 6216 6205
f 6184 6205 6206
f 6185 6206 6207
f 6186 6209 6187
f 6185 6207 6186
f 6187 6210 6190
f 6188 6211 6189
f 6189 6212 6293
f 6188 6190 6213
f 6186 6207 6209
f 6187 6209 6210
f 6190 6210 6213
f 6189 6211 6212
f 6212 6315 6293
f 6188 6213 6211
f 6191 6214 6192
f 6192 6215 6193
f 6192 6214 6215
f 6193 6215 6216
f 6311 6137 6138
f 6316 6136 6137
f 6313 6138 6204
f 6319 6204 6208
f 6311 6138 6313
f 6311 6316 6137
f 6245 6321 6251
f 6251 6248 6249
f 6251 6321 6248
f 6270 6249 6250
f 6251 6249 6271
f 6271 6249 6272
f 6270 6272 6249
f 6252 6280 6268
f 6254 6271 6255
f 6245 6251 6254
f 6253 6255 6272
f 6253 6270 6256
f 6256 6273 6257
f 6257 6274 6259
f 6251 6271 6254
f 6255 6271 6272
f 6253 6272 6270
f 6256 6270 6273
f 6257 6273 6274
f 6259 6274 6276
f 6259 6276 6260
f 6260 6277 6261
f 6258 6261 6278
f 6262 6279 6263
f 6258 6275 6262
f 6252 6263 6280
f 6260 6276 6277
f 6261 6277 6278
f 6258 6278 6275
f 6262 6275 6279
f 6263 6279 6280
f 6608 6267 6266
f 6268 6265 6267
f 6268 6280 6265
f 6607 6609 6267
f 6268 6267 6609
f 6276 6250 6269
f 6275 6269 6265
f 6275 6278 6269
f 6276 6269 6277
f 6277 6269 6278
f 6270 6250 6273
f 6273 6250 6274
f 6274 6250 6276
f 6275 6265 6279
f 6279 6265 6280
f 6289 6311 6291
f 6290 6291 6313
f 6292 6293 6315
f 6292 6314 6294
f 6289 6294 6316
f 6291 6311 6313
f 6290 6313 6312
f 6292 6315 6314
f 6294 6314 6316
f 6289 6316 6311
f 6295 6317 6296
f 6290 6312 6297
f 6295 6297 6319
f 6298 6320 6299
f 6296 6318 6298
f 6245 6299 6321
f 6296 6317 6318
f 6297 6312 6319
f 6295 6319 6317
f 6298 6318 6320
f 6299 6320 6321
f 6318 6208 6248
f 6312 6313 6204
f 6312 6204 6319
f 6317 6319 6208
f 6317 6208 6318
f 6318 6248 6320
f 6320 6248 6321
f 6413 6414 6425
f 6415 6416 6427
f 6414 6415 6426
f 6416 6417 6428
f 6413 6425 6424
f 6417 6470 6428
f 6415 6427 6426
f 6414 6426 6425
f 6416 6428 6427
f 6530 6421 6420
f 6424 6423 6421
f 6550 6551 6421
f 6424 6421 6551
f 6425 6426 6423
f 6424 6425 6423
f 6428 6422 6423
f 6426 6427 6423
f 6427 6428 6423
f 6428 6470 6422
f 6432 6442 6457
f 6429 6430 6440
f 6431 6441 6433
f 6432 6433 6443
f 6429 6439 6431
f 6429 6440 6439
f 6433 6441 6443
f 6432 6443 6442
f 6431 6439 6441
f 6486 6438 6436
f 6485 6486 6436
f 6442 6443 6438
f 6442 6438 6486
f 6439 6437 6438
f 6439 6438 6441
f 6439 6440 6437
f 6440 6611 6437
f 6441 6438 6443
f 6445 6468 6450
f 6444 6467 6445
f 6444 6446 6469
f 6446 6454 6483
f 6450 6468 6473
f 6445 6467 6468
f 6444 6469 6467
f 6446 6483 6469
f 6417 6447 6470
f 6447 6448 6471
f 6448 6449 6472
f 6449 6450 6473
f 6447 6471 6470
f 6448 6472 6471
f 6449 6473 6472
f 6454 6455 6484
f 6455 6456 6485
f 6456 6457 6486
f 6454 6484 6483
f 6455 6485 6484
f 6456 6486 6485
f 6442 6486 6457
f 6472 6473 6422
f 6473 6466 6422
f 6468 6466 6473
f 6469 6436 6466
f 6469 6483 6436
f 6467 6466 6468
f 6467 6469 6466
f 6470 6471 6422
f 6471 6472 6422
f 6484 6485 6436
f 6483 6484 6436
f 6012 6505 6526
f 6505 6506 6527
f 6506 6507 6528
f 6508 6529 6510
f 6508 6509 6530
f 6507 6510 6531
f 6012 6526 6028
f 6505 6527 6526
f 6506 6528 6527
f 6507 6531 6528
f 6510 6529 6531
f 6508 6530 6529
f 6509 6550 6530
f 6509 6517 6550
f 6517 6518 6551
f 6413 6424 6518
f 6517 6551 6550
f 6424 6551 6518
f 6527 6420 6027
f 6527 6528 6420
f 6528 6531 6420
f 6526 6527 6027
f 6529 6530 6420
f 6529 6420 6531
f 6530 6550 6421
f 6585 6589 6610
f 6584 6605 6591
f 6584 6585 6606
f 6587 6608 6589
f 6586 6607 6587
f 6586 6588 6609
f 6252 6268 6588
f 6585 6610 6606
f 6584 6606 6605
f 6587 6607 6608
f 6268 6609 6588
f 6586 6609 6607
f 6589 6608 6610
f 6590 6591 6612
f 6430 6590 6611
f 6591 6605 6612
f 6590 6612 6611
f 6430 6611 6440
f 6612 6266 6437
f 6608 6266 6610
f 6606 6610 6266
f 6605 6266 6612
f 6611 6612 6437
f 6605 6606 6266
f 6607 6267 6608
f 1003 1346 1005
f 1003 1007 1346
f 1001 1347 1008
f 1001 1002 1347
f 1002 1173 1347
f 1007 1008 1347
f 1173 1177 1347
f 1002 1023 1173
f 1001 1022 1002
f 1023 1183 1173
f 1002 1022 1023
f 1001 1029 1022
f 1004 1345 1360
f 1004 1025 1006
f 1005 1006 1027
f 1003 1005 1026
f 1007 1028 1008
f 1001 1008 1029
f 1003 1024 1007
f 1003 1026 1024
f 1006 1025 1027
f 1004 1360 1025
f 1005 1027 1026
f 1008 1028 1029
f 1007 1024 1028
f 1083 1084 1190
f 1082 1190 1084
f 1082 1085 1192
f 1087 1580 1192
f 1085 1086 1192
f 1086 1087 1192
f 1580 1581 1192
f 1062 1189 1199
f 1062 1095 1063
f 1063 1096 1083
f 1062 1199 1095
f 1063 1095 1096
f 1082 1103 1085
f 1083 1104 1084
f 1082 1084 1105
f 1085 1106 1086
f 1086 1107 1087
f 1087 1108 1580
f 1083 1096 1104
f 1084 1104 1105
f 1082 1105 1103
f 1085 1103 1106
f 1086 1106 1107
f 1087 1107 1108
f 1108 1597 1580
f 1129 1130 1175
f 1142 1143 1147
f 1143 1185 1147
f 1145 1178 1146
f 1140 1178 1145
f 1130 1144 1175
f 1144 1146 1175
f 1141 1142 1178
f 1140 1141 1178
f 1142 1147 1178
f 1127 1156 1128
f 1128 1157 1129
f 1129 1158 1130
f 1127 1181 1156
f 1128 1156 1157
f 1129 1157 1158
f 1130 1158 1159
f 1140 1163 1141
f 1141 1164 1142
f 1142 1165 1143
f 1143 1166 1185
f 1141 1163 1164
f 1142 1164 1165
f 1143 1165 1166
f 1130 1159 1144
f 1144 1167 1146
f 1145 1146 1169
f 1140 1145 1168
f 1144 1159 1167
f 1146 1167 1169
f 1145 1169 1168
f 1140 1168 1163
f 1170 1171 1176
f 1173 1174 1177
f 1170 1177 1172
f 1172 1177 1174
f 1128 1129 1176
f 1127 1128 1176
f 1127 1176 1171
f 1129 1175 1176
f 1170 1176 1177
f 1146 1178 1175
f 1172 1174 1184
f 1170 1180 1171
f 1170 1172 1182
f 1173 1183 1174
f 1127 1171 1181
f 1172 1184 1182
f 1171 1180 1181
f 1170 1182 1180
f 1174 1183 1184
f 1186 1187 1147
f 1185 1186 1147
f 1187 1191 1147
f 1187 1188 1191
f 1062 1191 1189
f 1188 1189 1191
f 1062 1063 1190
f 1063 1083 1190
f 1062 1190 1191
f 1082 1192 1190
f 1185 1195 1186
f 1187 1197 1188
f 1186 1196 1187
f 1188 1198 1189
f 1186 1195 1196
f 1188 1197 1198
f 1187 1196 1197
f 1166 1195 1185
f 1189 1198 1199
f 1292 1361 1404
f 1292 1405 1293
f 1293 1405 1295
f 1295 1405 1296
f 1294 1296 1409
f 1294 1409 1301
f 1292 1404 1405
f 1292 1314 1361
f 1293 1295 1317
f 1292 1293 1315
f 1294 1316 1296
f 1294 1301 1323
f 1295 1296 1318
f 1292 1315 1314
f 1293 1317 1315
f 1296 1316 1318
f 1294 1323 1316
f 1295 1318 1317
f 1297 1319 1302
f 1297 1299 1321
f 1298 1320 1299
f 1300 1322 1301
f 1300 1302 1324
f 1302 1319 1324
f 1297 1321 1319
f 1299 1320 1321
f 1301 1322 1323
f 1300 1324 1322
f 1333 1345 1344
f 1333 1344 1334
f 1336 1362 1337
f 1337 1362 1339
f 1339 1362 1340
f 1335 1338 1363
f 1335 1363 1336
f 1334 1363 1338
f 1334 1344 1363
f 1004 1006 1344
f 1005 1346 1006
f 1007 1347 1346
f 1004 1344 1345
f 1006 1346 1344
f 1333 1349 1345
f 1334 1338 1354
f 1333 1334 1350
f 1335 1351 1338
f 1335 1336 1352
f 1336 1337 1353
f 1333 1350 1349
f 1334 1354 1350
f 1338 1351 1354
f 1335 1352 1351
f 1336 1353 1352
f 1337 1339 1355
f 1339 1340 1356
f 1340 1343 1359
f 1341 1357 1343
f 1342 1361 1367
f 1341 1342 1358
f 1337 1355 1353
f 1339 1356 1355
f 1340 1359 1356
f 1343 1357 1359
f 1341 1358 1357
f 1342 1367 1358
f 1345 1349 1360
f 1341 1343 1364
f 1341 1364 1342
f 1340 1364 1343
f 1342 1404 1361
f 1340 1362 1364
f 1336 1363 1362
f 1342 1364 1404
f 1314 1367 1361
f 1297 1302 1474
f 1300 1301 1472
f 1296 1405 1409
f 1300 1474 1302
f 1301 1409 1472
f 1300 1472 1474
f 1396 1397 1421
f 1397 1398 1422
f 1396 1421 1420
f 1397 1422 1421
f 1399 1423 1401
f 1298 1400 1424
f 1400 1401 1425
f 1399 1402 1426
f 1403 1406 1428
f 1402 1403 1427
f 1401 1423 1425
f 1298 1424 1320
f 1400 1425 1424
f 1399 1426 1423
f 1402 1427 1426
f 1403 1428 1427
f 1406 1407 1429
f 1407 1408 1430
f 1396 1420 1408
f 1406 1429 1428
f 1407 1430 1429
f 1408 1420 1430
f 1396 2969 1397
f 1397 2968 1398
f 1398 2967 1450
f 1450 2929 1451
f 1452 2927 1453
f 1453 2926 1454
f 1454 2925 1467
f 1451 2928 1452
f 1467 2905 1468
f 1468 2904 1469
f 1469 2903 1470
f 1470 2902 1471
f 1297 1474 1473
f 1399 1401 2993
f 1402 2991 1403
f 1399 2992 1402
f 1298 3043 1400
f 1297 3045 1299
f 1298 1299 3044
f 1400 2994 1401
f 1403 2990 1406
f 1406 2988 1407
f 1407 2987 1408
f 1396 1408 2986
f 1297 1473 3046
f 1398 1450 1480
f 1450 1451 1481
f 1451 1452 1482
f 1452 1453 1483
f 1453 1454 1484
f 1398 1480 1422
f 1450 1481 1480
f 1451 1482 1481
f 1452 1483 1482
f 1453 1484 1483
f 1454 1490 1484
f 1454 1467 1490
f 1467 1468 1491
f 1468 1469 1492
f 1469 1470 1493
f 1470 1471 1494
f 1471 2900 2939
f 1467 1491 1490
f 1468 1492 1491
f 1469 1493 1492
f 1470 1494 1493
f 1471 2939 1494
f 1501 3128 1365
f 1495 3018 1497
f 1496 3019 1495
f 1497 3017 1498
f 1498 3017 1499
f 3020 1496 1366
f 3127 1366 1365
f 1500 3151 1501
f 1502 3168 1500
f 1200 3268 1179
f 3169 1502 1179
f 1193 3336 1200
f 1194 3337 1193
f 1673 3345 1194
f 1576 1578 1582
f 1578 1579 1582
f 1579 1583 1582
f 1574 1575 1581
f 1574 1581 1580
f 1575 1577 1581
f 1576 1581 1577
f 1576 1582 1581
f 1583 1589 1582
f 1583 1584 1589
f 1584 1586 1589
f 1585 1589 1586
f 1585 1587 1589
f 1587 1666 1588
f 1587 1588 1589
f 1574 1591 1575
f 1575 1592 1577
f 1576 1577 1594
f 1576 1593 1578
f 1578 1595 1579
f 1574 1597 1591
f 1575 1591 1592
f 1577 1592 1594
f 1576 1594 1593
f 1578 1593 1595
f 1579 1595 1596
f 1574 1580 1597
f 1579 1596 1583
f 1583 1598 1584
f 1584 1599 1586
f 1585 1586 1601
f 1585 1600 1587
f 1587 1602 1666
f 1583 1596 1598
f 1584 1598 1599
f 1586 1599 1601
f 1585 1601 1600
f 1587 1600 1602
f 1602 1672 1666
f 1620 1621 1667
f 1621 1638 1667
f 1638 1639 1667
f 1640 1641 1669
f 1639 1640 1669
f 1641 1642 1669
f 1642 1643 1669
f 1643 1670 1669
f 1615 1650 1616
f 1616 1651 1619
f 1619 1652 1620
f 1620 1653 1621
f 1621 1654 1638
f 1615 1672 1650
f 1616 1650 1651
f 1619 1651 1652
f 1620 1652 1653
f 1621 1653 1654
f 1638 1654 1660
f 1640 1662 1641
f 1638 1660 1639
f 1639 1661 1640
f 1641 1663 1642
f 1642 1664 1643
f 1639 1660 1661
f 1640 1661 1662
f 1641 1662 1663
f 1642 1663 1664
f 1643 1664 1665
f 1615 1616 1588
f 1615 1588 1666
f 1616 1619 1588
f 1619 1667 1588
f 1619 1620 1667
f 1639 1669 1667
f 1615 1666 1672
f 1674 1668 1675
f 1674 1675 1676
f 1674 1676 1855
f 1678 1858 1679
f 1671 1862 1677
f 1742 1864 1671
f 1677 1862 1678
f 1643 1696 1670
f 1696 1698 1670
f 1697 1670 1698
f 1697 1701 1670
f 1697 1699 1701
f 1699 1700 1701
f 1700 1717 1701
f 1717 1718 1701
f 1714 1720 1719
f 1718 1719 1720
f 1718 1720 1701
f 1714 1715 1720
f 1715 1716 1720
f 1716 1768 1720
f 1643 1665 1696
f 1696 1726 1698
f 1697 1698 1728
f 1697 1727 1699
f 1699 1729 1700
f 1700 1730 1717
f 1665 1726 1696
f 1698 1726 1728
f 1697 1728 1727
f 1699 1727 1729
f 1700 1729 1730
f 1717 1730 1739
f 1714 1736 1715
f 1715 1737 1716
f 1715 1736 1737
f 1716 1737 1738
f 1717 1739 1718
f 1718 1740 1719
f 1714 1719 1741
f 1718 1739 1740
f 1719 1740 1741
f 1714 1741 1736
f 1716 1753 1768
f 1753 1754 1768
f 1754 1765 1768
f 1765 1766 1768
f 1766 1769 1768
f 1766 1767 1769
f 1767 1779 1769
f 1779 1780 1769
f 1780 1781 1769
f 1781 1788 1769
f 1781 1786 1788
f 1786 1787 1788
f 1787 4779 1788
f 4779 4794 1788
f 1716 1738 1753
f 1753 1792 1754
f 1754 1793 1765
f 1765 1796 1766
f 1766 1797 1767
f 1767 1798 1779
f 1738 1792 1753
f 1754 1792 1793
f 1765 1793 1796
f 1766 1796 1797
f 1767 1797 1798
f 1779 1802 1780
f 1780 1803 1781
f 1781 1804 1786
f 1786 1807 1787
f 1787 1808 4779
f 1779 1798 1802
f 1780 1802 1803
f 1781 1803 1804
f 1786 1804 1807
f 1787 1807 1808
f 1808 4824 4779
f 1743 1872 1742
f 1809 1870 1743
f 4843 1882 1809
f 1858 1678 1859
f 1678 1862 1859
f 1862 1671 1864
f 1864 1742 1865
f 3526 1673 1674
f 1674 1855 3527
f 1856 3527 1855
f 1857 3525 1856
f 3525 1857 1860
f 1861 3528 1860
f 1867 3468 3467
f 1865 1742 1866
f 1743 1870 1869
f 1866 1742 1872
f 1743 1873 1872
f 1743 1869 1868
f 1743 1868 1873
f 1809 1871 1870
f 1809 1881 1871
f 1809 1882 1881
f 4843 1883 1882
f 1883 4843 1884
f 1884 4843 1885
f 4843 1894 1885
f 1894 4843 1895
f 4843 1896 1895
f 4843 1897 1896
f 4843 1898 1897
f 1877 3479 1879
f 1878 1874 1880
f 1879 3479 1878
f 1878 3479 1874
f 1877 3480 3479
f 1876 3480 1877
f 1875 3480 1876
f 1875 3481 3480
f 3481 1875 3486
f 1886 3486 1875
f 1887 3487 1886
f 1886 3487 3486
f 1887 3488 3487
f 1888 3488 1887
f 1889 3492 1888
f 1890 3490 1889
f 3488 1888 3491
f 3491 1888 3492
f 3490 1890 1891
f 1892 1893 1891
f 1893 3489 1891
f 3492 1889 3490
f 3490 1891 3489
f 6772 1898 4843
f 1471 2901 2900
f 1471 2902 2901
f 1470 2903 2902
f 1469 2904 2903
f 1468 2905 2904
f 1467 2925 2905
f 1454 2926 2925
f 1453 2927 2926
f 1452 2928 2927
f 1451 2929 2928
f 1450 2967 2929
f 1398 2968 2967
f 1397 2969 2968
f 1396 2986 2969
f 1408 2987 2986
f 1407 2988 2987
f 1406 2990 2988
f 1403 2991 2990
f 1402 2992 2991
f 1399 2993 2992
f 1401 2994 2993
f 1400 3043 2994
f 1298 3044 3043
f 1299 3045 3044
f 1297 3046 3045
f 3046 1473 2930
f 2900 2901 2940
f 2901 2902 2941
f 2902 2903 2942
f 2903 2904 2943
f 2904 2905 2944
f 2900 2940 2939
f 2901 2941 2940
f 2902 2942 2941
f 2903 2943 2942
f 2904 2944 2943
f 2905 2950 2944
f 2905 2925 2950
f 2925 2926 2951
f 2926 2927 2952
f 2927 2928 2953
f 2928 2929 2954
f 2929 2967 3001
f 2925 2951 2950
f 2926 2952 2951
f 2927 2953 2952
f 2928 2954 2953
f 2929 3001 2954
f 3046 2930 2931
f 3046 2931 2932
f 3048 2932 2989
f 3046 2932 3047
f 3047 2932 3048
f 3057 2989 2995
f 2967 2968 3002
f 2968 2969 3003
f 2967 3002 3001
f 2968 3003 3002
f 2969 2986 3009
f 2986 2987 3010
f 2987 2988 3011
f 2969 3009 3003
f 2986 3010 3009
f 2987 3011 3010
f 2988 2990 3012
f 2990 2991 3013
f 2991 2992 3014
f 2992 2993 3015
f 2993 2994 3016
f 2994 3043 3070
f 2988 3012 3011
f 2990 3013 3012
f 2991 3014 3013
f 2992 3015 3014
f 2993 3016 3015
f 2994 3070 3016
f 3017 1497 3018
f 1495 3019 3018
f 3019 1496 3020
f 1366 3127 3020
f 3127 1365 3128
f 3128 1501 3151
f 3048 2989 3057
f 3060 2995 3123
f 3057 2995 3058
f 3058 2995 3059
f 3059 2995 3060
f 3060 3123 3061
f 3043 3044 3071
f 3044 3045 3072
f 3045 3046 3073
f 3046 3047 3074
f 3047 3048 3075
f 3043 3071 3070
f 3044 3072 3071
f 3045 3073 3072
f 3046 3074 3073
f 3047 3075 3074
f 3048 3057 3079
f 3057 3058 3080
f 3058 3059 3081
f 3059 3060 3082
f 3060 3061 3083
f 3048 3079 3075
f 3057 3080 3079
f 3058 3081 3080
f 3059 3082 3081
f 3060 3083 3082
f 3061 3129 3083
f 3125 3123 3124
f 3061 3123 3125
f 3125 3124 3130
f 3130 3124 3131
f 3131 3124 3132
f 3132 3124 3126
f 3061 3125 3129
f 3132 3126 3133
f 3133 3126 3134
f 3134 3126 3144
f 3144 3126 3135
f 3144 3135 3145
f 3145 3135 3146
f 3147 3135 3150
f 3146 3135 3147
f 3147 3150 3148
f 3148 3150 3149
f 3149 3150 3153
f 3153 3150 3152
f 3153 3152 3202
f 3202 3152 3203
f 3204 3152 3154
f 3125 3130 3155
f 3130 3131 3156
f 3131 3132 3157
f 3132 3133 3158
f 3133 3134 3159
f 3134 3144 3161
f 3125 3155 3129
f 3130 3156 3155
f 3131 3157 3156
f 3132 3158 3157
f 3133 3159 3158
f 3134 3161 3159
f 3144 3145 3162
f 3145 3146 3163
f 3146 3147 3164
f 3147 3148 3165
f 3148 3149 3166
f 3144 3162 3161
f 3145 3163 3162
f 3146 3164 3163
f 3147 3165 3164
f 3148 3166 3165
f 3149 3167 3166
f 3149 3153 3167
f 1500 3168 3151
f 1502 3169 3168
f 1179 3268 3169
f 3268 1200 3336
f 3336 1193 3337
f 3337 1194 3345
f 3203 3152 3204
f 3204 3154 3205
f 3205 3154 3206
f 3220 3154 3261
f 3206 3154 3207
f 3207 3154 3220
f 3220 3261 3221
f 3153 3202 3234
f 3202 3203 3235
f 3203 3204 3236
f 3204 3205 3237
f 3205 3206 3238
f 3206 3207 3239
f 3153 3234 3167
f 3202 3235 3234
f 3203 3236 3235
f 3204 3237 3236
f 3205 3238 3237
f 3206 3239 3238
f 3207 3244 3239
f 3207 3220 3244
f 3220 3221 3245
f 3221 3262 3270
f 3220 3245 3244
f 3221 3270 3245
f 3221 3261 3262
f 3262 3261 3263
f 3263 3261 3267
f 3263 3267 3264
f 3264 3267 3265
f 3265 3267 3266
f 3266 3267 3284
f 3284 3267 3269
f 3284 3269 3285
f 3262 3263 3271
f 3263 3264 3272
f 3264 3265 3273
f 3265 3266 3274
f 3262 3271 3270
f 3263 3272 3271
f 3264 3273 3272
f 3265 3274 3273
f 3266 3317 3274
f 3285 3269 3286
f 3286 3269 3287
f 3287 3269 3297
f 3297 3269 3300
f 3297 3300 3298
f 3298 3300 3299
f 3299 3300 3310
f 3310 3300 3338
f 3310 3338 3311
f 3311 3338 3312
f 3312 3338 3313
f 3266 3284 3317
f 3284 3285 3318
f 3285 3286 3319
f 3286 3287 3320
f 3284 3318 3317
f 3285 3319 3318
f 3286 3320 3319
f 3287 3297 3326
f 3297 3298 3327
f 3298 3299 3328
f 3299 3310 3332
f 3287 3326 3320
f 3297 3327 3326
f 3298 3328 3327
f 3299 3332 3328
f 3310 3311 3333
f 3311 3312 3334
f 3312 3313 3335
f 3310 3333 3332
f 3311 3334 3333
f 3312 3335 3334
f 3313 3348 3335
f 3313 3338 3339
f 3339 3338 3342
f 3339 3342 3340
f 3340 3342 3341
f 3341 3342 3343
f 3343 3342 3344
f 3344 3342 3346
f 3344 3346 3377
f 3377 3346 3378
f 3387 3346 3347
f 3313 3339 3348
f 3339 3340 3349
f 3340 3341 3350
f 3341 3343 3351
f 3343 3344 3352
f 3339 3349 3348
f 3340 3350 3349
f 3341 3351 3350
f 3343 3352 3351
f 3378 3346 3387
f 3387 3347 3388
f 3388 3347 3389
f 3389 3347 3390
f 3390 3347 3391
f 3391 3347 3530
f 3391 3530 3392
f 3344 3377 3415
f 3377 3378 3416
f 3344 3415 3352
f 3377 3416 3415
f 3378 3420 3416
f 3378 3387 3420
f 3387 3388 3421
f 3388 3389 3422
f 3389 3390 3423
f 3390 3391 3424
f 3391 3392 3425
f 3392 3531 3554
f 3387 3421 3420
f 3388 3422 3421
f 3389 3423 3422
f 3390 3424 3423
f 3391 3425 3424
f 3392 3554 3425
f 3345 1673 3526
f 3526 1674 3527
f 1863 3528 1861
f 1867 3471 1863
f 1867 3470 3469
f 1867 3467 3470
f 1863 3471 3474
f 1867 3469 3471
f 1863 3474 3528
f 1856 3525 3547
f 1856 3547 3527
f 1860 3528 3525
f 3477 3610 3485
f 3485 3610 3472
f 3472 3610 3473
f 3476 3610 3477
f 3478 3676 3476
f 3482 3676 3478
f 3483 3676 3482
f 3484 3676 3483
f 3493 3677 3484
f 3677 3493 3494
f 3677 3494 3495
f 3500 3677 3495
f 6772 1899 1898
f 3496 3741 3498
f 3498 3741 3497
f 6772 3496 1899
f 3499 3741 3500
f 3497 3741 3501
f 3501 3741 3499
f 3475 3473 3606
f 3475 3606 3529
f 3473 3610 3606
f 3392 3530 3531
f 3531 3530 3533
f 3533 3530 3534
f 3534 3530 3532
f 3534 3532 3543
f 3543 3532 3544
f 3544 3532 3545
f 3545 3532 3546
f 3546 3532 3550
f 3546 3550 3548
f 3548 3550 3549
f 3549 3550 3551
f 3551 3550 3607
f 3551 3607 3552
f 3552 3607 3553
f 3531 3555 3554
f 3531 3533 3555
f 3533 3534 3556
f 3534 3543 3558
f 3543 3544 3559
f 3544 3545 3560
f 3545 3546 3561
f 3533 3556 3555
f 3534 3558 3556
f 3543 3559 3558
f 3544 3560 3559
f 3545 3561 3560
f 3546 3548 3562
f 3548 3549 3563
f 3549 3551 3564
f 3551 3552 3565
f 3552 3553 3566
f 3553 3608 3612
f 3546 3562 3561
f 3548 3563 3562
f 3549 3564 3563
f 3551 3565 3564
f 3552 3566 3565
f 3553 3612 3566
f 3553 3607 3608
f 3608 3607 3613
f 3613 3607 3609
f 3613 3609 3614
f 3614 3609 3621
f 3623 3609 3611
f 3608 3654 3612
f 3621 3609 3622
f 3622 3609 3623
f 3623 3611 3632
f 3632 3611 3633
f 3633 3611 3634
f 3634 3611 3635
f 3635 3611 3678
f 3635 3678 3636
f 3608 3613 3654
f 3613 3614 3655
f 3614 3621 3659
f 3621 3622 3660
f 3622 3623 3661
f 3623 3632 3665
f 3613 3655 3654
f 3614 3659 3655
f 3621 3660 3659
f 3622 3661 3660
f 3623 3665 3661
f 3632 3633 3666
f 3633 3634 3667
f 3634 3635 3668
f 3635 3636 3669
f 3636 3637 3670
f 3632 3666 3665
f 3633 3667 3666
f 3634 3668 3667
f 3635 3669 3668
f 3636 3670 3669
f 3476 3676 3610
f 3676 3484 3677
f 3500 3741 3677
f 6772 3741 3496
f 3636 3678 3637
f 3637 3678 3679
f 3679 3678 3682
f 3679 3682 3680
f 3680 3682 3681
f 3681 3682 3683
f 3683 3682 3684
f 3684 3682 3704
f 3684 3704 3701
f 3701 3704 3702
f 3702 3704 3703
f 3703 3704 3712
f 3712 3704 3742
f 3712 3742 3713
f 3637 3679 3720
f 3679 3680 3721
f 3680 3681 3722
f 3681 3683 3723
f 3683 3684 3724
f 3684 3701 3730
f 3637 3720 3670
f 3679 3721 3720
f 3680 3722 3721
f 3681 3723 3722
f 3683 3724 3723
f 3684 3730 3724
f 3701 3702 3731
f 3702 3703 3732
f 3703 3712 3736
f 3701 3731 3730
f 3702 3732 3731
f 3703 3736 3732
f 3712 3713 3737
f 3713 3714 3738
f 3712 3737 3736
f 3713 3738 3737
f 3713 3742 3714
f 3714 3742 3743
f 3743 3742 3744
f 3744 3742 3767
f 3744 3767 3754
f 3754 3767 3755
f 3755 3767 3756
f 3756 3767 3769
f 3769 3767 3768
f 3769 3768 3770
f 3770 3768 3771
f 3771 3768 3781
f 3781 3768 3782
f 3782 3768 6776
f 3714 3743 3786
f 3743 3744 3787
f 3744 3754 3791
f 3754 3755 3792
f 3755 3756 3793
f 3714 3786 3738
f 3743 3787 3786
f 3744 3791 3787
f 3754 3792 3791
f 3755 3793 3792
f 3756 3796 3793
f 3756 3769 3796
f 3769 3770 3797
f 3770 3771 3798
f 3771 3781 3802
f 3781 3782 3803
f 3782 6776 6822
f 3769 3797 3796
f 3770 3798 3797
f 3771 3802 3798
f 3781 3803 3802
f 3782 6822 3803
f 4779 4780 4794
f 4780 4781 4794
f 4781 4791 4794
f 4791 4792 4794
f 4792 4793 4794
f 4793 4795 4794
f 4793 4806 4795
f 4806 4807 4795
f 4807 4808 4795
f 4808 4818 4795
f 4818 4820 4795
f 4818 4819 4820
f 4819 4850 4820
f 4850 4851 4820
f 4779 4824 4780
f 4780 4825 4781
f 4781 4826 4791
f 4791 4830 4792
f 4792 4831 4793
f 4793 4832 4806
f 4780 4824 4825
f 4781 4825 4826
f 4791 4826 4830
f 4792 4830 4831
f 4793 4831 4832
f 4806 4835 4807
f 4807 4836 4808
f 4808 4837 4818
f 4818 4841 4819
f 4819 4842 4850
f 4806 4832 4835
f 4807 4835 4836
f 4808 4836 4837
f 4818 4837 4841
f 4819 4841 4842
f 4842 4889 4850
f 4851 4852 4820
f 4852 4860 4820
f 4852 4861 4860
f 4861 4862 4860
f 4862 4863 4860
f 4863 4880 4860
f 4880 4882 4860
f 4880 4881 4882
f 4881 4883 4882
f 4883 4884 4882
f 4884 4885 4882
f 4885 4886 4882
f 4885 4926 4886
f 4926 4927 4886
f 4850 4889 4851
f 4851 4890 4852
f 4851 4889 4890
f 4852 4890 4891
f 4852 4891 4861
f 4861 4895 4862
f 4862 4896 4863
f 4861 4891 4895
f 4862 4895 4896
f 4863 4896 4897
f 4863 4897 4880
f 4880 4903 4881
f 4881 4904 4883
f 4883 4905 4884
f 4884 4906 4885
f 4885 4907 4926
f 4880 4897 4903
f 4881 4903 4904
f 4883 4904 4905
f 4884 4905 4906
f 4885 4906 4907
f 4907 4956 4926
f 4843 4844 5111
f 4908 5104 4844
f 4909 5122 4908
f 5130 4909 4974
f 4927 4928 4886
f 4928 4973 4886
f 4928 4929 4973
f 4929 4930 4973
f 4930 4931 4973
f 4931 4940 4973
f 4940 4941 4975
f 4941 4942 4975
f 4926 4956 4927
f 4927 4957 4928
f 4928 4958 4929
f 4929 4959 4930
f 4930 4960 4931
f 4927 4956 4957
f 4928 4957 4958
f 4929 4958 4959
f 4930 4959 4960
f 4931 4960 4961
f 4931 4961 4940
f 4940 4965 4941
f 4941 4966 4942
f 4942 4967 4949
f 4949 4971 4950
f 4950 4972 4976
f 4940 4961 4965
f 4941 4965 4966
f 4942 4966 4967
f 4949 4967 4971
f 4950 4971 4972
f 4940 4975 4973
f 4942 4949 4975
f 4949 4950 4975
f 4950 4977 4975
f 4950 4976 4977
f 4976 5019 4977
f 4972 4979 4976
f 5019 5020 4977
f 5020 5021 4977
f 5021 5022 4977
f 5021 5023 5022
f 5023 5024 5022
f 5024 5025 5022
f 5025 5039 5022
f 5025 5026 5039
f 5026 5027 5039
f 5027 5028 5039
f 5028 5037 5039
f 5037 5041 5039
f 5037 5038 5041
f 5038 5040 5041
f 5040 5177 5041
f 4976 4979 5019
f 5019 5042 5020
f 5020 5043 5021
f 5021 5044 5023
f 5023 5045 5024
f 5024 5046 5025
f 4979 5042 5019
f 5020 5042 5043
f 5021 5043 5044
f 5023 5044 5045
f 5024 5045 5046
f 5025 5046 5047
f 5025 5047 5026
f 5026 5048 5027
f 5027 5049 5028
f 5028 5050 5037
f 5037 5052 5038
f 5038 5053 5040
f 5026 5047 5048
f 5027 5048 5049
f 5028 5049 5050
f 5037 5050 5052
f 5038 5052 5053
f 5040 5053 5054
f 5055 5142 4974
f 5056 5141 5055
f 4978 5058 5059
f 5058 5061 5059
f 5061 5058 5138
f 4844 5106 5105
f 4844 5104 5106
f 4908 5107 5104
f 4908 5108 5107
f 4843 5111 5112
f 4844 5109 5111
f 4844 5105 5110
f 4844 5110 5109
f 4843 5112 5113
f 5108 4908 5122
f 5122 4909 5123
f 4909 5124 5123
f 4909 5125 5124
f 5125 4909 5130
f 4974 5131 5130
f 6772 4843 5113
f 5117 5121 5120
f 5116 6718 5117
f 5115 6719 5116
f 5118 6720 5115
f 5121 5117 6718
f 5116 6719 6718
f 6719 5115 6720
f 5118 6721 6720
f 5119 6722 5118
f 5126 6722 5119
f 5118 6722 6721
f 6722 5126 6723
f 6723 5126 5127
f 5128 6729 5127
f 6723 5127 6728
f 6728 5127 6729
f 6729 5128 6730
f 5129 6730 5128
f 6730 5129 5132
f 5055 5141 5142
f 5056 5134 5141
f 5057 5135 5056
f 5134 5056 5135
f 5057 5133 5135
f 4974 5142 5143
f 4974 5143 5131
f 5144 6739 5145
f 5145 6739 6738
f 5137 6742 5144
f 6747 5137 5136
f 5060 6983 5058
f 5058 6983 5138
f 5240 6912 5060
f 5140 6909 5136
f 5138 6983 5139
f 5177 5178 5041
f 5178 5238 5041
f 5178 5179 5238
f 5179 5180 5238
f 5180 5181 5238
f 5181 5182 5238
f 5182 5191 5239
f 5040 5054 5177
f 5177 5209 5178
f 5178 5210 5179
f 5179 5211 5180
f 5180 5212 5181
f 5181 5213 5182
f 5182 5214 5191
f 5054 5209 5177
f 5178 5209 5210
f 5179 5210 5211
f 5180 5211 5212
f 5181 5212 5213
f 5182 5213 5214
f 5191 5218 5192
f 5192 5219 5242
f 5191 5214 5218
f 5192 5218 5219
f 5219 5249 5242
f 5182 5239 5238
f 5191 5192 5239
f 5192 5242 5239
f 5242 5244 5239
f 5242 5243 5244
f 5243 5245 5244
f 5245 5246 5244
f 5246 5247 5244
f 5247 5248 5244
f 5247 5255 5248
f 5242 5249 5243
f 5243 5250 5245
f 5245 5251 5246
f 5246 5252 5247
f 5247 5253 5255
f 5243 5249 5250
f 5245 5250 5251
f 5246 5251 5252
f 5247 5252 5253
f 5255 5256 5248
f 5256 5257 5248
f 5257 5258 5248
f 5258 5268 5248
f 5258 5269 5268
f 5269 5270 5268
f 5270 5271 5268
f 5271 5316 5268
f 5271 5281 5316
f 5281 5282 5316
f 5282 5283 5316
f 5255 5294 5256
f 5256 5295 5257
f 5257 5296 5258
f 5253 5294 5255
f 5256 5294 5295
f 5257 5295 5296
f 5258 5296 5297
f 5258 5297 5269
f 5269 5301 5270
f 5270 5302 5271
f 5271 5303 5281
f 5269 5297 5301
f 5270 5301 5302
f 5271 5302 5303
f 5281 5303 5309
f 5281 5309 5282
f 5282 5310 5283
f 5283 5311 5284
f 5284 5312 5320
f 5282 5309 5310
f 5283 5310 5311
f 5284 5311 5312
f 5283 5284 5316
f 5284 5319 5316
f 5284 5320 5319
f 5320 5321 5319
f 5321 5322 5319
f 5322 5323 5319
f 5323 5325 5319
f 5323 5324 5325
f 5324 5349 5325
f 5320 5326 5321
f 5321 5327 5322
f 5322 5328 5323
f 5323 5329 5324
f 5312 5326 5320
f 5321 5326 5327
f 5322 5327 5328
f 5323 5328 5329
f 5324 5329 5330
f 5349 5350 5325
f 5350 5363 5433
f 5363 5364 5433
f 5350 5433 5325
f 5364 5365 5433
f 5365 5366 5433
f 5366 5367 5435
f 5324 5330 5349
f 5349 5390 5350
f 5350 5391 5363
f 5330 5390 5349
f 5350 5390 5391
f 5363 5396 5364
f 5364 5397 5365
f 5365 5398 5366
f 5366 5399 5367
f 5367 5400 5368
f 5368 5401 5434
f 5363 5391 5396
f 5364 5396 5397
f 5365 5397 5398
f 5366 5398 5399
f 5367 5399 5400
f 5368 5400 5401
f 5401 5457 5434
f 5241 6913 5240
f 5254 7379 5241
f 5317 7377 5254
f 5318 7378 5317
f 5431 7393 5318
f 5432 7082 5431
f 5470 7083 5432
f 5366 5435 5433
f 5367 5368 5435
f 5368 5434 5435
f 5434 5436 5435
f 5434 5437 5436
f 5437 5438 5436
f 5438 5439 5436
f 5439 5440 5451
f 5439 5451 5436
f 5440 5441 5451
f 5441 5442 5451
f 5442 5472 5451
f 5442 5452 5472
f 5452 5453 5472
f 5453 5454 5472
f 5434 5457 5437
f 5437 5458 5438
f 5438 5459 5439
f 5439 5460 5440
f 5440 5461 5441
f 5441 5462 5442
f 5437 5457 5458
f 5438 5458 5459
f 5439 5459 5460
f 5440 5460 5461
f 5441 5461 5462
f 5442 5462 5463
f 5442 5463 5452
f 5452 5465 5453
f 5453 5466 5454
f 5454 5467 5455
f 5455 5468 5456
f 5456 5469 5473
f 5452 5463 5465
f 5453 5465 5466
f 5454 5466 5467
f 5455 5467 5468
f 5456 5468 5469
f 5469 5476 5473
f 5454 5474 5472
f 5454 5455 5474
f 5455 5456 5474
f 5456 5473 5474
f 5473 5516 5475
f 5473 5475 5474
f 5473 5476 5516
f 5516 5517 5475
f 5517 5518 5584
f 5518 5519 5584
f 5519 5520 5584
f 5517 5584 5475
f 5520 5529 5590
f 5516 5557 5517
f 5517 5558 5518
f 5518 5559 5519
f 5519 5560 5520
f 5520 5561 5529
f 5476 5557 5516
f 5517 5557 5558
f 5518 5558 5559
f 5519 5559 5560
f 5520 5560 5561
f 5529 5561 5565
f 5529 5565 5530
f 5530 5566 5531
f 5531 5567 5532
f 5532 5568 5533
f 5533 5569 5534
f 5530 5565 5566
f 5531 5566 5567
f 5532 5567 5568
f 5533 5568 5569
f 5534 5569 5570
f 5471 7081 5470
f 5579 7221 5471
f 5580 7220 5579
f 5581 7086 5580
f 5582 7085 5581
f 5520 5590 5584
f 5529 5530 5646
f 5530 5531 5646
f 5529 5646 5590
f 5531 5647 5646
f 5531 5648 5647
f 5534 5570 5585
f 5585 5625 5586
f 5586 5626 5587
f 5587 5627 5588
f 5588 5628 5589
f 5589 5629 5591
f 5570 5625 5585
f 5586 5625 5626
f 5587 5626 5627
f 5588 5627 5628
f 5589 5628 5629
f 5591 5629 5630
f 5591 5630 5592
f 5592 5631 5593
f 5593 5632 5610
f 5592 5630 5631
f 5593 5631 5632
f 5610 5632 5638
f 5610 5638 5611
f 5611 5639 5612
f 5611 5638 5639
f 5612 5639 5640
f 5531 7089 5648
f 5531 5532 7268
f 5532 5533 7266
f 5533 5534 7267
f 5534 5585 7166
f 5585 5586 7165
f 5586 5587 7167
f 5587 5588 7164
f 5588 5589 7163
f 5589 5591 7160
f 5591 5592 7159
f 5592 5593 7158
f 5593 5610 7170
f 5610 5611 7169
f 5611 5612 7168
f 5612 5649 7115
f 5649 5650 7114
f 5650 5651 7113
f 5651 5652 7112
f 5652 5653 7111
f 5653 5673 7096
f 5673 5674 7095
f 5674 5675 7094
f 5675 5676 7093
f 5676 5677 7092
f 5612 5640 5649
f 5649 5690 5650
f 5650 5691 5651
f 5651 5692 5652
f 5652 5693 5653
f 5653 5694 5673
f 5640 5690 5649
f 5650 5690 5691
f 5651 5691 5692
f 5652 5692 5693
f 5653 5693 5694
f 5673 5700 5674
f 5674 5701 5675
f 5675 5702 5676
f 5676 5703 5677
f 5677 5704 7091
f 5673 5694 5700
f 5674 5700 5701
f 5675 5701 5702
f 5676 5702 5703
f 5677 5703 5704
f 5704 7135 7091
f 6730 5132 6731
f 6772 5113 5114
f 6772 5114 6712
f 6772 6712 6713
f 6714 6772 6713
f 6715 6773 6714
f 6773 6715 6716
f 6773 6716 6717
f 6773 6717 6724
f 6725 6773 6724
f 6773 6725 6726
f 6727 6774 6726
f 6732 6774 6727
f 6733 6774 6734
f 6734 6774 6732
f 6736 6844 6733
f 6735 6844 6736
f 6737 6844 6735
f 6844 6737 6741
f 5144 6740 6739
f 5144 6742 6740
f 6742 5137 6745
f 6745 5137 6747
f 6747 5136 6909
f 6983 5140 5139
f 5240 6913 6912
f 6845 6741 6743
f 6744 6845 6743
f 6909 5140 6911
f 5060 6912 6983
f 5140 6983 6911
f 6772 6714 6773
f 6726 6774 6773
f 6733 6844 6774
f 6844 6741 6845
f 6776 3768 6775
f 6776 6775 6777
f 6777 6775 6778
f 6778 6775 6784
f 6784 6775 6796
f 6784 6796 6785
f 6785 6796 6786
f 6786 6796 6798
f 6798 6796 6799
f 6799 6796 6797
f 6799 6797 6800
f 6800 6797 6811
f 6811 6797 6812
f 6812 6797 6850
f 6776 6777 6823
f 6777 6778 6824
f 6778 6784 6828
f 6784 6785 6829
f 6785 6786 6830
f 6776 6823 6822
f 6777 6824 6823
f 6778 6828 6824
f 6784 6829 6828
f 6785 6830 6829
f 6786 6834 6830
f 6786 6798 6834
f 6798 6799 6835
f 6799 6800 6836
f 6800 6811 6839
f 6811 6812 6840
f 6812 6850 6890
f 6798 6835 6834
f 6799 6836 6835
f 6800 6839 6836
f 6811 6840 6839
f 6812 6890 6840
f 6850 6797 6846
f 6850 6846 6851
f 6851 6846 6852
f 6848 6846 6865
f 6847 6846 6848
f 6847 6852 6846
f 6848 6865 6849
f 6849 6865 6866
f 6866 6865 6867
f 6867 6865 6869
f 6869 6865 6914
f 6868 6869 6914
f 6868 6914 6870
f 6870 6914 6920
f 6847 6887 6852
f 6847 6848 6888
f 6848 6849 6889
f 6852 6887 6892
f 6847 6888 6887
f 6848 6889 6888
f 6850 6851 6891
f 6851 6852 6892
f 6850 6891 6890
f 6851 6892 6891
f 6849 6866 6898
f 6866 6867 6899
f 6867 6869 6901
f 6868 6900 6869
f 6868 6870 6902
f 6870 6920 6961
f 6849 6898 6889
f 6866 6899 6898
f 6867 6901 6899
f 6869 6900 6901
f 6868 6902 6900
f 6870 6961 6902
f 6744 6746 6845
f 6746 6908 6845
f 6910 6845 6908
f 6845 6910 6916
f 6924 6915 6917
f 6943 6917 6944
f 6944 6917 6985
f 6944 6985 6947
f 6918 6948 6985
f 6947 6985 6948
f 6918 6919 6948
f 6920 6914 6915
f 6920 6915 6921
f 6921 6915 6922
f 6923 6915 6924
f 6922 6915 6923
f 6924 6917 6925
f 6925 6917 6942
f 6942 6917 6943
f 6920 6921 6962
f 6921 6922 6963
f 6923 6924 6965
f 6924 6925 6966
f 6922 6923 6964
f 6920 6962 6961
f 6921 6963 6962
f 6922 6964 6963
f 6923 6965 6964
f 6924 6966 6965
f 6925 6942 6972
f 6942 6943 6973
f 6943 6944 6974
f 6944 6947 6975
f 6947 6948 6976
f 6925 6972 6966
f 6942 6973 6972
f 6943 6974 6973
f 6944 6975 6974
f 6947 6976 6975
f 6919 6976 6948
f 6986 6985 6984
f 6918 6985 6986
f 6986 6984 6988
f 6987 6988 6984
f 6987 6984 6989
f 6989 6984 6990
f 6990 6984 6991
f 6997 6991 6992
f 6996 6997 6992
f 6996 6992 6998
f 6993 6999 6992
f 6998 6992 6999
f 6990 6991 6994
f 6994 6991 6995
f 6995 6991 6997
f 6918 6986 7008
f 6986 6988 7010
f 6987 7009 6988
f 6987 6989 7011
f 6989 6990 7012
f 6990 6994 7014
f 6918 7008 6919
f 6986 7010 7008
f 6988 7009 7010
f 6987 7011 7009
f 6989 7012 7011
f 6990 7014 7012
f 6993 7013 6999
f 6994 6995 7015
f 6995 6997 7017
f 6996 7016 6997
f 6996 6998 7018
f 6998 6999 7019
f 6994 7015 7014
f 6995 7017 7015
f 6997 7016 7017
f 6996 7018 7016
f 6998 7019 7018
f 6999 7013 7019
f 5241 7379 6913
f 5254 7377 7379
f 5317 7378 7377
f 5318 7393 7378
f 5431 7082 7393
f 5432 7083 7082
f 5470 7081 7083
f 5579 7220 7221
f 5580 7086 7220
f 5583 7085 5582
f 5581 7085 7087
f 7085 5583 7084
f 5581 7087 7086
f 5471 7221 7081
f 5531 7268 7089
f 5593 7170 7158
f 5592 7158 7159
f 5591 7159 7160
f 5589 7160 7163
f 5585 7165 7166
f 5533 7267 7266
f 5532 7266 7268
f 5534 7166 7267
f 5587 7164 7167
f 5588 7163 7164
f 5586 7167 7165
f 7268 7088 7089
f 5677 7091 7092
f 5676 7092 7093
f 5675 7093 7094
f 5674 7094 7095
f 5673 7095 7096
f 5650 7113 7114
f 5653 7096 7111
f 5652 7111 7112
f 5651 7112 7113
f 5649 7114 7115
f 5612 7115 7168
f 5611 7168 7169
f 5610 7169 7170
f 7091 7135 7092
f 7092 7136 7093
f 7093 7137 7094
f 7094 7138 7095
f 7095 7139 7096
f 7096 7140 7111
f 7092 7135 7136
f 7093 7136 7137
f 7094 7137 7138
f 7095 7138 7139
f 7096 7139 7140
f 7111 7147 7112
f 7112 7148 7113
f 7113 7149 7114
f 7114 7150 7115
f 7115 7151 7168
f 7111 7140 7147
f 7112 7147 7148
f 7113 7148 7149
f 7114 7149 7150
f 7115 7150 7151
f 7151 7207 7168
f 7265 7090 7088
f 7264 7157 7090
f 7263 7265 7088
f 7269 7161 7157
f 7264 7090 7265
f 7263 7088 7268
f 7158 7170 7209
f 7158 7199 7159
f 7159 7200 7160
f 7158 7209 7199
f 7159 7199 7200
f 7160 7200 7201
f 7163 7202 7164
f 7160 7201 7163
f 7164 7203 7167
f 7165 7204 7166
f 7166 7205 7267
f 7165 7167 7206
f 7163 7201 7202
f 7164 7202 7203
f 7167 7203 7206
f 7166 7204 7205
f 7205 7308 7267
f 7165 7206 7204
f 7168 7207 7169
f 7169 7208 7170
f 7169 7207 7208
f 7170 7208 7209
f 7232 7222 7162
f 7238 7223 7224
f 7234 7224 7222
f 7225 7232 7162
f 7231 7234 7222
f 7232 7233 7222
f 7231 7222 7233
f 7225 7314 7226
f 7550 7228 7230
f 7229 7552 7230
f 7549 7227 7228
f 7550 7551 7228
f 7550 7230 7552
f 7240 7230 7223
f 7236 7240 7223
f 7238 7239 7223
f 7236 7223 7239
f 7234 7235 7224
f 7235 7237 7224
f 7237 7238 7224
f 7240 7241 7230
f 7229 7230 7241
f 7229 7261 7250
f 7232 7252 7233
f 7225 7226 7232
f 7231 7233 7253
f 7231 7251 7234
f 7234 7254 7235
f 7235 7255 7237
f 7226 7252 7232
f 7233 7252 7253
f 7231 7253 7251
f 7234 7251 7254
f 7235 7254 7255
f 7237 7255 7257
f 7237 7257 7238
f 7238 7258 7239
f 7236 7239 7259
f 7240 7260 7241
f 7236 7256 7240
f 7229 7241 7261
f 7238 7257 7258
f 7239 7258 7259
f 7236 7259 7256
f 7240 7256 7260
f 7241 7260 7261
f 7273 7162 7161
f 7264 7271 7157
f 7269 7157 7271
f 7269 7270 7161
f 7270 7272 7161
f 7272 7273 7161
f 7225 7162 7273
f 7263 7304 7265
f 7264 7265 7306
f 7266 7267 7308
f 7266 7307 7268
f 7263 7268 7309
f 7265 7304 7306
f 7264 7306 7305
f 7266 7308 7307
f 7268 7307 7309
f 7263 7309 7304
f 7269 7310 7270
f 7264 7305 7271
f 7269 7271 7312
f 7272 7313 7273
f 7270 7311 7272
f 7225 7273 7314
f 7270 7310 7311
f 7271 7305 7312
f 7269 7312 7310
f 7272 7311 7313
f 7273 7313 7314
f 7474 7380 7382
f 7494 7382 7381
f 7473 7382 7493
f 7493 7382 7494
f 7383 7381 7384
f 7383 7494 7381
f 7384 7381 7385
f 7385 7381 7408
f 7386 7408 7387
f 7385 7408 7386
f 7383 7384 7389
f 7385 7386 7391
f 7384 7385 7390
f 7386 7387 7392
f 7383 7389 7388
f 7387 7450 7392
f 7385 7391 7390
f 7384 7390 7389
f 7386 7392 7391
f 7409 7394 7397
f 7402 7396 7395
f 7426 7397 7396
f 7401 7428 7396
f 7427 7396 7428
f 7426 7396 7427
f 7398 7400 7395
f 7400 7402 7395
f 7398 7395 7399
f 7401 7396 7402
f 7401 7406 7428
f 7398 7399 7404
f 7400 7405 7402
f 7401 7402 7407
f 7398 7403 7400
f 7398 7404 7403
f 7402 7405 7407
f 7401 7407 7406
f 7400 7403 7405
f 7413 7408 7394
f 7414 7394 7415
f 7413 7394 7414
f 7409 7397 7411
f 7411 7397 7425
f 7410 7415 7394
f 7409 7410 7394
f 7387 7408 7412
f 7412 7408 7413
f 7425 7397 7426
f 7410 7448 7415
f 7409 7447 7410
f 7409 7411 7449
f 7411 7425 7457
f 7415 7448 7453
f 7410 7447 7448
f 7409 7449 7447
f 7411 7457 7449
f 7387 7412 7450
f 7412 7413 7451
f 7413 7414 7452
f 7414 7415 7453
f 7412 7451 7450
f 7413 7452 7451
f 7414 7453 7452
f 7425 7426 7458
f 7426 7427 7459
f 7427 7428 7460
f 7425 7458 7457
f 7426 7459 7458
f 7427 7460 7459
f 7406 7460 7428
f 6993 6992 7380
f 7469 7380 7470
f 7470 7380 7471
f 6993 7380 7469
f 7471 7380 7474
f 7472 7474 7382
f 7472 7382 7473
f 6993 7469 7513
f 7469 7470 7514
f 7470 7471 7515
f 7472 7516 7474
f 7472 7473 7517
f 7471 7474 7518
f 6993 7513 7013
f 7469 7514 7513
f 7470 7515 7514
f 7471 7518 7515
f 7474 7516 7518
f 7472 7517 7516
f 7473 7525 7517
f 7473 7493 7525
f 7493 7494 7526
f 7383 7388 7494
f 7493 7526 7525
f 7388 7526 7494
f 7399 7395 7227
f 7548 7227 7549
f 7399 7227 7554
f 7554 7227 7555
f 7548 7555 7227
f 7549 7228 7553
f 7551 7553 7228
f 7549 7553 7597
f 7548 7592 7555
f 7548 7549 7593
f 7551 7595 7553
f 7550 7594 7551
f 7550 7552 7596
f 7229 7250 7552
f 7549 7597 7593
f 7548 7593 7592
f 7551 7594 7595
f 7250 7596 7552
f 7550 7596 7594
f 7553 7595 7597
f 7554 7555 7599
f 7399 7554 7598
f 7555 7592 7599
f 7554 7599 7598
f 7399 7598 7404
f 4718 4719 4721
f 4719 4720 4722
f 4717 4724 4720
f 4719 4722 4721
f 4720 4724 4722
f 4717 4723 4724
f 4723 4725 4724
f 4718 5679 4719
f 4718 4721 5682
f 4719 5680 4720
f 4717 4720 5678
f 4721 4722 5683
f 4722 4724 5685
f 4724 4725 5685
f 4719 5679 5680
f 4718 5682 5679
f 4720 5680 5681
f 4720 5681 5678
f 4721 5683 5682
f 4722 5685 5683
f 4725 5686 5685
f 5679 5682 5680
f 5680 5683 5681
f 5678 5681 5684
f 5680 5682 5683
f 5681 5685 5684
f 5681 5683 5685
f 5684 5685 5686
f 4702 4707 4703
f 4702 4705 4708
f 4704 4706 4705
f 4705 4706 4710
f 4702 4708 4707
f 4705 4710 4708
f 4706 4709 4710
f 4709 4711 4710
f 4702 5663 4705
f 4702 4703 5664
f 4704 4705 5665
f 4703 4707 5668
f 4707 4708 5669
f 4708 4710 5671
f 4710 4711 5671
f 4705 5663 5666
f 4702 5664 5663
f 4705 5666 5665
f 4703 5668 5664
f 4707 5669 5668
f 4708 5671 5669
f 4711 5672 5671
f 5663 5664 5668
f 5663 5669 5666
f 5665 5666 5667
f 5666 5670 5667
f 5663 5668 5669
f 5666 5671 5670
f 5666 5669 5671
f 5670 5671 5672
f 4693 4696 4694
f 4693 4695 4697
f 4664 4698 4695
f 4695 4698 4699
f 4693 4697 4696
f 4695 4699 4697
f 4698 4700 4699
f 4699 4700 4701
f 4664 4695 5624
f 4693 5654 4695
f 4693 4694 5655
f 4694 4696 5657
f 4696 4697 5658
f 4697 4699 5660
f 4699 4701 5660
f 4695 5654 5656
f 4693 5655 5654
f 4695 5656 5624
f 4694 5657 5655
f 4696 5658 5657
f 4697 5660 5658
f 4701 5662 5660
f 5654 5655 5657
f 5654 5658 5656
f 5624 5656 5659
f 5656 5661 5659
f 5654 5657 5658
f 5656 5660 5661
f 5656 5658 5660
f 5660 5662 5661
f 4655 4656 4660
f 4656 4657 4661
f 4657 4658 4659
f 4657 4659 4663
f 4656 4661 4660
f 4657 4663 4661
f 4659 4662 4663
f 4655 5615 4656
f 4656 5616 4657
f 4657 5618 4658
f 4655 4660 5620
f 4660 4661 5621
f 4661 4663 5623
f 4662 5623 4663
f 4656 5615 5616
f 4657 5616 5617
f 4657 5617 5618
f 4655 5620 5615
f 4660 5621 5620
f 4661 5623 5621
f 4662 5622 5623
f 5615 5620 5616
f 5616 5621 5617
f 5617 5619 5618
f 5617 5623 5619
f 5616 5620 5621
f 5617 5621 5623
f 5619 5623 5622
f 4643 4646 4648
f 4643 4645 4644
f 4643 4648 4645
f 4646 4647 4653
f 4646 4653 4648
f 4647 4649 4653
f 4649 4654 4653
f 4643 5603 4646
f 4643 4644 5604
f 4644 4645 5605
f 4645 4648 5608
f 4646 5607 4647
f 4648 4653 5613
f 4653 4654 5613
f 4646 5603 5606
f 4643 5604 5603
f 4644 5605 5604
f 4645 5608 5605
f 4646 5606 5607
f 4648 5613 5608
f 4654 5614 5613
f 5603 5608 5606
f 5603 5604 5605
f 5603 5605 5608
f 5606 5609 5607
f 5606 5608 5613
f 5606 5613 5609
f 5609 5613 5614
f 4634 4638 4635
f 4635 4637 4636
f 4635 4638 4637
f 4634 4639 4641
f 4634 4641 4638
f 4639 4640 4641
f 4640 4642 4641
f 4635 4636 5596
f 4634 4635 5595
f 4636 4637 5597
f 4637 4638 5598
f 4634 5599 4639
f 4638 4641 5601
f 4641 4642 5601
f 4634 5595 5594
f 4635 5596 5595
f 4636 5597 5596
f 4637 5598 5597
f 4634 5594 5599
f 4638 5601 5598
f 4642 5602 5601
f 5594 5595 5598
f 5595 5596 5597
f 5595 5597 5598
f 5594 5600 5599
f 5594 5598 5601
f 5594 5601 5600
f 5600 5601 5602
f 4589 4591 4590
f 4589 4590 4596
f 4588 4593 4592
f 4588 4595 4593
f 4588 4589 4595
f 4589 4596 4595
f 4590 4594 4596
f 4594 4597 4596
f 4588 5547 4589
f 4589 5550 4591
f 4588 4592 5551
f 4592 4593 5552
f 4593 4595 5554
f 4595 4596 5555
f 4596 4597 5555
f 4588 5551 5547
f 4589 5547 5548
f 4589 5548 5550
f 4592 5552 5551
f 4593 5554 5552
f 4595 5555 5554
f 4597 5556 5555
f 5548 5549 5550
f 5548 5553 5549
f 5547 5551 5552
f 5547 5552 5554
f 5547 5554 5548
f 5548 5554 5555
f 5548 5555 5553
f 5553 5555 5556
f 4579 4580 4581
f 4578 4583 4582
f 4578 4584 4583
f 4578 4579 4584
f 4579 4581 4585
f 4579 4585 4584
f 4581 4586 4585
f 4585 4586 4587
f 4578 5537 4579
f 4579 5539 4580
f 4578 4582 5541
f 4582 4583 5542
f 4583 4584 5543
f 4584 4585 5544
f 4585 4587 5544
f 4579 5537 5538
f 4579 5538 5539
f 4578 5541 5537
f 4582 5542 5541
f 4583 5543 5542
f 4584 5544 5543
f 4587 5546 5544
f 5538 5540 5539
f 5537 5541 5542
f 5537 5542 5543
f 5537 5543 5538
f 5538 5543 5544
f 5538 5545 5540
f 5538 5544 5545
f 5544 5546 5545
f 4565 4568 4566
f 4563 4569 4565
f 4565 4569 4568
f 4563 4564 4576
f 4564 4567 4576
f 4563 4576 4569
f 4567 4577 4576
f 4563 5523 4564
f 4563 4565 5524
f 4565 4566 5525
f 4566 4568 5527
f 4568 4569 5528
f 4569 4576 5535
f 4576 4577 5535
f 4563 5524 5522
f 4563 5522 5523
f 4565 5525 5524
f 4566 5527 5525
f 4568 5528 5527
f 4569 5535 5528
f 4577 5536 5535
f 5522 5526 5523
f 5524 5525 5527
f 5522 5524 5528
f 5524 5527 5528
f 5522 5535 5526
f 5522 5528 5535
f 5526 5535 5536
f 4527 4528 4532
f 4528 4529 4562
f 4527 4531 4530
f 4527 4532 4531
f 4528 4562 4532
f 4529 4533 4562
f 4533 4534 4562
f 4527 5498 4528
f 4527 4530 5501
f 4528 5500 4529
f 4530 4531 5502
f 4531 4532 5503
f 4532 4562 5521
f 4534 5521 4562
f 4527 5501 5498
f 4528 5498 5499
f 4528 5499 5500
f 4530 5502 5501
f 4531 5503 5502
f 4532 5521 5503
f 4534 5505 5521
f 5499 5504 5500
f 5498 5503 5499
f 5498 5501 5502
f 5498 5502 5503
f 5499 5503 5521
f 5499 5521 5504
f 5504 5521 5505
f 4518 4522 4521
f 4518 4523 4522
f 4518 4519 4523
f 4519 4520 4525
f 4519 4525 4523
f 4520 4524 4525
f 4524 4526 4525
f 4518 5489 4519
f 4519 5491 4520
f 4518 4521 5492
f 4521 4522 5493
f 4522 4523 5494
f 4523 4525 5496
f 4525 4526 5496
f 4519 5489 5490
f 4519 5490 5491
f 4518 5492 5489
f 4521 5493 5492
f 4522 5494 5493
f 4523 5496 5494
f 4526 5497 5496
f 5490 5495 5491
f 5489 5492 5493
f 5489 5493 5494
f 5489 5494 5490
f 5490 5494 5496
f 5490 5496 5495
f 5495 5496 5497
f 4509 4513 4510
f 4509 4511 4514
f 4508 4512 4511
f 4511 4512 4516
f 4509 4514 4513
f 4511 4516 4514
f 4512 4515 4516
f 4515 4517 4516
f 4508 4511 5479
f 4509 5480 4511
f 4509 4510 5481
f 4510 4513 5484
f 4513 4514 5485
f 4514 4516 5487
f 4516 4517 5487
f 4511 5482 5479
f 4511 5480 5482
f 4509 5481 5480
f 4510 5484 5481
f 4513 5485 5484
f 4514 5487 5485
f 4517 5488 5487
f 5480 5481 5484
f 5480 5485 5482
f 5479 5482 5483
f 5482 5486 5483
f 5480 5484 5485
f 5482 5485 5487
f 5482 5487 5486
f 5486 5487 5488
f 4475 4477 4476
f 4475 4481 4477
f 4478 4479 4480
f 4475 4478 4481
f 4478 4480 4482
f 4478 4482 4481
f 4480 4506 4482
f 4482 4506 4507
f 4475 5443 4478
f 4475 4476 5444
f 4476 4477 5445
f 4478 5447 4479
f 4477 4481 5449
f 4481 4482 5450
f 4482 4507 5450
f 4475 5444 5443
f 4476 5445 5444
f 4478 5446 5447
f 4478 5443 5446
f 4477 5449 5445
f 4481 5450 5449
f 4507 5478 5450
f 5443 5444 5445
f 5443 5445 5449
f 5446 5448 5447
f 5443 5449 5446
f 5446 5449 5450
f 5446 5477 5448
f 5446 5450 5477
f 5450 5478 5477
f 4429 4430 4435
f 4429 4433 4432
f 4429 4435 4433
f 4430 4431 4436
f 4430 4436 4435
f 4431 4437 4436
f 4431 4434 4437
f 4429 5381 4430
f 4429 4432 5383
f 4432 4433 5384
f 4433 4435 5386
f 4435 4436 5387
f 4436 4437 5388
f 4434 5388 4437
f 4429 5380 5381
f 4429 5383 5380
f 4432 5384 5383
f 4433 5386 5384
f 4434 5385 5388
f 4435 5387 5386
f 4436 5388 5387
f 5380 5382 5381
f 5380 5383 5384
f 5380 5384 5386
f 5380 5386 5382
f 5382 5386 5387
f 5382 5387 5385
f 5385 5387 5388
f 4420 4421 4423
f 4421 4422 4424
f 4421 4424 4423
f 4422 4425 4426
f 4422 4426 4424
f 4425 4427 4428
f 4425 4428 4426
f 4420 5371 4421
f 4421 5373 4422
f 4420 4423 5374
f 4423 4424 5375
f 4424 4426 5377
f 4426 4428 5379
f 4427 5379 4428
f 4421 5371 5372
f 4421 5372 5373
f 4420 5374 5371
f 4423 5375 5374
f 4424 5377 5375
f 4426 5379 5377
f 4427 5378 5379
f 5371 5374 5372
f 5372 5376 5373
f 5372 5374 5375
f 5372 5375 5376
f 5375 5377 5376
f 5376 5377 5378
f 5377 5379 5378
f 4406 4408 4407
f 4405 4409 4406
f 4406 4409 4408
f 4405 4410 4411
f 4405 4411 4409
f 4410 4418 4411
f 4410 4419 4418
f 4405 4406 5356
f 4406 4407 5358
f 4407 4408 5359
f 4408 4409 5360
f 4409 4411 5362
f 4411 4418 5369
f 4418 4419 5369
f 4406 5358 5357
f 4406 5357 5356
f 4407 5359 5358
f 4408 5360 5359
f 4409 5362 5360
f 4411 5369 5362
f 4419 5370 5369
f 5357 5358 5359
f 5357 5359 5360
f 5356 5357 5361
f 5357 5360 5361
f 5360 5362 5361
f 5361 5362 5370
f 5362 5369 5370
f 4372 4396 4395
f 4394 4395 4397
f 4395 4396 4400
f 4395 4400 4397
f 4396 4402 4400
f 4396 4401 4402
f 4401 4403 4402
f 4401 4404 4403
f 4372 4395 5341
f 4394 5345 4395
f 4394 4397 5348
f 4397 4400 5351
f 4400 4402 5353
f 4402 4403 5354
f 4403 4404 5354
f 4395 5346 5341
f 4395 5345 5346
f 4394 5348 5345
f 4397 5351 5348
f 4400 5353 5351
f 4402 5354 5353
f 4404 5355 5354
f 5341 5346 5347
f 5345 5348 5346
f 5346 5348 5351
f 5346 5352 5347
f 5346 5351 5352
f 5351 5353 5352
f 5353 5354 5355
f 5352 5353 5355
f 4362 4366 4363
f 4362 4364 4367
f 4364 4365 4367
f 4362 4367 4366
f 4365 4368 4367
f 4365 4371 4368
f 4365 4369 4371
f 4369 4370 4371
f 4362 4363 5332
f 4362 5333 4364
f 4363 4366 5335
f 4366 4367 5336
f 4367 4368 5337
f 4368 4371 5340
f 4370 5340 4371
f 4362 5332 5331
f 4362 5331 5333
f 4363 5335 5332
f 4366 5336 5335
f 4367 5337 5336
f 4368 5340 5337
f 4370 5339 5340
f 5331 5332 5335
f 5331 5334 5333
f 5331 5336 5334
f 5331 5335 5336
f 5334 5336 5338
f 5336 5337 5338
f 5337 5340 5338
f 5338 5340 5339
f 4336 4340 4337
f 4335 4337 4339
f 4337 4340 4339
f 4336 4338 4341
f 4336 4341 4340
f 4338 4343 4341
f 4338 4342 4343
f 4336 4337 5286
f 4335 5285 4337
f 4335 4339 5289
f 4339 4340 5290
f 4340 4341 5291
f 4342 5293 4343
f 4341 4343 5293
f 4337 5287 5286
f 4337 5285 5287
f 4335 5289 5285
f 4339 5290 5289
f 4340 5291 5290
f 4342 5292 5293
f 4341 5293 5291
f 5286 5287 5288
f 5285 5289 5287
f 5287 5289 5290
f 5287 5290 5288
f 5288 5290 5291
f 5288 5291 5292
f 5291 5293 5292
f 4322 4325 4324
f 4322 4323 4326
f 4322 4326 4325
f 4323 4328 4326
f 4323 4327 4328
f 4327 4330 4328
f 4327 4329 4330
f 4322 5273 4323
f 4322 4324 5274
f 4324 4325 5275
f 4325 4326 5276
f 4326 4328 5278
f 4328 4330 5280
f 4329 5280 4330
f 4322 5272 5273
f 4322 5274 5272
f 4324 5275 5274
f 4325 5276 5275
f 4326 5278 5276
f 4328 5280 5278
f 4329 5279 5280
f 5272 5274 5275
f 5272 5277 5273
f 5272 5275 5276
f 5272 5276 5277
f 5276 5278 5277
f 5277 5278 5279
f 5278 5280 5279
f 4309 4311 4310
f 4309 4312 4313
f 4309 4313 4311
f 4312 4314 4313
f 4312 4315 4314
f 4314 4315 4316
f 4315 4317 4316
f 4309 4310 5260
f 4310 4311 5261
f 4309 5262 4312
f 4311 4313 5263
f 4313 4314 5264
f 4314 4316 5266
f 4316 4317 5266
f 4309 5260 5259
f 4310 5261 5260
f 4309 5259 5262
f 4311 5263 5261
f 4313 5264 5263
f 4314 5266 5264
f 4317 5267 5266
f 5259 5260 5261
f 5259 5265 5262
f 5259 5261 5263
f 5259 5263 5265
f 5263 5264 5265
f 5264 5267 5265
f 5264 5266 5267
f 4257 4259 4258
f 4257 4261 4260
f 4257 4258 4262
f 4257 4262 4261
f 4258 4263 4262
f 4258 4264 4266
f 4258 4266 4263
f 4264 4265 4266
f 4257 4260 5228
f 4257 5227 4259
f 4260 4261 5229
f 4261 4262 5230
f 4262 4263 5231
f 4263 4266 5234
f 4265 5234 4266
f 4257 5228 5225
f 4257 5225 5227
f 4260 5229 5228
f 4261 5230 5229
f 4262 5231 5230
f 4263 5234 5231
f 4265 5233 5234
f 5225 5226 5227
f 5225 5228 5229
f 5225 5229 5230
f 5225 5232 5226
f 5225 5230 5232
f 5230 5231 5232
f 5231 5234 5232
f 5232 5234 5233
f 4244 4247 4246
f 4244 4249 4247
f 4244 4245 4249
f 4245 4248 4249
f 4248 4250 4249
f 4248 4252 4250
f 4248 4251 4252
f 4251 4256 4252
f 4244 5195 4245
f 4244 4246 5196
f 4246 4247 5197
f 4247 4249 5199
f 4249 4250 5200
f 4250 4252 5202
f 4252 4256 5202
f 4244 5194 5195
f 4244 5196 5194
f 4246 5197 5196
f 4247 5199 5197
f 4249 5200 5199
f 4250 5202 5200
f 4256 5224 5202
f 5194 5198 5195
f 5194 5196 5197
f 5194 5197 5199
f 5194 5199 5198
f 5198 5199 5201
f 5199 5200 5201
f 5200 5202 5201
f 5201 5202 5224
f 4233 4236 4235
f 4233 4234 4238
f 4233 4238 4236
f 4234 4237 4239
f 4234 4239 4238
f 4237 4243 4240
f 4237 4240 4239
f 4233 5184 4234
f 4233 4235 5185
f 4235 4236 5186
f 4236 4238 5188
f 4238 4239 5189
f 4239 4240 5190
f 4240 4243 5190
f 4233 5183 5184
f 4233 5185 5183
f 4235 5186 5185
f 4236 5188 5186
f 4238 5189 5188
f 4239 5190 5189
f 4243 5193 5190
f 5183 5185 5186
f 5183 5186 5188
f 5183 5187 5184
f 5183 5188 5187
f 5187 5188 5189
f 5187 5189 5193
f 5189 5190 5193
f 4218 4222 4220
f 4218 4219 4223
f 4218 4223 4222
f 4219 4221 4224
f 4219 4224 4223
f 4221 4225 4224
f 4221 4226 4225
f 4218 4220 5170
f 4218 5169 4219
f 4220 4222 5172
f 4222 4223 5173
f 4223 4224 5174
f 4224 4225 5175
f 4225 4226 5175
f 4218 5168 5169
f 4218 5170 5168
f 4220 5172 5170
f 4222 5173 5172
f 4223 5174 5173
f 4224 5175 5174
f 4226 5176 5175
f 5168 5170 5172
f 5168 5172 5173
f 5168 5171 5169
f 5168 5173 5171
f 5171 5173 5174
f 5171 5174 5176
f 5174 5175 5176
f 4209 4211 4210
f 4209 4212 4213
f 4209 4213 4211
f 4212 4214 4213
f 4212 4215 4214
f 4215 4217 4216
f 4214 4215 4216
f 4209 4210 5160
f 4210 4211 5161
f 4209 5162 4212
f 4211 4213 5163
f 4213 4214 5164
f 4214 4216 5166
f 4216 4217 5166
f 4209 5159 5162
f 4209 5160 5159
f 4210 5161 5160
f 4211 5163 5161
f 4213 5164 5163
f 4214 5166 5164
f 4217 5167 5166
f 5159 5160 5161
f 5159 5165 5162
f 5159 5161 5163
f 5159 5163 5165
f 5163 5164 5165
f 5164 5167 5165
f 5164 5166 5167
f 4047 4074 4073
f 4046 4075 4047
f 4047 4075 4074
f 4046 4076 4075
f 4046 4080 4076
f 4046 4077 4080
f 4077 4078 4080
f 4077 4079 4078
f 4047 4073 5008
f 4073 4074 5030
f 4074 4075 5031
f 4075 4076 5032
f 4076 4080 5036
f 4078 5034 4080
f 4078 4079 5034
f 4073 5029 5008
f 4073 5030 5029
f 4074 5031 5030
f 4075 5032 5031
f 4076 5036 5032
f 4079 5035 5034
f 4080 5034 5036
f 5007 5008 5029
f 5007 5029 5030
f 5007 5030 5031
f 5007 5031 5033
f 5031 5032 5033
f 5032 5036 5033
f 5033 5036 5035
f 5034 5035 5036
f 4036 4039 4037
f 4036 4038 4040
f 4036 4040 4039
f 4038 4041 4040
f 4038 4044 4041
f 4038 4043 4044
f 4042 4043 4045
f 4042 4044 4043
f 4036 4037 4997
f 4037 4039 5000
f 4039 4040 5001
f 4040 4041 5002
f 4041 4044 5005
f 4042 5003 4044
f 4042 4045 5003
f 4037 4998 4997
f 4037 5000 4998
f 4039 5001 5000
f 4040 5002 5001
f 4041 5005 5002
f 4044 5003 5005
f 4045 5006 5003
f 4997 4998 4999
f 4998 5000 4999
f 4999 5000 5001
f 4999 5001 5004
f 5001 5002 5004
f 5002 5005 5004
f 5004 5005 5006
f 5003 5006 5005
f 4027 4030 4028
f 4027 4029 4032
f 4027 4031 4030
f 4027 4032 4031
f 4029 4035 4032
f 4029 4034 4035
f 4029 4033 4034
f 4027 4028 4988
f 4028 4030 4991
f 4030 4031 4992
f 4031 4032 4993
f 4032 4035 4996
f 4033 4995 4034
f 4034 4995 4035
f 4028 4989 4988
f 4028 4991 4989
f 4030 4992 4991
f 4031 4993 4992
f 4032 4996 4993
f 4033 4994 4995
f 4035 4995 4996
f 4988 4989 4990
f 4989 4991 4990
f 4990 4991 4992
f 4990 4992 4993
f 4990 4993 4994
f 4994 4996 4995
f 4993 4996 4994
f 4000 4019 4021
f 4019 4020 4023
f 4019 4022 4021
f 4019 4023 4022
f 4020 4024 4023
f 4020 4026 4024
f 4020 4025 4026
f 4000 4980 4019
f 4000 4021 4982
f 4021 4022 4983
f 4022 4023 4984
f 4023 4024 4985
f 4024 4026 4987
f 4025 4987 4026
f 4000 4948 4980
f 4000 4982 4948
f 4021 4983 4982
f 4022 4984 4983
f 4023 4985 4984
f 4025 4986 4987
f 4024 4987 4985
f 4948 4981 4980
f 4948 4982 4981
f 4981 4982 4983
f 4981 4983 4984
f 4981 4984 4986
f 4984 4985 4986
f 4985 4987 4986
f 3988 3990 3989
f 3988 3991 3990
f 3988 3995 3991
f 3988 3996 3995
f 3996 3998 3997
f 3995 3996 3997
f 3996 3999 3998
f 3988 3989 4936
f 3989 3990 4938
f 3990 3991 4939
f 3991 3995 4943
f 3995 3997 4945
f 3998 3999 4946
f 3997 3998 4946
f 3989 4937 4936
f 3989 4938 4937
f 3990 4939 4938
f 3991 4943 4939
f 3995 4945 4943
f 3997 4946 4945
f 3999 4947 4946
f 4936 4937 4944
f 4937 4938 4944
f 4938 4939 4944
f 4939 4943 4944
f 4943 4947 4944
f 4943 4945 4947
f 4945 4946 4947
f 3972 3974 3973
f 3972 3975 3974
f 3972 3976 3975
f 3972 3977 3976
f 3972 3987 3977
f 3972 3984 3987
f 3984 3986 3987
f 3984 3985 3986
f 3973 3974 4921
f 3974 3975 4923
f 3975 3976 4924
f 3976 3977 4925
f 3977 3987 4935
f 3985 4934 3986
f 3986 4934 3987
f 3974 4922 4921
f 3974 4923 4922
f 3975 4924 4923
f 3976 4925 4924
f 3977 4935 4925
f 3985 4933 4934
f 3987 4934 4935
f 4920 4921 4922
f 4920 4922 4932
f 4922 4923 4932
f 4923 4924 4932
f 4924 4925 4932
f 4925 4935 4932
f 4932 4935 4933
f 4933 4935 4934
f 3962 3963 3964
f 3963 3966 3964
f 3963 3965 3966
f 3965 3967 3966
f 3965 3968 3967
f 3965 3969 3970
f 3965 3971 3968
f 3965 3970 3971
f 3962 4911 3963
f 3962 3964 4912
f 3964 3966 4914
f 3966 3967 4915
f 3967 3968 4916
f 3970 4919 3971
f 3968 3971 4919
f 3962 4910 4911
f 3962 4912 4910
f 3964 4914 4912
f 3966 4915 4914
f 3967 4916 4915
f 3968 4919 4916
f 3970 4918 4919
f 4910 4913 4911
f 4910 4912 4913
f 4912 4914 4913
f 4913 4914 4917
f 4914 4915 4917
f 4915 4916 4917
f 4917 4919 4918
f 4916 4919 4917
f 3923 3927 3924
f 3923 3928 3927
f 3923 3925 3928
f 3925 3931 3930
f 3925 3926 3931
f 3925 3929 3928
f 3925 3930 3929
f 3923 3924 4871
f 3924 3927 4875
f 3926 4879 3931
f 3927 3928 4876
f 3928 3929 4877
f 3929 3930 4878
f 3930 3931 4879
f 3924 4872 4871
f 3924 4875 4872
f 3926 4874 4879
f 3927 4876 4875
f 3928 4877 4876
f 3929 4878 4877
f 3930 4879 4878
f 4871 4872 4873
f 4872 4875 4873
f 4873 4875 4876
f 4873 4876 4874
f 4874 4876 4877
f 4874 4877 4878
f 4874 4878 4879
f 3910 3911 3916
f 3911 3918 3916
f 3911 3917 3919
f 3911 3919 3918
f 3917 3921 3922
f 3917 3920 3921
f 3917 3922 3919
f 3910 4859 3911
f 3910 3916 4864
f 3916 3918 4866
f 3918 3919 4867
f 3920 4869 3921
f 3919 3922 4870
f 3921 4869 3922
f 3910 4858 4859
f 3910 4864 4858
f 3916 4866 4864
f 3918 4867 4866
f 3920 4868 4869
f 3919 4870 4867
f 3922 4869 4870
f 4858 4865 4859
f 4858 4864 4865
f 4864 4866 4865
f 4865 4866 4867
f 4865 4867 4868
f 4868 4870 4869
f 4867 4870 4868
f 3898 3899 3900
f 3899 3901 3900
f 3899 3905 3908
f 3899 3907 3901
f 3899 3908 3907
f 3905 3906 3909
f 3905 3909 3908
f 3898 4847 3899
f 3898 3900 4848
f 3900 3901 4849
f 3901 3907 4855
f 3906 4857 3909
f 3907 3908 4856
f 3908 3909 4857
f 3898 4846 4847
f 3898 4848 4846
f 3900 4849 4848
f 3901 4855 4849
f 3906 4854 4857
f 3907 4856 4855
f 3908 4857 4856
f 4846 4853 4847
f 4846 4848 4853
f 4848 4849 4853
f 4849 4855 4853
f 4853 4856 4854
f 4853 4855 4856
f 4854 4856 4857
f 3860 3862 3861
f 3860 3861 3863
f 3861 3864 3863
f 3861 3866 3864
f 3861 3868 3866
f 3861 3865 3868
f 3865 3867 3868
f 3865 3897 3867
f 3860 4811 3862
f 3860 3863 4812
f 3863 3864 4813
f 3864 3866 4815
f 3866 3868 4817
f 3867 3897 4816
f 3867 4816 3868
f 3860 4809 4811
f 3860 4812 4809
f 3863 4813 4812
f 3864 4815 4813
f 3866 4817 4815
f 3868 4816 4817
f 3897 4845 4816
f 4809 4810 4811
f 4809 4812 4810
f 4810 4812 4814
f 4812 4813 4814
f 4813 4815 4814
f 4814 4815 4817
f 4814 4817 4816
f 4814 4816 4845
f 3847 3848 3850
f 3848 3851 3850
f 3848 3849 3851
f 3849 3854 3851
f 3849 3852 3856
f 3849 3856 3853
f 3849 3853 3855
f 3849 3855 3854
f 3847 4797 3848
f 3847 3850 4799
f 3850 3851 4800
f 3851 3854 4803
f 3853 3856 4802
f 3854 3855 4804
f 3853 4802 3855
f 3847 4796 4797
f 3847 4799 4796
f 3850 4800 4799
f 3851 4803 4800
f 3854 4804 4803
f 3855 4802 4804
f 3856 4805 4802
f 4796 4798 4797
f 4796 4799 4798
f 4798 4799 4800
f 4798 4800 4801
f 4801 4802 4805
f 4801 4804 4802
f 4800 4803 4801
f 4801 4803 4804
f 3834 3835 3836
f 3835 3837 3838
f 3835 3838 3836
f 3837 3841 3838
f 3837 3839 3841
f 3837 3840 3839
f 3837 3842 3840
f 3834 4783 3835
f 3834 3836 4784
f 3836 3838 4786
f 3838 3841 4789
f 3840 3842 4788
f 3839 3840 4788
f 3839 4787 3841
f 3834 4782 4783
f 3834 4784 4782
f 3836 4786 4784
f 3838 4789 4786
f 3842 4790 4788
f 3839 4788 4787
f 3841 4787 4789
f 4782 4785 4783
f 4782 4784 4785
f 4784 4786 4785
f 4785 4786 4790
f 4786 4789 4790
f 4787 4790 4789
f 4787 4788 4790
f 836 838 837
f 836 840 838
f 836 839 840
f 836 837 1782
f 837 838 1784
f 838 840 1785
f 837 1783 1782
f 837 1784 1783
f 838 1785 1784
f 1782 1783 4775
f 1783 1784 4775
f 1784 1785 4775
f 839 3829 3828
f 839 3828 840
f 839 3830 3829
f 840 3828 4776
f 3829 3830 4777
f 3828 3829 4777
f 840 4776 1785
f 3830 4778 4777
f 3828 4777 4776
f 1785 4778 4775
f 4776 4777 4778
f 1785 4776 4778
f 824 826 825
f 824 827 826
f 824 828 829
f 824 829 827
f 828 830 832
f 828 831 830
f 828 832 829
f 824 825 1770
f 825 826 1772
f 826 827 1773
f 830 831 1776
f 830 1776 832
f 829 832 1778
f 827 829 1775
f 825 1771 1770
f 825 1772 1771
f 826 1773 1772
f 831 1777 1776
f 832 1776 1778
f 829 1778 1775
f 827 1775 1773
f 1770 1771 1774
f 1771 1772 1774
f 1772 1773 1774
f 1773 1775 1774
f 1774 1775 1777
f 1776 1777 1778
f 1775 1778 1777
f 810 811 812
f 811 813 812
f 811 814 813
f 811 819 814
f 811 815 818
f 811 818 819
f 815 817 816
f 815 816 818
f 810 812 1755
f 812 813 1758
f 813 814 1759
f 816 817 1761
f 816 1761 818
f 814 819 1764
f 818 1763 819
f 812 1757 1755
f 812 1758 1757
f 813 1759 1758
f 817 1762 1761
f 818 1761 1763
f 814 1764 1759
f 819 1763 1764
f 1755 1760 1756
f 1755 1757 1760
f 1757 1758 1760
f 1758 1759 1760
f 1760 1764 1763
f 1761 1762 1763
f 1760 1763 1762
f 1759 1764 1760
f 769 799 801
f 769 801 800
f 799 802 801
f 799 806 802
f 803 804 805
f 799 807 806
f 799 804 807
f 803 807 804
f 769 800 1713
f 800 801 1746
f 801 802 1747
f 803 805 1748
f 802 806 1751
f 803 1748 807
f 806 807 1752
f 800 1745 1713
f 800 1746 1745
f 801 1747 1746
f 805 1750 1748
f 802 1751 1747
f 807 1748 1752
f 806 1752 1751
f 1713 1745 1744
f 1744 1745 1746
f 1744 1746 1749
f 1748 1750 1749
f 1746 1747 1749
f 1747 1751 1749
f 1749 1751 1752
f 1748 1749 1752
f 760 761 763
f 760 763 762
f 761 764 763
f 761 765 766
f 761 766 768
f 761 767 764
f 761 768 767
f 760 762 1704
f 762 763 1707
f 763 764 1708
f 766 1710 768
f 765 1710 766
f 764 767 1711
f 767 768 1712
f 762 1706 1704
f 762 1707 1706
f 763 1708 1707
f 765 1709 1710
f 768 1710 1712
f 764 1711 1708
f 767 1712 1711
f 1704 1706 1705
f 1705 1706 1707
f 1705 1707 1708
f 1705 1708 1709
f 1709 1712 1710
f 1709 1711 1712
f 1708 1711 1709
f 744 746 745
f 744 747 749
f 744 749 746
f 747 748 750
f 747 759 758
f 747 758 748
f 747 750 749
f 744 745 1689
f 745 746 1691
f 746 749 1694
f 749 750 1695
f 748 1693 750
f 758 759 1702
f 748 758 1702
f 745 1690 1689
f 745 1691 1690
f 746 1694 1691
f 748 1702 1693
f 749 1695 1694
f 750 1693 1695
f 759 1703 1702
f 1689 1690 1692
f 1690 1691 1692
f 1691 1694 1692
f 1692 1694 1703
f 1693 1702 1703
f 1693 1703 1695
f 1694 1695 1703
f 735 736 742
f 736 737 738
f 736 743 742
f 736 738 743
f 735 740 739
f 735 741 740
f 735 742 741
f 735 739 1680
f 737 1683 738
f 738 1683 743
f 739 740 1685
f 740 741 1686
f 741 742 1687
f 742 743 1688
f 739 1684 1680
f 737 1682 1683
f 743 1683 1688
f 739 1685 1684
f 740 1686 1685
f 741 1687 1686
f 742 1688 1687
f 1680 1684 1681
f 1681 1684 1685
f 1681 1687 1682
f 1682 1687 1688
f 1682 1688 1683
f 1681 1685 1686
f 1681 1686 1687
f 686 688 687
f 686 689 688
f 686 691 689
f 686 690 695
f 686 695 692
f 686 692 691
f 690 693 694
f 690 694 695
f 687 688 1629
f 688 689 1631
f 689 691 1633
f 691 692 1634
f 694 1636 695
f 693 1636 694
f 692 695 1637
f 688 1630 1629
f 688 1631 1630
f 689 1633 1631
f 691 1634 1633
f 692 1637 1634
f 693 1635 1636
f 695 1636 1637
f 1628 1629 1632
f 1629 1630 1632
f 1630 1631 1632
f 1631 1633 1632
f 1632 1633 1634
f 1632 1634 1637
f 1632 1637 1635
f 1635 1637 1636
f 664 666 665
f 663 666 664
f 663 682 666
f 663 683 682
f 663 680 684
f 663 685 683
f 663 684 685
f 680 681 684
f 664 665 1606
f 665 666 1608
f 666 682 1624
f 682 683 1625
f 681 1626 684
f 684 1626 685
f 683 685 1627
f 665 1607 1606
f 665 1608 1607
f 666 1624 1608
f 682 1625 1624
f 681 1623 1626
f 685 1626 1627
f 683 1627 1625
f 1605 1606 1607
f 1605 1607 1608
f 1605 1608 1622
f 1608 1624 1622
f 1622 1624 1625
f 1622 1626 1623
f 1622 1627 1626
f 1622 1625 1627
f 661 662 670
f 668 669 671
f 669 670 672
f 669 672 671
f 670 675 672
f 662 676 670
f 670 676 675
f 661 1604 662
f 668 1611 669
f 668 671 1613
f 671 672 1614
f 672 675 1617
f 675 676 1618
f 662 1604 676
f 661 1603 1604
f 668 1610 1611
f 668 1613 1610
f 671 1614 1613
f 672 1617 1614
f 675 1618 1617
f 676 1604 1618
f 1603 1618 1604
f 1610 1612 1611
f 1610 1613 1612
f 1612 1613 1614
f 1603 1612 1614
f 1603 1614 1617
f 1603 1617 1618
f 594 595 667
f 594 667 600
f 596 598 597
f 594 599 596
f 596 599 598
f 594 601 599
f 594 600 601
f 600 667 1609
f 596 597 1550
f 597 598 1552
f 598 599 1553
f 599 601 1555
f 600 1554 601
f 595 1609 667
f 595 1549 1609
f 597 1551 1550
f 597 1552 1551
f 598 1553 1552
f 599 1555 1553
f 600 1609 1554
f 601 1554 1555
f 1548 1555 1549
f 1549 1554 1609
f 1548 1550 1551
f 1548 1551 1552
f 1548 1552 1553
f 1548 1553 1555
f 1549 1555 1554
f 585 586 587
f 585 587 593
f 588 590 589
f 588 591 590
f 585 592 588
f 588 592 591
f 585 593 592
f 586 1541 587
f 587 1541 593
f 588 589 1542
f 589 590 1544
f 590 591 1545
f 591 592 1546
f 592 593 1547
f 586 1540 1541
f 589 1543 1542
f 589 1544 1543
f 590 1545 1544
f 591 1546 1545
f 593 1541 1547
f 592 1547 1546
f 1539 1546 1540
f 1540 1547 1541
f 1539 1542 1543
f 1539 1543 1544
f 1539 1544 1545
f 1539 1545 1546
f 1540 1546 1547
f 575 577 578
f 575 578 576
f 577 579 578
f 577 583 579
f 580 581 582
f 577 580 584
f 577 584 583
f 580 582 584
f 575 576 1529
f 576 578 1532
f 578 579 1533
f 581 1536 582
f 579 583 1537
f 582 1536 584
f 583 584 1538
f 576 1530 1529
f 576 1532 1530
f 578 1533 1532
f 581 1535 1536
f 579 1537 1533
f 584 1536 1538
f 583 1538 1537
f 1529 1530 1531
f 1530 1532 1531
f 1531 1532 1534
f 1532 1533 1534
f 1534 1538 1535
f 1535 1538 1536
f 1533 1537 1534
f 1534 1537 1538
f 615 616 618
f 616 617 618
f 573 622 617
f 617 622 620
f 617 619 618
f 617 620 619
f 573 574 621
f 573 621 622
f 615 1567 616
f 615 618 1569
f 618 619 1570
f 619 620 1571
f 574 1572 621
f 621 1572 622
f 620 622 1573
f 574 1528 1572
f 615 1566 1567
f 615 1569 1566
f 618 1570 1569
f 619 1571 1570
f 622 1572 1573
f 620 1573 1571
f 1566 1568 1567
f 1566 1569 1568
f 1527 1568 1569
f 1527 1569 1570
f 1527 1570 1571
f 1527 1573 1528
f 1528 1573 1572
f 1527 1571 1573
f 144 145 148
f 144 148 146
f 145 147 150
f 145 150 152
f 145 152 149
f 145 149 148
f 150 151 152
f 144 146 1073
f 146 148 1077
f 148 149 1078
f 149 152 1081
f 147 1079 150
f 150 1079 151
f 151 1080 152
f 146 1075 1073
f 146 1077 1075
f 147 1076 1079
f 148 1078 1077
f 149 1081 1078
f 151 1079 1080
f 152 1080 1081
f 1073 1075 1074
f 1074 1075 1077
f 1074 1077 1076
f 1076 1077 1078
f 1076 1078 1081
f 1076 1081 1079
f 1079 1081 1080
f 135 136 137
f 135 137 143
f 137 138 143
f 139 141 140
f 135 141 139
f 135 142 141
f 135 143 142
f 137 1066 138
f 136 1066 137
f 138 1067 143
f 139 140 1068
f 140 141 1070
f 141 142 1071
f 142 143 1072
f 136 1065 1066
f 138 1066 1067
f 143 1067 1072
f 140 1069 1068
f 140 1070 1069
f 141 1071 1070
f 142 1072 1071
f 1064 1071 1065
f 1065 1072 1066
f 1065 1071 1072
f 1066 1072 1067
f 1064 1068 1069
f 1064 1069 1070
f 1064 1070 1071
f 122 129 132
f 122 128 127
f 122 132 128
f 115 129 116
f 115 131 129
f 129 131 132
f 115 130 131
f 115 116 1044
f 122 127 1051
f 127 128 1057
f 115 1044 130
f 130 1059 131
f 128 132 1061
f 131 1060 132
f 116 1045 1044
f 127 1056 1051
f 127 1057 1056
f 128 1061 1057
f 130 1044 1059
f 131 1059 1060
f 132 1060 1061
f 1051 1056 1058
f 1056 1057 1058
f 1045 1058 1061
f 1044 1045 1060
f 1044 1060 1059
f 1045 1061 1060
f 1057 1061 1058
f 119 126 123
f 117 119 118
f 119 121 126
f 117 121 119
f 117 120 121
f 93 123 124
f 123 125 124
f 123 126 125
f 117 118 1046
f 117 1046 120
f 120 1049 121
f 93 124 1040
f 124 125 1054
f 125 126 1055
f 121 1050 126
f 118 1047 1046
f 120 1046 1049
f 121 1049 1050
f 124 1053 1040
f 124 1054 1053
f 125 1055 1054
f 126 1050 1055
f 1048 1052 1053
f 1048 1053 1054
f 1047 1048 1055
f 1048 1054 1055
f 1047 1055 1050
f 1046 1047 1050
f 1046 1050 1049
f 1040 1053 1052
f 83 84 86
f 83 86 85
f 84 91 86
f 84 87 89
f 84 89 92
f 87 88 89
f 89 90 92
f 84 92 91
f 83 85 1030
f 85 86 1033
f 88 1036 89
f 89 1036 90
f 90 1037 92
f 86 91 1038
f 91 92 1039
f 85 1032 1030
f 85 1033 1032
f 88 1035 1036
f 90 1036 1037
f 86 1038 1033
f 91 1039 1038
f 92 1037 1039
f 1031 1033 1034
f 1030 1032 1031
f 1031 1032 1033
f 1034 1036 1035
f 1034 1039 1036
f 1034 1038 1039
f 1036 1039 1037
f 1033 1038 1034
f 203 209 205
f 204 208 206
f 204 205 208
f 205 207 208
f 205 209 211
f 205 211 207
f 209 210 211
f 203 1137 209
f 204 206 1132
f 206 208 1136
f 207 1135 208
f 207 211 1139
f 209 1137 210
f 210 1138 211
f 203 1131 1137
f 206 1134 1132
f 206 1136 1134
f 208 1135 1136
f 207 1139 1135
f 210 1137 1138
f 211 1138 1139
f 1131 1139 1137
f 1132 1134 1133
f 1133 1134 1136
f 1131 1133 1136
f 1131 1136 1135
f 1131 1135 1139
f 1137 1139 1138
f 181 189 188
f 182 184 183
f 181 184 182
f 181 188 184
f 181 185 186
f 181 186 189
f 186 187 189
f 182 183 1110
f 183 184 1112
f 184 188 1116
f 185 1114 186
f 186 1114 187
f 187 1115 189
f 188 189 1117
f 183 1111 1110
f 183 1112 1111
f 184 1116 1112
f 185 1113 1114
f 187 1114 1115
f 189 1115 1117
f 188 1117 1116
f 1109 1116 1113
f 1109 1110 1111
f 1109 1111 1112
f 1109 1112 1116
f 1113 1117 1114
f 1114 1117 1115
f 1113 1116 1117
f 190 197 191
f 190 198 197
f 192 193 194
f 190 192 198
f 192 194 195
f 194 196 195
f 192 195 198
f 190 191 1118
f 191 197 1125
f 193 1122 194
f 194 1122 196
f 195 196 1124
f 195 1123 198
f 197 198 1126
f 191 1119 1118
f 191 1125 1119
f 193 1121 1122
f 196 1122 1124
f 195 1124 1123
f 198 1123 1126
f 197 1126 1125
f 1118 1119 1120
f 1119 1125 1120
f 1121 1123 1122
f 1120 1126 1121
f 1120 1125 1126
f 1121 1126 1123
f 1122 1123 1124
f 5 7 6
f 5 8 7
f 5 9 13
f 5 13 8
f 9 10 11
f 9 11 14
f 11 12 14
f 9 14 13
f 6 7 953
f 7 8 955
f 10 958 11
f 11 958 12
f 8 13 960
f 13 14 961
f 12 959 14
f 7 954 953
f 7 955 954
f 8 960 955
f 10 957 958
f 12 958 959
f 13 961 960
f 14 959 961
f 952 953 956
f 953 954 956
f 954 955 956
f 955 960 956
f 956 960 957
f 957 961 958
f 958 961 959
f 957 960 961
f 59 68 69
f 59 69 71
f 58 59 60
f 57 58 60
f 59 71 61
f 59 61 60
f 4 69 68
f 69 70 71
f 57 987 58
f 57 60 989
f 60 61 990
f 4 998 69
f 69 998 70
f 70 999 71
f 61 71 1000
f 57 986 987
f 57 989 986
f 60 990 989
f 4 951 998
f 70 998 999
f 71 999 1000
f 61 1000 990
f 986 988 987
f 986 989 988
f 988 989 997
f 989 990 997
f 951 997 998
f 990 1000 997
f 997 1000 998
f 998 1000 999
f 56 65 62
f 62 65 67
f 37 62 63
f 36 37 63
f 62 64 63
f 62 67 64
f 65 66 67
f 36 966 37
f 36 63 992
f 63 64 993
f 56 994 65
f 65 994 66
f 66 995 67
f 64 67 996
f 36 965 966
f 36 992 965
f 63 993 992
f 56 985 994
f 66 994 995
f 67 995 996
f 64 996 993
f 985 991 992
f 965 991 966
f 965 992 991
f 985 992 993
f 985 996 994
f 985 993 996
f 994 996 995
f 48 50 49
f 47 50 48
f 47 55 50
f 47 51 52
f 47 52 54
f 52 53 54
f 47 54 55
f 48 49 977
f 49 50 979
f 50 55 984
f 51 981 52
f 52 981 53
f 54 983 55
f 53 982 54
f 49 978 977
f 49 979 978
f 50 984 979
f 51 980 981
f 53 981 982
f 55 983 984
f 54 982 983
f 976 984 980
f 976 977 978
f 976 978 979
f 976 979 984
f 980 983 981
f 981 983 982
f 980 984 983
f 38 40 46
f 39 41 40
f 40 43 46
f 40 41 43
f 41 42 43
f 38 45 44
f 38 46 45
f 38 44 967
f 39 970 41
f 41 970 42
f 42 971 43
f 43 972 46
f 44 45 974
f 45 46 975
f 39 968 970
f 42 970 971
f 46 972 975
f 43 971 972
f 44 973 967
f 44 974 973
f 45 975 974
f 967 973 969
f 969 973 974
f 968 972 970
f 968 969 975
f 969 974 975
f 968 975 972
f 970 972 971
f 378 380 379
f 273 378 385
f 378 379 385
f 379 383 385
f 379 381 383
f 381 382 383
f 273 384 274
f 273 385 384
f 274 384 1224
f 379 1326 381
f 379 380 1326
f 381 1328 382
f 382 1329 383
f 384 385 1332
f 383 1330 385
f 380 1327 1326
f 381 1326 1328
f 382 1328 1329
f 383 1329 1330
f 384 1331 1224
f 384 1332 1331
f 385 1330 1332
f 1223 1331 1325
f 1326 1327 1332
f 1325 1332 1327
f 1325 1331 1332
f 1326 1332 1330
f 1326 1330 1328
f 1328 1330 1329
f 1223 1224 1331
f 275 276 277
f 278 279 280
f 279 283 280
f 279 281 284
f 281 282 284
f 276 280 283
f 276 283 277
f 279 284 283
f 275 277 1225
f 278 1229 279
f 279 1229 281
f 281 1231 282
f 277 283 1233
f 282 1232 284
f 283 284 1234
f 277 1227 1225
f 278 1228 1229
f 281 1229 1231
f 282 1231 1232
f 277 1233 1227
f 284 1232 1234
f 283 1234 1233
f 1225 1227 1226
f 1228 1230 1229
f 1229 1230 1233
f 1229 1234 1231
f 1231 1234 1232
f 1226 1227 1230
f 1227 1233 1230
f 1229 1233 1234
f 285 287 286
f 285 301 287
f 285 296 297
f 285 297 301
f 297 300 301
f 297 298 300
f 298 299 300
f 286 287 1236
f 296 1247 297
f 297 1247 298
f 298 1248 299
f 299 1249 300
f 287 301 1251
f 300 1250 301
f 287 1237 1236
f 287 1251 1237
f 296 1246 1247
f 298 1247 1248
f 299 1248 1249
f 300 1249 1250
f 301 1250 1251
f 1235 1237 1246
f 1235 1236 1237
f 1246 1251 1247
f 1237 1251 1246
f 1247 1251 1250
f 1247 1250 1248
f 1248 1250 1249
f 288 289 346
f 289 293 346
f 289 290 291
f 291 292 295
f 289 291 293
f 291 295 293
f 292 294 295
f 288 346 1238
f 290 1241 291
f 291 1241 292
f 292 1242 294
f 293 1243 346
f 294 1244 295
f 293 295 1245
f 346 1243 1284
f 290 1240 1241
f 292 1241 1242
f 294 1242 1244
f 293 1245 1243
f 295 1244 1245
f 346 1284 1238
f 1238 1284 1239
f 1239 1284 1243
f 1240 1243 1241
f 1241 1245 1242
f 1239 1243 1240
f 1241 1243 1245
f 1242 1245 1244
f 324 352 325
f 347 349 348
f 347 352 349
f 347 350 353
f 347 353 352
f 350 351 353
f 324 349 352
f 324 325 1262
f 347 348 1285
f 347 1285 350
f 350 1288 351
f 351 1289 353
f 325 352 1290
f 352 353 1291
f 325 1263 1262
f 348 1286 1285
f 350 1285 1288
f 351 1288 1289
f 325 1290 1263
f 352 1291 1290
f 353 1289 1291
f 1262 1263 1287
f 1285 1286 1290
f 1286 1287 1290
f 1285 1291 1288
f 1285 1290 1291
f 1288 1291 1289
f 1263 1290 1287
f 326 327 328
f 326 333 330
f 326 328 333
f 328 335 333
f 330 332 331
f 330 333 332
f 328 329 335
f 329 334 335
f 327 1266 328
f 328 1266 329
f 331 332 1269
f 332 333 1271
f 329 1267 334
f 334 1272 335
f 333 335 1273
f 327 1265 1266
f 329 1266 1267
f 332 1270 1269
f 332 1271 1270
f 333 1273 1271
f 334 1267 1272
f 335 1272 1273
f 1264 1268 1270
f 1265 1271 1266
f 1264 1271 1265
f 1264 1270 1271
f 1266 1271 1273
f 1268 1269 1270
f 1266 1273 1267
f 1267 1273 1272
f 337 338 339
f 336 337 339
f 339 340 342
f 336 339 345
f 339 342 345
f 340 341 342
f 336 344 343
f 336 345 344
f 338 1277 339
f 339 1277 340
f 340 1278 341
f 341 1279 342
f 342 1280 345
f 343 344 1281
f 344 345 1283
f 338 1276 1277
f 340 1277 1278
f 341 1278 1279
f 342 1279 1280
f 344 1282 1281
f 344 1283 1282
f 345 1280 1283
f 1274 1282 1275
f 1275 1277 1276
f 1275 1283 1277
f 1277 1280 1278
f 1277 1283 1280
f 1275 1282 1283
f 1278 1280 1279
f 1274 1281 1282
f 431 442 432
f 432 434 433
f 432 442 446
f 432 446 434
f 442 443 444
f 442 444 446
f 443 445 444
f 431 1379 442
f 433 434 1370
f 434 446 1383
f 442 1379 443
f 443 1380 445
f 444 1381 446
f 444 445 1382
f 431 1368 1379
f 434 1371 1370
f 434 1383 1371
f 443 1379 1380
f 445 1380 1382
f 444 1382 1381
f 446 1381 1383
f 1368 1383 1379
f 1369 1370 1371
f 1368 1369 1371
f 1368 1371 1383
f 1379 1381 1380
f 1379 1383 1381
f 1380 1381 1382
f 435 436 437
f 437 449 450
f 436 438 437
f 437 438 449
f 436 439 441
f 436 441 438
f 439 440 441
f 435 1373 436
f 438 1375 449
f 436 1373 439
f 439 1376 440
f 440 1377 441
f 438 441 1378
f 449 1387 450
f 435 1372 1373
f 439 1373 1376
f 440 1376 1377
f 441 1377 1378
f 438 1378 1375
f 449 1386 1387
f 449 1375 1386
f 1372 1375 1373
f 1374 1387 1386
f 1372 1374 1375
f 1374 1386 1375
f 1373 1378 1376
f 1373 1375 1378
f 1376 1378 1377
f 447 451 448
f 448 451 458
f 451 452 457
f 452 453 457
f 448 458 454
f 454 458 455
f 451 457 458
f 447 1388 451
f 451 1388 452
f 452 1389 453
f 454 455 1391
f 455 458 1395
f 457 1394 458
f 453 1390 457
f 447 1384 1388
f 452 1388 1389
f 453 1389 1390
f 455 1392 1391
f 455 1395 1392
f 458 1394 1395
f 457 1390 1394
f 1384 1395 1388
f 1384 1385 1395
f 1388 1394 1389
f 1389 1394 1390
f 1385 1391 1392
f 1385 1392 1395
f 1388 1395 1394
f 493 495 494
f 456 496 492
f 492 496 499
f 496 497 500
f 497 498 500
f 492 499 494
f 493 494 499
f 496 500 499
f 493 1434 495
f 456 1435 496
f 496 1435 497
f 497 1436 498
f 493 499 1438
f 498 1437 500
f 499 500 1439
f 456 1393 1435
f 493 1432 1434
f 497 1435 1436
f 498 1436 1437
f 493 1438 1432
f 500 1437 1439
f 499 1439 1438
f 1431 1433 1432
f 1432 1433 1434
f 1393 1431 1438
f 1393 1438 1435
f 1435 1439 1436
f 1436 1439 1437
f 1431 1432 1438
f 1435 1438 1439
f 501 503 502
f 502 503 506
f 503 504 510
f 504 505 510
f 506 507 508
f 503 509 506
f 506 509 507
f 503 510 509
f 501 1442 503
f 503 1442 504
f 504 1443 505
f 507 1447 508
f 507 509 1448
f 505 1444 510
f 509 510 1449
f 501 1440 1442
f 504 1442 1443
f 505 1443 1444
f 507 1446 1447
f 507 1448 1446
f 510 1444 1449
f 509 1449 1448
f 1440 1441 1442
f 1441 1448 1442
f 1442 1449 1443
f 1443 1449 1444
f 1441 1445 1446
f 1445 1447 1446
f 1441 1446 1448
f 1442 1448 1449
f 516 517 519
f 517 518 522
f 517 523 519
f 519 520 521
f 519 523 520
f 517 522 523
f 518 524 522
f 516 1456 517
f 517 1456 518
f 520 1460 521
f 520 523 1462
f 522 1461 523
f 518 1457 524
f 522 524 1463
f 516 1455 1456
f 518 1456 1457
f 520 1459 1460
f 520 1462 1459
f 523 1461 1462
f 524 1457 1463
f 522 1463 1461
f 1455 1462 1456
f 1456 1461 1457
f 1455 1458 1459
f 1455 1459 1462
f 1458 1460 1459
f 1456 1462 1461
f 1457 1461 1463
f 525 526 1922
f 526 527 1924
f 525 1465 526
f 526 1465 527
f 527 1466 1926
f 525 1464 1465
f 527 1465 1466
f 1466 2890 1926
f 1464 2886 2887
f 1464 2887 1465
f 1465 2888 1466
f 526 1923 1922
f 1922 1923 1925
f 526 1924 1923
f 527 1926 1924
f 1923 2889 1925
f 1924 1926 2890
f 1923 1924 2888
f 1923 2887 2889
f 1924 2890 2888
f 1923 2888 2887
f 2886 2889 2887
f 1465 2887 2888
f 1466 2888 2890
f 1927 1929 1928
f 1927 1935 1929
f 1927 1930 1932
f 1930 1931 1933
f 1927 1932 1935
f 1930 1933 1932
f 1931 1934 1933
f 1927 1928 2891
f 1927 2891 1930
f 1930 2894 1931
f 1932 2899 1935
f 1932 1933 2897
f 1931 2895 1934
f 1933 1934 2898
f 1928 2892 2891
f 1930 2891 2894
f 1931 2894 2895
f 1932 2896 2899
f 1932 2897 2896
f 1934 2895 2898
f 1933 2898 2897
f 2891 2892 2893
f 2891 2896 2894
f 2891 2893 2896
f 2894 2897 2895
f 2893 2899 2896
f 2894 2896 2897
f 2895 2897 2898
f 1942 1944 1943
f 1942 1947 1944
f 1942 1945 1948
f 1945 1946 1951
f 1942 1948 1947
f 1947 1948 1949
f 1945 1951 1948
f 1946 1950 1951
f 1942 1943 2906
f 1942 2906 1945
f 1945 2909 1946
f 1946 2910 1950
f 1948 2913 1949
f 1950 2914 1951
f 1948 1951 2915
f 1943 2907 2906
f 1945 2906 2909
f 1946 2909 2910
f 1950 2910 2914
f 1948 2912 2913
f 1951 2914 2915
f 1948 2915 2912
f 2906 2907 2908
f 2906 2912 2909
f 2906 2908 2912
f 2909 2915 2910
f 2908 2911 2912
f 2911 2913 2912
f 2909 2912 2915
f 2910 2915 2914
f 1952 1953 1954
f 1952 1955 1953
f 1952 1956 1958
f 1956 1957 1960
f 1952 1958 1955
f 1955 1958 1990
f 1956 1960 1958
f 1957 1959 1960
f 1952 1954 2916
f 1952 2916 1956
f 1956 2920 1957
f 1957 2921 1959
f 1959 2923 1960
f 1958 1960 2924
f 1958 2955 1990
f 1954 2918 2916
f 1956 2916 2920
f 1957 2920 2921
f 1959 2921 2923
f 1958 2922 2955
f 1960 2923 2924
f 1958 2924 2922
f 2916 2918 2917
f 2916 2922 2920
f 2916 2917 2922
f 2920 2924 2921
f 2917 2919 2922
f 2919 2955 2922
f 2920 2922 2924
f 2921 2924 2923
f 1991 1995 1992
f 1991 1993 1997
f 1993 1994 1998
f 1991 1997 1995
f 1995 1997 1996
f 1993 1998 1997
f 1994 1999 1998
f 1991 2956 1993
f 1991 1992 2956
f 1993 2958 1994
f 1994 2959 1999
f 1996 1997 2961
f 1997 1998 2963
f 1998 1999 2964
f 1992 2957 2956
f 1993 2956 2958
f 1994 2958 2959
f 1999 2959 2964
f 1997 2962 2961
f 1997 2963 2962
f 1998 2964 2963
f 2956 2957 2960
f 2956 2962 2958
f 2958 2963 2959
f 2956 2960 2962
f 2960 2961 2962
f 2958 2962 2963
f 2959 2963 2964
f 2000 2005 2001
f 2000 2007 2005
f 2000 2006 2008
f 2000 2008 2007
f 2006 2009 2011
f 2009 2010 2011
f 2006 2011 2008
f 2000 2001 2965
f 2000 2965 2006
f 2007 2008 2972
f 2006 2971 2009
f 2009 2974 2010
f 2010 2975 2011
f 2008 2011 2976
f 2001 2966 2965
f 2006 2965 2971
f 2008 2973 2972
f 2009 2971 2974
f 2010 2974 2975
f 2011 2975 2976
f 2008 2976 2973
f 2965 2966 2970
f 2965 2970 2973
f 2965 2973 2971
f 2970 2972 2973
f 2971 2976 2974
f 2974 2976 2975
f 2971 2973 2976
f 2012 2013 2014
f 2013 2015 2014
f 2013 2016 2020
f 2013 2020 2015
f 2016 2017 2019
f 2017 2018 2019
f 2016 2019 2020
f 2012 2978 2013
f 2013 2978 2016
f 2015 2020 2980
f 2016 2981 2017
f 2017 2982 2018
f 2019 2984 2020
f 2018 2983 2019
f 2012 2977 2978
f 2016 2978 2981
f 2020 2985 2980
f 2017 2981 2982
f 2018 2982 2983
f 2019 2983 2984
f 2020 2984 2985
f 2977 2979 2978
f 2978 2979 2985
f 2978 2985 2981
f 2979 2980 2985
f 2981 2984 2982
f 2982 2984 2983
f 2981 2985 2984
f 2059 2060 2062
f 2060 2065 2062
f 2060 2061 2067
f 2061 2068 2067
f 2061 2063 2068
f 2063 2064 2068
f 2060 2067 2065
f 2065 2067 2066
f 2059 3022 2060
f 2060 3022 2061
f 2061 3023 2063
f 2063 3025 2064
f 2064 3026 2068
f 2066 2067 3028
f 2067 2068 3030
f 2059 3021 3022
f 2061 3022 3023
f 2063 3023 3025
f 2064 3025 3026
f 2067 3029 3028
f 2067 3030 3029
f 2068 3026 3030
f 3021 3024 3022
f 3022 3024 3029
f 3022 3029 3023
f 3023 3029 3030
f 3023 3030 3025
f 3025 3030 3026
f 3024 3027 3029
f 3027 3028 3029
f 2069 2070 2071
f 2069 2071 2075
f 2071 2072 2077
f 2071 2077 2075
f 2072 2078 2077
f 2072 2073 2078
f 2073 2074 2078
f 2075 2077 2076
f 2070 3033 2071
f 2071 3033 2072
f 2072 3034 2073
f 2073 3035 2074
f 2074 3036 2078
f 2076 2077 3038
f 2077 2078 3040
f 2070 3032 3033
f 2072 3033 3034
f 2073 3034 3035
f 2074 3035 3036
f 2078 3036 3040
f 2077 3039 3038
f 2077 3040 3039
f 3031 3033 3032
f 3031 3039 3033
f 3031 3037 3039
f 3033 3039 3034
f 3034 3039 3040
f 3034 3040 3035
f 3035 3040 3036
f 3037 3038 3039
f 2079 2080 2089
f 2080 2087 2092
f 2080 2093 2089
f 2080 2092 2093
f 2087 2088 2091
f 2087 2091 2092
f 2088 2090 2091
f 2079 3042 2080
f 2080 3042 2087
f 2087 3049 2088
f 2088 3050 2090
f 2090 3052 2091
f 2091 3053 2092
f 2092 3055 2093
f 2079 3041 3042
f 2087 3042 3049
f 2088 3049 3050
f 2090 3050 3052
f 2091 3052 3053
f 2092 3054 3055
f 2092 3053 3054
f 3041 3051 3042
f 3042 3054 3049
f 3042 3051 3054
f 3049 3053 3050
f 3049 3054 3053
f 3050 3053 3052
f 3051 3055 3054
f 2094 2111 2110
f 2094 2115 2111
f 2094 2112 2116
f 2112 2113 2117
f 2113 2114 2117
f 2094 2116 2115
f 2112 2117 2116
f 2094 2110 3056
f 2094 3056 2112
f 2112 3086 2113
f 2113 3087 2114
f 2115 2116 3089
f 2114 3088 2117
f 2116 2117 3091
f 2110 3084 3056
f 2112 3056 3086
f 2113 3086 3087
f 2114 3087 3088
f 2116 3090 3089
f 2116 3091 3090
f 2117 3088 3091
f 3056 3084 3085
f 3056 3085 3090
f 3056 3090 3086
f 3086 3091 3087
f 3087 3091 3088
f 3086 3090 3091
f 3085 3089 3090
f 2118 2119 2120
f 2119 2124 2120
f 2119 2121 2125
f 2119 2125 2124
f 2121 2126 2125
f 2121 2122 2126
f 2122 2123 2126
f 2118 3093 2119
f 2119 3093 2121
f 2121 3095 2122
f 2122 3096 2123
f 2123 3097 2126
f 2124 2125 3098
f 2125 2126 3100
f 2118 3092 3093
f 2121 3093 3095
f 2122 3095 3096
f 2123 3096 3097
f 2126 3097 3100
f 2125 3099 3098
f 2125 3100 3099
f 3092 3094 3093
f 3093 3094 3099
f 3093 3099 3095
f 3095 3099 3100
f 3095 3100 3096
f 3096 3100 3097
f 3094 3098 3099
f 2127 2128 2129
f 2128 2133 2129
f 2128 2130 2132
f 2130 2131 2135
f 2128 2132 2133
f 2132 2136 2133
f 2130 2135 2132
f 2131 2134 2135
f 2127 3102 2128
f 2128 3102 2130
f 2130 3104 2131
f 2131 3105 2134
f 2134 3108 2135
f 2132 2135 3109
f 2132 3110 2136
f 2127 3101 3102
f 2130 3102 3104
f 2131 3104 3105
f 2134 3105 3108
f 2135 3108 3109
f 2132 3109 3106
f 2132 3106 3110
f 3101 3103 3102
f 3102 3103 3106
f 3102 3106 3104
f 3104 3109 3105
f 3103 3107 3106
f 3106 3107 3110
f 3104 3106 3109
f 3105 3109 3108
f 2137 2138 2165
f 2137 2165 2167
f 2165 2166 2168
f 2165 2168 2167
f 2166 2172 2168
f 2167 2168 2169
f 2166 2170 2172
f 2170 2171 2172
f 2138 3136 2165
f 2165 3136 2166
f 2166 3137 2170
f 2168 3140 2169
f 2170 3141 2171
f 2171 3142 2172
f 2168 2172 3143
f 2138 3112 3136
f 2166 3136 3137
f 2170 3137 3141
f 2168 3139 3140
f 2168 3143 3139
f 2171 3141 3142
f 2172 3142 3143
f 3111 3136 3112
f 3111 3139 3136
f 3111 3138 3139
f 3136 3139 3137
f 3137 3139 3143
f 3138 3140 3139
f 3137 3143 3141
f 3141 3143 3142
f 2228 2234 2231
f 2228 2229 2234
f 2229 2230 2235
f 2229 2235 2234
f 2230 2232 2236
f 2232 2233 2236
f 2230 2236 2235
f 2228 2231 3182
f 2228 3182 2229
f 2229 3183 2230
f 2230 3184 2232
f 2232 3186 2233
f 2233 3187 2236
f 2235 2236 3189
f 2229 3182 3183
f 2230 3183 3184
f 2231 3185 3182
f 2232 3184 3186
f 2233 3186 3187
f 2236 3187 3190
f 2236 3190 3189
f 3182 3185 3183
f 3183 3185 3188
f 3183 3188 3184
f 3184 3188 3190
f 3184 3190 3186
f 3186 3190 3187
f 3188 3189 3190
f 2237 2239 2240
f 2237 2240 2238
f 2239 2241 2243
f 2239 2243 2240
f 2241 2242 2244
f 2241 2244 2243
f 2242 2245 2244
f 2237 3191 2239
f 2237 2238 3191
f 2239 3193 2241
f 2241 3195 2242
f 2242 3196 2245
f 2243 2244 3197
f 2244 2245 3199
f 2238 3192 3191
f 2239 3191 3193
f 2241 3193 3195
f 2242 3195 3196
f 2245 3196 3199
f 2244 3198 3197
f 2244 3199 3198
f 3191 3192 3193
f 3192 3194 3193
f 3193 3194 3195
f 3194 3198 3195
f 3195 3198 3196
f 3194 3197 3198
f 3196 3198 3199
f 2246 2255 2247
f 2246 2254 2255
f 2254 2256 2260
f 2254 2260 2255
f 2256 2257 2259
f 2256 2259 2260
f 2257 2258 2259
f 2246 2247 3200
f 2246 3200 2254
f 2254 3208 2256
f 2256 3210 2257
f 2257 3211 2258
f 2258 3212 2259
f 2259 3214 2260
f 2247 3201 3200
f 2254 3200 3208
f 2256 3208 3210
f 2257 3210 3211
f 2258 3211 3212
f 2259 3213 3214
f 2259 3212 3213
f 3200 3201 3208
f 3201 3209 3208
f 3208 3209 3210
f 3209 3213 3210
f 3209 3214 3213
f 3210 3213 3211
f 3211 3213 3212
f 2261 2264 2262
f 2261 2263 2264
f 2263 2269 2264
f 2263 2265 2269
f 2265 2268 2270
f 2265 2270 2269
f 2268 2271 2270
f 2269 2270 2275
f 2261 2262 3215
f 2261 3215 2263
f 2263 3217 2265
f 2265 3219 2268
f 2268 3222 2271
f 2270 2271 3225
f 2270 3247 2275
f 2262 3216 3215
f 2263 3215 3217
f 2265 3217 3219
f 2268 3219 3222
f 2271 3222 3225
f 2270 3225 3224
f 2270 3224 3247
f 3215 3216 3217
f 3216 3218 3217
f 3217 3218 3219
f 3218 3224 3219
f 3218 3223 3224
f 3219 3224 3222
f 3222 3224 3225
f 3223 3247 3224
f 2276 2277 2278
f 2276 2282 2277
f 2276 2279 2282
f 2279 2280 2282
f 2280 2281 2285
f 2280 2283 2282
f 2280 2285 2283
f 2281 2284 2285
f 2276 2278 3248
f 2276 3248 2279
f 2279 3251 2280
f 2280 3252 2281
f 2281 3253 2284
f 2283 2285 3255
f 2284 3256 2285
f 2278 3250 3248
f 2279 3248 3251
f 2280 3251 3252
f 2281 3252 3253
f 2284 3253 3256
f 2285 3257 3255
f 2285 3256 3257
f 3248 3250 3249
f 3248 3249 3251
f 3249 3252 3251
f 3249 3254 3252
f 3252 3257 3253
f 3252 3254 3257
f 3254 3255 3257
f 3253 3257 3256
f 2323 2328 2324
f 2323 2325 2328
f 2325 2326 2330
f 2325 2330 2328
f 2326 2327 2329
f 2327 2331 2329
f 2326 2329 2330
f 2323 3275 2325
f 2323 2324 3275
f 2325 3277 2326
f 2326 3278 2327
f 2327 3279 2331
f 2329 2331 3283
f 2329 3282 2330
f 2325 3275 3277
f 2324 3276 3275
f 2326 3277 3278
f 2327 3278 3279
f 2331 3279 3283
f 2329 3283 3281
f 2329 3281 3282
f 3275 3276 3277
f 3276 3280 3277
f 3277 3280 3278
f 3278 3280 3281
f 3278 3281 3279
f 3279 3281 3283
f 3280 3282 3281
f 2336 2339 2337
f 2336 2338 2339
f 2338 2343 2339
f 2338 2340 2343
f 2340 2341 2344
f 2340 2344 2343
f 2341 2342 2344
f 2336 2337 3288
f 2336 3288 2338
f 2338 3290 2340
f 2340 3292 2341
f 2341 3293 2342
f 2342 3294 2344
f 2343 2344 3295
f 2337 3289 3288
f 2338 3288 3290
f 2340 3290 3292
f 2341 3292 3293
f 2342 3293 3294
f 2344 3294 3296
f 2344 3296 3295
f 3288 3289 3290
f 3289 3291 3290
f 3290 3291 3292
f 3291 3296 3292
f 3292 3296 3293
f 3291 3295 3296
f 3293 3296 3294
f 2349 2350 2351
f 2350 2352 2351
f 2351 2352 2354
f 2352 2353 2354
f 2353 2355 2357
f 2353 2357 2354
f 2355 2356 2357
f 2349 3302 2350
f 2350 3302 2352
f 2352 3304 2353
f 2353 3305 2355
f 2354 2357 3306
f 2355 3307 2356
f 2356 3308 2357
f 2349 3301 3302
f 2352 3302 3304
f 2353 3304 3305
f 2355 3305 3307
f 2357 3309 3306
f 2356 3307 3308
f 2357 3308 3309
f 3301 3304 3302
f 3301 3303 3304
f 3303 3305 3304
f 3303 3309 3305
f 3305 3309 3307
f 3303 3306 3309
f 3307 3309 3308
f 2381 2383 2382
f 2381 2384 2388
f 2381 2388 2383
f 2384 2385 2388
f 2385 2386 2390
f 2385 2390 2388
f 2386 2387 2390
f 2388 2390 2389
f 2381 2382 3353
f 2381 3353 2384
f 2384 3356 2385
f 2385 3357 2386
f 2386 3358 2387
f 2389 2390 3361
f 2387 3359 2390
f 2382 3354 3353
f 2384 3353 3356
f 2385 3356 3357
f 2386 3357 3358
f 2387 3358 3359
f 2390 3362 3361
f 2390 3359 3362
f 3353 3354 3355
f 3353 3355 3356
f 3355 3357 3356
f 3355 3362 3357
f 3355 3360 3362
f 3357 3362 3358
f 3358 3362 3359
f 3360 3361 3362
f 2391 2413 2414
f 2413 2417 2414
f 2413 2415 2417
f 2415 2416 2417
f 2416 2421 2417
f 2416 2420 2421
f 2416 2418 2420
f 2418 2419 2420
f 2391 3367 2413
f 2413 3367 2415
f 2415 3369 2416
f 2416 3370 2418
f 2418 3372 2419
f 2419 3373 2420
f 2420 3375 2421
f 2391 3363 3367
f 2415 3367 3369
f 2416 3369 3370
f 2418 3370 3372
f 2419 3372 3373
f 2420 3373 3374
f 2420 3374 3375
f 3363 3368 3367
f 3367 3368 3369
f 3368 3370 3369
f 3368 3371 3370
f 3370 3371 3374
f 3370 3374 3372
f 3372 3374 3373
f 3371 3375 3374
f 2425 2426 2428
f 2422 2425 2428
f 2426 2427 2432
f 2426 2432 2428
f 2427 2429 2431
f 2427 2431 2432
f 2429 2430 2431
f 2422 3379 2425
f 2425 3379 2426
f 2426 3380 2427
f 2427 3381 2429
f 2429 3383 2430
f 2430 3384 2431
f 2431 3386 2432
f 2422 3376 3379
f 2426 3379 3380
f 2427 3380 3381
f 2429 3381 3383
f 2430 3383 3384
f 2431 3384 3385
f 2431 3385 3386
f 3376 3380 3379
f 3376 3382 3380
f 3380 3382 3381
f 3381 3382 3385
f 3382 3386 3385
f 3381 3385 3383
f 3383 3385 3384
f 2439 2440 2444
f 2440 2441 2444
f 2441 2442 2446
f 2441 2446 2444
f 2442 2443 2447
f 2442 2447 2446
f 2443 2445 2447
f 2439 3394 2440
f 2440 3394 2441
f 2441 3395 2442
f 2442 3396 2443
f 2443 3397 2445
f 2446 2447 3400
f 2445 3399 2447
f 2439 3393 3394
f 2441 3394 3395
f 2442 3395 3396
f 2443 3396 3397
f 2445 3397 3399
f 2447 3401 3400
f 2447 3399 3401
f 3393 3395 3394
f 3393 3398 3395
f 3395 3398 3396
f 3396 3398 3401
f 3398 3400 3401
f 3396 3401 3397
f 3397 3401 3399
f 2449 2451 2450
f 2448 2449 2450
f 2450 2451 2453
f 2451 2452 2453
f 2452 2454 2456
f 2452 2456 2453
f 2454 2455 2456
f 2448 3403 2449
f 2449 3403 2451
f 2451 3405 2452
f 2452 3406 2454
f 2453 2456 3407
f 2454 3408 2455
f 2455 3409 2456
f 2448 3402 3403
f 2451 3403 3405
f 2452 3405 3406
f 2454 3406 3408
f 2455 3408 3409
f 2456 3409 3410
f 2456 3410 3407
f 3402 3405 3403
f 3402 3404 3405
f 3404 3406 3405
f 3404 3410 3406
f 3406 3410 3408
f 3404 3407 3410
f 3408 3410 3409
f 2585 2587 2586
f 2584 2587 2585
f 2584 2613 2587
f 2584 2588 2613
f 2588 2589 2613
f 2589 2590 2614
f 2589 2614 2613
f 2590 2591 2614
f 2584 2585 3536
f 2585 2586 3536
f 2584 3535 2588
f 2588 3539 2589
f 2589 3540 2590
f 2590 3541 2591
f 2591 3568 2614
f 2584 3536 3535
f 2586 3537 3536
f 2588 3535 3539
f 2589 3539 3540
f 2590 3540 3541
f 2591 3541 3542
f 2591 3542 3568
f 3535 3536 3537
f 3535 3537 3538
f 3535 3538 3539
f 3538 3540 3539
f 3538 3567 3540
f 3540 3567 3541
f 3541 3567 3542
f 3542 3567 3568
f 2616 2618 2617
f 2615 2617 2618
f 2616 2622 2618
f 2616 2619 2622
f 2619 2620 2622
f 2620 2621 2624
f 2620 2624 2622
f 2621 2623 2624
f 2615 3571 2617
f 2616 2617 3571
f 2616 3570 2619
f 2619 3573 2620
f 2620 3574 2621
f 2621 3575 2623
f 2623 3578 2624
f 2615 3569 3571
f 2616 3571 3570
f 2619 3570 3573
f 2620 3573 3574
f 2621 3574 3575
f 2623 3575 3577
f 2623 3577 3578
f 3569 3572 3570
f 3569 3570 3571
f 3570 3572 3573
f 3572 3574 3573
f 3572 3576 3574
f 3574 3576 3575
f 3575 3576 3577
f 3576 3578 3577
f 2626 2631 2627
f 2625 2631 2626
f 2625 2628 2631
f 2628 2629 2633
f 2629 2630 2633
f 2628 2633 2631
f 2630 2632 2633
f 2625 2626 3580
f 2626 2627 3580
f 2625 3579 2628
f 2628 3582 2629
f 2629 3583 2630
f 2630 3584 2632
f 2632 3587 2633
f 2625 3580 3579
f 2627 3581 3580
f 2628 3579 3582
f 2629 3582 3583
f 2630 3583 3584
f 2632 3584 3586
f 2632 3586 3587
f 3579 3581 3582
f 3579 3580 3581
f 3581 3585 3582
f 3582 3585 3583
f 3583 3585 3584
f 3584 3585 3586
f 3585 3587 3586
f 2634 2640 2635
f 2634 2636 2640
f 2636 2637 2640
f 2637 2638 2641
f 2638 2639 2641
f 2637 2641 2640
f 2639 2673 2641
f 2634 2635 3588
f 2634 3588 2636
f 2636 3590 2637
f 2637 3591 2638
f 2638 3592 2639
f 2639 3593 2673
f 2641 2673 3595
f 2636 3588 3590
f 2635 3589 3588
f 2637 3590 3591
f 2638 3591 3592
f 2639 3592 3593
f 2673 3593 3615
f 2673 3615 3595
f 3588 3589 3590
f 3589 3591 3590
f 3589 3594 3591
f 3591 3594 3592
f 3592 3594 3593
f 3593 3594 3615
f 3594 3595 3615
f 2674 2677 2675
f 2676 2678 2677
f 2674 2676 2677
f 2677 2678 2685
f 2678 2682 2685
f 2682 2683 2685
f 2683 2684 2685
f 2674 3616 2676
f 2674 2675 3616
f 2676 3618 2678
f 2678 3620 2682
f 2682 3624 2683
f 2683 3625 2684
f 2684 3627 2685
f 2675 3617 3616
f 2676 3616 3618
f 2678 3618 3620
f 2682 3620 3624
f 2683 3624 3625
f 2684 3625 3626
f 2684 3626 3627
f 3616 3617 3618
f 3617 3620 3618
f 3617 3619 3620
f 3619 3624 3620
f 3619 3625 3624
f 3619 3626 3625
f 3619 3627 3626
f 2687 2689 2688
f 2686 2689 2687
f 2686 2700 2689
f 2686 2696 2700
f 2696 2697 2700
f 2697 2698 2700
f 2698 2699 2700
f 2699 2701 2700
f 2686 2687 3629
f 2687 2688 3629
f 2686 3628 2696
f 2696 3638 2697
f 2697 3639 2698
f 2698 3640 2699
f 2699 3643 2701
f 2686 3629 3628
f 2688 3630 3629
f 2696 3628 3638
f 2697 3638 3639
f 2698 3639 3640
f 2699 3640 3641
f 2699 3641 3643
f 3628 3629 3630
f 3628 3630 3631
f 3628 3631 3638
f 3631 3639 3638
f 3631 3640 3639
f 3631 3641 3640
f 3631 3642 3641
f 3641 3642 3643
f 2702 2708 2704
f 2702 2705 2708
f 2703 2704 2708
f 2705 2706 2708
f 2706 2707 2708
f 2707 2710 2708
f 2707 2709 2710
f 2709 2711 2710
f 2702 3644 2705
f 2702 2704 3644
f 2705 3647 2706
f 2706 3648 2707
f 2707 3649 2709
f 2709 3651 2711
f 2710 2711 3652
f 2704 3646 3644
f 2705 3644 3647
f 2706 3647 3648
f 2707 3648 3649
f 2709 3649 3651
f 2711 3651 3653
f 2711 3653 3652
f 3644 3645 3647
f 3644 3646 3645
f 3645 3648 3647
f 3645 3649 3648
f 3645 3650 3649
f 3649 3650 3651
f 3650 3653 3651
f 3650 3652 3653
f 2742 2743 2747
f 2743 2744 2747
f 2741 2747 2746
f 2741 2742 2747
f 2744 2749 2747
f 2744 2745 2749
f 2745 2748 2749
f 2741 3685 2742
f 2742 3686 2743
f 2743 3687 2744
f 2744 3688 2745
f 2741 2746 3685
f 2745 3689 2748
f 2748 3693 2749
f 2742 3685 3686
f 2743 3686 3687
f 2744 3687 3688
f 2745 3688 3689
f 2746 3690 3685
f 2748 3689 3692
f 2748 3692 3693
f 3685 3690 3686
f 3686 3690 3687
f 3687 3690 3688
f 3688 3690 3691
f 3688 3691 3689
f 3689 3691 3692
f 3691 3693 3692
f 2750 2753 2755
f 2751 2755 2752
f 2750 2755 2751
f 2753 2754 2762
f 2753 2762 2755
f 2754 2756 2762
f 2756 2761 2762
f 2750 2751 3695
f 2750 3694 2753
f 2751 2752 3695
f 2753 3697 2754
f 2754 3698 2756
f 2756 3700 2761
f 2761 3706 2762
f 2750 3695 3694
f 2753 3694 3697
f 2752 3696 3695
f 2754 3697 3698
f 2756 3698 3700
f 2761 3700 3705
f 2761 3705 3706
f 3694 3696 3697
f 3694 3695 3696
f 3696 3699 3697
f 3697 3699 3698
f 3698 3699 3700
f 3699 3705 3700
f 3699 3706 3705
f 2763 2764 2767
f 2763 2767 2766
f 2764 2765 2773
f 2765 2771 2773
f 2764 2773 2767
f 2771 2772 2773
f 2772 2774 2773
f 2763 3707 2764
f 2764 3708 2765
f 2763 2766 3707
f 2765 3709 2771
f 2771 3715 2772
f 2772 3716 2774
f 2773 2774 3717
f 2764 3707 3708
f 2765 3708 3709
f 2766 3710 3707
f 2771 3709 3715
f 2772 3715 3716
f 2774 3718 3717
f 2774 3716 3718
f 3707 3710 3708
f 3708 3711 3709
f 3708 3710 3711
f 3709 3711 3715
f 3711 3716 3715
f 3711 3718 3716
f 3711 3717 3718
f 2775 2802 2804
f 2801 2804 2802
f 2801 2808 2804
f 2801 2803 2808
f 2803 2805 2808
f 2805 2806 2808
f 2806 2807 2808
f 2807 2809 2808
f 2801 2802 3746
f 2775 3746 2802
f 2801 3745 2803
f 2803 3747 2805
f 2805 3749 2806
f 2806 3750 2807
f 2807 3753 2809
f 2775 3719 3746
f 2801 3746 3745
f 2803 3745 3747
f 2805 3747 3749
f 2806 3749 3750
f 2807 3750 3751
f 2807 3751 3753
f 3719 3748 3746
f 3745 3746 3748
f 3745 3748 3747
f 3747 3748 3749
f 3748 3750 3749
f 3748 3752 3750
f 3750 3752 3751
f 3751 3752 3753
f 2814 2815 2820
f 2814 2820 2816
f 2813 2816 2820
f 2813 2820 2817
f 2815 2818 2820
f 2818 2822 2820
f 2818 2819 2822
f 2819 2821 2822
f 2814 2816 3760
f 2814 3758 2815
f 2813 3760 2816
f 2815 3759 2818
f 2818 3762 2819
f 2819 3763 2821
f 2821 3766 2822
f 2813 3757 3760
f 2814 3760 3758
f 2815 3758 3759
f 2818 3759 3762
f 2819 3762 3763
f 2821 3763 3765
f 2821 3765 3766
f 3758 3761 3759
f 3759 3761 3762
f 3758 3760 3761
f 3757 3761 3760
f 3761 3764 3762
f 3762 3764 3763
f 3763 3764 3765
f 3764 3766 3765
f 2827 2829 2832
f 2829 2830 2832
f 2828 2832 2830
f 2828 2831 2832
f 2831 2833 2835
f 2831 2835 2832
f 2833 2834 2835
f 2828 2830 3775
f 2829 3774 2830
f 2827 3774 2829
f 2828 3773 2831
f 2831 3776 2833
f 2833 3778 2834
f 2834 3780 2835
f 2828 3775 3773
f 2830 3774 3775
f 2827 3772 3774
f 2831 3773 3776
f 2833 3776 3778
f 2834 3778 3779
f 2834 3779 3780
f 3772 3775 3774
f 3772 3773 3775
f 3772 3776 3773
f 3772 3777 3776
f 3776 3777 3778
f 3777 3779 3778
f 3777 3780 3779
f 2838 2839 5824
f 2840 5823 5824
f 2839 2840 5824
f 2839 3784 2840
f 2838 3784 2839
f 2840 3785 5823
f 2840 3784 3785
f 2838 3783 3784
f 3785 6779 5823
f 3783 6779 3785
f 3783 3785 3784
f 3783 6780 6779
f 5823 5827 5824
f 5823 5825 5827
f 5825 5826 5827
f 5823 6779 5825
f 5825 6781 5826
f 5826 6783 5827
f 5825 6779 6781
f 5826 6781 6782
f 5826 6782 6783
f 6779 6780 6781
f 6780 6782 6781
f 6780 6783 6782
f 5831 5834 5835
f 5832 5835 5833
f 5831 5835 5832
f 5834 5836 5839
f 5834 5839 5835
f 5836 5837 5839
f 5837 5838 5839
f 5834 6790 5836
f 5831 6787 5834
f 5831 5832 6788
f 5832 5833 6788
f 5836 6792 5837
f 5837 6793 5838
f 5838 6795 5839
f 5836 6790 6792
f 5834 6787 6790
f 5831 6788 6787
f 5833 6789 6788
f 5837 6792 6793
f 5838 6793 6794
f 5838 6794 6795
f 6787 6789 6790
f 6787 6788 6789
f 6789 6791 6790
f 6790 6791 6792
f 6791 6793 6792
f 6791 6794 6793
f 6791 6795 6794
f 5845 5848 5846
f 5846 5848 5847
f 5844 5852 5845
f 5845 5852 5848
f 5844 5849 5852
f 5849 5850 5852
f 5850 5851 5852
f 5851 5853 5852
f 5844 5845 6802
f 5844 6801 5849
f 5845 5846 6803
f 5846 5847 6803
f 5849 6806 5850
f 5850 6807 5851
f 5851 6810 5853
f 5844 6802 6801
f 5849 6801 6806
f 5845 6803 6802
f 5847 6804 6803
f 5850 6806 6807
f 5851 6807 6808
f 5851 6808 6810
f 6801 6805 6806
f 6802 6804 6805
f 6802 6803 6804
f 6801 6802 6805
f 6805 6807 6806
f 6805 6808 6807
f 6805 6810 6808
f 6805 6809 6810
f 5856 5859 5858
f 5856 5864 5859
f 5856 5857 5864
f 5858 5859 5860
f 5857 5861 5864
f 5861 5862 5864
f 5862 5863 5895
f 5862 5895 5864
f 5856 6813 5857
f 5856 5858 6815
f 5857 6814 5861
f 5858 5860 6815
f 5861 6818 5862
f 5862 6819 5863
f 5863 6853 5895
f 5857 6813 6814
f 5856 6815 6813
f 5861 6814 6818
f 5860 6817 6815
f 5862 6818 6819
f 5863 6819 6820
f 5863 6820 6853
f 6813 6815 6816
f 6813 6816 6814
f 6814 6816 6818
f 6816 6819 6818
f 6815 6817 6816
f 6816 6821 6819
f 6819 6821 6820
f 6820 6821 6853
f 5896 5897 5903
f 5897 5900 5903
f 5896 5903 5898
f 5898 5903 5899
f 5900 5901 5903
f 5901 5902 5904
f 5901 5904 5903
f 5896 6854 5897
f 5897 6855 5900
f 5896 5898 6856
f 5898 5899 6856
f 5900 6858 5901
f 5901 6859 5902
f 5902 6862 5904
f 5897 6854 6855
f 5900 6855 6858
f 5896 6856 6854
f 5899 6857 6856
f 5901 6858 6859
f 5902 6859 6860
f 5902 6860 6862
f 6855 6857 6858
f 6854 6857 6855
f 6854 6856 6857
f 6857 6861 6858
f 6858 6861 6859
f 6859 6861 6860
f 6860 6861 6862
f 5914 5915 5917
f 5905 5916 5917
f 5905 5917 5906
f 5914 5917 5916
f 5915 5918 5920
f 5915 5920 5917
f 5918 5919 5920
f 5905 6863 5916
f 5905 5906 6863
f 5914 5916 6873
f 5914 6871 5915
f 5915 6872 5918
f 5918 6875 5919
f 5919 6877 5920
f 5906 6864 6863
f 5914 6873 6871
f 5915 6871 6872
f 5916 6863 6873
f 5918 6872 6875
f 5919 6875 6876
f 5919 6876 6877
f 6864 6872 6871
f 6864 6871 6873
f 6863 6864 6873
f 6864 6874 6872
f 6872 6874 6875
f 6874 6876 6875
f 6874 6877 6876
f 5922 5923 5929
f 5923 5924 5929
f 5924 5925 5929
f 5921 5928 5926
f 5921 5922 5928
f 5926 5928 5927
f 5922 5929 5928
f 5921 6878 5922
f 5922 6879 5923
f 5923 6880 5924
f 5924 6881 5925
f 5921 5926 6883
f 5926 5927 6883
f 5925 6886 5929
f 5922 6878 6879
f 5923 6879 6880
f 5924 6880 6881
f 5925 6881 6882
f 5921 6883 6878
f 5927 6884 6883
f 5925 6882 6886
f 6879 6885 6880
f 6880 6885 6881
f 6878 6883 6884
f 6878 6884 6879
f 6879 6884 6885
f 6881 6885 6882
f 6882 6885 6886
f 5972 5977 5973
f 5973 5977 5974
f 5975 5976 5980
f 5972 5975 5980
f 5972 5980 5977
f 5976 5978 5980
f 5978 5979 5980
f 5979 5981 5980
f 5972 6926 5975
f 5973 5974 6927
f 5972 5973 6927
f 5975 6929 5976
f 5976 6930 5978
f 5978 6932 5979
f 5979 6935 5981
f 5972 6927 6926
f 5974 6928 6927
f 5975 6926 6929
f 5976 6929 6930
f 5978 6930 6932
f 5979 6932 6933
f 5979 6933 6935
f 6926 6927 6928
f 6926 6928 6931
f 6926 6931 6929
f 6929 6931 6930
f 6930 6931 6932
f 6931 6933 6932
f 6931 6935 6933
f 6931 6934 6935
f 5983 5986 5987
f 5982 6004 5983
f 5982 5984 6004
f 5983 6004 5986
f 5984 5985 6004
f 5985 6001 6004
f 6001 6003 6004
f 6001 6002 6003
f 5982 6936 5984
f 5982 5983 6937
f 5983 5987 6937
f 5984 6938 5985
f 5985 6939 6001
f 6001 6955 6002
f 6002 6957 6003
f 5984 6936 6938
f 5982 6937 6936
f 5987 6941 6937
f 5985 6938 6939
f 6001 6939 6955
f 6002 6955 6956
f 6002 6956 6957
f 6936 6940 6938
f 6936 6937 6940
f 6937 6941 6940
f 6938 6940 6939
f 6939 6940 6955
f 6940 6958 6955
f 6955 6958 6956
f 6956 6958 6957
f 5991 5992 5997
f 5991 5997 6005
f 5992 5995 5997
f 5995 5996 5999
f 5995 5999 5997
f 5996 5998 5999
f 5997 6006 6005
f 5991 6005 6959
f 5991 6945 5992
f 5992 6946 5995
f 5995 6949 5996
f 5996 6950 5998
f 5998 6953 5999
f 6005 6006 6959
f 5991 6959 6945
f 5992 6945 6946
f 5995 6946 6949
f 5996 6949 6950
f 5998 6950 6952
f 5998 6952 6953
f 6006 6960 6959
f 6945 6960 6946
f 6946 6960 6949
f 6949 6960 6951
f 6949 6951 6950
f 6950 6951 6952
f 6951 6953 6952
f 6945 6959 6960
f 6053 6060 6054
f 6053 6055 6060
f 6055 6056 6058
f 6055 6058 6060
f 6056 6057 6058
f 6000 6054 6060
f 6000 6060 6059
f 6000 6059 6954
f 6053 6054 7022
f 6053 7021 6055
f 6055 7023 6056
f 6056 7024 6057
f 6057 7026 6058
f 6000 6954 6054
f 6053 7022 7021
f 6054 6954 7022
f 6055 7021 7023
f 6056 7023 7024
f 6057 7024 7025
f 6057 7025 7026
f 6059 7027 6954
f 7021 7022 7027
f 7021 7028 7023
f 7023 7028 7024
f 7024 7028 7025
f 7025 7028 7026
f 6954 7027 7022
f 7021 7027 7028
f 6061 6062 6069
f 6062 6063 6066
f 6062 6066 6069
f 6063 6064 6066
f 6064 6065 6066
f 6061 6069 6067
f 6067 6069 6068
f 6061 7029 6062
f 6062 7030 6063
f 6063 7031 6064
f 6064 7032 6065
f 6065 7034 6066
f 6061 6067 7035
f 6067 6068 7035
f 6062 7029 7030
f 6061 7035 7029
f 6063 7030 7031
f 6064 7031 7032
f 6065 7032 7033
f 6065 7033 7034
f 6068 7036 7035
f 7029 7036 7030
f 7030 7037 7031
f 7031 7037 7032
f 7032 7037 7033
f 7033 7037 7034
f 7029 7035 7036
f 7030 7036 7037
f 6070 6074 6072
f 6070 6071 6078
f 6070 6078 6074
f 6072 6074 6073
f 6071 6075 6078
f 6075 6076 6078
f 6076 6079 6078
f 6076 6077 6079
f 6070 7038 6071
f 6070 6072 7040
f 6071 7039 6075
f 6072 6073 7040
f 6075 7043 6076
f 6076 7044 6077
f 6077 7047 6079
f 6071 7038 7039
f 6070 7040 7038
f 6075 7039 7043
f 6073 7041 7040
f 6076 7043 7044
f 6077 7044 7045
f 6077 7045 7047
f 7038 7042 7039
f 7039 7042 7043
f 7038 7040 7041
f 7038 7041 7042
f 7042 7044 7043
f 7042 7046 7044
f 7044 7046 7045
f 7045 7046 7047
f 6035 6080 6036
f 6036 6080 6081
f 6037 6038 6040
f 6038 6039 6040
f 6035 6037 6040
f 6035 6040 6080
f 6039 6042 6040
f 6039 6041 6042
f 6035 7000 6037
f 6035 6036 7001
f 6036 6081 7001
f 6037 7002 6038
f 6038 7003 6039
f 6039 7004 6041
f 6041 7007 6042
f 6037 7000 7002
f 6035 7001 7000
f 6038 7002 7003
f 6039 7003 7004
f 6041 7006 7007
f 6041 7004 7006
f 6081 7049 7001
f 7000 7048 7002
f 7000 7001 7049
f 7000 7049 7048
f 7002 7048 7003
f 7003 7048 7004
f 7004 7048 7005
f 7004 7005 7006
f 7005 7007 7006
f 6532 6534 6533
f 6535 6536 6539
f 6532 6535 6539
f 6532 6539 6534
f 6534 6539 6537
f 6536 6538 6540
f 6536 6540 6539
f 6532 6533 7476
f 6533 6534 7477
f 6534 6537 7477
f 6532 7475 6535
f 6535 7478 6536
f 6536 7479 6538
f 6538 7483 6540
f 6532 7476 7475
f 6533 7477 7476
f 6535 7475 7478
f 6536 7478 7479
f 6537 7480 7477
f 6538 7479 7481
f 6538 7481 7483
f 7475 7476 7477
f 7475 7477 7480
f 7475 7480 7478
f 7478 7480 7479
f 7479 7480 7482
f 7479 7482 7481
f 7481 7482 7483
f 6541 6542 6549
f 6542 6543 6549
f 6543 6545 6549
f 6543 6544 6545
f 6541 6547 6546
f 6541 6549 6547
f 6547 6549 6548
f 6541 7484 6542
f 6542 7485 6543
f 6543 7486 6544
f 6544 7488 6545
f 6541 6546 7489
f 6546 6547 7490
f 6547 6548 7490
f 6542 7484 7485
f 6543 7485 7486
f 6544 7486 7487
f 6544 7487 7488
f 6541 7489 7484
f 6546 7490 7489
f 6548 7491 7490
f 7485 7492 7486
f 7486 7492 7487
f 7487 7492 7488
f 7484 7489 7490
f 7484 7491 7485
f 7484 7490 7491
f 7485 7491 7492
f 6553 6568 6554
f 6552 6555 6553
f 6553 6555 6568
f 6555 6569 6568
f 6552 6556 6562
f 6556 6557 6562
f 6552 6562 6555
f 6552 6553 7496
f 6552 7495 6556
f 6553 6554 7497
f 6554 6568 7511
f 6556 7499 6557
f 6557 7505 6562
f 6568 6569 7511
f 6552 7496 7495
f 6553 7497 7496
f 6554 7511 7497
f 6556 7495 7499
f 6557 7499 7500
f 6557 7500 7505
f 6569 7512 7511
f 7495 7498 7499
f 7495 7496 7512
f 7496 7497 7511
f 7496 7511 7512
f 7495 7512 7498
f 7498 7500 7499
f 7498 7505 7500
f 6558 6559 6561
f 6559 6560 6561
f 6560 6573 6561
f 6563 6566 6564
f 6563 6565 6566
f 6558 6565 6563
f 6565 6567 6566
f 6558 6561 6565
f 6558 6563 7506
f 6558 7501 6559
f 6559 7502 6560
f 6560 7534 6573
f 6563 6564 7507
f 6564 6566 7509
f 6566 6567 7509
f 6558 7506 7501
f 6559 7501 7502
f 6560 7502 7503
f 6560 7503 7534
f 6563 7507 7506
f 6564 7509 7507
f 6567 7510 7509
f 7503 7504 7534
f 7506 7507 7509
f 7506 7509 7510
f 7501 7506 7510
f 7501 7508 7502
f 7501 7510 7508
f 7502 7508 7503
f 7503 7508 7504
f 6574 6575 6582
f 6574 6577 6576
f 6577 6578 6579
f 6574 6582 6577
f 6577 6582 6578
f 6575 6580 6582
f 6580 6581 6583
f 6580 6583 6582
f 6574 7535 6575
f 6575 7536 6580
f 6574 6576 7537
f 6576 6577 7538
f 6577 6579 7538
f 6580 7541 6581
f 6581 7544 6583
f 6574 7537 7535
f 6575 7535 7536
f 6580 7536 7541
f 6576 7538 7537
f 6579 7540 7538
f 6581 7541 7542
f 6581 7542 7544
f 7536 7539 7541
f 7535 7537 7538
f 7535 7539 7536
f 7535 7538 7539
f 7538 7540 7539
f 7541 7543 7542
f 7542 7543 7544
f 7539 7543 7541
f 6474 6476 6475
f 6474 6478 6480
f 6474 6480 6476
f 6477 6480 6478
f 6477 6481 6480
f 6477 6479 6481
f 6476 6480 6482
f 6474 6475 7417
f 6475 6476 7418
f 6474 7416 6478
f 6477 6478 7420
f 6477 7419 6479
f 6479 7423 6481
f 6476 6482 7418
f 6474 7417 7416
f 6475 7418 7417
f 6478 7416 7420
f 6477 7420 7419
f 6479 7419 7421
f 6479 7421 7423
f 6482 7424 7418
f 7416 7417 7418
f 7416 7424 7420
f 7419 7420 7424
f 7419 7424 7422
f 7419 7422 7421
f 7421 7422 7423
f 7416 7418 7424
f 6496 6499 6498
f 6496 6504 6499
f 6499 6504 6500
f 6497 6501 6504
f 6501 6503 6504
f 6501 6502 6503
f 6496 6497 6504
f 6496 7438 6497
f 6496 6498 7440
f 6498 6499 7441
f 6499 6500 7441
f 6497 7439 6501
f 6501 7443 6502
f 6502 7445 6503
f 6497 7438 7439
f 6496 7440 7438
f 6498 7441 7440
f 6500 7442 7441
f 6501 7439 7443
f 6502 7443 7444
f 6502 7444 7445
f 7438 7442 7439
f 7438 7440 7441
f 7438 7441 7442
f 7439 7446 7443
f 7443 7446 7444
f 7444 7446 7445
f 7439 7442 7446
f 6487 6493 6490
f 6489 6490 6491
f 6490 6493 6491
f 6487 6495 6493
f 6491 6493 6492
f 6487 6488 6495
f 6488 6494 6495
f 6487 7429 6488
f 6487 6490 7432
f 6489 7431 6490
f 6489 6491 7433
f 6491 6492 7433
f 6488 7430 6494
f 6494 7437 6495
f 6488 7429 7430
f 6487 7432 7429
f 6490 7431 7432
f 6489 7433 7431
f 6492 7434 7433
f 6494 7430 7436
f 6494 7436 7437
f 7431 7433 7432
f 7429 7432 7434
f 7429 7435 7430
f 7429 7434 7435
f 7432 7433 7434
f 7430 7435 7436
f 7435 7437 7436
f 6652 6653 6657
f 6652 6655 6654
f 6652 6657 6655
f 6655 6657 6656
f 6653 6658 6660
f 6653 6660 6657
f 6658 6659 6660
f 6659 6661 6660
f 6652 6654 7615
f 6652 7613 6653
f 6653 7614 6658
f 6654 6655 7616
f 6655 6656 7616
f 6658 7619 6659
f 6659 7622 6661
f 6652 7615 7613
f 6653 7613 7614
f 6654 7616 7615
f 6656 7617 7616
f 6658 7614 7619
f 6659 7619 7620
f 6659 7620 7622
f 7613 7617 7614
f 7613 7615 7616
f 7613 7616 7617
f 7614 7617 7618
f 7614 7618 7619
f 7618 7620 7619
f 7618 7622 7620
f 7618 7621 7622
f 6613 6615 6614
f 6615 6616 6662
f 6623 6624 6625
f 6613 6623 6625
f 6624 6627 6625
f 6624 6626 6627
f 6613 6625 6615
f 6615 6625 6616
f 6613 7556 6623
f 6613 6614 7557
f 6614 6615 7558
f 6615 6662 7558
f 6623 7566 6624
f 6624 7567 6626
f 6626 7570 6627
f 6623 7556 7566
f 6613 7557 7556
f 6614 7558 7557
f 6662 7623 7558
f 6624 7566 7567
f 6626 7567 7569
f 6626 7569 7570
f 7556 7557 7558
f 7556 7558 7559
f 7556 7559 7566
f 7558 7623 7559
f 7559 7567 7566
f 7559 7568 7567
f 7567 7568 7569
f 7568 7570 7569
f 6617 6619 6618
f 6617 6620 6622
f 6620 6621 6622
f 6621 6647 6648
f 6621 6648 6622
f 6617 6622 6619
f 6619 6622 6628
f 6617 7560 6620
f 6617 6618 7561
f 6618 6619 7562
f 6619 6628 7562
f 6620 7563 6621
f 6621 7564 6647
f 6647 7591 6648
f 6620 7560 7563
f 6617 7561 7560
f 6618 7562 7561
f 6628 7571 7562
f 6621 7563 7564
f 6647 7564 7590
f 6647 7590 7591
f 7560 7561 7562
f 7560 7571 7563
f 7560 7562 7571
f 7563 7571 7564
f 7564 7565 7590
f 7565 7591 7590
f 7564 7571 7565
f 6629 6637 6630
f 6630 6632 6631
f 6630 6637 6632
f 6632 6637 6633
f 6629 6634 6637
f 6634 6636 6637
f 6634 6635 6636
f 6630 6631 7574
f 6629 6630 7573
f 6631 6632 7575
f 6632 6633 7575
f 6629 7572 6634
f 6634 7577 6635
f 6635 7579 6636
f 6630 7574 7573
f 6629 7573 7572
f 6631 7575 7574
f 6633 7576 7575
f 6634 7572 7577
f 6635 7578 7579
f 6635 7577 7578
f 7572 7573 7576
f 7573 7574 7575
f 7573 7575 7576
f 7572 7580 7577
f 7577 7580 7578
f 7578 7580 7579
f 7572 7576 7580
f 6638 6639 6646
f 6639 6640 6646
f 6641 6643 6642
f 6641 6644 6643
f 6638 6644 6641
f 6643 6644 6645
f 6638 6646 6644
f 6638 7581 6639
f 6639 7582 6640
f 6638 6641 7584
f 6641 6642 7585
f 6642 6643 7586
f 6643 6645 7586
f 6640 7589 6646
f 6639 7581 7582
f 6640 7582 7583
f 6640 7583 7589
f 6641 7585 7584
f 6638 7584 7581
f 6642 7586 7585
f 6645 7588 7586
f 7584 7585 7586
f 7581 7584 7588
f 7581 7587 7582
f 7581 7588 7587
f 7584 7586 7588
f 7582 7587 7583
f 7583 7587 7589
f 6281 6282 6389
f 6282 6390 6389
f 6283 6285 6284
f 6283 6286 6285
f 6281 6286 6283
f 6281 6288 6286
f 6281 6389 6288
f 6286 6288 6287
f 6281 6283 7244
f 6281 7242 6282
f 6283 6284 7245
f 6284 6285 7246
f 6285 6286 7247
f 6286 6287 7247
f 6282 7354 6390
f 6281 7244 7242
f 6282 7242 7243
f 6282 7243 7354
f 6283 7245 7244
f 6284 7246 7245
f 6285 7247 7246
f 6287 7248 7247
f 7243 7353 7354
f 7244 7245 7246
f 7244 7246 7247
f 7242 7244 7247
f 7242 7249 7243
f 7242 7248 7249
f 7242 7247 7248
f 7243 7249 7353
f 6379 6380 6383
f 6380 6386 6387
f 6380 6387 6384
f 6379 6382 6381
f 6379 6383 6382
f 6380 6384 6383
f 6383 6384 6385
f 6386 6388 6387
f 6379 7343 6380
f 6379 6381 7345
f 6380 7344 6386
f 6381 6382 7346
f 6382 6383 7347
f 6383 6385 7347
f 6386 7352 6388
f 6380 7343 7344
f 6379 7345 7343
f 6386 7344 7350
f 6381 7346 7345
f 6382 7347 7346
f 6385 7349 7347
f 6386 7350 7352
f 7343 7347 7344
f 7344 7348 7350
f 7348 7351 7350
f 7343 7345 7346
f 7343 7346 7347
f 7344 7347 7348
f 7347 7349 7348
f 7350 7351 7352
f 6363 6365 6364
f 6363 6366 6365
f 6362 6366 6363
f 6362 6378 6366
f 6366 6378 6367
f 6362 6376 6378
f 6376 6377 6378
f 6362 6363 7327
f 6362 7326 6376
f 6363 6364 7328
f 6364 6365 7329
f 6365 6366 7330
f 6366 6367 7330
f 6376 7341 6377
f 6362 7327 7326
f 6363 7328 7327
f 6364 7329 7328
f 6365 7330 7329
f 6367 7331 7330
f 6376 7326 7340
f 6376 7340 7341
f 7327 7328 7329
f 7327 7329 7330
f 7326 7327 7330
f 7326 7331 7340
f 7326 7330 7331
f 7340 7342 7341
f 7331 7342 7340
f 6368 6371 6369
f 6368 6370 6372
f 6370 6374 6372
f 6368 6372 6371
f 6372 6374 6373
f 6329 6374 6370
f 6329 6375 6374
f 6368 7332 6370
f 6368 6369 7333
f 6329 6370 7334
f 6369 6371 7335
f 6371 6372 7336
f 6372 6373 7336
f 6329 7339 6375
f 6329 7281 7339
f 6368 7333 7332
f 6370 7332 7334
f 6369 7335 7333
f 6371 7336 7335
f 6373 7337 7336
f 6329 7334 7281
f 7332 7333 7335
f 7332 7336 7334
f 7334 7337 7338
f 7332 7335 7336
f 7334 7336 7337
f 7281 7334 7338
f 7281 7338 7339
f 6323 6351 6326
f 6322 6325 6324
f 6322 6323 6327
f 6322 6327 6325
f 6323 6326 6327
f 6326 6328 6327
f 6323 6350 6351
f 6322 7274 6323
f 6323 7275 6350
f 6322 6324 7276
f 6324 6325 7277
f 6325 6327 7279
f 6327 6328 7279
f 6350 7303 6351
f 6322 7276 7274
f 6323 7274 7275
f 6350 7275 7302
f 6324 7277 7276
f 6325 7279 7277
f 6328 7280 7279
f 6350 7302 7303
f 7275 7278 7302
f 7274 7276 7277
f 7274 7279 7275
f 7274 7277 7279
f 7275 7280 7278
f 7275 7279 7280
f 7278 7303 7302
f 6340 6346 6341
f 6340 6347 6346
f 6342 6343 6344
f 6343 6345 6344
f 6340 6342 6347
f 6342 6349 6347
f 6342 6344 6349
f 6347 6349 6348
f 6340 7292 6342
f 6340 6341 7293
f 6341 6346 7298
f 6342 7294 6343
f 6343 7297 6345
f 6346 6347 7299
f 6347 6348 7299
f 6340 7293 7292
f 6341 7298 7293
f 6342 7292 7294
f 6343 7294 7295
f 6343 7295 7297
f 6346 7299 7298
f 6348 7300 7299
f 7292 7293 7298
f 7292 7298 7299
f 7295 7296 7297
f 7292 7299 7294
f 7294 7301 7295
f 7294 7299 7300
f 7294 7300 7301
f 7295 7301 7296
f 6330 6331 6339
f 6331 6332 6339
f 6333 6335 6334
f 6330 6336 6333
f 6330 6339 6336
f 6333 6336 6335
f 6336 6339 6337
f 6336 6337 6338
f 6330 7282 6331
f 6331 7284 6332
f 6330 6333 7285
f 6333 6334 7286
f 6334 6335 7287
f 6335 6336 7288
f 6336 6338 7288
f 6330 7285 7282
f 6331 7282 7283
f 6331 7283 7284
f 6333 7286 7285
f 6334 7287 7286
f 6335 7288 7287
f 6338 7290 7288
f 7283 7291 7284
f 7285 7286 7287
f 7282 7289 7283
f 7282 7285 7288
f 7285 7287 7288
f 7282 7288 7289
f 7288 7290 7289
f 7283 7289 7291
f 6230 6231 6232
f 6229 6233 6231
f 6231 6233 6232
f 6229 6241 6243
f 6229 6243 6233
f 6241 6242 6243
f 6233 6243 6244
f 6230 7184 6231
f 6229 6231 7185
f 6230 6232 7186
f 6232 6233 7187
f 6229 7183 6241
f 6241 7196 6242
f 6233 6244 7187
f 6229 7185 7183
f 6231 7184 7185
f 6230 7186 7184
f 6232 7187 7186
f 6241 7183 7195
f 6241 7195 7196
f 6244 7198 7187
f 7184 7186 7185
f 7183 7185 7187
f 7185 7186 7187
f 7183 7198 7195
f 7195 7198 7197
f 7195 7197 7196
f 7183 7187 7198
f 6234 6236 6235
f 6234 6237 6239
f 6234 6239 6236
f 6225 6238 6237
f 6237 6238 6239
f 6225 6226 6238
f 6238 6240 6239
f 6225 7180 6226
f 6234 7188 6237
f 6234 6235 7189
f 6235 6236 7190
f 6236 6239 7193
f 6225 6237 7191
f 6239 6240 7193
f 6225 7191 7179
f 6225 7179 7180
f 6237 7188 7191
f 6234 7189 7188
f 6235 7190 7189
f 6236 7193 7190
f 6240 7194 7193
f 7188 7189 7190
f 7188 7193 7191
f 7188 7190 7193
f 7179 7191 7192
f 7191 7194 7192
f 7179 7192 7180
f 7191 7193 7194
f 6217 6224 6218
f 6217 6220 6221
f 6217 6221 6227
f 6218 6223 6222
f 6218 6224 6223
f 6217 6227 6224
f 6224 6227 6228
f 6218 6222 7176
f 6217 6218 7172
f 6217 7171 6220
f 6220 7175 6221
f 6222 6223 7177
f 6223 6224 7178
f 6224 6228 7178
f 6218 7176 7172
f 6217 7172 7171
f 6220 7174 7175
f 6220 7171 7174
f 6222 7177 7176
f 6223 7178 7177
f 6228 7182 7178
f 7171 7172 7178
f 7171 7181 7174
f 7174 7181 7175
f 7172 7176 7177
f 7172 7177 7178
f 7171 7182 7181
f 7171 7178 7182
f 6174 6175 6178
f 6175 6179 6180
f 6175 6180 6182
f 6174 6177 6176
f 6174 6178 6177
f 6175 6182 6178
f 6178 6182 6219
f 6179 6181 6180
f 6174 7126 6175
f 6174 6176 7128
f 6175 7127 6179
f 6176 6177 7129
f 6177 6178 7130
f 6178 6219 7130
f 6179 7133 6181
f 6175 7126 7127
f 6174 7128 7126
f 6179 7127 7131
f 6176 7129 7128
f 6177 7130 7129
f 6179 7131 7133
f 6219 7173 7130
f 7126 7130 7127
f 7127 7134 7131
f 7126 7128 7129
f 7126 7129 7130
f 7127 7130 7173
f 7127 7173 7134
f 7131 7132 7133
f 7131 7134 7132
f 6164 6165 6171
f 6165 6166 6168
f 6165 6168 6171
f 6166 6167 6168
f 6164 6170 6169
f 6164 6171 6170
f 6168 6172 6171
f 6171 6172 6173
f 6164 7116 6165
f 6164 6169 7121
f 6165 7117 6166
f 6166 7119 6167
f 6169 6170 7122
f 6170 6171 7123
f 6171 6173 7123
f 6165 7116 7117
f 6164 7121 7116
f 6166 7117 7118
f 6166 7118 7119
f 6169 7122 7121
f 6170 7123 7122
f 6173 7125 7123
f 7116 7123 7117
f 7117 7124 7118
f 7118 7120 7119
f 7118 7124 7120
f 7116 7121 7122
f 7116 7122 7123
f 7117 7123 7124
f 7123 7125 7124
f 6150 6152 6156
f 6151 6157 6152
f 6151 6153 6155
f 6153 6154 6155
f 6151 6155 6157
f 6152 6157 6156
f 6155 6158 6157
f 6150 7102 6152
f 6150 6156 7108
f 6151 6152 7104
f 6151 7103 6153
f 6153 7106 6154
f 6156 6157 7109
f 6157 6158 7109
f 6152 7102 7104
f 6150 7108 7102
f 6151 7104 7103
f 6153 7103 7105
f 6153 7105 7106
f 6156 7109 7108
f 6158 7110 7109
f 7102 7108 7104
f 7103 7104 7109
f 7105 7107 7106
f 7103 7110 7105
f 7105 7110 7107
f 7104 7108 7109
f 7103 7109 7110
f 4727 4728 6147
f 4726 6148 4728
f 4727 5688 4728
f 4727 6145 7097
f 4726 4728 5687
f 4728 5688 5689
f 4727 7097 5688
f 4728 5689 5687
f 5688 7099 5689
f 5687 5689 7100
f 4727 6146 6145
f 4727 6147 6146
f 4728 6148 6147
f 6147 6148 6149
f 6145 6146 7098
f 6146 6147 7099
f 6147 6149 7099
f 6145 7098 7097
f 6146 7099 7098
f 6149 7101 7099
f 5688 7097 7098
f 5688 7098 7099
f 5689 7099 7101
f 5689 7101 7100
f 544 231 400
f 259 630 247
f 251 245 219
f 251 257 245
f 252 232 230
f 253 230 231
f 254 219 232
f 255 541 233
f 261 233 249
f 252 254 232
f 544 253 231
f 253 252 230
f 251 219 254
f 562 541 255
f 261 255 233
f 256 246 244
f 257 244 245
f 258 247 246
f 260 250 248
f 256 244 257
f 256 258 246
f 259 247 258
f 262 250 260
f 855 260 248
f 262 249 250
f 261 249 262
f 544 562 253
f 253 255 252
f 253 562 255
f 252 255 254
f 251 254 261
f 254 255 261
f 251 262 257
f 256 257 262
f 256 260 258
f 259 258 855
f 258 260 855
f 256 262 260
f 251 261 262
f 542 401 397
f 543 400 399
f 545 399 401
f 543 399 545
f 543 544 400
f 545 401 542
f 547 397 405
f 548 405 406
f 549 406 407
f 546 408 402
f 550 409 408
f 551 536 409
f 548 547 405
f 542 397 547
f 548 406 549
f 546 550 408
f 551 409 550
f 552 407 467
f 553 467 471
f 554 471 533
f 549 407 552
f 552 467 553
f 553 471 554
f 555 533 534
f 2185 535 1966
f 556 534 535
f 554 533 555
f 555 534 556
f 556 535 2185
f 557 537 536
f 558 538 537
f 557 558 537
f 558 559 538
f 551 557 536
f 559 539 538
f 560 2032 539
f 559 560 539
f 560 2191 2032
f 562 540 541
f 561 402 540
f 562 561 540
f 546 402 561
f 543 561 544
f 545 542 546
f 543 545 546
f 543 546 561
f 542 547 550
f 548 551 547
f 548 549 551
f 549 557 551
f 542 550 546
f 547 551 550
f 553 554 559
f 554 555 559
f 555 556 560
f 556 2185 2191
f 549 552 557
f 552 558 557
f 552 553 558
f 553 559 558
f 555 560 559
f 556 2191 560
f 544 561 562
f 846 631 630
f 848 704 637
f 847 637 631
f 259 846 630
f 846 847 631
f 847 848 637
f 850 705 704
f 851 707 705
f 853 754 707
f 854 706 708
f 848 850 704
f 850 851 705
f 851 853 707
f 852 706 854
f 854 708 863
f 856 709 710
f 855 248 709
f 849 710 638
f 857 638 711
f 855 709 856
f 856 710 849
f 849 638 857
f 852 713 706
f 852 859 713
f 858 711 712
f 859 870 713
f 857 711 858
f 859 905 870
f 860 757 754
f 861 776 757
f 862 823 776
f 860 861 757
f 861 862 776
f 863 708 777
f 864 777 778
f 853 860 754
f 863 777 864
f 865 843 823
f 866 844 843
f 862 865 823
f 865 866 843
f 866 867 844
f 868 778 845
f 4095 845 3873
f 864 778 868
f 868 845 4095
f 846 856 847
f 847 856 849
f 847 849 848
f 850 852 851
f 848 849 852
f 848 852 850
f 851 854 853
f 853 854 863
f 851 852 854
f 259 855 846
f 846 855 856
f 849 859 852
f 849 857 859
f 857 858 859
f 858 905 859
f 862 864 865
f 853 863 860
f 860 863 861
f 861 863 864
f 861 864 862
f 865 868 866
f 868 867 866
f 864 868 865
f 868 4095 867
f 904 712 869
f 905 872 870
f 858 712 904
f 905 907 872
f 906 869 871
f 909 871 874
f 907 873 872
f 904 869 906
f 906 871 909
f 907 908 873
f 910 874 875
f 908 878 873
f 909 874 910
f 908 913 878
f 911 875 876
f 912 876 877
f 910 875 911
f 911 876 912
f 913 879 878
f 914 881 879
f 916 880 881
f 915 882 880
f 917 883 882
f 918 884 883
f 919 888 884
f 920 2482 885
f 922 885 887
f 921 887 886
f 926 886 891
f 913 914 879
f 914 916 881
f 916 915 880
f 917 918 883
f 917 882 915
f 918 919 884
f 920 885 922
f 921 886 926
f 922 887 921
f 923 889 888
f 924 890 889
f 925 898 890
f 927 891 892
f 928 892 893
f 929 893 894
f 930 894 895
f 931 895 896
f 932 896 897
f 933 899 898
f 934 900 899
f 935 901 900
f 936 902 901
f 937 903 902
f 938 2503 903
f 919 923 888
f 923 924 889
f 924 925 890
f 926 891 927
f 927 892 928
f 928 893 929
f 929 894 930
f 930 895 931
f 931 896 932
f 932 897 2540
f 925 933 898
f 933 934 899
f 934 935 900
f 935 936 901
f 936 937 902
f 937 938 903
f 938 2548 2503
f 858 904 905
f 905 904 907
f 904 906 907
f 906 909 908
f 906 908 907
f 908 909 913
f 909 910 913
f 910 911 913
f 913 911 914
f 911 912 916
f 911 916 914
f 916 922 915
f 912 920 916
f 912 2527 920
f 917 915 922
f 917 921 918
f 918 926 919
f 916 920 922
f 917 922 921
f 918 921 926
f 919 927 923
f 919 926 927
f 923 928 924
f 923 927 928
f 924 928 929
f 924 929 925
f 925 929 933
f 929 930 933
f 930 934 933
f 930 935 934
f 930 931 935
f 931 936 935
f 931 937 936
f 931 932 937
f 932 2540 938
f 932 938 937
f 2186 1966 1967
f 2187 1967 1968
f 2185 1966 2186
f 2186 1967 2187
f 2187 1968 2188
f 2188 1968 2024
f 2189 2024 2030
f 2190 2030 2031
f 2188 2024 2189
f 2189 2030 2190
f 2191 2033 2032
f 2192 2034 2033
f 2191 2192 2033
f 2192 2193 2034
f 2193 2035 2034
f 2194 2036 2035
f 2193 2194 2035
f 2190 2031 2196
f 2194 2195 2036
f 2196 2031 2140
f 2197 2140 2141
f 2198 2141 2143
f 2195 2144 2036
f 2199 2145 2144
f 2200 2182 2145
f 2196 2140 2197
f 2197 2141 2198
f 2198 2143 2201
f 2195 2199 2144
f 2199 2200 2145
f 2201 2143 2164
f 2202 2164 2179
f 2203 2179 2181
f 2201 2164 2202
f 2200 2204 2182
f 2202 2179 2203
f 2203 2181 2457
f 2204 2183 2182
f 2205 2184 2183
f 2204 2205 2183
f 2205 2206 2184
f 2185 2186 2191
f 2186 2187 2192
f 2187 2188 2193
f 2186 2192 2191
f 2187 2193 2192
f 2188 2189 2193
f 2189 2194 2193
f 2189 2190 2194
f 2190 2196 2195
f 2194 2190 2195
f 2196 2199 2195
f 2196 2197 2199
f 2197 2198 2199
f 2198 2200 2199
f 2198 2201 2200
f 2201 2202 2204
f 2201 2204 2200
f 2202 2203 2204
f 2204 2203 2205
f 2205 2203 2457
f 2205 2457 2206
f 2457 2181 2291
f 2458 2291 2292
f 2459 2292 2298
f 2206 2299 2184
f 2460 2362 2299
f 2461 2298 2300
f 2457 2291 2458
f 2458 2292 2459
f 2206 2460 2299
f 2459 2298 2461
f 2462 2300 2348
f 2461 2300 2462
f 2463 2375 2362
f 2460 2463 2362
f 2463 2466 2375
f 2464 2348 2368
f 2465 2368 2372
f 2466 2376 2375
f 2468 2372 2377
f 2462 2348 2464
f 2464 2368 2465
f 2466 2467 2376
f 2465 2372 2468
f 2468 2377 2848
f 2848 2377 2579
f 2457 2458 2206
f 2458 2460 2206
f 2458 2459 2460
f 2459 2461 2460
f 2460 2461 2463
f 2461 2462 2463
f 2462 2466 2463
f 2462 2464 2466
f 2464 2465 2466
f 2466 2465 2467
f 2467 2465 2468
f 2467 2468 2842
f 2514 877 2469
f 2515 2514 2469
f 912 877 2514
f 2515 2469 2470
f 2522 2470 2477
f 2516 2472 2471
f 2517 2473 2472
f 2515 2470 2522
f 2516 2517 2472
f 2517 2518 2473
f 2519 2478 2474
f 2520 2474 2475
f 2523 2478 2519
f 2519 2474 2520
f 2521 2475 2476
f 2841 2476 2559
f 2520 2475 2521
f 2521 2476 2841
f 2523 2477 2478
f 2525 2479 2480
f 2518 2480 2473
f 2522 2477 2523
f 2525 2524 2479
f 2518 2525 2480
f 2524 2481 2479
f 2526 2563 2481
f 2524 2526 2481
f 2526 2845 2563
f 2527 2485 2482
f 2528 2471 2483
f 2529 2483 2484
f 2536 2484 2491
f 2530 2486 2485
f 2531 2487 2486
f 2532 2488 2487
f 2533 2489 2488
f 2534 2490 2489
f 2528 2483 2529
f 2528 2516 2471
f 2529 2484 2536
f 920 2527 2482
f 2527 2530 2485
f 2530 2531 2486
f 2531 2532 2487
f 2532 2533 2488
f 2533 2534 2489
f 2534 2535 2490
f 2537 2491 2492
f 2538 2492 2493
f 2539 2493 2494
f 2536 2491 2537
f 2537 2492 2538
f 2538 2493 2539
f 2540 897 2495
f 2541 2495 2496
f 2542 2496 2497
f 2545 2497 2500
f 2535 2498 2490
f 2543 2499 2498
f 2547 2501 2502
f 2546 2500 2501
f 2544 2502 2499
f 2548 2504 2503
f 2549 2505 2504
f 2550 2506 2505
f 2551 2508 2506
f 2552 2512 2507
f 2553 2507 2508
f 2540 2495 2541
f 2541 2496 2542
f 2542 2497 2545
f 2535 2543 2498
f 2543 2544 2499
f 2546 2545 2500
f 2546 2501 2547
f 2544 2547 2502
f 2548 2549 2504
f 2549 2550 2505
f 2550 2551 2506
f 2551 2553 2508
f 2552 2507 2553
f 2554 2494 2509
f 2555 2509 2510
f 2558 2510 2513
f 2556 2513 2511
f 2557 2511 2512
f 2539 2494 2554
f 2554 2509 2555
f 2558 2555 2510
f 2557 2556 2511
f 2558 2513 2556
f 2552 2557 2512
f 912 2514 2528
f 2514 2516 2528
f 2515 2522 2518
f 2515 2517 2514
f 2514 2517 2516
f 2515 2518 2517
f 2522 2523 2525
f 2522 2525 2518
f 2523 2519 2525
f 2519 2520 2524
f 2519 2524 2525
f 2520 2521 2526
f 2520 2526 2524
f 2521 2841 2845
f 2521 2845 2526
f 912 2528 2530
f 912 2530 2527
f 2528 2531 2530
f 2528 2532 2531
f 2528 2529 2532
f 2529 2533 2532
f 2529 2536 2533
f 2533 2536 2534
f 2534 2536 2537
f 2534 2537 2535
f 2535 2537 2538
f 2535 2538 2539
f 2544 2558 2547
f 2540 2541 2548
f 2541 2542 2550
f 938 2540 2548
f 2541 2549 2548
f 2541 2550 2549
f 2542 2551 2550
f 2546 2553 2545
f 2542 2545 2551
f 2546 2547 2552
f 2546 2552 2553
f 2547 2557 2552
f 2545 2553 2551
f 2535 2539 2543
f 2539 2554 2543
f 2543 2555 2544
f 2543 2554 2555
f 2544 2555 2558
f 2547 2558 2556
f 2547 2556 2557
f 2843 2559 2561
f 2841 2559 2843
f 2467 2560 2376
f 2842 2562 2560
f 2844 2643 2562
f 2467 2842 2560
f 2842 2844 2562
f 2845 2564 2563
f 2845 2846 2564
f 2852 2561 2643
f 2846 2565 2564
f 2847 2646 2565
f 2843 2561 2852
f 2846 2847 2565
f 2849 2579 2581
f 2850 2581 2596
f 2851 2596 2599
f 2848 2579 2849
f 2849 2581 2850
f 2844 2852 2643
f 2850 2596 2851
f 2853 2599 2645
f 2854 2712 2646
f 2855 2645 2647
f 2856 2647 2648
f 2851 2599 2853
f 2853 2645 2855
f 2847 2854 2646
f 2855 2647 2856
f 2857 2713 2712
f 2858 2776 2713
f 2854 2857 2712
f 2857 2858 2713
f 2859 2648 2738
f 2860 2738 2757
f 2862 2757 2797
f 2856 2648 2859
f 2859 2738 2860
f 2860 2757 2862
f 2861 5794 2776
f 2858 2861 2776
f 2861 6082 5794
f 2863 2797 2798
f 2864 2798 2823
f 6084 2823 5818
f 2862 2797 2863
f 2863 2798 2864
f 2864 2823 6084
f 2468 2848 2842
f 2842 2848 2844
f 2841 2846 2845
f 2841 2843 2846
f 2843 2847 2846
f 2843 2852 2847
f 2848 2849 2844
f 2849 2850 2844
f 2844 2850 2852
f 2852 2850 2851
f 2852 2854 2847
f 2852 2851 2854
f 2851 2853 2854
f 2854 2853 2855
f 2854 2855 2857
f 2855 2856 2857
f 2856 2859 2857
f 2857 2859 2858
f 2859 2860 2858
f 2858 2860 2862
f 2858 2862 2861
f 2861 2864 6082
f 2862 2863 2861
f 2861 2863 2864
f 2864 6084 6082
f 867 3846 844
f 4092 3871 3846
f 4093 3872 3871
f 867 4092 3846
f 4092 4093 3871
f 4093 4094 3872
f 4095 3873 3874
f 4096 3874 3875
f 4095 3874 4096
f 4096 3875 4099
f 4094 3915 3872
f 4097 3934 3915
f 4098 4004 3934
f 4094 4097 3915
f 4097 4098 3934
f 4098 4101 4004
f 4099 3875 3938
f 4100 3938 3939
f 4099 3938 4100
f 4101 4005 4004
f 4102 4006 4005
f 4104 3939 4008
f 4103 4064 4006
f 4101 4102 4005
f 4100 3939 4104
f 4102 4103 4006
f 4103 4105 4064
f 4105 4068 4064
f 4107 4083 4068
f 4108 4085 4083
f 4105 4107 4068
f 4107 4108 4083
f 4108 4109 4085
f 4110 4008 4086
f 4110 4086 4111
f 4104 4008 4110
f 4111 4086 4087
f 4115 4088 4091
f 4111 4087 4178
f 4115 4112 4088
f 4106 4091 4067
f 4113 4067 4089
f 4114 4089 4090
f 4106 4067 4113
f 4106 4115 4091
f 4113 4089 4114
f 4114 4090 4439
f 867 4095 4092
f 4092 4096 4093
f 4093 4096 4094
f 4092 4095 4096
f 4096 4099 4094
f 4094 4099 4097
f 4097 4099 4098
f 4099 4100 4098
f 4098 4100 4101
f 4101 4100 4102
f 4100 4104 4102
f 4102 4104 4103
f 4103 4104 4105
f 4104 4106 4105
f 4105 4106 4107
f 4107 4106 4113
f 4107 4113 4108
f 4113 4109 4108
f 4104 4110 4106
f 4106 4110 4115
f 4110 4111 4115
f 4111 4112 4115
f 4111 4178 4112
f 4113 4114 4109
f 4152 4117 4116
f 4154 4122 4118
f 4153 4118 4117
f 4155 4120 4119
f 4156 4116 4120
f 4157 4119 4121
f 5752 4121 5710
f 4158 4123 4122
f 4159 4124 4123
f 4160 4125 4124
f 4162 4128 4126
f 4163 4126 4127
f 4164 4129 4128
f 4165 5716 4129
f 4166 4127 4130
f 4167 4130 4131
f 4152 4116 4156
f 4154 4158 4122
f 4152 4153 4117
f 4154 4118 4153
f 4155 4156 4120
f 4155 4119 4157
f 4157 4121 5752
f 4158 4159 4123
f 4159 4160 4124
f 4160 4161 4125
f 4162 4126 4163
f 4162 4164 4128
f 4165 4129 4164
f 4163 4127 4166
f 4166 4130 4167
f 4167 4131 4171
f 4176 4147 4140
f 4183 4147 4176
f 4161 4132 4125
f 4168 4133 4132
f 4169 4134 4133
f 4170 4139 4134
f 4171 4131 4135
f 4172 4135 4136
f 4173 4136 4137
f 4174 4137 4138
f 4175 4141 4139
f 4177 4140 4141
f 4161 4168 4132
f 4168 4169 4133
f 4169 4170 4134
f 4171 4135 4172
f 4172 4136 4173
f 4173 4137 4174
f 4174 4138 5774
f 4170 4175 4139
f 4175 4177 4141
f 4177 4176 4140
f 4178 4087 4142
f 4180 4142 4144
f 4112 4143 4088
f 4178 4142 4180
f 4112 4179 4143
f 4181 4144 4145
f 4179 4146 4143
f 4182 4149 4146
f 4180 4144 4181
f 4181 4145 4183
f 4179 4182 4146
f 4182 4185 4149
f 4183 4145 4147
f 4185 4148 4149
f 4185 4184 4148
f 4184 4151 4148
f 4187 4150 4151
f 4184 4187 4151
f 4186 4150 4187
f 4152 4162 4153
f 4154 4153 4162
f 4155 4157 4165
f 4157 5752 4165
f 4152 4156 4162
f 4155 4164 4156
f 4156 4164 4162
f 4155 4165 4164
f 4154 4162 4158
f 4158 4163 4159
f 4159 4163 4166
f 4159 4166 4160
f 4160 4166 4161
f 4166 4167 4161
f 4158 4162 4163
f 4161 4167 4168
f 4168 4171 4169
f 4169 4172 4170
f 4172 4175 4170
f 4168 4167 4171
f 4169 4171 4172
f 4172 4173 4175
f 4173 4174 4177
f 4177 4187 4176
f 4173 4177 4175
f 4177 4174 5774
f 4177 5774 4186
f 4178 4179 4112
f 4178 4180 4179
f 4180 4181 4182
f 4180 4182 4179
f 4181 4185 4182
f 4181 4183 4185
f 4183 4176 4184
f 4183 4184 4185
f 4176 4187 4184
f 4177 4186 4187
f 4109 4272 4085
f 4438 4276 4272
f 4439 4090 4273
f 4442 4273 4281
f 4440 4280 4276
f 4441 4318 4280
f 4109 4438 4272
f 4438 4440 4276
f 4439 4273 4442
f 4440 4441 4280
f 4441 4444 4318
f 4443 4281 4282
f 4442 4281 4443
f 4444 4349 4318
f 4444 4445 4349
f 4445 4351 4349
f 4446 4282 4350
f 4729 4350 4450
f 4447 4357 4351
f 4448 4358 4357
f 4443 4282 4446
f 4445 4447 4351
f 4446 4350 4729
f 4447 4448 4357
f 4448 4449 4358
f 4449 4466 4358
f 4109 4114 4438
f 4114 4439 4438
f 4438 4439 4440
f 4440 4439 4441
f 4439 4442 4441
f 4441 4442 4444
f 4442 4443 4444
f 4443 4445 4444
f 4443 4446 4447
f 4443 4447 4445
f 4446 4729 4448
f 4446 4448 4447
f 4448 4729 4449
f 4730 4450 4451
f 4731 4451 4452
f 4729 4450 4730
f 4730 4451 4731
f 4732 4468 4466
f 4733 4483 4468
f 4734 4492 4483
f 4449 4732 4466
f 4732 4733 4468
f 4733 4734 4483
f 4735 4452 4490
f 4736 4490 4491
f 4737 4494 4492
f 4738 4495 4494
f 4739 4623 4495
f 4731 4452 4735
f 4735 4490 4736
f 4736 4491 4740
f 4734 4737 4492
f 4737 4738 4494
f 4738 4739 4495
f 4740 4491 4598
f 4741 4598 4599
f 4742 4599 4600
f 4740 4598 4741
f 4739 4744 4623
f 4741 4599 4742
f 4743 4600 4601
f 6393 4601 6109
f 4742 4600 4743
f 4743 4601 6393
f 4744 4624 4623
f 4745 4630 4624
f 4746 4685 4630
f 4744 4745 4624
f 4745 4746 4630
f 4747 4686 4685
f 4748 4687 4686
f 4746 4747 4685
f 4747 4748 4686
f 4748 4749 4687
f 4729 4730 4449
f 4449 4730 4732
f 4732 4730 4733
f 4730 4731 4733
f 4731 4734 4733
f 4731 4735 4734
f 4735 4737 4734
f 4735 4736 4738
f 4735 4738 4737
f 4738 4736 4739
f 4736 4740 4739
f 4744 4740 4741
f 4739 4740 4744
f 4744 4741 4745
f 4741 4746 4745
f 4741 4742 4746
f 4742 4743 4747
f 4743 6393 4749
f 4746 4742 4747
f 4743 4748 4747
f 4743 4749 4748
f 5753 5710 5711
f 5754 5711 5712
f 5755 5712 5713
f 5756 5713 5714
f 5757 5714 5715
f 5758 5717 5716
f 5759 5718 5717
f 5760 5719 5718
f 5761 5720 5719
f 5762 5721 5720
f 5763 5722 5721
f 5764 5730 5722
f 5752 5710 5753
f 5753 5711 5754
f 5754 5712 5755
f 5755 5713 5756
f 5756 5714 5757
f 5757 5715 5765
f 4165 5758 5716
f 5758 5759 5717
f 5759 5760 5718
f 5760 5761 5719
f 5761 5762 5720
f 5762 5763 5721
f 5763 5764 5722
f 5764 5772 5730
f 5765 5715 5723
f 5766 5723 5724
f 5767 5724 5725
f 5768 5725 5726
f 5769 5726 5727
f 5777 5727 5735
f 5765 5723 5766
f 5766 5724 5767
f 5767 5725 5768
f 5768 5726 5769
f 5769 5727 5777
f 5774 4138 5732
f 5770 5732 5728
f 5773 5728 5731
f 5771 5731 5729
f 5772 5729 5730
f 5775 5738 5733
f 5776 5733 5734
f 5782 5734 5740
f 5774 5732 5770
f 5773 5770 5728
f 5772 5771 5729
f 5773 5731 5771
f 5775 5780 5738
f 5775 5733 5776
f 5776 5734 5782
f 5778 5735 5736
f 5779 5736 5737
f 5780 5737 5738
f 5778 5777 5735
f 5780 5779 5737
f 5778 5736 5779
f 4186 5739 4150
f 5781 5743 5739
f 4186 5781 5739
f 5783 5740 5741
f 5784 5741 5742
f 5785 5745 5743
f 5782 5740 5783
f 5783 5741 5784
f 5781 5785 5743
f 5785 5787 5745
f 5786 5742 5744
f 5787 5746 5745
f 5789 5744 5747
f 5784 5742 5786
f 5787 5788 5746
f 5786 5744 5789
f 5790 5747 5748
f 6092 5748 5930
f 5789 5747 5790
f 5790 5748 6092
f 5788 5749 5746
f 5791 5750 5749
f 5788 5791 5749
f 5791 5792 5750
f 5792 5751 5750
f 5793 5933 5751
f 5792 5793 5751
f 5752 5753 5758
f 5753 5754 5759
f 5754 5755 5759
f 4165 5752 5758
f 5753 5759 5758
f 5755 5756 5760
f 5755 5760 5759
f 5756 5761 5760
f 5756 5757 5761
f 5757 5765 5762
f 5757 5762 5761
f 5762 5767 5763
f 5762 5765 5766
f 5762 5766 5767
f 5763 5767 5768
f 5763 5769 5764
f 5763 5768 5769
f 5764 5769 5777
f 5764 5778 5772
f 5772 5779 5771
f 5773 5771 5775
f 5771 5779 5780
f 5771 5780 5775
f 5774 5770 5776
f 5773 5776 5770
f 4186 5774 5776
f 5773 5775 5776
f 5764 5777 5778
f 5772 5778 5779
f 4186 5776 5781
f 5776 5782 5781
f 5781 5782 5783
f 5781 5783 5785
f 5783 5784 5785
f 5785 5784 5787
f 5784 5786 5787
f 5786 5788 5787
f 5786 5789 5791
f 5786 5791 5788
f 5789 5792 5791
f 5789 5790 5792
f 5790 5793 5792
f 5790 6092 5793
f 5793 6092 6095
f 6082 5795 5794
f 6083 5865 5795
f 6082 6083 5795
f 6085 5818 5819
f 6086 5819 5840
f 6084 5818 6085
f 6085 5819 6086
f 6086 5840 6089
f 6087 5866 5865
f 6088 5938 5866
f 6083 6087 5865
f 6087 6088 5866
f 6091 5910 6100
f 6089 5840 5888
f 6090 5888 5907
f 6091 5907 5910
f 6089 5888 6090
f 6090 5907 6091
f 6093 5930 5931
f 6092 5930 6093
f 6094 5931 5932
f 6096 5940 5934
f 6093 5931 6094
f 6094 5932 6099
f 6096 6101 5940
f 6095 5934 5933
f 5793 6095 5933
f 6095 6096 5934
f 6097 5936 5935
f 6098 6418 5936
f 6101 6097 5935
f 6664 6418 6098
f 6097 6098 5936
f 6099 5932 5938
f 6100 5910 5939
f 6102 5939 5941
f 6103 5941 5942
f 6088 6099 5938
f 6100 5939 6102
f 6102 5941 6103
f 6103 5942 6104
f 6101 5935 5940
f 6105 6020 6026
f 6104 5942 6020
f 6106 6026 6027
f 6104 6020 6105
f 6105 6026 6106
f 6106 6027 6666
f 6082 6085 6083
f 6083 6086 6087
f 6082 6084 6085
f 6085 6086 6083
f 6087 6090 6088
f 6087 6089 6090
f 6088 6090 6091
f 6088 6091 6100
f 6086 6089 6087
f 6092 6093 6095
f 6093 6096 6095
f 6093 6094 6096
f 6096 6094 6101
f 6097 6106 6098
f 6664 6098 6666
f 6098 6106 6666
f 6088 6100 6099
f 6099 6100 6102
f 6094 6099 6101
f 6099 6103 6101
f 6101 6103 6104
f 6099 6102 6103
f 6101 6104 6097
f 6097 6104 6105
f 6097 6105 6106
f 6671 6108 6435
f 6391 6247 6107
f 6392 6107 6108
f 6391 6107 6392
f 6671 6392 6108
f 6394 6109 6110
f 6396 6110 6112
f 6393 6109 6394
f 6394 6110 6396
f 6395 6113 6111
f 6397 6112 6113
f 6396 6112 6397
f 6397 6113 6395
f 6398 6137 6136
f 4749 6136 4687
f 6399 6138 6137
f 4749 6398 6136
f 6398 6399 6137
f 6399 6400 6138
f 6400 6204 6138
f 6401 6208 6204
f 6402 6248 6208
f 6400 6401 6204
f 6401 6402 6208
f 6402 6405 6248
f 6403 6111 6246
f 6404 6246 6247
f 6405 6249 6248
f 6406 6250 6249
f 6407 6269 6250
f 6403 6395 6111
f 6403 6246 6404
f 6404 6247 6391
f 6405 6406 6249
f 6407 6411 6269
f 6407 6250 6406
f 6408 6267 6265
f 6410 6266 6267
f 6411 6265 6269
f 6411 6408 6265
f 6409 6266 6410
f 6408 6410 6267
f 6671 6673 6392
f 6391 6392 6410
f 6392 6673 6409
f 6393 6394 6398
f 6394 6396 6400
f 6396 6401 6400
f 6396 6397 6401
f 6397 6402 6401
f 6397 6395 6405
f 6397 6405 6402
f 4749 6393 6398
f 6394 6399 6398
f 6394 6400 6399
f 6403 6404 6407
f 6404 6411 6407
f 6403 6406 6395
f 6403 6407 6406
f 6395 6406 6405
f 6404 6391 6408
f 6391 6410 6408
f 6404 6408 6411
f 6392 6409 6410
f 6665 6412 6419
f 6663 6434 6412
f 6665 6663 6412
f 6664 6419 6418
f 6667 6420 6421
f 6668 6423 6422
f 6669 6421 6423
f 6664 6665 6419
f 6667 6666 6420
f 6667 6421 6669
f 6668 6669 6423
f 6670 6435 6434
f 6672 6466 6436
f 6673 6438 6437
f 6674 6436 6438
f 6670 6434 6663
f 6671 6435 6670
f 6672 6675 6466
f 6674 6438 6673
f 6673 6437 6409
f 6672 6436 6674
f 6675 6422 6466
f 6668 6422 6675
f 6666 6027 6420
f 6409 6437 6266
f 6664 6669 6665
f 6664 6666 6667
f 6664 6667 6669
f 6665 6668 6663
f 6665 6669 6668
f 6663 6668 6675
f 6671 6670 6674
f 6670 6663 6672
f 6663 6675 6672
f 6670 6672 6674
f 6671 6674 6673
f 942 941 1222
f 940 943 944
f 939 950 943
f 943 950 944
f 940 944 941
f 941 944 1222
f 939 946 948
f 945 948 946
f 945 947 949
f 947 1512 949
f 945 949 948
f 939 948 950
f 942 1347 1177
f 1503 1192 1581
f 939 943 1178
f 939 1178 1147
f 942 1177 941
f 940 941 1176
f 940 1175 943
f 944 1179 1222
f 940 1176 1175
f 941 1177 1176
f 943 1175 1178
f 1222 1179 1502
f 944 1200 1179
f 945 946 1191
f 939 1147 946
f 945 1190 947
f 947 1192 1503
f 948 949 1194
f 945 1191 1190
f 946 1147 1191
f 947 1190 1192
f 948 1194 1193
f 950 1200 944
f 950 948 1193
f 950 1193 1200
f 1202 1221 1201
f 1203 1221 1202
f 1201 1221 1207
f 1205 1208 1204
f 1206 1204 1208
f 1206 1208 1216
f 1201 1207 1205
f 1205 1207 1208
f 1211 1217 1212
f 1212 1218 1214
f 1214 1219 1213
f 1206 1216 1209
f 1209 1215 1210
f 1209 1216 1215
f 1210 1215 1217
f 1210 1217 1211
f 1217 1218 1212
f 1214 1218 1219
f 942 1220 1203
f 1203 1220 1221
f 942 1222 1220
f 1203 1202 1346
f 942 1203 1347
f 1202 1201 1344
f 1221 1501 1207
f 1201 1363 1344
f 1203 1346 1347
f 1202 1344 1346
f 1205 1204 1362
f 1201 1205 1363
f 1206 1364 1204
f 1207 1365 1208
f 1216 1208 1366
f 1205 1362 1363
f 1204 1364 1362
f 1206 1404 1364
f 1207 1501 1365
f 1208 1365 1366
f 1216 1366 1496
f 1209 1210 1405
f 1210 1211 1409
f 1209 1405 1404
f 1210 1409 1405
f 1211 1472 1409
f 1211 1212 1472
f 1212 1214 1474
f 1214 1213 1473
f 1212 1474 1472
f 1214 1473 1474
f 1206 1209 1404
f 1215 1495 1217
f 1216 1496 1215
f 1215 1496 1495
f 1217 1495 1497
f 1217 1497 1218
f 1218 1498 1219
f 1218 1497 1498
f 1219 1498 1499
f 1222 1502 1220
f 1221 1220 1500
f 1220 1502 1500
f 1221 1500 1501
f 1503 1504 1513
f 1504 1506 1513
f 1506 1505 1508
f 1506 1508 1513
f 1505 1507 1511
f 1505 1511 1508
f 1508 1511 1516
f 1509 1511 1507
f 1509 1510 1521
f 1509 1521 1511
f 947 1503 1512
f 1503 1513 1512
f 1508 1516 1514
f 1516 1517 1514
f 1514 1517 1515
f 1515 1517 1518
f 1510 1519 1521
f 1519 1522 1521
f 1519 1520 1522
f 1520 1523 1522
f 1523 1524 1526
f 1524 1525 1526
f 1525 4750 4753
f 1523 1526 1522
f 1526 1525 4753
f 1503 1581 1504
f 1504 1582 1506
f 1506 1589 1505
f 1513 1508 1668
f 1504 1581 1582
f 1505 1589 1588
f 1506 1582 1589
f 1505 1588 1507
f 1509 1507 1667
f 1509 1669 1510
f 1511 1671 1516
f 1507 1588 1667
f 1509 1667 1669
f 1510 1669 1670
f 1511 1742 1671
f 1512 1673 949
f 1512 1513 1674
f 1512 1674 1673
f 949 1673 1194
f 1513 1668 1674
f 1514 1515 1676
f 1514 1676 1675
f 1508 1514 1675
f 1516 1677 1517
f 1508 1675 1668
f 1516 1671 1677
f 1517 1677 1678
f 1517 1678 1518
f 1518 1678 1679
f 1510 1670 1519
f 1519 1701 1520
f 1520 1720 1523
f 1519 1670 1701
f 1520 1701 1720
f 1523 1720 1768
f 1511 1521 1742
f 1521 1522 1743
f 1521 1743 1742
f 1522 1809 1743
f 1523 1768 1524
f 1524 1769 1525
f 1525 1788 4750
f 1524 1768 1769
f 1525 1769 1788
f 4750 1788 4794
f 1522 1526 1809
f 1526 4753 4843
f 1526 4843 1809
f 1515 1518 1810
f 1518 1813 1810
f 1810 1813 1811
f 1811 1813 1814
f 1811 1814 1812
f 1812 1817 1815
f 1812 1814 1817
f 1815 1817 1816
f 1816 1817 1819
f 1816 1819 1818
f 1819 1820 1818
f 1818 1820 1822
f 1820 1821 1822
f 1821 1827 1822
f 1822 1827 3433
f 1824 1825 1830
f 1826 1830 1825
f 1827 1828 1834
f 1827 1835 3433
f 1827 1834 1833
f 1827 1833 1835
f 1835 1829 3433
f 1823 1832 1828
f 1824 1831 1823
f 1823 1831 1832
f 1828 1832 1834
f 1824 1830 1831
f 1826 1836 1841
f 1826 1841 1830
f 1836 1837 1841
f 1837 1842 1841
f 1837 1838 1842
f 1838 1839 1843
f 1839 1840 1843
f 1838 1843 1842
f 1843 1849 1844
f 1840 1849 1843
f 1844 1849 1850
f 1844 1850 1845
f 1845 1851 1846
f 1845 1850 1851
f 1846 1852 1847
f 1847 1854 1848
f 1846 1851 1852
f 1847 1852 1853
f 1847 1853 1854
f 1848 1854 3461
f 1515 1810 1855
f 1810 1811 1856
f 1515 1855 1676
f 1810 1856 1855
f 1811 1812 1857
f 1812 1815 1860
f 1811 1857 1856
f 1812 1860 1857
f 1518 1679 1813
f 1813 1858 1814
f 1813 1679 1858
f 1814 1858 1859
f 1814 1859 1817
f 1815 1816 1861
f 1817 1862 1819
f 1817 1859 1862
f 1815 1861 1860
f 1819 1862 1864
f 1816 1818 1863
f 1819 1864 1820
f 1820 1865 1821
f 1816 1863 1861
f 1818 1867 1863
f 1820 1864 1865
f 1821 1865 1866
f 1818 1822 1867
f 1822 3433 3468
f 1822 3468 1867
f 1824 1823 1868
f 1824 1869 1825
f 1826 1825 1870
f 1825 1869 1870
f 1824 1868 1869
f 1826 1870 1871
f 1821 1866 1827
f 1827 1872 1828
f 1823 1828 1873
f 1834 1832 1877
f 1831 1830 1875
f 1832 1831 1876
f 1833 1834 1879
f 1833 1878 1835
f 1835 1880 1829
f 1829 1874 3444
f 1827 1866 1872
f 1828 1872 1873
f 1823 1873 1868
f 1829 1880 1874
f 1834 1877 1879
f 1831 1875 1876
f 1832 1876 1877
f 1833 1879 1878
f 1835 1878 1880
f 1826 1871 1836
f 1836 1881 1837
f 1837 1882 1838
f 1838 1883 1839
f 1839 1884 1840
f 1840 1885 1849
f 1836 1871 1881
f 1837 1881 1882
f 1838 1882 1883
f 1839 1883 1884
f 1840 1884 1885
f 1830 1841 1886
f 1841 1842 1887
f 1842 1843 1888
f 1843 1844 1889
f 1844 1845 1890
f 1845 1846 1891
f 1846 1847 1892
f 1847 1848 1893
f 1849 1894 1850
f 1850 1895 1851
f 1851 1896 1852
f 1852 1897 1853
f 1853 1898 1854
f 1830 1886 1875
f 1841 1887 1886
f 1842 1888 1887
f 1843 1889 1888
f 1844 1890 1889
f 1845 1891 1890
f 1846 1892 1891
f 1847 1893 1892
f 1848 3489 1893
f 1849 1885 1894
f 1850 1894 1895
f 1851 1895 1896
f 1852 1896 1897
f 1853 1897 1898
f 1854 1898 1899
f 1213 1219 2865
f 2865 2870 2866
f 2866 2871 2867
f 2871 2868 2867
f 1219 2870 2865
f 2866 2870 2871
f 2871 2872 2868
f 2868 2872 2869
f 2869 2873 2874
f 2869 2872 2873
f 2874 2877 2875
f 2873 2877 2874
f 2875 2877 2876
f 2876 2878 2879
f 2877 2878 2876
f 2879 2878 2881
f 2879 2881 2880
f 2880 2881 2882
f 2881 2884 2882
f 2884 2883 2882
f 2884 2885 2883
f 1213 2865 2930
f 2865 2866 2931
f 2866 2867 2932
f 1213 2930 1473
f 2865 2931 2930
f 2866 2932 2931
f 2867 2868 2989
f 2868 2869 2995
f 2869 2874 3123
f 2867 2989 2932
f 2868 2995 2989
f 2869 3123 2995
f 1219 1499 2870
f 2870 3017 2871
f 2870 1499 3017
f 2871 3017 3018
f 2871 3018 2872
f 2872 3019 2873
f 2873 3020 2877
f 2872 3018 3019
f 2873 3019 3020
f 2874 2875 3124
f 2875 2876 3126
f 2876 2879 3135
f 2877 3127 2878
f 2878 3128 2881
f 2874 3124 3123
f 2875 3126 3124
f 2876 3135 3126
f 2877 3020 3127
f 2878 3127 3128
f 2881 3128 3151
f 2879 2880 3150
f 2880 2882 3152
f 2882 2883 3154
f 2879 3150 3135
f 2880 3152 3150
f 2882 3154 3152
f 2881 3151 2884
f 2884 3168 2885
f 2884 3151 3168
f 2885 3168 3169
f 2883 2885 3170
f 2885 3172 3170
f 3170 3172 3171
f 3171 3172 3173
f 3172 3175 3173
f 3173 3175 3174
f 3174 3175 3176
f 3174 3176 3177
f 3176 3178 3177
f 3176 3179 3178
f 3179 3180 3178
f 3179 3503 3180
f 3180 3503 3181
f 2883 3261 3154
f 2883 3170 3261
f 3170 3171 3267
f 3171 3173 3269
f 2885 3169 3172
f 3172 3268 3175
f 3173 3174 3300
f 3170 3267 3261
f 3171 3269 3267
f 3172 3169 3268
f 3175 3268 3336
f 3173 3300 3269
f 3174 3177 3338
f 3174 3338 3300
f 3175 3336 3176
f 3176 3336 3337
f 3177 3178 3342
f 3176 3337 3179
f 3179 3345 3503
f 3178 3180 3346
f 3180 3181 3347
f 3177 3342 3338
f 3178 3346 3342
f 3179 3337 3345
f 3180 3347 3346
f 3181 3530 3347
f 3432 3433 3441
f 3432 3450 3435
f 3432 3442 3450
f 3435 3450 3434
f 3434 3450 3437
f 3434 3437 3436
f 3436 3438 3439
f 3436 3437 3438
f 3439 3438 3440
f 3439 3440 3505
f 1829 3444 3433
f 3433 3444 3441
f 3441 3445 3443
f 3432 3441 3442
f 3444 3445 3441
f 3447 3445 3446
f 3446 3451 3448
f 3443 3445 3447
f 3447 3446 3448
f 3451 3449 3448
f 3456 3457 3465
f 3451 3452 3449
f 3449 3452 3458
f 3452 3453 3458
f 3453 3456 3459
f 3453 3459 3458
f 3456 3460 3459
f 3456 3465 3460
f 3455 3454 3463
f 1848 3461 3454
f 3455 3466 3457
f 3457 3466 3464
f 3455 3463 3462
f 3455 3462 3466
f 3454 3461 3463
f 3457 3464 3465
f 3432 3467 3433
f 3432 3435 3470
f 3433 3467 3468
f 3432 3470 3467
f 3435 3434 3469
f 3450 3485 3437
f 3435 3469 3470
f 3437 3485 3472
f 3434 3436 3471
f 3436 3439 3474
f 3437 3472 3438
f 3434 3471 3469
f 3436 3474 3471
f 3438 3472 3473
f 3439 3505 3528
f 3438 3473 3440
f 3439 3528 3474
f 3440 3473 3475
f 3450 3442 3477
f 3441 3476 3442
f 3441 3443 3478
f 3444 3479 3445
f 3445 3480 3446
f 3446 3481 3451
f 3443 3447 3482
f 3447 3448 3483
f 3448 3449 3484
f 3442 3476 3477
f 3441 3478 3476
f 3443 3482 3478
f 3444 1874 3479
f 3445 3479 3480
f 3446 3480 3481
f 3451 3481 3486
f 3447 3483 3482
f 3448 3484 3483
f 3449 3493 3484
f 3450 3477 3485
f 3451 3486 3452
f 3452 3487 3453
f 3453 3488 3456
f 1848 3454 3489
f 3455 3490 3454
f 3456 3491 3457
f 3455 3457 3492
f 3449 3458 3493
f 3458 3459 3494
f 3459 3460 3495
f 1854 1899 3461
f 3461 3496 3463
f 3462 3497 3466
f 3462 3463 3498
f 3464 3499 3465
f 3460 3465 3500
f 3464 3466 3501
f 3452 3486 3487
f 3453 3487 3488
f 3456 3488 3491
f 3454 3490 3489
f 3455 3492 3490
f 3457 3491 3492
f 3458 3494 3493
f 3459 3495 3494
f 3460 3500 3495
f 3461 1899 3496
f 3463 3496 3498
f 3466 3497 3501
f 3462 3498 3497
f 3465 3499 3500
f 3464 3501 3499
f 3181 3503 3507
f 3503 3504 3507
f 3505 3440 3506
f 3505 3506 3502
f 3502 3506 3509
f 3506 3511 3509
f 3507 3504 3508
f 3504 3509 3508
f 3509 3510 3508
f 3509 3511 3510
f 3510 3511 3512
f 3512 3511 3513
f 3511 3514 3513
f 3514 3515 3513
f 3514 3516 3515
f 3515 3516 3518
f 3518 3516 3519
f 3516 3517 3519
f 3519 3517 3520
f 3517 3522 3520
f 3517 3521 3522
f 3521 6748 3524
f 3521 3523 3522
f 3521 3524 3523
f 3503 3526 3504
f 3504 3527 3509
f 3502 3509 3547
f 3503 3345 3526
f 3504 3526 3527
f 3502 3547 3525
f 3509 3527 3547
f 3505 3502 3525
f 3440 3475 3506
f 3505 3525 3528
f 3506 3475 3529
f 3506 3529 3511
f 3511 3529 3606
f 3181 3507 3530
f 3507 3508 3532
f 3508 3510 3550
f 3507 3532 3530
f 3508 3550 3532
f 3510 3607 3550
f 3510 3512 3607
f 3512 3513 3609
f 3511 3606 3514
f 3514 3610 3516
f 3513 3515 3611
f 3512 3609 3607
f 3514 3606 3610
f 3513 3611 3609
f 3515 3678 3611
f 3515 3518 3678
f 3516 3676 3517
f 3516 3610 3676
f 3517 3676 3677
f 3518 3519 3682
f 3519 3520 3704
f 3518 3682 3678
f 3519 3704 3682
f 3520 3742 3704
f 3517 3677 3521
f 3521 3741 6748
f 3521 3677 3741
f 6748 3741 6772
f 3520 3522 3742
f 3522 3523 3767
f 3523 3524 3768
f 3522 3767 3742
f 3523 3768 3767
f 4750 4751 4753
f 4751 4752 4754
f 4751 4754 4753
f 4752 4758 4754
f 4752 4755 4758
f 4755 4756 4758
f 4758 4756 4759
f 4756 4757 4759
f 4759 4757 4760
f 4759 4760 4761
f 4760 4762 4761
f 4762 4763 4761
f 4761 4763 4764
f 4761 4764 4768
f 4763 4765 4764
f 4765 4771 4764
f 4765 4766 4771
f 4766 4767 4771
f 4768 4764 4772
f 4768 4772 4769
f 4769 4772 4774
f 4769 4774 4770
f 4771 4767 4773
f 4767 5146 4773
f 4773 5146 5148
f 4750 4794 4751
f 4751 4795 4752
f 4752 4820 4755
f 4751 4794 4795
f 4752 4795 4820
f 4753 4754 4844
f 4753 4844 4843
f 4754 4908 4844
f 4755 4860 4756
f 4756 4882 4757
f 4755 4820 4860
f 4756 4860 4882
f 4757 4882 4886
f 4754 4758 4908
f 4758 4759 4909
f 4757 4886 4760
f 4758 4909 4908
f 4759 4974 4909
f 4760 4973 4762
f 4759 4761 4974
f 4762 4975 4763
f 4763 4977 4765
f 4760 4886 4973
f 4762 4973 4975
f 4761 5055 4974
f 4763 4975 4977
f 4765 5022 4766
f 4766 5039 4767
f 4767 5041 5146
f 4765 4977 5022
f 4764 5058 4978
f 4766 5022 5039
f 4767 5039 5041
f 4761 4768 5055
f 4768 4769 5056
f 4764 4978 4772
f 4768 5056 5055
f 4772 4978 5059
f 4769 4770 5057
f 4769 5057 5056
f 4764 4771 5058
f 4771 4773 5060
f 4773 5148 5240
f 4771 5060 5058
f 4773 5240 5060
f 4772 5059 4774
f 4774 5061 5096
f 4774 5059 5061
f 5064 5073 5063
f 5064 5062 5073
f 5065 5076 5062
f 5065 5066 5076
f 5066 5077 5076
f 5066 5080 5077
f 5067 5075 5069
f 5063 5073 5068
f 5067 5068 5074
f 5068 5073 5074
f 5067 5074 5075
f 5069 5075 5078
f 5069 5078 5070
f 5070 5078 5071
f 5071 5079 5072
f 5071 5078 5079
f 5072 5079 6682
f 5062 5076 5073
f 5077 5080 5081
f 5081 5082 5084
f 5077 5081 5084
f 5082 5085 5084
f 5082 5083 5085
f 5083 5088 5085
f 5085 5088 5086
f 5086 5088 5089
f 5086 5089 5087
f 5087 5089 5090
f 5090 5089 6702
f 4770 5096 5091
f 4770 4774 5096
f 5091 5097 5093
f 5091 5096 5097
f 5093 5098 5092
f 5093 5097 5098
f 5092 5098 5094
f 5092 5095 5099
f 5092 5094 5095
f 5099 5102 5100
f 5100 5103 5101
f 5100 5102 5103
f 5099 5095 5102
f 5101 5103 5089
f 5089 5103 6702
f 5064 5063 5105
f 5064 5106 5062
f 5065 5062 5104
f 5065 5107 5066
f 5066 5108 5080
f 5063 5110 5105
f 5062 5106 5104
f 5064 5105 5106
f 5065 5104 5107
f 5066 5107 5108
f 5080 5108 5122
f 5067 5109 5068
f 5063 5068 5110
f 5067 5069 5111
f 5069 5070 5112
f 5070 5071 5113
f 5071 5072 5114
f 5074 5073 5115
f 5073 5076 5118
f 5074 5116 5075
f 5075 5117 5078
f 5076 5077 5119
f 5077 5084 5126
f 5078 5120 5079
f 5079 5121 6682
f 5068 5109 5110
f 5067 5111 5109
f 5069 5112 5111
f 5070 5113 5112
f 5071 5114 5113
f 5073 5118 5115
f 5074 5115 5116
f 5075 5116 5117
f 5076 5119 5118
f 5077 5126 5119
f 5078 5117 5120
f 5079 5120 5121
f 5080 5122 5081
f 5081 5123 5082
f 5082 5124 5083
f 5081 5122 5123
f 5082 5123 5124
f 5083 5124 5125
f 5084 5085 5127
f 5085 5086 5128
f 5086 5087 5129
f 5087 5090 5132
f 5083 5125 5088
f 5088 5130 5089
f 5101 5089 5131
f 5084 5127 5126
f 5085 5128 5127
f 5086 5129 5128
f 5087 5132 5129
f 5090 6731 5132
f 5088 5125 5130
f 5101 5131 5143
f 5089 5130 5131
f 4770 5091 5133
f 5091 5093 5135
f 4770 5133 5057
f 5091 5135 5133
f 5092 5099 5141
f 5093 5092 5134
f 5094 5136 5095
f 5092 5141 5134
f 5093 5134 5135
f 5095 5136 5137
f 5096 5138 5097
f 5096 5061 5138
f 5097 5138 5139
f 5097 5139 5098
f 5098 5140 5094
f 5098 5139 5140
f 5094 5140 5136
f 5099 5100 5142
f 5100 5101 5143
f 5095 5137 5102
f 5103 5102 5144
f 5099 5142 5141
f 5100 5143 5142
f 5102 5137 5144
f 5103 5145 6702
f 6702 5145 6738
f 5103 5144 5145
f 5146 5147 5148
f 5147 5150 5148
f 5150 5149 5148
f 5150 5151 5149
f 5149 5151 5152
f 5151 5153 5152
f 5152 5153 5154
f 5152 5154 5155
f 5154 5157 5155
f 5155 5157 5156
f 5156 5157 5158
f 5146 5041 5238
f 5146 5238 5147
f 5147 5239 5150
f 5148 5149 5241
f 5150 5244 5151
f 5147 5238 5239
f 5148 5241 5240
f 5150 5239 5244
f 5151 5244 5248
f 5149 5152 5254
f 5149 5254 5241
f 5152 5317 5254
f 5151 5248 5153
f 5153 5248 5268
f 5153 5268 5154
f 5152 5155 5317
f 5155 5156 5318
f 5154 5316 5157
f 5157 5319 5158
f 5158 5325 5412
f 5154 5268 5316
f 5155 5318 5317
f 5157 5316 5319
f 5158 5319 5325
f 5412 5325 5433
f 5156 5158 5410
f 5158 5412 5410
f 5410 5413 5411
f 5410 5412 5413
f 5413 5414 5411
f 5411 5414 5416
f 5416 5414 5415
f 5416 5415 5418
f 5416 5418 5417
f 5417 5418 5419
f 5417 5419 5421
f 5421 5419 5420
f 5421 5420 5422
f 5420 5426 5422
f 5422 5427 5423
f 5422 5426 5427
f 5423 5427 5428
f 5423 5428 5424
f 5424 5430 5425
f 5428 5429 5424
f 5424 5429 5430
f 5425 5430 7068
f 5156 5410 5431
f 5410 5411 5432
f 5156 5431 5318
f 5410 5432 5431
f 5411 5470 5432
f 5412 5433 5413
f 5413 5435 5414
f 5414 5436 5415
f 5413 5433 5435
f 5414 5435 5436
f 5415 5436 5451
f 5411 5416 5470
f 5416 5417 5471
f 5417 5421 5579
f 5415 5451 5418
f 5418 5472 5419
f 5419 5474 5420
f 5416 5471 5470
f 5417 5579 5471
f 5418 5451 5472
f 5419 5472 5474
f 5420 5474 5475
f 5421 5422 5580
f 5422 5423 5581
f 5421 5580 5579
f 5422 5581 5580
f 5423 5424 5582
f 5424 5425 5583
f 5423 5582 5581
f 5424 5583 5582
f 5420 5475 5426
f 5426 5584 5427
f 5427 5590 5428
f 5426 5475 5584
f 5427 5584 5590
f 5428 5590 5646
f 5428 5646 5429
f 5429 5647 5430
f 5430 5648 7068
f 5429 5646 5647
f 5430 5647 5648
f 7068 5648 7089
f 5072 6682 6676
f 6676 6682 6677
f 6677 6682 6683
f 6677 6683 6678
f 6678 6684 6679
f 6678 6683 6684
f 6679 6684 6680
f 6680 6684 6681
f 6684 6685 6688
f 6681 6684 6688
f 6685 6686 6689
f 6685 6689 6688
f 6686 6690 6689
f 6686 6691 6690
f 6686 6687 6691
f 6687 6692 6696
f 6692 6693 6698
f 6694 6695 6699
f 6694 6700 6693
f 6687 6696 6691
f 6692 6698 6696
f 6693 6697 6698
f 6693 6700 6697
f 5090 6699 6695
f 6694 6699 6700
f 5090 6702 6699
f 6699 6703 6701
f 6699 6702 6703
f 6703 6704 6701
f 6701 6704 6705
f 6705 6704 6706
f 6705 6706 6707
f 6707 6709 6708
f 6706 6709 6707
f 6708 6709 6711
f 6708 6711 6710
f 6711 6758 6710
f 5072 6676 6712
f 6676 6677 6713
f 6677 6678 6714
f 6678 6679 6715
f 6679 6680 6716
f 6680 6681 6717
f 6681 6688 6724
f 6682 6718 6683
f 6683 6719 6684
f 6684 6720 6685
f 6685 6721 6686
f 6686 6722 6687
f 6687 6723 6692
f 6688 6689 6725
f 6689 6690 6726
f 6690 6691 6727
f 5072 6712 5114
f 6676 6713 6712
f 6677 6714 6713
f 6678 6715 6714
f 6679 6716 6715
f 6680 6717 6716
f 6681 6724 6717
f 6682 5121 6718
f 6683 6718 6719
f 6684 6719 6720
f 6685 6720 6721
f 6686 6721 6722
f 6687 6722 6723
f 6688 6725 6724
f 6689 6726 6725
f 6690 6727 6726
f 6694 6693 6729
f 6692 6728 6693
f 6694 6730 6695
f 5090 6695 6731
f 6691 6696 6732
f 6696 6698 6734
f 6698 6697 6733
f 6700 6736 6697
f 6700 6699 6735
f 6699 6701 6737
f 6694 6729 6730
f 6692 6723 6728
f 6693 6728 6729
f 6695 6730 6731
f 6691 6732 6727
f 6696 6734 6732
f 6697 6736 6733
f 6698 6733 6734
f 6700 6735 6736
f 6699 6737 6735
f 6701 6705 6741
f 6701 6741 6737
f 6702 6738 6703
f 6703 6739 6704
f 6703 6738 6739
f 6704 6739 6740
f 6704 6740 6706
f 6705 6743 6741
f 6706 6740 6742
f 6705 6707 6743
f 6707 6708 6744
f 6706 6742 6709
f 6709 6745 6711
f 6707 6744 6743
f 6709 6742 6745
f 6711 6745 6747
f 6708 6710 6746
f 6711 6747 6758
f 6708 6746 6744
f 6710 6908 6746
f 6758 6747 6909
f 6748 6749 6750
f 3524 6748 6750
f 6750 6749 6751
f 6749 6752 6751
f 6749 6753 6752
f 6753 6755 6752
f 6753 6756 6755
f 6753 6754 6756
f 6756 6754 6763
f 6710 6758 6757
f 6757 6760 6759
f 6757 6758 6760
f 6759 6760 6767
f 6759 6767 6765
f 6761 6762 6771
f 6754 6764 6763
f 6765 6764 6754
f 6765 6767 6769
f 6765 6766 6764
f 6765 6769 6766
f 6767 6768 6769
f 6767 6761 6768
f 6761 6770 6768
f 6761 6771 6770
f 6748 6773 6749
f 6749 6774 6753
f 6748 6772 6773
f 6749 6773 6774
f 3524 6750 6775
f 6750 6751 6796
f 6751 6752 6797
f 3524 6775 3768
f 6750 6796 6775
f 6751 6797 6796
f 6753 6844 6754
f 6753 6774 6844
f 6754 6844 6845
f 6752 6755 6846
f 6755 6756 6865
f 6756 6763 6914
f 6752 6846 6797
f 6755 6865 6846
f 6756 6914 6865
f 6710 6757 6908
f 6758 6909 6760
f 6757 6910 6908
f 6760 6909 6911
f 6757 6759 6910
f 6759 6765 6916
f 6759 6916 6910
f 6760 6911 6767
f 6767 6983 6761
f 7367 6762 6913
f 6761 6912 6762
f 6767 6911 6983
f 6761 6983 6912
f 6762 6912 6913
f 6765 6754 6845
f 6763 6764 6915
f 6766 6917 6764
f 6766 6769 6985
f 6765 6845 6916
f 6763 6915 6914
f 6764 6917 6915
f 6766 6985 6917
f 6769 6768 6984
f 6768 6770 6991
f 6770 6771 6992
f 6768 6991 6984
f 6769 6984 6985
f 6770 6992 6991
f 7062 7373 7061
f 7062 7078 7373
f 5425 7068 7063
f 7063 7069 7064
f 7064 7070 7066
f 7066 7070 7071
f 7066 7072 7065
f 7066 7071 7072
f 7065 7072 7075
f 7063 7068 7067
f 7063 7067 7069
f 7064 7069 7070
f 7074 7073 7077
f 7074 7080 7060
f 7074 7076 7080
f 7065 7075 7073
f 7073 7075 7077
f 7074 7077 7076
f 7062 7060 7079
f 7060 7080 7079
f 7062 7079 7078
f 7062 7083 7060
f 7062 7061 7082
f 7060 7083 7081
f 7062 7082 7083
f 5425 7063 7084
f 7063 7064 7085
f 5425 7084 5583
f 7063 7085 7084
f 7064 7066 7087
f 7066 7065 7086
f 7072 7162 7075
f 7065 7220 7086
f 7064 7087 7085
f 7066 7086 7087
f 7068 7089 7067
f 7067 7088 7069
f 7069 7090 7070
f 7067 7089 7088
f 7069 7088 7090
f 7070 7157 7071
f 7071 7161 7072
f 7070 7090 7157
f 7071 7157 7161
f 7072 7161 7162
f 7065 7073 7220
f 7074 7221 7073
f 7074 7060 7081
f 7077 7075 7222
f 7076 7223 7080
f 7077 7224 7076
f 7073 7221 7220
f 7074 7081 7221
f 7075 7162 7222
f 7077 7222 7224
f 7076 7224 7223
f 7080 7230 7079
f 7078 7227 7373
f 7079 7228 7078
f 7079 7230 7228
f 7078 7228 7227
f 7080 7223 7230
f 7365 7366 7376
f 7367 7368 6762
f 6762 7368 6771
f 7367 7370 7368
f 7367 7365 7369
f 7367 7369 7370
f 7365 7376 7369
f 7371 7061 7374
f 7371 7375 7366
f 7366 7372 7376
f 7366 7375 7372
f 7371 7374 7375
f 7061 7373 7374
f 7365 7377 7366
f 7366 7377 7378
f 7367 7379 7365
f 6771 7368 7380
f 7368 7370 7382
f 7369 7376 7408
f 7369 7381 7370
f 7367 6913 7379
f 7365 7379 7377
f 7368 7382 7380
f 7369 7408 7381
f 7370 7381 7382
f 7371 7393 7061
f 7371 7366 7378
f 7372 7375 7397
f 7374 7396 7375
f 7374 7373 7395
f 7371 7378 7393
f 7061 7393 7082
f 7372 7397 7394
f 7374 7395 7396
f 7375 7396 7397
f 7372 7394 7376
f 7376 7394 7408
f 6771 7380 6992
f 7373 7227 7395

