# https://github.com/mikedh/trimesh
v -15.68110752 -9.13922119 -0.61000001
v -15.21377850 -9.89764881 -0.61000001
v -15.68110752 -9.13922119 -0.55000001
v -15.21377850 -9.89764881 -0.55000001
v -14.70979786 -10.63223076 -0.61000001
v -14.17038059 -11.34119987 -0.61000001
v -14.70979786 -10.63223076 -0.55000001
v -14.17038059 -11.34119987 -0.55000001
v -13.77630424 -9.70236778 -0.61000001
v -13.77630424 -9.70236778 -0.55000001
v -11.68554211 -13.88778591 -0.61000001
v -11.68554211 -13.88778591 -0.55000001
v -10.26803207 -14.96629620 -0.61000001
v -10.26803207 -14.96629620 -0.55000001
v -10.99002552 -14.44443989 -0.61000001
v -10.99002552 -14.44443989 -0.55000001
v -9.52130318 -15.45209694 -0.61000001
v -9.52130318 -15.45209694 -0.55000001
v -9.61765575 -13.83557701 -0.61000001
v -9.61765575 -13.83557701 -0.55000001
v -12.99051476 -12.67552853 -0.61000001
v -12.99051476 -12.67552853 -0.55000001
v -13.59682560 -12.02284622 -0.61000001
v -13.59682560 -12.02284622 -0.55000001
v -12.35290813 -13.29767513 -0.61000001
v -12.35290813 -13.29767513 -0.55000001
v -12.34522438 -11.46812725 -0.61000001
v -11.46812725 -12.34522438 -0.61000001
v -12.34522438 -11.46812725 -0.55000001
v -11.46812725 -12.34522438 -0.55000001
v -13.09057045 -10.60940456 -0.61000001
v -13.09057045 -10.60940456 -0.55000001
v -10.52888203 -13.15542221 -0.61000001
v -10.52888203 -13.15542221 -0.55000001
v -16.11065865 -8.35877800 -0.61000001
v -16.11065865 -8.35877800 -0.55000001
v -16.50139809 -7.55819654 -0.61000001
v -16.50139809 -7.55819654 -0.55000001
v -17.16277313 -5.90438175 -0.61000001
v -17.16277313 -5.90438175 -0.55000001
v -17.43181419 -5.05513239 -0.61000001
v -17.43181419 -5.05513239 -0.55000001
v -16.85238457 -6.73940706 -0.61000001
v -16.85238457 -6.73940706 -0.55000001
v -15.89954948 -5.57914114 -0.61000001
v -15.89954948 -5.57914114 -0.55000001
v -15.00406075 -7.66815853 -0.61000001
v -15.00406075 -7.66815853 -0.55000001
v -14.39930248 -8.75114822 -0.61000001
v -14.39930248 -8.75114822 -0.55000001
v -15.48706818 -6.63876581 -0.61000001
v -15.48706818 -6.63876581 -0.55000001
v -17.65885925 -4.19370461 -0.61000001
v -17.65885925 -4.19370461 -0.55000001
v -17.84336472 -3.32217407 -0.61000001
v -17.98488235 -2.44263983 -0.61000001
v -17.84336472 -3.32217407 -0.55000001
v -17.98488235 -2.44263983 -0.55000001
v -16.26689720 -4.39438105 -0.61000001
v -16.26689720 -4.39438105 -0.55000001
v -16.52623177 -3.28727198 -0.61000001
v -16.52623177 -3.28727198 -0.55000001
v -18.08307457 -1.55722117 -0.61000001
v -18.08307457 -1.55722117 -0.55000001
v -18.13770103 -0.66805112 -0.61000001
v -18.13770103 -0.66805112 -0.55000001
v -16.71030998 -2.16519308 -0.61000001
v -16.71030998 -2.16519308 -0.55000001
v -16.82431412 -0.93003988 -0.61000001
v -16.82431412 -0.93003988 -0.55000001
v -8.75163555 -15.90067196 -0.61000001
v -7.96088457 -16.31094170 -0.61000001
v -8.75163555 -15.90067196 -0.55000001
v -7.96088457 -16.31094170 -0.55000001
v -7.15095568 -16.68191719 -0.61000001
v -7.15095568 -16.68191719 -0.55000001
v -8.66263103 -14.45272732 -0.61000001
v -8.66263103 -14.45272732 -0.55000001
v -7.62520361 -15.02584839 -0.61000001
v -7.62520361 -15.02584839 -0.55000001
v -6.32379913 -17.01270294 -0.61000001
v -6.32379913 -17.01270294 -0.55000001
v -5.48140812 -17.30250549 -0.61000001
v -4.62581158 -17.55062294 -0.61000001
v -5.48140812 -17.30250549 -0.55000001
v -4.62581158 -17.55062294 -0.55000001
v -6.33562136 -15.61348248 -0.61000001
v -5.77383327 -15.82988834 -0.61000001
v -6.33562136 -15.61348248 -0.55000001
v -5.77383327 -15.82988834 -0.55000001
v -7.53380299 -12.39680004 -0.61000001
v -7.53380299 -12.39680004 -0.55000001
v -7.40826273 -10.42863560 -0.61000001
v -7.40826273 -10.42863560 -0.55000001
v -6.23534012 -12.46003437 -0.61000001
v -6.23534012 -12.46003437 -0.55000001
v -6.03135824 -9.59220600 -0.61000001
v -6.03135824 -9.59220600 -0.55000001
v -3.75907159 -17.75646019 -0.61000001
v -3.75907159 -17.75646019 -0.55000001
v -4.29448652 -16.29355431 -0.61000001
v -4.29448652 -16.29355431 -0.55000001
v -2.88327527 -17.91952133 -0.61000001
v -2.88327527 -17.91952133 -0.55000001
v -2.77878618 -16.61929131 -0.61000001
v -2.77878618 -16.61929131 -0.55000001
v -2.00053310 -18.03941154 -0.61000001
v -2.00053310 -18.03941154 -0.55000001
v -1.23956287 -16.80434418 -0.61000001
v -1.23956287 -16.80434418 -0.55000001
v -1.11297131 -18.11584282 -0.61000001
v -0.22272842 -18.14863396 -0.61000001
v -1.11297131 -18.11584282 -0.55000001
v -0.22272842 -18.14863396 -0.55000001
v -7.17397499 -8.05983448 -0.61000001
v -7.17397499 -8.05983448 -0.55000001
v -6.91522408 -6.23431253 -0.61000001
v -6.91522408 -6.23431253 -0.55000001
v -5.76538658 -7.31741047 -0.61000001
v -5.76538658 -7.31741047 -0.55000001
v -5.39978027 -5.16518116 -0.61000001
v -5.39978027 -5.16518116 -0.55000001
v -6.58383942 -4.47378063 -0.61000001
v -6.58383942 -4.47378063 -0.55000001
v -6.17791939 -2.81117630 -0.61000001
v -6.17791939 -2.81117630 -0.55000001
v -4.92350817 -3.15246654 -0.61000001
v -4.92350817 -3.15246654 -0.55000001
v -5.68431377 -1.22862637 -0.61000001
v -5.68431377 -1.22862637 -0.55000001
v -5.21917057 -0.02593786 -0.61000001
v -5.21917057 -0.02593786 -0.55000001
v -4.45588350 -1.65406156 -0.61000001
v -4.29416513 -1.21236706 -0.61000001
v -3.52956200 -1.77037549 -0.61000001
v -3.96125746 -1.48850095 -0.61000001
v -4.45588350 -1.65406156 -0.55000001
v -4.29416513 -1.21236706 -0.55000001
v -3.52956200 -1.77037549 -0.55000001
v -3.96125746 -1.48850095 -0.55000001
v -3.55076194 -0.12442127 -0.61000001
v -3.55076194 -0.12442127 -0.55000001
v -3.07880425 -1.98188102 -0.61000001
v -2.64081740 -2.11045527 -0.61000001
v -3.07880425 -1.98188102 -0.55000001
v -2.64081740 -2.11045527 -0.55000001
v -3.04304194 -0.54557133 -0.61000001
v -2.76040721 -0.70543730 -0.61000001
v -2.49399281 -0.80806565 -0.61000001
v -3.04304194 -0.54557133 -0.55000001
v -2.76040721 -0.70543730 -0.55000001
v -2.49399281 -0.80806565 -0.55000001
v -2.25544572 -2.16073489 -0.61000001
v -1.81306219 -2.14178777 -0.61000001
v -1.46310568 -2.06222630 -0.61000001
v -2.25544572 -2.16073489 -0.55000001
v -1.81306219 -2.14178777 -0.55000001
v -1.46310568 -2.06222630 -0.55000001
v -2.25151896 -0.85734570 -0.61000001
v -2.03742337 -0.85953343 -0.61000001
v -1.84990311 -0.82096398 -0.61000001
v -1.65021694 -0.72322196 -0.61000001
v -1.51285231 -0.49123192 -0.61000001
v -1.39378798 -0.15748605 -0.61000001
v -2.25151896 -0.85734570 -0.55000001
v -2.03742337 -0.85953343 -0.55000001
v -1.84990311 -0.82096398 -0.55000001
v -1.65021694 -0.72322196 -0.55000001
v -1.51285231 -0.49123192 -0.55000001
v -1.39378798 -0.15748605 -0.55000001
v -1.12745106 -1.92273748 -0.61000001
v -0.72561145 -1.64435959 -0.61000001
v -0.50985444 -1.35968316 -0.61000001
v -1.12745106 -1.92273748 -0.55000001
v -0.72561145 -1.64435959 -0.55000001
v -0.50985444 -1.35968316 -0.55000001
v -0.32951126 -1.02962756 -0.61000001
v -0.20174608 -0.70625740 -0.61000001
v -0.08576954 -0.27126136 -0.61000001
v -0.32951126 -1.02962756 -0.55000001
v -0.20174608 -0.70625740 -0.55000001
v -0.08576954 -0.27126136 -0.55000001
v -13.88778591 -11.68554211 0.55000001
v -13.88778591 -11.68554211 0.61000001
v -14.96629620 -10.26803207 0.55000001
v -14.96629620 -10.26803207 0.61000001
v -15.45209694 -9.52130318 0.55000001
v -15.45209694 -9.52130318 0.61000001
v -14.44443989 -10.99002552 0.55000001
v -14.44443989 -10.99002552 0.61000001
v -11.34119987 -14.17038059 0.55000001
v -10.63223076 -14.70979786 0.55000001
v -11.34119987 -14.17038059 0.61000001
v -10.63223076 -14.70979786 0.61000001
v -9.89764881 -15.21377850 0.55000001
v -9.13922119 -15.68110752 0.55000001
v -9.89764881 -15.21377850 0.61000001
v -9.13922119 -15.68110752 0.61000001
v -9.36135864 -14.01026344 0.55000001
v -9.36135864 -14.01026344 0.61000001
v -12.67552853 -12.99051476 0.55000001
v -12.67552853 -12.99051476 0.61000001
v -13.29767513 -12.35290813 0.55000001
v -13.29767513 -12.35290813 0.61000001
v -12.02284622 -13.59682560 0.55000001
v -12.02284622 -13.59682560 0.61000001
v -12.06006432 -11.76764011 0.55000001
v -12.06006432 -11.76764011 0.61000001
v -12.82626057 -10.92746735 0.55000001
v -12.82626057 -10.92746735 0.61000001
v -13.59538174 -9.95430088 0.55000001
v -13.59538174 -9.95430088 0.61000001
v -11.23894882 -12.55422401 0.55000001
v -10.28495026 -13.34699631 0.55000001
v -11.23894882 -12.55422401 0.61000001
v -10.28495026 -13.34699631 0.61000001
v -15.90067196 -8.75163555 0.55000001
v -16.31094170 -7.96088457 0.55000001
v -15.90067196 -8.75163555 0.61000001
v -16.31094170 -7.96088457 0.61000001
v -16.68191719 -7.15095568 0.55000001
v -16.68191719 -7.15095568 0.61000001
v -17.30250549 -5.48140812 0.55000001
v -17.55062294 -4.62581158 0.55000001
v -17.30250549 -5.48140812 0.61000001
v -17.55062294 -4.62581158 0.61000001
v -17.01270294 -6.32379913 0.55000001
v -17.01270294 -6.32379913 0.61000001
v -16.15415382 -4.79226685 0.55000001
v -16.15415382 -4.79226685 0.61000001
v -14.86037350 -7.94303513 0.55000001
v -14.86037350 -7.94303513 0.61000001
v -15.36224651 -6.92270756 0.55000001
v -15.36224651 -6.92270756 0.61000001
v -14.23578262 -9.01470947 0.55000001
v -14.23578262 -9.01470947 0.61000001
v -15.79416275 -5.87085485 0.55000001
v -15.79416275 -5.87085485 0.61000001
v -17.75646019 -3.75907159 0.55000001
v -17.75646019 -3.75907159 0.61000001
v -17.91952133 -2.88327527 0.55000001
v -17.91952133 -2.88327527 0.61000001
v -16.44058037 -3.69185591 0.55000001
v -16.44058037 -3.69185591 0.61000001
v -16.66762352 -2.47240853 0.55000001
v -16.66762352 -2.47240853 0.61000001
v -18.03941154 -2.00053310 0.55000001
v -18.03941154 -2.00053310 0.61000001
v -18.11584282 -1.11297131 0.55000001
v -18.14863396 -0.22272842 0.55000001
v -18.11584282 -1.11297131 0.61000001
v -18.14863396 -0.22272842 0.61000001
v -16.79642296 -1.34264910 0.55000001
v -16.79642296 -1.34264910 0.61000001
v -16.84873199 -0.20677543 0.55000001
v -16.84873199 -0.20677543 0.61000001
v -8.35877800 -16.11065865 0.55000001
v -8.35877800 -16.11065865 0.61000001
v -7.55819654 -16.50139809 0.55000001
v -7.55819654 -16.50139809 0.61000001
v -8.39513588 -14.60972881 0.55000001
v -8.39513588 -14.60972881 0.61000001
v -7.21229935 -15.22840786 0.55000001
v -7.21229935 -15.22840786 0.61000001
v -5.90438175 -17.16277313 0.55000001
v -5.90438175 -17.16277313 0.61000001
v -6.73940706 -16.85238457 0.55000001
v -6.73940706 -16.85238457 0.61000001
v -5.05513239 -17.43181419 0.55000001
v -5.05513239 -17.43181419 0.61000001
v -5.78657961 -15.82519436 0.55000001
v -5.78657961 -15.82519436 0.61000001
v -6.07844448 -14.04358196 0.55000001
v -6.07844448 -14.04358196 0.61000001
v -7.53162813 -12.85759735 0.55000001
v -7.53162813 -12.85759735 0.61000001
v -7.69397879 -10.62460423 0.55000001
v -7.69397879 -10.62460423 0.61000001
v -6.28975677 -12.18805504 0.55000001
v -6.28975677 -12.18805504 0.61000001
v -6.40526056 -10.30216408 0.55000001
v -6.40526056 -10.30216408 0.61000001
v -4.19370461 -17.65885925 0.55000001
v -4.19370461 -17.65885925 0.61000001
v -4.39438105 -16.26689720 0.55000001
v -4.39438105 -16.26689720 0.61000001
v -3.32217407 -17.84336472 0.55000001
v -2.44263983 -17.98488235 0.55000001
v -3.32217407 -17.84336472 0.61000001
v -2.44263983 -17.98488235 0.61000001
v -2.98252106 -16.58394051 0.55000001
v -2.98252106 -16.58394051 0.61000001
v -1.55722117 -18.08307457 0.55000001
v -1.55722117 -18.08307457 0.61000001
v -1.54866588 -16.77868080 0.55000001
v -1.54866588 -16.77868080 0.61000001
v -0.66805112 -18.13770103 0.55000001
v -0.66805112 -18.13770103 0.61000001
v -7.72019100 -8.65035439 0.55000001
v -7.72019100 -8.65035439 0.61000001
v -7.68237019 -7.51807308 0.55000001
v -7.68237019 -7.51807308 0.61000001
v -7.61866903 -6.71487856 0.55000001
v -7.48524809 -5.92153502 0.55000001
v -7.61866903 -6.71487856 0.61000001
v -7.48524809 -5.92153502 0.61000001
v -7.30498505 -5.13027191 0.55000001
v -7.30498505 -5.13027191 0.61000001
v -6.41492367 -8.40205288 0.55000001
v -6.41492367 -8.40205288 0.61000001
v -6.35268259 -7.06242990 0.55000001
v -6.35268259 -7.06242990 0.61000001
v -6.20934057 -6.17069626 0.55000001
v -6.20934057 -6.17069626 0.61000001
v -5.89589834 -4.91108036 0.55000001
v -5.89589834 -4.91108036 0.61000001
v -6.82921267 -3.58333826 0.55000001
v -6.82921267 -3.58333826 0.61000001
v -5.47633219 -3.67014050 0.55000001
v -5.47633219 -3.67014050 0.61000001
v -5.05163097 -2.62771702 0.55000001
v -5.05163097 -2.62771702 0.61000001
v -6.16355991 -1.92683625 0.55000001
v -6.16355991 -1.92683625 0.61000001
v -4.55891657 -1.55793691 0.55000001
v -4.55891657 -1.55793691 0.61000001
v -3.44967341 -3.00855541 0.55000001
v -3.88211465 -2.58946395 0.55000001
v -3.44967341 -3.00855541 0.61000001
v -3.88211465 -2.58946395 0.61000001
v -2.64414740 -3.42910528 0.55000001
v -2.64414740 -3.42910528 0.61000001
v -3.04465818 -3.27214479 0.55000001
v -3.04465818 -3.27214479 0.61000001
v -4.21238661 -2.15283179 0.55000001
v -4.21238661 -2.15283179 0.61000001
v -3.50844240 -0.74884140 0.55000001
v -3.73568201 -0.20896479 0.55000001
v -3.76955819 -0.11700356 0.55000001
v -3.50844240 -0.74884140 0.61000001
v -3.73568201 -0.20896479 0.61000001
v -3.76955819 -0.11700356 0.61000001
v -3.27846122 -1.19325066 0.55000001
v -3.05132699 -1.54584563 0.55000001
v -2.83380795 -1.81129336 0.55000001
v -2.51326323 -2.08041239 0.55000001
v -3.27846122 -1.19325066 0.61000001
v -3.05132699 -1.54584563 0.61000001
v -2.83380795 -1.81129336 0.61000001
v -2.51326323 -2.08041239 0.61000001
v -2.14318657 -3.49611044 0.55000001
v -1.69599152 -3.43944073 0.55000001
v -2.14318657 -3.49611044 0.61000001
v -1.69599152 -3.43944073 0.61000001
v -1.21031880 -3.24646974 0.55000001
v -1.21031880 -3.24646974 0.61000001
v -0.91400820 -3.05207658 0.55000001
v -0.65786254 -2.82461834 0.55000001
v -0.91400820 -3.05207658 0.61000001
v -0.65786254 -2.82461834 0.61000001
v -2.22192597 -2.19117069 0.55000001
v -1.93525028 -2.15361619 0.55000001
v -1.64602268 -1.97216749 0.55000001
v -1.48550975 -1.65118313 0.55000001
v -1.38910413 -1.34624195 0.55000001
v -2.22192597 -2.19117069 0.61000001
v -1.93525028 -2.15361619 0.61000001
v -1.64602268 -1.97216749 0.61000001
v -1.48550975 -1.65118313 0.61000001
v -1.38910413 -1.34624195 0.61000001
v -1.32673907 -1.01338494 0.55000001
v -1.30010319 -0.58036381 0.55000001
v -1.32012427 -0.23867372 0.55000001
v -1.32673907 -1.01338494 0.61000001
v -1.30010319 -0.58036381 0.61000001
v -1.32012427 -0.23867372 0.61000001
v -0.32611179 -2.24872208 0.55000001
v -0.19067521 -1.88521445 0.55000001
v -0.07742523 -1.43100631 0.55000001
v -0.32611179 -2.24872208 0.61000001
v -0.19067521 -1.88521445 0.61000001
v -0.07742523 -1.43100631 0.61000001
v -0.02261849 -1.05077004 0.55000001
v -0.00007580 -0.58221257 0.55000001
v -0.02742643 -0.10078584 0.55000001
v -0.02261849 -1.05077004 0.61000001
v -0.00007580 -0.58221257 0.61000001
v -0.02742643 -0.10078584 0.61000001
v -18.14863396 0.22272842 -0.61000001
v -18.11584282 1.11297131 -0.61000001
v -18.14863396 0.22272842 -0.55000001
v -18.11584282 1.11297131 -0.55000001
v -18.03941154 2.00053310 -0.61000001
v -18.03941154 2.00053310 -0.55000001
v -16.84873199 0.20677543 -0.61000001
v -16.84873199 0.20677543 -0.55000001
v -16.79642296 1.34264910 -0.61000001
v -16.79642296 1.34264910 -0.55000001
v -17.91952133 2.88327527 -0.61000001
v -17.91952133 2.88327527 -0.55000001
v -17.75646019 3.75907159 -0.61000001
v -17.75646019 3.75907159 -0.55000001
v -16.66762352 2.47240853 -0.61000001
v -16.66762352 2.47240853 -0.55000001
v -16.44058037 3.69185591 -0.61000001
v -16.44058037 3.69185591 -0.55000001
v -17.55062294 4.62581158 -0.61000001
v -17.30250549 5.48140812 -0.61000001
v -17.55062294 4.62581158 -0.55000001
v -17.30250549 5.48140812 -0.55000001
v -16.15415382 4.79226685 -0.61000001
v -16.15415382 4.79226685 -0.55000001
v -17.01270294 6.32379913 -0.61000001
v -17.01270294 6.32379913 -0.55000001
v -16.68191719 7.15095568 -0.61000001
v -16.68191719 7.15095568 -0.55000001
v -16.31094170 7.96088457 -0.61000001
v -15.90067196 8.75163555 -0.61000001
v -16.31094170 7.96088457 -0.55000001
v -15.90067196 8.75163555 -0.55000001
v -15.79416275 5.87085485 -0.61000001
v -15.79416275 5.87085485 -0.55000001
v -15.36224651 6.92270756 -0.61000001
v -15.36224651 6.92270756 -0.55000001
v -14.86037350 7.94303513 -0.61000001
v -14.86037350 7.94303513 -0.55000001
v -14.23578262 9.01470947 -0.61000001
v -14.23578262 9.01470947 -0.55000001
v -15.45209694 9.52130318 -0.61000001
v -15.45209694 9.52130318 -0.55000001
v -14.96629620 10.26803207 -0.61000001
v -14.96629620 10.26803207 -0.55000001
v -14.44443989 10.99002552 -0.61000001
v -14.44443989 10.99002552 -0.55000001
v -13.88778591 11.68554211 -0.61000001
v -13.88778591 11.68554211 -0.55000001
v -13.59538174 9.95430088 -0.61000001
v -13.59538174 9.95430088 -0.55000001
v -12.82626057 10.92746735 -0.61000001
v -12.82626057 10.92746735 -0.55000001
v -13.29767513 12.35290813 -0.61000001
v -13.29767513 12.35290813 -0.55000001
v -12.67552853 12.99051476 -0.61000001
v -12.67552853 12.99051476 -0.55000001
v -12.06006432 11.76764011 -0.61000001
v -12.06006432 11.76764011 -0.55000001
v -12.02284622 13.59682560 -0.61000001
v -12.02284622 13.59682560 -0.55000001
v -11.23894882 12.55422401 -0.61000001
v -10.28495026 13.34699631 -0.61000001
v -11.23894882 12.55422401 -0.55000001
v -10.28495026 13.34699631 -0.55000001
v -11.34119987 14.17038059 -0.61000001
v -10.63223076 14.70979786 -0.61000001
v -11.34119987 14.17038059 -0.55000001
v -10.63223076 14.70979786 -0.55000001
v -9.36135864 14.01026344 -0.61000001
v -9.36135864 14.01026344 -0.55000001
v -9.89764881 15.21377850 -0.61000001
v -9.13922119 15.68110752 -0.61000001
v -9.89764881 15.21377850 -0.55000001
v -9.13922119 15.68110752 -0.55000001
v -6.82921267 3.58333826 -0.61000001
v -6.82921267 3.58333826 -0.55000001
v -6.16355991 1.92683625 -0.61000001
v -6.16355991 1.92683625 -0.55000001
v -4.55891657 1.55793691 -0.61000001
v -4.55891657 1.55793691 -0.55000001
v -5.05163097 2.62771702 -0.61000001
v -5.05163097 2.62771702 -0.55000001
v -5.47633219 3.67014050 -0.61000001
v -5.47633219 3.67014050 -0.55000001
v -7.30498505 5.13027191 -0.61000001
v -7.30498505 5.13027191 -0.55000001
v -7.48524809 5.92153502 -0.61000001
v -7.61866903 6.71487856 -0.61000001
v -7.48524809 5.92153502 -0.55000001
v -7.61866903 6.71487856 -0.55000001
v -7.68237019 7.51807308 -0.61000001
v -7.68237019 7.51807308 -0.55000001
v -7.72019100 8.65035439 -0.61000001
v -7.72019100 8.65035439 -0.55000001
v -5.89589834 4.91108036 -0.61000001
v -5.89589834 4.91108036 -0.55000001
v -6.20934057 6.17069626 -0.61000001
v -6.20934057 6.17069626 -0.55000001
v -6.35268259 7.06242990 -0.61000001
v -6.35268259 7.06242990 -0.55000001
v -6.41492367 8.40205288 -0.61000001
v -6.41492367 8.40205288 -0.55000001
v -3.76955819 0.11700356 -0.61000001
v -3.73568201 0.20896479 -0.61000001
v -3.50844240 0.74884140 -0.61000001
v -3.76955819 0.11700356 -0.55000001
v -3.73568201 0.20896479 -0.55000001
v -3.50844240 0.74884140 -0.55000001
v -4.21238661 2.15283179 -0.61000001
v -4.21238661 2.15283179 -0.55000001
v -3.27846122 1.19325066 -0.61000001
v -3.05132699 1.54584563 -0.61000001
v -2.83380795 1.81129336 -0.61000001
v -2.51326323 2.08041239 -0.61000001
v -3.27846122 1.19325066 -0.55000001
v -3.05132699 1.54584563 -0.55000001
v -2.83380795 1.81129336 -0.55000001
v -2.51326323 2.08041239 -0.55000001
v -3.88211465 2.58946395 -0.61000001
v -3.44967341 3.00855541 -0.61000001
v -3.88211465 2.58946395 -0.55000001
v -3.44967341 3.00855541 -0.55000001
v -3.04465818 3.27214479 -0.61000001
v -3.04465818 3.27214479 -0.55000001
v -2.64414740 3.42910528 -0.61000001
v -2.64414740 3.42910528 -0.55000001
v -1.32012427 0.23867372 -0.61000001
v -1.30010319 0.58036381 -0.61000001
v -1.32673907 1.01338494 -0.61000001
v -1.32012427 0.23867372 -0.55000001
v -1.30010319 0.58036381 -0.55000001
v -1.32673907 1.01338494 -0.55000001
v -2.22192597 2.19117069 -0.61000001
v -1.93525028 2.15361619 -0.61000001
v -1.48550975 1.65118313 -0.61000001
v -1.38910413 1.34624195 -0.61000001
v -1.64602268 1.97216749 -0.61000001
v -2.22192597 2.19117069 -0.55000001
v -1.93525028 2.15361619 -0.55000001
v -1.48550975 1.65118313 -0.55000001
v -1.38910413 1.34624195 -0.55000001
v -1.64602268 1.97216749 -0.55000001
v -0.02742643 0.10078584 -0.61000001
v -0.00007580 0.58221257 -0.61000001
v -0.02261849 1.05077004 -0.61000001
v -0.02742643 0.10078584 -0.55000001
v -0.00007580 0.58221257 -0.55000001
v -0.02261849 1.05077004 -0.55000001
v -0.07742523 1.43100631 -0.61000001
v -0.32611179 2.24872208 -0.61000001
v -0.19067521 1.88521445 -0.61000001
v -0.07742523 1.43100631 -0.55000001
v -0.32611179 2.24872208 -0.55000001
v -0.19067521 1.88521445 -0.55000001
v -1.21031880 3.24646974 -0.61000001
v -1.21031880 3.24646974 -0.55000001
v -2.14318657 3.49611044 -0.61000001
v -1.69599152 3.43944073 -0.61000001
v -2.14318657 3.49611044 -0.55000001
v -1.69599152 3.43944073 -0.55000001
v -0.65786254 2.82461834 -0.61000001
v -0.91400820 3.05207658 -0.61000001
v -0.65786254 2.82461834 -0.55000001
v -0.91400820 3.05207658 -0.55000001
v -7.69397879 10.62460423 -0.61000001
v -7.69397879 10.62460423 -0.55000001
v -7.53162813 12.85759735 -0.61000001
v -7.53162813 12.85759735 -0.55000001
v -6.40526056 10.30216408 -0.61000001
v -6.40526056 10.30216408 -0.55000001
v -6.28975677 12.18805504 -0.61000001
v -6.28975677 12.18805504 -0.55000001
v -8.39513588 14.60972881 -0.61000001
v -8.39513588 14.60972881 -0.55000001
v -7.21229935 15.22840786 -0.61000001
v -7.21229935 15.22840786 -0.55000001
v -8.35877800 16.11065865 -0.61000001
v -8.35877800 16.11065865 -0.55000001
v -7.55819654 16.50139809 -0.61000001
v -7.55819654 16.50139809 -0.55000001
v -6.07844448 14.04358196 -0.61000001
v -6.07844448 14.04358196 -0.55000001
v -5.78657961 15.82519436 -0.61000001
v -5.78657961 15.82519436 -0.55000001
v -6.73940706 16.85238457 -0.61000001
v -6.73940706 16.85238457 -0.55000001
v -5.90438175 17.16277313 -0.61000001
v -5.90438175 17.16277313 -0.55000001
v -5.05513239 17.43181419 -0.61000001
v -5.05513239 17.43181419 -0.55000001
v -4.39438105 16.26689720 -0.61000001
v -4.39438105 16.26689720 -0.55000001
v -4.19370461 17.65885925 -0.61000001
v -4.19370461 17.65885925 -0.55000001
v -2.98252106 16.58394051 -0.61000001
v -2.98252106 16.58394051 -0.55000001
v -3.32217407 17.84336472 -0.61000001
v -2.44263983 17.98488235 -0.61000001
v -3.32217407 17.84336472 -0.55000001
v -2.44263983 17.98488235 -0.55000001
v -1.54866588 16.77868080 -0.61000001
v -1.54866588 16.77868080 -0.55000001
v -1.55722117 18.08307457 -0.61000001
v -1.55722117 18.08307457 -0.55000001
v -0.66805112 18.13770103 -0.61000001
v -0.66805112 18.13770103 -0.55000001
v -18.13770103 0.66805112 0.55000001
v -18.13770103 0.66805112 0.61000001
v -18.08307457 1.55722117 0.55000001
v -18.08307457 1.55722117 0.61000001
v -16.82431412 0.93003988 0.55000001
v -16.82431412 0.93003988 0.61000001
v -16.71030998 2.16519308 0.55000001
v -16.71030998 2.16519308 0.61000001
v -17.98488235 2.44263983 0.55000001
v -17.84336472 3.32217407 0.55000001
v -17.98488235 2.44263983 0.61000001
v -17.84336472 3.32217407 0.61000001
v -17.65885925 4.19370461 0.55000001
v -17.65885925 4.19370461 0.61000001
v -16.52623177 3.28727198 0.55000001
v -16.52623177 3.28727198 0.61000001
v -16.26689720 4.39438105 0.55000001
v -16.26689720 4.39438105 0.61000001
v -17.43181419 5.05513239 0.55000001
v -17.43181419 5.05513239 0.61000001
v -17.16277313 5.90438175 0.55000001
v -17.16277313 5.90438175 0.61000001
v -15.89954948 5.57914114 0.55000001
v -15.89954948 5.57914114 0.61000001
v -16.85238457 6.73940706 0.55000001
v -16.85238457 6.73940706 0.61000001
v -16.50139809 7.55819654 0.55000001
v -16.50139809 7.55819654 0.61000001
v -16.11065865 8.35877800 0.55000001
v -16.11065865 8.35877800 0.61000001
v -15.48706818 6.63876581 0.55000001
v -15.48706818 6.63876581 0.61000001
v -15.00406075 7.66815853 0.55000001
v -15.00406075 7.66815853 0.61000001
v -14.39930248 8.75114822 0.55000001
v -14.39930248 8.75114822 0.61000001
v -15.68110752 9.13922119 0.55000001
v -15.21377850 9.89764881 0.55000001
v -15.68110752 9.13922119 0.61000001
v -15.21377850 9.89764881 0.61000001
v -13.77630424 9.70236778 0.55000001
v -13.77630424 9.70236778 0.61000001
v -14.70979786 10.63223076 0.55000001
v -14.17038059 11.34119987 0.55000001
v -14.70979786 10.63223076 0.61000001
v -14.17038059 11.34119987 0.61000001
v -13.09057045 10.60940456 0.55000001
v -13.09057045 10.60940456 0.61000001
v -13.59682560 12.02284622 0.55000001
v -13.59682560 12.02284622 0.61000001
v -12.99051476 12.67552853 0.55000001
v -12.99051476 12.67552853 0.61000001
v -12.34522438 11.46812725 0.55000001
v -11.46812725 12.34522438 0.55000001
v -12.34522438 11.46812725 0.61000001
v -11.46812725 12.34522438 0.61000001
v -12.35290813 13.29767513 0.55000001
v -12.35290813 13.29767513 0.61000001
v -10.52888203 13.15542221 0.55000001
v -10.52888203 13.15542221 0.61000001
v -11.68554211 13.88778591 0.55000001
v -11.68554211 13.88778591 0.61000001
v -10.99002552 14.44443989 0.55000001
v -10.99002552 14.44443989 0.61000001
v -10.26803207 14.96629620 0.55000001
v -10.26803207 14.96629620 0.61000001
v -9.61765575 13.83557701 0.55000001
v -9.61765575 13.83557701 0.61000001
v -9.52130318 15.45209694 0.55000001
v -9.52130318 15.45209694 0.61000001
v -5.68431377 1.22862637 0.55000001
v -5.68431377 1.22862637 0.61000001
v -5.21917057 0.02593786 0.55000001
v -5.21917057 0.02593786 0.61000001
v -6.17791939 2.81117630 0.55000001
v -6.17791939 2.81117630 0.61000001
v -6.58383942 4.47378063 0.55000001
v -6.58383942 4.47378063 0.61000001
v -4.92350817 3.15246654 0.55000001
v -4.92350817 3.15246654 0.61000001
v -6.91522408 6.23431253 0.55000001
v -6.91522408 6.23431253 0.61000001
v -7.17397499 8.05983448 0.55000001
v -7.17397499 8.05983448 0.61000001
v -5.39978027 5.16518116 0.55000001
v -5.39978027 5.16518116 0.61000001
v -5.76538658 7.31741047 0.55000001
v -5.76538658 7.31741047 0.61000001
v -3.55076194 0.12442127 0.55000001
v -3.55076194 0.12442127 0.61000001
v -4.29416513 1.21236706 0.55000001
v -4.45588350 1.65406156 0.55000001
v -3.96125746 1.48850095 0.55000001
v -3.52956200 1.77037549 0.55000001
v -4.29416513 1.21236706 0.61000001
v -4.45588350 1.65406156 0.61000001
v -3.96125746 1.48850095 0.61000001
v -3.52956200 1.77037549 0.61000001
v -3.04304194 0.54557133 0.55000001
v -2.76040721 0.70543730 0.55000001
v -2.49399281 0.80806565 0.55000001
v -3.04304194 0.54557133 0.61000001
v -2.76040721 0.70543730 0.61000001
v -2.49399281 0.80806565 0.61000001
v -3.07880425 1.98188102 0.55000001
v -2.64081740 2.11045527 0.55000001
v -3.07880425 1.98188102 0.61000001
v -2.64081740 2.11045527 0.61000001
v -2.25151896 0.85734570 0.55000001
v -2.03742337 0.85953343 0.55000001
v -1.84990311 0.82096398 0.55000001
v -1.51285231 0.49123192 0.55000001
v -1.39378798 0.15748605 0.55000001
v -1.65021694 0.72322196 0.55000001
v -2.25151896 0.85734570 0.61000001
v -2.03742337 0.85953343 0.61000001
v -1.84990311 0.82096398 0.61000001
v -1.51285231 0.49123192 0.61000001
v -1.39378798 0.15748605 0.61000001
v -1.65021694 0.72322196 0.61000001
v -2.25544572 2.16073489 0.55000001
v -1.81306219 2.14178777 0.55000001
v -1.46310568 2.06222630 0.55000001
v -2.25544572 2.16073489 0.61000001
v -1.81306219 2.14178777 0.61000001
v -1.46310568 2.06222630 0.61000001
v -0.08576954 0.27126136 0.55000001
v -0.32951126 1.02962756 0.55000001
v -0.20174608 0.70625740 0.55000001
v -0.08576954 0.27126136 0.61000001
v -0.32951126 1.02962756 0.61000001
v -0.20174608 0.70625740 0.61000001
v -0.72561145 1.64435959 0.55000001
v -1.12745106 1.92273748 0.55000001
v -0.50985444 1.35968316 0.55000001
v -0.72561145 1.64435959 0.61000001
v -1.12745106 1.92273748 0.61000001
v -0.50985444 1.35968316 0.61000001
v -7.40826273 10.42863560 0.55000001
v -7.40826273 10.42863560 0.61000001
v -7.53380299 12.39680004 0.55000001
v -7.53380299 12.39680004 0.61000001
v -6.03135824 9.59220600 0.55000001
v -6.03135824 9.59220600 0.61000001
v -6.23534012 12.46003437 0.55000001
v -6.23534012 12.46003437 0.61000001
v -8.66263103 14.45272732 0.55000001
v -8.66263103 14.45272732 0.61000001
v -7.62520361 15.02584839 0.55000001
v -7.62520361 15.02584839 0.61000001
v -8.75163555 15.90067196 0.55000001
v -7.96088457 16.31094170 0.55000001
v -8.75163555 15.90067196 0.61000001
v -7.96088457 16.31094170 0.61000001
v -7.15095568 16.68191719 0.55000001
v -7.15095568 16.68191719 0.61000001
v -6.33562136 15.61348248 0.55000001
v -5.77383327 15.82988834 0.55000001
v -6.33562136 15.61348248 0.61000001
v -5.77383327 15.82988834 0.61000001
v -6.32379913 17.01270294 0.55000001
v -6.32379913 17.01270294 0.61000001
v -5.48140812 17.30250549 0.55000001
v -4.62581158 17.55062294 0.55000001
v -5.48140812 17.30250549 0.61000001
v -4.62581158 17.55062294 0.61000001
v -4.29448652 16.29355431 0.55000001
v -4.29448652 16.29355431 0.61000001
v -3.75907159 17.75646019 0.55000001
v -3.75907159 17.75646019 0.61000001
v -2.77878618 16.61929131 0.55000001
v -2.77878618 16.61929131 0.61000001
v -2.88327527 17.91952133 0.55000001
v -2.88327527 17.91952133 0.61000001
v -1.23956287 16.80434418 0.55000001
v -1.23956287 16.80434418 0.61000001
v -2.00053310 18.03941154 0.55000001
v -2.00053310 18.03941154 0.61000001
v -1.11297131 18.11584282 0.55000001
v -0.22272842 18.14863396 0.55000001
v -1.11297131 18.11584282 0.61000001
v -0.22272842 18.14863396 0.61000001
v 0.66805112 -18.13770103 -0.61000001
v 0.66805112 -18.13770103 -0.55000001
v 0.31015339 -16.84714508 -0.61000001
v 0.31015339 -16.84714508 -0.55000001
v 1.55722117 -18.08307457 -0.61000001
v 1.55722117 -18.08307457 -0.55000001
v 1.85724425 -16.74733162 -0.61000001
v 1.85724425 -16.74733162 -0.55000001
v 2.44263983 -17.98488235 -0.61000001
v 3.32217407 -17.84336472 -0.61000001
v 2.44263983 -17.98488235 -0.55000001
v 3.32217407 -17.84336472 -0.55000001
v 3.38861299 -16.50575066 -0.61000001
v 3.38861299 -16.50575066 -0.55000001
v 4.19370461 -17.65885925 -0.61000001
v 4.19370461 -17.65885925 -0.55000001
v 5.05513239 -17.43181419 -0.61000001
v 5.05513239 -17.43181419 -0.55000001
v 4.89129686 -16.12444496 -0.61000001
v 4.89129686 -16.12444496 -0.55000001
v 5.90438175 -17.16277313 -0.61000001
v 5.90438175 -17.16277313 -0.55000001
v 6.73940706 -16.85238457 -0.61000001
v 6.73940706 -16.85238457 -0.55000001
v 6.33562136 -15.61348248 -0.61000001
v 6.33562136 -15.61348248 -0.55000001
v 7.55819654 -16.50139809 -0.61000001
v 7.55819654 -16.50139809 -0.55000001
v 8.35877800 -16.11065865 -0.61000001
v 8.35877800 -16.11065865 -0.55000001
v 7.62520361 -15.02584839 -0.61000001
v 7.62520361 -15.02584839 -0.55000001
v 8.66263103 -14.45272732 -0.61000001
v 8.66263103 -14.45272732 -0.55000001
v 6.27872133 -13.44481945 -0.61000001
v 6.27872133 -13.44481945 -0.55000001
v 6.14791727 -11.00889874 -0.61000001
v 6.14791727 -11.00889874 -0.55000001
v 5.98558521 -9.12825298 -0.61000001
v 5.98558521 -9.12825298 -0.55000001
v 7.53380299 -12.39680004 -0.61000001
v 7.53380299 -12.39680004 -0.55000001
v 7.40826273 -10.42863560 -0.61000001
v 7.40826273 -10.42863560 -0.55000001
v 0.55719829 -1.43050694 -0.61000001
v 1.02040267 -1.86297035 -0.61000001
v 0.75394434 -1.67279422 -0.61000001
v 0.55719829 -1.43050694 -0.55000001
v 1.02040267 -1.86297035 -0.55000001
v 0.75394434 -1.67279422 -0.55000001
v 0.20890296 -0.72740686 -0.61000001
v 0.37994963 -1.13343680 -0.61000001
v 0.10674906 -0.36787796 -0.61000001
v 0.20890296 -0.72740686 -0.55000001
v 0.37994963 -1.13343680 -0.55000001
v 0.10674906 -0.36787796 -0.55000001
v 1.31433630 -2.00876427 -0.61000001
v 1.66009116 -2.11454678 -0.61000001
v 2.01625991 -2.16112947 -0.61000001
v 1.31433630 -2.00876427 -0.55000001
v 1.66009116 -2.11454678 -0.55000001
v 2.01625991 -2.16112947 -0.55000001
v 1.65021694 -0.72322196 -0.61000001
v 1.41438997 -0.23017812 -0.61000001
v 1.51285231 -0.49123192 -0.61000001
v 1.84990311 -0.82096398 -0.61000001
v 2.08825660 -0.86301500 -0.61000001
v 1.65021694 -0.72322196 -0.55000001
v 1.41438997 -0.23017812 -0.55000001
v 1.51285231 -0.49123192 -0.55000001
v 1.84990311 -0.82096398 -0.55000001
v 2.08825660 -0.86301500 -0.55000001
v 2.37484384 -2.15157533 -0.61000001
v 2.75747037 -2.08356214 -0.61000001
v 3.19311547 -1.93593156 -0.61000001
v 2.37484384 -2.15157533 -0.55000001
v 2.75747037 -2.08356214 -0.55000001
v 3.19311547 -1.93593156 -0.55000001
v 2.36937284 -0.83902746 -0.61000001
v 2.62464714 -0.76372522 -0.61000001
v 2.90023446 -0.63280195 -0.61000001
v 3.18773651 -0.44362426 -0.61000001
v 2.36937284 -0.83902746 -0.55000001
v 2.62464714 -0.76372522 -0.55000001
v 2.90023446 -0.63280195 -0.55000001
v 3.18773651 -0.44362426 -0.55000001
v 3.54915857 -1.75931180 -0.61000001
v 3.96125746 -1.48850095 -0.61000001
v 4.29416513 -1.21236706 -0.61000001
v 3.54915857 -1.75931180 -0.55000001
v 3.96125746 -1.48850095 -0.55000001
v 4.29416513 -1.21236706 -0.55000001
v 3.47852373 -0.19557542 -0.61000001
v 3.47852373 -0.19557542 -0.55000001
v 5.76538658 -7.31741047 -0.61000001
v 5.76538658 -7.31741047 -0.55000001
v 5.48141146 -5.58500862 -0.61000001
v 5.48141146 -5.58500862 -0.55000001
v 7.17397499 -8.05983448 -0.61000001
v 7.17397499 -8.05983448 -0.55000001
v 6.91522408 -6.23431253 -0.61000001
v 6.91522408 -6.23431253 -0.55000001
v 5.12797356 -3.93972731 -0.61000001
v 5.12797356 -3.93972731 -0.55000001
v 4.69968367 -2.39022541 -0.61000001
v 4.69968367 -2.39022541 -0.55000001
v 6.58383942 -4.47378063 -0.61000001
v 6.58383942 -4.47378063 -0.55000001
v 6.17791939 -2.81117630 -0.61000001
v 6.17791939 -2.81117630 -0.55000001
v 5.21917057 -0.02593786 -0.61000001
v 5.21917057 -0.02593786 -0.55000001
v 5.68431377 -1.22862637 -0.61000001
v 5.68431377 -1.22862637 -0.55000001
v 9.13922119 -15.68110752 -0.61000001
v 9.89764881 -15.21377850 -0.61000001
v 9.13922119 -15.68110752 -0.55000001
v 9.89764881 -15.21377850 -0.55000001
v 9.61765575 -13.83557701 -0.61000001
v 9.61765575 -13.83557701 -0.55000001
v 10.63223076 -14.70979786 -0.61000001
v 11.34119987 -14.17038059 -0.61000001
v 10.63223076 -14.70979786 -0.55000001
v 11.34119987 -14.17038059 -0.55000001
v 10.52888203 -13.15542221 -0.61000001
v 10.52888203 -13.15542221 -0.55000001
v 12.02284622 -13.59682560 -0.61000001
v 12.02284622 -13.59682560 -0.55000001
v 11.46812725 -12.34522438 -0.61000001
v 12.27462482 -11.54366016 -0.61000001
v 11.46812725 -12.34522438 -0.55000001
v 12.27462482 -11.54366016 -0.55000001
v 12.67552853 -12.99051476 -0.61000001
v 12.67552853 -12.99051476 -0.55000001
v 13.29767513 -12.35290813 -0.61000001
v 13.29767513 -12.35290813 -0.55000001
v 13.02522659 -10.68952656 -0.61000001
v 13.02522659 -10.68952656 -0.55000001
v 13.88778591 -11.68554211 -0.61000001
v 13.88778591 -11.68554211 -0.55000001
v 14.44443989 -10.99002552 -0.61000001
v 14.44443989 -10.99002552 -0.55000001
v 13.77630424 -9.70236778 -0.61000001
v 13.77630424 -9.70236778 -0.55000001
v 14.96629620 -10.26803207 -0.61000001
v 14.96629620 -10.26803207 -0.55000001
v 15.45209694 -9.52130318 -0.61000001
v 15.45209694 -9.52130318 -0.55000001
v 14.39930248 -8.75114822 -0.61000001
v 14.39930248 -8.75114822 -0.55000001
v 14.95672798 -7.76007748 -0.61000001
v 14.95672798 -7.76007748 -0.55000001
v 15.44604206 -6.73366785 -0.61000001
v 15.44604206 -6.73366785 -0.55000001
v 15.90067196 -8.75163555 -0.61000001
v 16.31094170 -7.96088457 -0.61000001
v 15.90067196 -8.75163555 -0.55000001
v 16.31094170 -7.96088457 -0.55000001
v 16.68191719 -7.15095568 -0.61000001
v 16.68191719 -7.15095568 -0.55000001
v 17.01270294 -6.32379913 -0.61000001
v 17.01270294 -6.32379913 -0.55000001
v 15.89954948 -5.57914114 -0.61000001
v 15.89954948 -5.57914114 -0.55000001
v 17.30250549 -5.48140812 -0.61000001
v 17.55062294 -4.62581158 -0.61000001
v 17.30250549 -5.48140812 -0.55000001
v 17.55062294 -4.62581158 -0.55000001
v 16.23962593 -4.49411011 -0.61000001
v 16.23962593 -4.49411011 -0.55000001
v 16.50575066 -3.38861299 -0.61000001
v 16.50575066 -3.38861299 -0.55000001
v 17.75646019 -3.75907159 -0.61000001
v 17.75646019 -3.75907159 -0.55000001
v 17.91952133 -2.88327527 -0.61000001
v 17.91952133 -2.88327527 -0.55000001
v 16.71030998 -2.16519308 -0.61000001
v 16.71030998 -2.16519308 -0.55000001
v 16.82431412 -0.93003988 -0.61000001
v 16.82431412 -0.93003988 -0.55000001
v 18.03941154 -2.00053310 -0.61000001
v 18.03941154 -2.00053310 -0.55000001
v 18.11584282 -1.11297131 -0.61000001
v 18.14863396 -0.22272842 -0.61000001
v 18.11584282 -1.11297131 -0.55000001
v 18.14863396 -0.22272842 -0.55000001
v 0.22272842 -18.14863396 0.55000001
v 1.11297131 -18.11584282 0.55000001
v 0.22272842 -18.14863396 0.61000001
v 1.11297131 -18.11584282 0.61000001
v 0.00000000 -16.85000038 0.55000001
v 0.00000000 -16.85000038 0.61000001
v 2.00053310 -18.03941154 0.55000001
v 2.00053310 -18.03941154 0.61000001
v 1.54866588 -16.77868080 0.55000001
v 1.54866588 -16.77868080 0.61000001
v 2.88327527 -17.91952133 0.55000001
v 2.88327527 -17.91952133 0.61000001
v 2.98252106 -16.58394051 0.55000001
v 2.98252106 -16.58394051 0.61000001
v 3.75907159 -17.75646019 0.55000001
v 3.75907159 -17.75646019 0.61000001
v 4.39438105 -16.26689720 0.55000001
v 4.39438105 -16.26689720 0.61000001
v 4.62581158 -17.55062294 0.55000001
v 5.48140812 -17.30250549 0.55000001
v 4.62581158 -17.55062294 0.61000001
v 5.48140812 -17.30250549 0.61000001
v 6.32379913 -17.01270294 0.55000001
v 6.32379913 -17.01270294 0.61000001
v 5.77383327 -15.82988834 0.55000001
v 5.77383327 -15.82988834 0.61000001
v 6.07844448 -14.04358196 0.55000001
v 6.07844448 -14.04358196 0.61000001
v 7.15095568 -16.68191719 0.55000001
v 7.15095568 -16.68191719 0.61000001
v 7.96088457 -16.31094170 0.55000001
v 8.75163555 -15.90067196 0.55000001
v 7.96088457 -16.31094170 0.61000001
v 8.75163555 -15.90067196 0.61000001
v 7.21229935 -15.22840786 0.55000001
v 7.21229935 -15.22840786 0.61000001
v 8.30533409 -14.66096592 0.55000001
v 8.30533409 -14.66096592 0.61000001
v 6.28975677 -12.18805504 0.55000001
v 6.28975677 -12.18805504 0.61000001
v 6.40526056 -10.30216408 0.55000001
v 6.40526056 -10.30216408 0.61000001
v 7.50274515 -13.12823868 0.55000001
v 7.50274515 -13.12823868 0.61000001
v 7.68114519 -10.90518284 0.55000001
v 7.68114519 -10.90518284 0.61000001
v 0.91400820 -3.05207658 0.55000001
v 0.65786254 -2.82461834 0.55000001
v 0.91400820 -3.05207658 0.61000001
v 0.65786254 -2.82461834 0.61000001
v 1.69599152 -3.43944073 0.55000001
v 2.14318657 -3.49611044 0.55000001
v 1.69599152 -3.43944073 0.61000001
v 2.14318657 -3.49611044 0.61000001
v 1.21031880 -3.24646974 0.55000001
v 1.21031880 -3.24646974 0.61000001
v 0.19067521 -1.88521445 0.55000001
v 0.32611179 -2.24872208 0.55000001
v 0.07742523 -1.43100631 0.55000001
v 0.19067521 -1.88521445 0.61000001
v 0.32611179 -2.24872208 0.61000001
v 0.07742523 -1.43100631 0.61000001
v 0.02261849 -1.05077004 0.55000001
v 0.00016604 -0.56493539 0.55000001
v 0.02945749 -0.08291744 0.55000001
v 0.02261849 -1.05077004 0.61000001
v 0.00016604 -0.56493539 0.61000001
v 0.02945749 -0.08291744 0.61000001
v 1.51442742 -1.72142351 0.55000001
v 1.64602268 -1.97216749 0.55000001
v 1.41015649 -1.42565143 0.55000001
v 1.97845650 -2.16877174 0.55000001
v 2.26429701 -2.18391919 0.55000001
v 1.51442742 -1.72142351 0.61000001
v 1.64602268 -1.97216749 0.61000001
v 1.41015649 -1.42565143 0.61000001
v 1.97845650 -2.16877174 0.61000001
v 2.26429701 -2.18391919 0.61000001
v 1.33897221 -1.09842551 0.55000001
v 1.30559337 -0.40788808 0.55000001
v 1.33897221 -1.09842551 0.61000001
v 1.30559337 -0.40788808 0.61000001
v 2.64414740 -3.42910528 0.55000001
v 2.64414740 -3.42910528 0.61000001
v 3.04465818 -3.27214479 0.55000001
v 3.04465818 -3.27214479 0.61000001
v 3.44967341 -3.00855541 0.55000001
v 3.88211465 -2.58946395 0.55000001
v 3.44967341 -3.00855541 0.61000001
v 3.88211465 -2.58946395 0.61000001
v 2.57195520 -2.04207730 0.55000001
v 2.90478182 -1.73213160 0.55000001
v 3.20212412 -1.32078338 0.55000001
v 2.57195520 -2.04207730 0.61000001
v 2.90478182 -1.73213160 0.61000001
v 3.20212412 -1.32078338 0.61000001
v 4.21238661 -2.15283179 0.55000001
v 4.21238661 -2.15283179 0.61000001
v 3.50844240 -0.74884140 0.55000001
v 3.76955819 -0.11700356 0.55000001
v 3.50844240 -0.74884140 0.61000001
v 3.76955819 -0.11700356 0.61000001
v 6.41492367 -8.40205288 0.55000001
v 6.41492367 -8.40205288 0.61000001
v 6.35268259 -7.06242990 0.55000001
v 6.35268259 -7.06242990 0.61000001
v 6.20934057 -6.17069626 0.55000001
v 6.20934057 -6.17069626 0.61000001
v 5.89589834 -4.91108036 0.55000001
v 5.89589834 -4.91108036 0.61000001
v 7.72027969 -8.65593338 0.55000001
v 7.72027969 -8.65593338 0.61000001
v 7.68237019 -7.51807308 0.55000001
v 7.68237019 -7.51807308 0.61000001
v 7.62007666 -6.72519588 0.55000001
v 7.48524809 -5.92153502 0.55000001
v 7.62007666 -6.72519588 0.61000001
v 7.48524809 -5.92153502 0.61000001
v 7.30498505 -5.13027191 0.55000001
v 7.30498505 -5.13027191 0.61000001
v 5.47633219 -3.67014050 0.55000001
v 5.47633219 -3.67014050 0.61000001
v 5.05163097 -2.62771702 0.55000001
v 5.05163097 -2.62771702 0.61000001
v 4.55891657 -1.55793691 0.55000001
v 4.55891657 -1.55793691 0.61000001
v 6.16355991 -1.92683625 0.55000001
v 6.16355991 -1.92683625 0.61000001
v 6.83137608 -3.58941674 0.55000001
v 6.83137608 -3.58941674 0.61000001
v 9.52130318 -15.45209694 0.55000001
v 9.52130318 -15.45209694 0.61000001
v 9.27521706 -14.06743908 0.55000001
v 9.27521706 -14.06743908 0.61000001
v 10.26803207 -14.96629620 0.55000001
v 10.26803207 -14.96629620 0.61000001
v 10.99002552 -14.44443989 0.55000001
v 10.99002552 -14.44443989 0.61000001
v 11.68554211 -13.88778591 0.55000001
v 11.68554211 -13.88778591 0.61000001
v 10.20286083 -13.40985203 0.55000001
v 10.20286083 -13.40985203 0.61000001
v 11.16170597 -12.62294865 0.55000001
v 11.16170597 -12.62294865 0.61000001
v 12.35290813 -13.29767513 0.55000001
v 12.35290813 -13.29767513 0.61000001
v 12.06006432 -11.76764011 0.55000001
v 12.06006432 -11.76764011 0.61000001
v 12.99051476 -12.67552853 0.55000001
v 12.99051476 -12.67552853 0.61000001
v 13.59682560 -12.02284622 0.55000001
v 13.59682560 -12.02284622 0.61000001
v 12.82626057 -10.92746735 0.55000001
v 12.82626057 -10.92746735 0.61000001
v 13.53404713 -10.03753281 0.55000001
v 13.53404713 -10.03753281 0.61000001
v 14.17038059 -11.34119987 0.55000001
v 14.70979786 -10.63223076 0.55000001
v 14.17038059 -11.34119987 0.61000001
v 14.70979786 -10.63223076 0.61000001
v 14.18020153 -9.10188961 0.55000001
v 14.18020153 -9.10188961 0.61000001
v 15.21377850 -9.89764881 0.55000001
v 15.68110752 -9.13922119 0.55000001
v 15.21377850 -9.89764881 0.61000001
v 15.68110752 -9.13922119 0.61000001
v 14.76178074 -8.12479687 0.55000001
v 14.76178074 -8.12479687 0.61000001
v 15.27613735 -7.11070442 0.55000001
v 15.27613735 -7.11070442 0.61000001
v 15.75784206 -5.96765518 0.55000001
v 15.75784206 -5.96765518 0.61000001
v 16.11065865 -8.35877800 0.55000001
v 16.11065865 -8.35877800 0.61000001
v 16.50139809 -7.55819654 0.55000001
v 16.50139809 -7.55819654 0.61000001
v 16.85238457 -6.73940706 0.55000001
v 16.85238457 -6.73940706 0.61000001
v 16.12444496 -4.89129686 0.55000001
v 16.12444496 -4.89129686 0.61000001
v 17.16277313 -5.90438175 0.55000001
v 17.16277313 -5.90438175 0.61000001
v 17.43181419 -5.05513239 0.55000001
v 17.43181419 -5.05513239 0.61000001
v 16.44058037 -3.69185591 0.55000001
v 16.44058037 -3.69185591 0.61000001
v 16.65213966 -2.57463264 0.55000001
v 16.65213966 -2.57463264 0.61000001
v 17.65885925 -4.19370461 0.55000001
v 17.65885925 -4.19370461 0.61000001
v 17.84336472 -3.32217407 0.55000001
v 17.98488235 -2.44263983 0.55000001
v 17.84336472 -3.32217407 0.61000001
v 17.98488235 -2.44263983 0.61000001
v 16.79642296 -1.34264910 0.55000001
v 16.79642296 -1.34264910 0.61000001
v 16.84873199 -0.20677543 0.55000001
v 16.84873199 -0.20677543 0.61000001
v 18.08307457 -1.55722117 0.55000001
v 18.08307457 -1.55722117 0.61000001
v 18.13770103 -0.66805112 0.55000001
v 18.13770103 -0.66805112 0.61000001
v 0.02945749 0.08291744 -0.61000001
v 0.00016604 0.56493539 -0.61000001
v 0.02261849 1.05077004 -0.61000001
v 0.02945749 0.08291744 -0.55000001
v 0.00016604 0.56493539 -0.55000001
v 0.02261849 1.05077004 -0.55000001
v 0.07742523 1.43100631 -0.61000001
v 0.19067521 1.88521445 -0.61000001
v 0.32611179 2.24872208 -0.61000001
v 0.07742523 1.43100631 -0.55000001
v 0.19067521 1.88521445 -0.55000001
v 0.32611179 2.24872208 -0.55000001
v 1.30559337 0.40788808 -0.61000001
v 1.33897221 1.09842551 -0.61000001
v 1.30559337 0.40788808 -0.55000001
v 1.33897221 1.09842551 -0.55000001
v 1.41015649 1.42565143 -0.61000001
v 1.51442742 1.72142351 -0.61000001
v 1.64602268 1.97216749 -0.61000001
v 1.97845650 2.16877174 -0.61000001
v 2.26429701 2.18391919 -0.61000001
v 1.41015649 1.42565143 -0.55000001
v 1.51442742 1.72142351 -0.55000001
v 1.64602268 1.97216749 -0.55000001
v 1.97845650 2.16877174 -0.55000001
v 2.26429701 2.18391919 -0.55000001
v 0.65786254 2.82461834 -0.61000001
v 0.91400820 3.05207658 -0.61000001
v 0.65786254 2.82461834 -0.55000001
v 0.91400820 3.05207658 -0.55000001
v 1.21031880 3.24646974 -0.61000001
v 1.21031880 3.24646974 -0.55000001
v 1.69599152 3.43944073 -0.61000001
v 2.14318657 3.49611044 -0.61000001
v 1.69599152 3.43944073 -0.55000001
v 2.14318657 3.49611044 -0.55000001
v 2.57195520 2.04207730 -0.61000001
v 3.20212412 1.32078338 -0.61000001
v 2.90478182 1.73213160 -0.61000001
v 2.57195520 2.04207730 -0.55000001
v 3.20212412 1.32078338 -0.55000001
v 2.90478182 1.73213160 -0.55000001
v 3.76955819 0.11700356 -0.61000001
v 3.50844240 0.74884140 -0.61000001
v 3.76955819 0.11700356 -0.55000001
v 3.50844240 0.74884140 -0.55000001
v 4.21238661 2.15283179 -0.61000001
v 4.21238661 2.15283179 -0.55000001
v 3.04465818 3.27214479 -0.61000001
v 3.04465818 3.27214479 -0.55000001
v 2.64414740 3.42910528 -0.61000001
v 2.64414740 3.42910528 -0.55000001
v 3.88211465 2.58946395 -0.61000001
v 3.44967341 3.00855541 -0.61000001
v 3.88211465 2.58946395 -0.55000001
v 3.44967341 3.00855541 -0.55000001
v 4.55891657 1.55793691 -0.61000001
v 4.55891657 1.55793691 -0.55000001
v 6.16355991 1.92683625 -0.61000001
v 6.16355991 1.92683625 -0.55000001
v 5.05163097 2.62771702 -0.61000001
v 5.05163097 2.62771702 -0.55000001
v 5.47633219 3.67014050 -0.61000001
v 5.47633219 3.67014050 -0.55000001
v 6.83137608 3.58941674 -0.61000001
v 6.83137608 3.58941674 -0.55000001
v 5.89589834 4.91108036 -0.61000001
v 5.89589834 4.91108036 -0.55000001
v 6.20934057 6.17069626 -0.61000001
v 6.20934057 6.17069626 -0.55000001
v 6.35268259 7.06242990 -0.61000001
v 6.35268259 7.06242990 -0.55000001
v 6.41492367 8.40205288 -0.61000001
v 6.41492367 8.40205288 -0.55000001
v 7.30498505 5.13027191 -0.61000001
v 7.30498505 5.13027191 -0.55000001
v 7.48524809 5.92153502 -0.61000001
v 7.62007666 6.72519588 -0.61000001
v 7.48524809 5.92153502 -0.55000001
v 7.62007666 6.72519588 -0.55000001
v 7.68237019 7.51807308 -0.61000001
v 7.68237019 7.51807308 -0.55000001
v 7.72027969 8.65593338 -0.61000001
v 7.72027969 8.65593338 -0.55000001
v 0.00000000 16.85000038 -0.61000001
v 0.00000000 16.85000038 -0.55000001
v 0.22272842 18.14863396 -0.61000001
v 1.11297131 18.11584282 -0.61000001
v 0.22272842 18.14863396 -0.55000001
v 1.11297131 18.11584282 -0.55000001
v 1.54866588 16.77868080 -0.61000001
v 1.54866588 16.77868080 -0.55000001
v 2.00053310 18.03941154 -0.61000001
v 2.00053310 18.03941154 -0.55000001
v 2.98252106 16.58394051 -0.61000001
v 2.98252106 16.58394051 -0.55000001
v 2.88327527 17.91952133 -0.61000001
v 2.88327527 17.91952133 -0.55000001
v 4.39438105 16.26689720 -0.61000001
v 4.39438105 16.26689720 -0.55000001
v 3.75907159 17.75646019 -0.61000001
v 3.75907159 17.75646019 -0.55000001
v 6.40526056 10.30216408 -0.61000001
v 6.40526056 10.30216408 -0.55000001
v 6.28975677 12.18805504 -0.61000001
v 6.28975677 12.18805504 -0.55000001
v 7.68114519 10.90518284 -0.61000001
v 7.68114519 10.90518284 -0.55000001
v 7.50274515 13.12823868 -0.61000001
v 7.50274515 13.12823868 -0.55000001
v 6.07844448 14.04358196 -0.61000001
v 6.07844448 14.04358196 -0.55000001
v 5.77383327 15.82988834 -0.61000001
v 5.77383327 15.82988834 -0.55000001
v 4.62581158 17.55062294 -0.61000001
v 5.48140812 17.30250549 -0.61000001
v 4.62581158 17.55062294 -0.55000001
v 5.48140812 17.30250549 -0.55000001
v 6.32379913 17.01270294 -0.61000001
v 6.32379913 17.01270294 -0.55000001
v 7.21229935 15.22840786 -0.61000001
v 7.21229935 15.22840786 -0.55000001
v 8.30533409 14.66096592 -0.61000001
v 8.30533409 14.66096592 -0.55000001
v 7.15095568 16.68191719 -0.61000001
v 7.15095568 16.68191719 -0.55000001
v 7.96088457 16.31094170 -0.61000001
v 8.75163555 15.90067196 -0.61000001
v 7.96088457 16.31094170 -0.55000001
v 8.75163555 15.90067196 -0.55000001
v 16.84873199 0.20677543 -0.61000001
v 16.84873199 0.20677543 -0.55000001
v 16.79642296 1.34264910 -0.61000001
v 16.79642296 1.34264910 -0.55000001
v 18.13770103 0.66805112 -0.61000001
v 18.13770103 0.66805112 -0.55000001
v 18.08307457 1.55722117 -0.61000001
v 18.08307457 1.55722117 -0.55000001
v 16.65213966 2.57463264 -0.61000001
v 16.65213966 2.57463264 -0.55000001
v 16.44058037 3.69185591 -0.61000001
v 16.44058037 3.69185591 -0.55000001
v 17.98488235 2.44263983 -0.61000001
v 17.84336472 3.32217407 -0.61000001
v 17.98488235 2.44263983 -0.55000001
v 17.84336472 3.32217407 -0.55000001
v 17.65885925 4.19370461 -0.61000001
v 17.65885925 4.19370461 -0.55000001
v 15.75784206 5.96765518 -0.61000001
v 15.75784206 5.96765518 -0.55000001
v 15.27613735 7.11070442 -0.61000001
v 15.27613735 7.11070442 -0.55000001
v 14.76178074 8.12479687 -0.61000001
v 14.76178074 8.12479687 -0.55000001
v 16.12444496 4.89129686 -0.61000001
v 16.12444496 4.89129686 -0.55000001
v 16.85238457 6.73940706 -0.61000001
v 16.85238457 6.73940706 -0.55000001
v 17.43181419 5.05513239 -0.61000001
v 17.43181419 5.05513239 -0.55000001
v 17.16277313 5.90438175 -0.61000001
v 17.16277313 5.90438175 -0.55000001
v 16.50139809 7.55819654 -0.61000001
v 16.50139809 7.55819654 -0.55000001
v 16.11065865 8.35877800 -0.61000001
v 16.11065865 8.35877800 -0.55000001
v 10.20286083 13.40985203 -0.61000001
v 10.20286083 13.40985203 -0.55000001
v 11.16170597 12.62294865 -0.61000001
v 11.16170597 12.62294865 -0.55000001
v 13.53404713 10.03753281 -0.61000001
v 13.53404713 10.03753281 -0.55000001
v 12.82626057 10.92746735 -0.61000001
v 12.82626057 10.92746735 -0.55000001
v 12.06006432 11.76764011 -0.61000001
v 12.06006432 11.76764011 -0.55000001
v 12.35290813 13.29767513 -0.61000001
v 12.35290813 13.29767513 -0.55000001
v 13.59682560 12.02284622 -0.61000001
v 13.59682560 12.02284622 -0.55000001
v 12.99051476 12.67552853 -0.61000001
v 12.99051476 12.67552853 -0.55000001
v 9.27521706 14.06743908 -0.61000001
v 9.27521706 14.06743908 -0.55000001
v 9.52130318 15.45209694 -0.61000001
v 9.52130318 15.45209694 -0.55000001
v 10.99002552 14.44443989 -0.61000001
v 10.99002552 14.44443989 -0.55000001
v 10.26803207 14.96629620 -0.61000001
v 10.26803207 14.96629620 -0.55000001
v 11.68554211 13.88778591 -0.61000001
v 11.68554211 13.88778591 -0.55000001
v 14.18020153 9.10188961 -0.61000001
v 14.18020153 9.10188961 -0.55000001
v 14.17038059 11.34119987 -0.61000001
v 14.70979786 10.63223076 -0.61000001
v 14.17038059 11.34119987 -0.55000001
v 14.70979786 10.63223076 -0.55000001
v 15.21377850 9.89764881 -0.61000001
v 15.68110752 9.13922119 -0.61000001
v 15.21377850 9.89764881 -0.55000001
v 15.68110752 9.13922119 -0.55000001
v 0.10674906 0.36787796 0.55000001
v 0.20890296 0.72740686 0.55000001
v 0.37994963 1.13343680 0.55000001
v 0.10674906 0.36787796 0.61000001
v 0.20890296 0.72740686 0.61000001
v 0.37994963 1.13343680 0.61000001
v 0.55719829 1.43050694 0.55000001
v 0.75394434 1.67279422 0.55000001
v 1.02040267 1.86297035 0.55000001
v 0.55719829 1.43050694 0.61000001
v 0.75394434 1.67279422 0.61000001
v 1.02040267 1.86297035 0.61000001
v 1.41438997 0.23017812 0.55000001
v 1.51285231 0.49123192 0.55000001
v 1.65021694 0.72322196 0.55000001
v 1.84990311 0.82096398 0.55000001
v 2.08825660 0.86301500 0.55000001
v 1.41438997 0.23017812 0.61000001
v 1.51285231 0.49123192 0.61000001
v 1.65021694 0.72322196 0.61000001
v 1.84990311 0.82096398 0.61000001
v 2.08825660 0.86301500 0.61000001
v 1.31433630 2.00876427 0.55000001
v 1.66009116 2.11454678 0.55000001
v 2.01625991 2.16112947 0.55000001
v 1.31433630 2.00876427 0.61000001
v 1.66009116 2.11454678 0.61000001
v 2.01625991 2.16112947 0.61000001
v 2.36937284 0.83902746 0.55000001
v 2.62464714 0.76372522 0.55000001
v 3.18773651 0.44362426 0.55000001
v 2.90023446 0.63280195 0.55000001
v 2.36937284 0.83902746 0.61000001
v 2.62464714 0.76372522 0.61000001
v 3.18773651 0.44362426 0.61000001
v 2.90023446 0.63280195 0.61000001
v 2.37484384 2.15157533 0.55000001
v 2.75747037 2.08356214 0.55000001
v 3.19311547 1.93593156 0.55000001
v 2.37484384 2.15157533 0.61000001
v 2.75747037 2.08356214 0.61000001
v 3.19311547 1.93593156 0.61000001
v 3.47852373 0.19557542 0.55000001
v 3.47852373 0.19557542 0.61000001
v 3.96125746 1.48850095 0.55000001
v 3.54915857 1.75931180 0.55000001
v 4.29416513 1.21236706 0.55000001
v 3.96125746 1.48850095 0.61000001
v 3.54915857 1.75931180 0.61000001
v 4.29416513 1.21236706 0.61000001
v 5.21917057 0.02593786 0.55000001
v 5.21917057 0.02593786 0.61000001
v 5.68431377 1.22862637 0.55000001
v 5.68431377 1.22862637 0.61000001
v 4.69968367 2.39022541 0.55000001
v 4.69968367 2.39022541 0.61000001
v 5.12797356 3.93972731 0.55000001
v 5.12797356 3.93972731 0.61000001
v 6.17791939 2.81117630 0.55000001
v 6.17791939 2.81117630 0.61000001
v 6.58383942 4.47378063 0.55000001
v 6.58383942 4.47378063 0.61000001
v 5.48141146 5.58500862 0.55000001
v 5.48141146 5.58500862 0.61000001
v 5.76538658 7.31741047 0.55000001
v 5.76538658 7.31741047 0.61000001
v 6.91522408 6.23431253 0.55000001
v 6.91522408 6.23431253 0.61000001
v 7.17397499 8.05983448 0.55000001
v 7.17397499 8.05983448 0.61000001
v 0.31015339 16.84714508 0.55000001
v 0.31015339 16.84714508 0.61000001
v 0.66805112 18.13770103 0.55000001
v 0.66805112 18.13770103 0.61000001
v 1.85724425 16.74733162 0.55000001
v 1.85724425 16.74733162 0.61000001
v 1.55722117 18.08307457 0.55000001
v 1.55722117 18.08307457 0.61000001
v 3.38861299 16.50575066 0.55000001
v 3.38861299 16.50575066 0.61000001
v 2.44263983 17.98488235 0.55000001
v 3.32217407 17.84336472 0.55000001
v 2.44263983 17.98488235 0.61000001
v 3.32217407 17.84336472 0.61000001
v 4.19370461 17.65885925 0.55000001
v 4.19370461 17.65885925 0.61000001
v 5.98558521 9.12825298 0.55000001
v 5.98558521 9.12825298 0.61000001
v 6.14791727 11.00889874 0.55000001
v 6.14791727 11.00889874 0.61000001
v 6.27872133 13.44481945 0.55000001
v 6.27872133 13.44481945 0.61000001
v 7.40826273 10.42863560 0.55000001
v 7.40826273 10.42863560 0.61000001
v 7.53380299 12.39680004 0.55000001
v 7.53380299 12.39680004 0.61000001
v 6.33562136 15.61348248 0.55000001
v 6.33562136 15.61348248 0.61000001
v 4.89129686 16.12444496 0.55000001
v 4.89129686 16.12444496 0.61000001
v 5.05513239 17.43181419 0.55000001
v 5.05513239 17.43181419 0.61000001
v 6.73940706 16.85238457 0.55000001
v 6.73940706 16.85238457 0.61000001
v 5.90438175 17.16277313 0.55000001
v 5.90438175 17.16277313 0.61000001
v 7.62520361 15.02584839 0.55000001
v 7.62520361 15.02584839 0.61000001
v 8.66263103 14.45272732 0.55000001
v 8.66263103 14.45272732 0.61000001
v 7.55819654 16.50139809 0.55000001
v 7.55819654 16.50139809 0.61000001
v 8.35877800 16.11065865 0.55000001
v 8.35877800 16.11065865 0.61000001
v 16.82431412 0.93003988 0.55000001
v 16.82431412 0.93003988 0.61000001
v 16.71030998 2.16519308 0.55000001
v 16.71030998 2.16519308 0.61000001
v 18.14863396 0.22272842 0.55000001
v 18.11584282 1.11297131 0.55000001
v 18.14863396 0.22272842 0.61000001
v 18.11584282 1.11297131 0.61000001
v 18.03941154 2.00053310 0.55000001
v 18.03941154 2.00053310 0.61000001
v 16.50575066 3.38861299 0.55000001
v 16.50575066 3.38861299 0.61000001
v 16.23962593 4.49411011 0.55000001
v 16.23962593 4.49411011 0.61000001
v 17.91952133 2.88327527 0.55000001
v 17.91952133 2.88327527 0.61000001
v 17.75646019 3.75907159 0.55000001
v 17.75646019 3.75907159 0.61000001
v 15.44604206 6.73366785 0.55000001
v 15.44604206 6.73366785 0.61000001
v 14.39930248 8.75114822 0.55000001
v 14.39930248 8.75114822 0.61000001
v 14.95672798 7.76007748 0.55000001
v 14.95672798 7.76007748 0.61000001
v 15.89954948 5.57914114 0.55000001
v 15.89954948 5.57914114 0.61000001
v 17.01270294 6.32379913 0.55000001
v 17.01270294 6.32379913 0.61000001
v 17.55062294 4.62581158 0.55000001
v 17.30250549 5.48140812 0.55000001
v 17.55062294 4.62581158 0.61000001
v 17.30250549 5.48140812 0.61000001
v 16.68191719 7.15095568 0.55000001
v 16.68191719 7.15095568 0.61000001
v 16.31094170 7.96088457 0.55000001
v 15.90067196 8.75163555 0.55000001
v 16.31094170 7.96088457 0.61000001
v 15.90067196 8.75163555 0.61000001
v 10.52888203 13.15542221 0.55000001
v 10.52888203 13.15542221 0.61000001
v 13.02522659 10.68952656 0.55000001
v 13.02522659 10.68952656 0.61000001
v 11.46812725 12.34522438 0.55000001
v 12.27462482 11.54366016 0.55000001
v 11.46812725 12.34522438 0.61000001
v 12.27462482 11.54366016 0.61000001
v 12.02284622 13.59682560 0.55000001
v 12.02284622 13.59682560 0.61000001
v 13.29767513 12.35290813 0.55000001
v 13.29767513 12.35290813 0.61000001
v 12.67552853 12.99051476 0.55000001
v 12.67552853 12.99051476 0.61000001
v 9.61765575 13.83557701 0.55000001
v 9.61765575 13.83557701 0.61000001
v 9.13922119 15.68110752 0.55000001
v 9.89764881 15.21377850 0.55000001
v 9.13922119 15.68110752 0.61000001
v 9.89764881 15.21377850 0.61000001
v 10.63223076 14.70979786 0.55000001
v 11.34119987 14.17038059 0.55000001
v 10.63223076 14.70979786 0.61000001
v 11.34119987 14.17038059 0.61000001
v 13.77630424 9.70236778 0.55000001
v 13.77630424 9.70236778 0.61000001
v 14.44443989 10.99002552 0.55000001
v 14.44443989 10.99002552 0.61000001
v 15.45209694 9.52130318 0.55000001
v 15.45209694 9.52130318 0.61000001
v 14.96629620 10.26803207 0.55000001
v 14.96629620 10.26803207 0.61000001
v 13.88778591 11.68554211 0.55000001
v 13.88778591 11.68554211 0.61000001
f 184 183 203
f 184 190 183
f 186 185 189
f 188 187 185
f 235 185 187
f 188 219 187
f 186 188 185
f 236 188 186
f 190 189 183
f 211 189 185
f 209 183 189
f 209 189 211
f 190 186 189
f 212 186 190
f 210 190 184
f 210 212 190
f 211 185 235
f 212 211 235
f 212 236 186
f 236 212 235
f 206 205 191
f 193 206 191
f 194 192 195
f 193 191 192
f 214 192 191
f 194 193 192
f 216 193 194
f 197 195 196
f 261 196 195
f 197 194 195
f 198 197 196
f 262 197 198
f 199 195 192
f 199 192 214
f 200 199 214
f 261 195 199
f 200 194 197
f 200 216 194
f 262 200 197
f 204 203 201
f 202 204 201
f 209 203 183
f 207 201 203
f 207 203 209
f 204 184 203
f 210 184 204
f 208 204 202
f 208 210 204
f 213 205 201
f 202 201 205
f 213 191 205
f 206 202 205
f 215 202 206
f 215 206 193
f 213 201 207
f 208 207 209
f 215 213 207
f 215 208 202
f 208 215 207
f 210 209 211
f 212 210 211
f 210 208 209
f 214 191 213
f 216 214 213
f 216 215 193
f 215 216 213
f 216 200 214
f 220 218 217
f 219 220 217
f 222 221 218
f 233 218 221
f 222 228 221
f 220 222 218
f 234 222 220
f 225 223 227
f 228 225 227
f 226 224 223
f 225 226 223
f 237 221 227
f 228 227 221
f 237 227 223
f 233 221 237
f 238 228 222
f 238 225 228
f 234 238 222
f 229 223 224
f 237 223 229
f 238 237 229
f 230 226 225
f 230 238 229
f 238 230 225
f 231 187 217
f 219 217 187
f 231 217 218
f 235 187 231
f 232 219 188
f 232 220 219
f 236 232 188
f 231 218 233
f 232 231 233
f 232 234 220
f 234 232 233
f 236 235 231
f 232 236 231
f 234 233 237
f 238 234 237
f 240 239 224
f 243 224 239
f 226 240 224
f 240 242 239
f 244 240 226
f 242 241 239
f 248 247 241
f 245 239 241
f 245 241 247
f 242 248 241
f 246 242 240
f 246 248 242
f 229 224 243
f 230 229 243
f 230 244 226
f 244 230 243
f 243 239 245
f 244 243 245
f 246 244 245
f 244 246 240
f 253 247 249
f 251 249 247
f 245 247 253
f 248 251 247
f 254 251 248
f 246 254 248
f 255 249 250
f 252 250 249
f 253 249 255
f 251 252 249
f 256 252 251
f 254 256 251
f 246 245 253
f 254 246 253
f 254 253 255
f 256 254 255
f 258 257 259
f 258 198 257
f 263 259 257
f 260 259 267
f 260 258 259
f 264 258 260
f 268 260 267
f 261 257 196
f 198 196 257
f 263 257 261
f 262 198 258
f 264 262 258
f 262 264 261
f 262 261 199
f 200 262 199
f 264 263 261
f 263 271 259
f 264 260 272
f 276 275 263
f 275 273 263
f 264 276 263
f 276 264 274
f 266 268 265
f 268 267 265
f 259 271 267
f 267 271 265
f 260 268 272
f 268 266 272
f 266 265 269
f 269 285 283
f 270 269 283
f 270 266 269
f 270 284 286
f 265 285 269
f 265 271 285
f 286 285 271
f 266 270 286
f 272 286 271
f 266 286 272
f 263 273 271
f 272 271 273
f 264 272 274
f 274 272 273
f 278 277 275
f 277 279 275
f 276 278 275
f 278 276 280
f 300 299 277
f 299 281 277
f 299 309 281
f 278 300 277
f 300 278 282
f 300 282 310
f 275 279 273
f 274 273 279
f 276 274 280
f 280 274 279
f 280 279 281
f 277 281 279
f 282 280 281
f 278 280 282
f 282 281 309
f 284 283 287
f 283 291 287
f 284 270 283
f 289 284 287
f 284 289 292
f 283 285 291
f 292 291 285
f 284 292 286
f 286 292 285
f 289 287 288
f 287 291 288
f 288 291 295
f 289 290 292
f 290 289 288
f 290 296 292
f 292 296 291
f 288 295 293
f 290 288 293
f 293 295 297
f 294 293 297
f 294 290 293
f 290 294 296
f 294 298 296
f 296 295 291
f 297 295 967
f 297 967 963
f 298 297 963
f 298 294 297
f 298 968 296
f 965 298 963
f 298 965 968
f 968 967 295
f 296 968 295
f 301 309 299
f 300 302 299
f 302 300 310
f 302 301 299
f 305 303 301
f 301 311 309
f 303 311 301
f 302 305 301
f 302 310 312
f 305 302 312
f 306 304 303
f 304 313 303
f 307 313 304
f 305 306 303
f 306 305 314
f 308 306 314
f 308 307 304
f 306 308 304
f 308 318 307
f 310 309 311
f 310 282 309
f 312 310 311
f 303 313 311
f 312 311 313
f 314 313 315
f 314 312 313
f 305 312 314
f 307 315 313
f 317 315 307
f 308 314 316
f 318 308 316
f 316 314 315
f 318 317 307
f 317 319 315
f 316 315 319
f 318 316 320
f 324 323 317
f 323 319 317
f 318 324 317
f 324 318 320
f 320 316 319
f 320 319 321
f 323 321 319
f 322 321 325
f 322 320 321
f 324 320 322
f 324 668 323
f 323 325 321
f 667 325 323
f 324 322 326
f 668 324 326
f 326 322 325
f 668 667 323
f 336 335 328
f 330 328 327
f 330 336 328
f 329 330 327
f 332 331 351
f 353 332 351
f 329 327 333
f 334 333 331
f 328 345 327
f 327 346 333
f 327 345 346
f 333 346 331
f 331 361 351
f 331 346 361
f 334 329 333
f 330 329 349
f 329 334 350
f 329 350 349
f 332 334 331
f 334 332 350
f 332 353 366
f 332 366 350
f 326 325 335
f 325 343 335
f 335 344 328
f 325 337 343
f 335 343 344
f 336 326 335
f 326 336 347
f 336 330 348
f 326 347 340
f 336 348 347
f 667 338 325
f 339 338 667
f 325 338 337
f 340 337 338
f 341 338 339
f 342 339 683
f 668 326 341
f 342 668 341
f 340 347 337
f 326 340 341
f 342 341 339
f 341 340 338
f 328 344 345
f 349 345 344
f 348 344 343
f 350 346 345
f 366 361 346
f 330 349 348
f 347 348 343
f 348 349 344
f 349 350 345
f 350 366 346
f 347 343 337
f 353 351 352
f 354 353 352
f 351 361 352
f 352 361 362
f 352 362 355
f 354 352 355
f 355 362 363
f 355 363 357
f 353 354 366
f 354 367 366
f 356 354 355
f 354 356 367
f 356 368 367
f 356 359 368
f 356 355 357
f 359 357 358
f 357 363 358
f 358 363 377
f 360 358 377
f 359 356 357
f 360 359 358
f 359 360 368
f 360 380 368
f 380 360 377
f 367 362 361
f 368 363 362
f 377 363 364
f 369 364 363
f 370 365 364
f 366 367 361
f 367 368 362
f 368 369 363
f 380 369 368
f 369 370 364
f 370 374 365
f 374 371 365
f 375 372 371
f 376 373 372
f 374 375 371
f 375 376 372
f 376 713 373
f 377 364 378
f 378 364 365
f 379 365 371
f 380 377 378
f 381 378 379
f 378 365 379
f 379 371 383
f 382 379 383
f 380 381 369
f 381 370 369
f 382 374 370
f 381 380 378
f 382 381 379
f 386 382 383
f 381 382 370
f 382 386 374
f 383 371 372
f 373 385 372
f 383 372 384
f 386 383 384
f 372 385 384
f 373 721 385
f 387 384 385
f 386 375 374
f 376 375 388
f 387 386 384
f 386 387 375
f 388 387 385
f 375 387 388
f 376 388 724
f 255 250 595
f 596 595 250
f 599 595 597
f 255 595 599
f 252 596 250
f 256 596 252
f 596 598 595
f 600 598 596
f 256 600 596
f 598 597 595
f 601 597 603
f 605 603 597
f 599 597 601
f 598 605 597
f 602 605 598
f 600 602 598
f 256 255 599
f 600 256 599
f 600 599 601
f 602 600 601
f 606 604 603
f 601 603 604
f 601 604 609
f 605 606 603
f 602 606 605
f 602 610 606
f 608 607 604
f 609 604 607
f 606 608 604
f 608 614 607
f 610 608 606
f 602 601 609
f 610 602 609
f 609 607 611
f 610 609 611
f 610 612 608
f 612 610 611
f 611 607 613
f 614 613 607
f 616 615 613
f 612 614 608
f 614 616 613
f 616 620 615
f 611 613 617
f 617 613 615
f 612 611 617
f 612 618 614
f 618 616 614
f 618 612 617
f 617 615 619
f 620 619 615
f 617 619 625
f 618 620 616
f 618 626 620
f 622 621 619
f 625 619 621
f 620 622 619
f 626 622 620
f 622 624 621
f 624 623 621
f 624 633 623
f 618 617 625
f 626 618 625
f 625 621 627
f 626 625 627
f 627 621 623
f 626 628 622
f 628 624 622
f 628 626 627
f 627 623 631
f 633 631 623
f 628 627 629
f 627 631 629
f 628 633 624
f 628 630 633
f 630 629 635
f 630 628 629
f 634 632 631
f 629 631 632
f 633 634 631
f 630 634 633
f 634 639 632
f 639 637 632
f 629 632 635
f 635 632 637
f 630 636 634
f 636 639 634
f 636 630 635
f 640 638 637
f 635 637 641
f 641 637 638
f 641 638 643
f 639 640 637
f 636 642 639
f 642 640 639
f 642 644 640
f 644 643 638
f 640 644 638
f 636 635 641
f 642 641 647
f 642 636 641
f 649 642 647
f 646 645 643
f 641 643 647
f 647 643 645
f 644 646 643
f 642 649 644
f 649 646 644
f 652 651 645
f 646 652 645
f 649 647 648
f 647 645 648
f 649 650 646
f 650 649 648
f 648 645 651
f 648 651 655
f 650 652 646
f 652 656 651
f 650 656 652
f 650 648 653
f 648 655 653
f 654 653 661
f 654 650 653
f 650 654 656
f 662 654 661
f 656 655 651
f 656 658 655
f 653 655 657
f 658 657 655
f 653 657 661
f 661 657 659
f 654 658 656
f 654 662 658
f 658 660 657
f 662 660 658
f 660 659 657
f 662 661 741
f 661 663 741
f 662 742 664
f 661 659 663
f 664 663 659
f 660 664 659
f 662 664 660
f 664 747 663
f 666 670 665
f 666 665 667
f 665 685 667
f 668 666 667
f 666 668 689
f 665 686 685
f 665 673 686
f 690 686 673
f 666 689 690
f 666 690 674
f 670 669 665
f 670 672 669
f 672 671 669
f 671 673 669
f 672 670 674
f 669 673 665
f 670 666 674
f 674 690 673
f 671 679 673
f 674 673 679
f 680 674 679
f 672 674 680
f 678 677 675
f 676 678 675
f 678 734 677
f 675 679 671
f 676 675 671
f 672 676 671
f 676 672 680
f 675 681 679
f 676 680 682
f 680 679 681
f 682 680 681
f 677 681 675
f 678 676 682
f 677 737 681
f 682 681 737
f 678 682 738
f 738 682 737
f 667 685 683
f 339 667 683
f 693 685 687
f 683 685 693
f 668 684 689
f 342 684 668
f 684 342 683
f 696 691 689
f 684 696 689
f 689 685 686
f 691 687 685
f 693 687 688
f 692 688 687
f 690 689 686
f 689 691 685
f 691 692 687
f 696 692 691
f 684 683 693
f 693 688 694
f 696 693 694
f 697 694 695
f 698 695 703
f 696 684 693
f 697 696 694
f 696 697 692
f 698 697 695
f 709 698 703
f 694 688 699
f 701 699 688
f 694 699 695
f 695 699 700
f 695 700 703
f 703 700 715
f 702 700 699
f 718 715 700
f 697 701 692
f 692 701 688
f 701 702 699
f 697 698 701
f 698 702 701
f 698 709 702
f 702 718 700
f 709 718 702
f 709 703 704
f 710 704 705
f 711 705 708
f 712 706 707
f 713 707 373
f 708 729 706
f 714 708 706
f 710 709 704
f 711 710 705
f 714 711 708
f 713 712 707
f 712 714 706
f 714 712 732
f 703 715 704
f 704 716 705
f 705 716 717
f 704 715 716
f 719 716 715
f 705 728 708
f 705 717 728
f 708 728 727
f 720 717 716
f 731 728 717
f 709 710 718
f 710 711 719
f 711 720 719
f 718 719 715
f 710 719 718
f 711 714 731
f 711 731 720
f 714 730 731
f 719 720 716
f 720 731 717
f 707 721 373
f 706 723 707
f 706 722 723
f 706 729 722
f 707 723 721
f 388 385 721
f 724 721 723
f 726 723 722
f 713 376 724
f 712 713 726
f 712 726 725
f 712 725 732
f 724 388 721
f 726 724 723
f 713 724 726
f 725 726 722
f 708 727 729
f 732 729 727
f 730 727 728
f 725 722 729
f 730 732 727
f 714 732 730
f 731 730 728
f 732 725 729
f 733 737 677
f 734 733 677
f 734 678 738
f 734 736 733
f 736 735 733
f 735 739 733
f 736 734 740
f 743 739 735
f 736 744 735
f 744 736 740
f 733 739 737
f 738 737 739
f 734 738 740
f 740 738 739
f 740 739 751
f 742 741 743
f 742 662 741
f 741 663 745
f 747 745 663
f 741 745 743
f 743 745 746
f 742 747 664
f 744 742 743
f 742 744 747
f 744 748 747
f 744 743 735
f 743 746 751
f 744 753 748
f 748 746 745
f 747 748 745
f 750 749 746
f 751 746 749
f 748 750 746
f 753 750 748
f 750 756 749
f 743 751 739
f 753 740 751
f 744 740 753
f 753 751 752
f 754 753 752
f 751 749 755
f 756 755 749
f 751 755 752
f 752 755 757
f 753 756 750
f 753 754 756
f 754 759 756
f 759 757 755
f 756 759 755
f 754 752 761
f 752 757 761
f 754 762 759
f 762 754 761
f 761 757 758
f 760 758 757
f 759 760 757
f 762 760 759
f 762 761 765
f 761 763 765
f 762 766 764
f 761 758 763
f 764 763 758
f 762 764 760
f 760 764 758
f 764 768 763
f 766 762 765
f 765 763 767
f 768 767 763
f 765 767 771
f 772 771 767
f 766 768 764
f 766 772 768
f 768 772 767
f 766 765 769
f 770 766 769
f 765 771 769
f 769 771 773
f 775 773 771
f 766 770 772
f 772 775 771
f 770 775 772
f 770 769 1437
f 1438 770 1437
f 769 773 774
f 769 774 1437
f 776 774 773
f 775 776 773
f 770 776 775
f 770 1438 776
f 963 967 964
f 965 963 964
f 964 967 971
f 965 966 968
f 966 965 964
f 966 972 968
f 972 971 967
f 968 972 967
f 964 971 969
f 966 964 969
f 969 971 975
f 966 970 972
f 970 966 969
f 970 976 972
f 972 976 971
f 970 969 973
f 969 975 973
f 974 973 977
f 973 975 977
f 974 970 973
f 970 974 976
f 974 978 976
f 976 975 971
f 978 977 981
f 977 979 981
f 978 974 977
f 983 978 981
f 978 983 980
f 977 975 979
f 980 979 975
f 976 980 975
f 978 980 976
f 981 979 982
f 983 981 982
f 983 984 980
f 984 983 982
f 982 979 987
f 988 987 979
f 980 988 979
f 984 988 980
f 984 982 985
f 986 984 985
f 982 987 985
f 985 987 991
f 986 985 991
f 991 987 997
f 984 986 988
f 986 992 988
f 992 998 988
f 997 987 989
f 988 990 987
f 998 990 988
f 990 989 987
f 992 991 993
f 991 997 993
f 992 986 991
f 995 992 993
f 992 995 998
f 995 993 994
f 996 995 994
f 993 997 999
f 995 1000 998
f 998 1000 997
f 998 997 1005
f 997 989 1005
f 998 1006 990
f 1006 998 1005
f 993 999 994
f 1000 999 997
f 994 999 1093
f 996 994 1093
f 995 996 1000
f 996 1094 1000
f 1093 999 1095
f 1096 1095 999
f 1000 1096 999
f 1094 1096 1000
f 1002 1001 989
f 1005 989 1001
f 990 1002 989
f 1006 1002 990
f 1002 1004 1001
f 1007 1001 1003
f 1004 1003 1001
f 1008 1004 1002
f 1004 1066 1003
f 1005 1001 1007
f 1006 1005 1007
f 1006 1008 1002
f 1008 1006 1007
f 1007 1003 1073
f 1073 1003 1065
f 1008 1007 1073
f 1008 1074 1004
f 1074 1066 1004
f 1074 1008 1073
f 1023 1020 1010
f 1012 1010 1009
f 1011 1009 1017
f 1010 1032 1009
f 1020 1032 1010
f 1012 1023 1010
f 1011 1012 1009
f 1018 1011 1017
f 1012 1011 1037
f 1023 1012 1037
f 1015 1013 1014
f 1016 1015 1014
f 1017 1034 1013
f 1018 1017 1013
f 1009 1032 1017
f 1017 1032 1034
f 1013 1034 1014
f 1014 1034 1035
f 1015 1018 1013
f 1018 1015 1039
f 1011 1018 1037
f 1018 1039 1037
f 1015 1016 1039
f 1016 1040 1039
f 1022 1019 1020
f 1021 1033 1019
f 1025 1041 1021
f 1024 1021 1019
f 1028 1025 1021
f 1019 1031 1020
f 1019 1033 1031
f 1021 1041 1033
f 1023 1022 1020
f 1022 1024 1019
f 1024 1028 1021
f 1024 1022 1038
f 1028 1024 1043
f 1022 1023 1036
f 1022 1036 1038
f 1024 1038 1043
f 1026 1041 1025
f 1029 1026 1025
f 1027 1042 1026
f 1030 1027 1026
f 1026 1042 1041
f 1027 1379 1042
f 1028 1029 1025
f 1029 1028 1043
f 1029 1030 1026
f 1030 1029 1044
f 1029 1043 1044
f 1030 1044 1384
f 1020 1031 1032
f 1037 1032 1031
f 1038 1033 1041
f 1036 1031 1033
f 1039 1034 1032
f 1040 1035 1034
f 1036 1037 1031
f 1023 1037 1036
f 1043 1038 1041
f 1038 1036 1033
f 1037 1039 1032
f 1039 1040 1034
f 1043 1041 1042
f 1044 1042 1379
f 1044 1043 1042
f 1016 1014 1045
f 1046 1016 1045
f 1014 1035 1045
f 1045 1035 1047
f 1046 1045 1047
f 1047 1035 1053
f 1048 1047 1049
f 1047 1053 1049
f 1016 1046 1040
f 1046 1048 1040
f 1048 1056 1040
f 1048 1046 1047
f 1051 1048 1049
f 1048 1051 1056
f 1051 1049 1050
f 1049 1054 1050
f 1052 1050 1059
f 1052 1051 1050
f 1051 1052 1057
f 1060 1052 1059
f 1056 1053 1035
f 1057 1054 1053
f 1049 1053 1054
f 1058 1055 1054
f 1040 1056 1035
f 1056 1057 1053
f 1051 1057 1056
f 1057 1058 1054
f 1058 1063 1055
f 1050 1054 1059
f 1059 1054 1055
f 1087 1055 1061
f 1060 1059 1087
f 1059 1055 1087
f 1052 1060 1057
f 1060 1058 1057
f 1088 1063 1058
f 1088 1060 1087
f 1060 1088 1058
f 1087 1061 1062
f 1063 1061 1055
f 1064 1062 1061
f 1087 1062 1417
f 1088 1064 1063
f 1063 1064 1061
f 1064 1410 1062
f 1088 1418 1064
f 1066 1065 1003
f 1066 1068 1065
f 1068 1067 1065
f 1069 1077 1067
f 1070 1069 1067
f 1070 1072 1069
f 1068 1070 1067
f 1070 1068 1079
f 1072 1071 1069
f 1071 1081 1069
f 1071 1091 1081
f 1072 1070 1082
f 1072 1082 1092
f 1065 1075 1073
f 1074 1073 1075
f 1066 1074 1076
f 1067 1075 1065
f 1067 1077 1075
f 1076 1075 1077
f 1068 1066 1076
f 1068 1076 1079
f 1076 1074 1075
f 1079 1076 1077
f 1069 1078 1077
f 1069 1081 1078
f 1079 1077 1078
f 1070 1079 1080
f 1070 1080 1082
f 1080 1079 1078
f 1082 1081 1091
f 1080 1078 1081
f 1082 1080 1081
f 1084 1083 1071
f 1086 1085 1083
f 1085 1089 1083
f 1086 1088 1085
f 1084 1086 1083
f 1086 1084 1090
f 1083 1091 1071
f 1072 1084 1071
f 1084 1072 1092
f 1083 1089 1091
f 1092 1091 1089
f 1084 1092 1090
f 1090 1092 1089
f 1088 1087 1085
f 1087 1089 1085
f 1087 1417 1089
f 1088 1086 1090
f 1088 1090 1418
f 1418 1090 1417
f 1090 1089 1417
f 1092 1082 1091
f 1093 1095 1097
f 1094 1093 1097
f 1094 996 1093
f 1098 1094 1097
f 1094 1098 1096
f 1097 1095 1103
f 1104 1103 1095
f 1096 1104 1095
f 1098 1104 1096
f 1098 1097 1099
f 1097 1103 1099
f 1100 1099 1101
f 1099 1103 1101
f 1100 1098 1099
f 1098 1100 1104
f 1100 1102 1104
f 1102 1101 1107
f 1102 1100 1101
f 1101 1103 1105
f 1106 1105 1103
f 1104 1106 1103
f 1102 1106 1104
f 1101 1105 1107
f 1107 1105 1109
f 1107 1109 1111
f 1102 1108 1106
f 1108 1110 1106
f 1108 1102 1107
f 1108 1112 1110
f 1110 1109 1105
f 1106 1110 1105
f 1110 1116 1109
f 1108 1107 1111
f 1112 1108 1111
f 1111 1109 1113
f 1113 1109 1115
f 1112 1111 1113
f 1113 1115 1119
f 1112 1114 1110
f 1114 1116 1110
f 1114 1112 1113
f 1114 1121 1116
f 1116 1115 1109
f 1119 1115 1117
f 1118 1117 1115
f 1116 1118 1115
f 1121 1118 1116
f 1114 1113 1119
f 1121 1114 1119
f 1119 1117 1120
f 1121 1119 1120
f 1121 1122 1118
f 1122 1121 1120
f 1120 1117 1123
f 1124 1123 1117
f 1120 1123 1125
f 1118 1124 1117
f 1122 1124 1118
f 1122 1127 1124
f 1122 1120 1125
f 1125 1123 1126
f 1127 1125 1126
f 1127 1122 1125
f 1127 1128 1124
f 1128 1127 1126
f 1130 1129 1123
f 1124 1130 1123
f 1126 1123 1129
f 1126 1129 1135
f 1128 1126 1135
f 1128 1130 1124
f 1128 1136 1130
f 1132 1131 1129
f 1135 1129 1131
f 1130 1132 1129
f 1136 1132 1130
f 1134 1133 1131
f 1132 1134 1131
f 1134 1142 1133
f 1136 1135 1137
f 1136 1128 1135
f 1135 1131 1137
f 1137 1131 1139
f 1138 1137 1139
f 1138 1136 1137
f 1136 1138 1132
f 1138 1140 1132
f 1140 1138 1139
f 1139 1131 1133
f 1140 1139 1143
f 1139 1133 1143
f 1140 1134 1132
f 1140 1144 1134
f 1143 1133 1141
f 1142 1141 1133
f 1143 1141 1145
f 1145 1141 1147
f 1144 1142 1134
f 1144 1146 1142
f 1146 1148 1142
f 1144 1140 1143
f 1144 1143 1145
f 1146 1145 1151
f 1146 1144 1145
f 1148 1147 1141
f 1142 1148 1141
f 1153 1147 1149
f 1150 1149 1147
f 1148 1150 1147
f 1155 1150 1148
f 1145 1147 1151
f 1151 1147 1153
f 1152 1151 1153
f 1146 1152 1148
f 1152 1155 1148
f 1152 1146 1151
f 1155 1152 1153
f 1153 1149 1154
f 1155 1153 1154
f 1155 1156 1150
f 1156 1155 1154
f 1158 1157 1149
f 1150 1158 1149
f 1160 1159 1157
f 1158 1160 1157
f 1154 1149 1157
f 1154 1157 1161
f 1156 1154 1161
f 1161 1157 1163
f 1162 1161 1163
f 1156 1158 1150
f 1162 1156 1161
f 1156 1162 1158
f 1162 1164 1158
f 1163 1157 1159
f 1163 1159 1485
f 1164 1163 1485
f 1164 1160 1158
f 1164 1162 1163
f 1487 1164 1485
f 1164 1487 1160
f 1367 1379 1027
f 1370 1367 1027
f 1371 1368 1367
f 1372 1369 1368
f 1368 1379 1367
f 1368 1380 1379
f 1369 1380 1368
f 1373 1381 1369
f 1030 1370 1027
f 1370 1371 1367
f 1370 1030 1384
f 1371 1372 1368
f 1371 1370 1384
f 1371 1384 1385
f 1372 1371 1385
f 1376 1372 1386
f 1376 1373 1369
f 1374 1381 1373
f 1377 1374 1373
f 1378 1375 1374
f 1372 1376 1369
f 1376 1377 1373
f 1377 1376 1386
f 1377 1378 1374
f 1378 1392 1375
f 1384 1379 1380
f 1369 1381 1380
f 1385 1380 1381
f 1386 1381 1382
f 1387 1382 1383
f 1388 1383 1395
f 1384 1044 1379
f 1385 1384 1380
f 1386 1385 1381
f 1372 1385 1386
f 1387 1386 1382
f 1388 1387 1383
f 1375 1381 1374
f 1389 1381 1375
f 1389 1382 1381
f 1390 1382 1389
f 1392 1389 1375
f 1393 1390 1389
f 1390 1383 1382
f 1391 1383 1390
f 1403 1383 1391
f 1394 1391 1390
f 1406 1403 1391
f 1378 1377 1386
f 1392 1378 1386
f 1392 1386 1387
f 1393 1392 1387
f 1392 1393 1389
f 1393 1387 1388
f 1393 1394 1390
f 1394 1406 1391
f 1394 1393 1388
f 1406 1394 1388
f 1399 1395 1396
f 1400 1396 1398
f 1401 1397 1409
f 1405 1398 1396
f 1411 1397 1398
f 1402 1398 1397
f 1399 1388 1395
f 1400 1399 1396
f 1402 1400 1398
f 1401 1402 1397
f 1410 1401 1409
f 1408 1400 1402
f 1414 1402 1401
f 1403 1395 1383
f 1404 1395 1403
f 1404 1396 1395
f 1407 1404 1403
f 1405 1396 1404
f 1412 1398 1405
f 1408 1405 1404
f 1406 1388 1399
f 1407 1406 1399
f 1407 1399 1400
f 1406 1407 1403
f 1408 1407 1400
f 1415 1408 1402
f 1407 1408 1404
f 1408 1415 1405
f 1413 1062 1409
f 1410 1409 1062
f 1413 1409 1397
f 1413 1397 1411
f 1413 1417 1062
f 1416 1410 1064
f 1416 1401 1410
f 1416 1414 1401
f 1416 1064 1418
f 1411 1398 1412
f 1414 1411 1412
f 1415 1412 1405
f 1416 1413 1411
f 1415 1414 1412
f 1414 1415 1402
f 1414 1416 1411
f 1416 1422 1413
f 1413 1419 1417
f 1418 1417 1419
f 1416 1418 1420
f 1420 1418 1419
f 1421 1419 1413
f 1422 1421 1413
f 1421 1425 1419
f 1422 1416 1420
f 1422 1420 1426
f 1420 1419 1425
f 1423 1425 1421
f 1422 1424 1421
f 1424 1422 1426
f 1424 1423 1421
f 1424 1430 1423
f 1426 1425 1427
f 1426 1420 1425
f 1423 1427 1425
f 1424 1426 1428
f 1428 1426 1427
f 1430 1429 1423
f 1432 1431 1429
f 1430 1432 1429
f 1429 1427 1423
f 1428 1427 1433
f 1429 1433 1427
f 1430 1424 1428
f 1434 1428 1433
f 1430 1428 1434
f 1431 1433 1429
f 1432 1430 1434
f 1431 1435 1433
f 1432 1454 1431
f 1432 1434 1436
f 1454 1453 1431
f 1453 1435 1431
f 1454 1432 1436
f 1434 1433 1435
f 1436 1434 1435
f 1436 1435 1459
f 1438 1437 1441
f 1437 774 1439
f 1440 1439 774
f 1437 1439 1441
f 776 1440 774
f 1438 1440 776
f 1438 1442 1440
f 1440 1444 1439
f 1442 1438 1441
f 1441 1439 1443
f 1444 1443 1439
f 1441 1443 1447
f 1449 1447 1443
f 1442 1444 1440
f 1444 1449 1443
f 1442 1449 1444
f 1442 1441 1445
f 1446 1442 1445
f 1441 1447 1445
f 1445 1447 1448
f 1450 1448 1447
f 1442 1446 1449
f 1449 1450 1447
f 1446 1450 1449
f 1446 1445 1465
f 1445 1451 1465
f 1466 1446 1465
f 1446 1466 1452
f 1445 1448 1451
f 1452 1451 1448
f 1446 1452 1450
f 1450 1452 1448
f 1452 1468 1451
f 1455 1459 1453
f 1454 1456 1453
f 1456 1454 1460
f 1456 1455 1453
f 1457 1461 1455
f 1456 1458 1455
f 1458 1456 1462
f 1458 1457 1455
f 1453 1459 1435
f 1460 1436 1459
f 1454 1436 1460
f 1455 1461 1459
f 1460 1459 1461
f 1456 1460 1462
f 1462 1460 1461
f 1462 1461 1473
f 1463 1473 1457
f 1458 1464 1457
f 1464 1458 1474
f 1464 1463 1457
f 1464 1466 1463
f 1466 1465 1463
f 1465 1467 1471
f 1466 1472 1468
f 1465 1451 1467
f 1468 1467 1451
f 1472 1471 1467
f 1466 1468 1452
f 1468 1472 1467
f 1465 1471 1463
f 1463 1471 1469
f 1470 1469 1471
f 1466 1464 1472
f 1464 1470 1472
f 1472 1470 1471
f 1457 1473 1461
f 1458 1462 1474
f 1474 1462 1473
f 1463 1477 1473
f 1473 1477 1479
f 1464 1474 1478
f 1474 1480 1478
f 1476 1475 1533
f 1476 1474 1475
f 1473 1479 1475
f 1474 1473 1475
f 1475 1479 1535
f 1537 1535 1479
f 1474 1476 1480
f 1476 1537 1480
f 1463 1469 1477
f 1478 1477 1469
f 1464 1478 1470
f 1470 1478 1469
f 1478 1480 1477
f 1480 1479 1477
f 1480 1537 1479
f 1482 1481 1159
f 1160 1482 1159
f 1484 1483 1481
f 1482 1484 1481
f 1481 1485 1159
f 1487 1485 1486
f 1481 1486 1485
f 1482 1160 1487
f 1488 1487 1486
f 1482 1487 1488
f 1483 1489 1481
f 1481 1489 1486
f 1488 1486 1489
f 1484 1482 1490
f 1482 1488 1490
f 1490 1488 1489
f 1492 1491 1483
f 1484 1492 1483
f 1494 1493 1491
f 1493 1509 1491
f 1492 1494 1491
f 1494 1492 1511
f 1491 1495 1483
f 1483 1495 1489
f 1491 1497 1495
f 1490 1489 1495
f 1496 1495 1497
f 1492 1484 1496
f 1484 1490 1496
f 1492 1496 1498
f 1496 1490 1495
f 1491 1509 1497
f 1498 1497 1509
f 1492 1498 1511
f 1498 1496 1497
f 1511 1498 1509
f 1500 1499 1505
f 1506 1500 1505
f 1502 1501 1503
f 1502 1544 1501
f 1504 1503 1499
f 1503 1515 1499
f 1500 1504 1499
f 1504 1500 1517
f 1501 1516 1503
f 1501 1547 1516
f 1503 1516 1515
f 1518 1516 1547
f 1504 1502 1503
f 1502 1504 1518
f 1502 1518 1548
f 1504 1517 1518
f 1506 1505 1493
f 1505 1510 1493
f 1494 1506 1493
f 1506 1494 1512
f 1499 1507 1505
f 1499 1513 1507
f 1505 1507 1510
f 1508 1507 1513
f 1500 1506 1508
f 1500 1508 1514
f 1506 1512 1508
f 1493 1510 1509
f 1511 1509 1510
f 1494 1511 1512
f 1512 1511 1510
f 1512 1510 1507
f 1508 1512 1507
f 1499 1515 1513
f 1514 1513 1515
f 1500 1514 1517
f 1517 1514 1515
f 1514 1508 1513
f 1517 1515 1516
f 1518 1517 1516
f 1534 1533 1519
f 1519 1527 1523
f 1520 1519 1523
f 1520 1534 1519
f 1525 1520 1523
f 1520 1525 1528
f 1544 1522 1543
f 1526 1524 1521
f 1522 1521 1543
f 1524 1551 1521
f 1522 1526 1521
f 1526 1522 1552
f 1525 1523 1524
f 1523 1531 1524
f 1526 1525 1524
f 1525 1526 1532
f 1523 1527 1531
f 1532 1531 1527
f 1525 1532 1528
f 1528 1532 1527
f 1524 1531 1529
f 1524 1529 1551
f 1526 1530 1532
f 1526 1552 1530
f 1530 1552 1529
f 1530 1529 1531
f 1532 1530 1531
f 1475 1536 1533
f 1533 1536 1539
f 1534 1476 1533
f 1476 1534 1538
f 1534 1541 1538
f 1475 1535 1536
f 1538 1536 1535
f 1476 1538 1537
f 1537 1538 1535
f 1538 1541 1536
f 1533 1539 1519
f 1519 1539 1540
f 1519 1540 1527
f 1542 1540 1539
f 1534 1520 1541
f 1520 1542 1541
f 1520 1528 1542
f 1541 1542 1539
f 1541 1539 1536
f 1528 1527 1540
f 1542 1528 1540
f 1544 1543 1501
f 1543 1549 1501
f 1544 1502 1550
f 1521 1545 1543
f 1521 1551 1545
f 1543 1545 1549
f 1546 1545 1551
f 1522 1544 1546
f 1522 1546 1552
f 1546 1550 1545
f 1544 1550 1546
f 1501 1549 1547
f 1548 1547 1549
f 1502 1548 1550
f 1550 1548 1549
f 1548 1518 1547
f 1550 1549 1545
f 1552 1551 1529
f 1552 1546 1551
f 6 23 8
f 23 24 8
f 5 7 4
f 1 2 3
f 2 5 4
f 49 2 1
f 2 4 3
f 50 3 4
f 5 6 7
f 31 6 5
f 31 23 6
f 9 31 5
f 6 8 7
f 32 7 8
f 32 8 24
f 10 7 32
f 9 5 2
f 49 9 2
f 9 49 10
f 10 4 7
f 50 4 10
f 11 15 12
f 11 12 26
f 13 14 16
f 33 15 11
f 19 13 15
f 15 13 16
f 33 19 15
f 15 16 12
f 34 12 16
f 20 16 14
f 34 16 20
f 19 17 13
f 13 17 14
f 17 71 18
f 17 18 14
f 20 14 18
f 19 77 17
f 20 18 78
f 19 20 78
f 21 25 22
f 25 26 22
f 23 21 24
f 27 21 23
f 31 27 23
f 21 22 24
f 29 24 22
f 32 24 29
f 25 11 26
f 28 25 21
f 28 11 25
f 30 22 26
f 30 26 12
f 27 28 21
f 28 27 30
f 29 22 30
f 27 29 30
f 31 9 32
f 27 31 29
f 31 32 29
f 9 10 32
f 28 33 11
f 33 28 34
f 30 12 34
f 28 30 34
f 33 34 20
f 19 33 20
f 35 1 36
f 35 36 38
f 43 37 44
f 37 35 38
f 51 37 43
f 37 38 44
f 52 44 38
f 39 43 40
f 41 39 42
f 59 41 53
f 39 40 42
f 41 42 54
f 60 54 42
f 45 43 39
f 45 51 43
f 43 44 40
f 46 40 44
f 46 44 52
f 45 39 41
f 59 45 41
f 45 59 46
f 46 42 40
f 60 42 46
f 59 60 46
f 47 1 35
f 47 49 1
f 1 3 36
f 48 36 3
f 48 3 50
f 47 48 50
f 47 35 37
f 51 47 37
f 47 51 48
f 48 38 36
f 51 52 48
f 52 38 48
f 49 47 50
f 49 50 10
f 51 45 52
f 45 46 52
f 53 41 54
f 55 53 57
f 61 53 55
f 53 54 57
f 62 57 54
f 56 55 58
f 67 61 55
f 67 55 56
f 55 57 58
f 68 57 62
f 68 58 57
f 61 59 53
f 59 61 60
f 62 54 60
f 61 62 60
f 61 67 62
f 67 68 62
f 67 56 63
f 63 56 64
f 69 67 63
f 56 58 64
f 68 64 58
f 63 64 66
f 70 64 68
f 69 63 65
f 65 63 66
f 395 65 389
f 389 65 391
f 395 69 65
f 70 66 64
f 65 66 391
f 396 391 66
f 396 66 70
f 67 69 68
f 69 70 68
f 69 395 70
f 395 396 70
f 71 72 73
f 72 74 73
f 72 75 74
f 75 81 76
f 87 75 72
f 75 76 74
f 89 74 76
f 77 71 17
f 79 72 71
f 77 79 71
f 79 77 80
f 71 73 18
f 78 18 73
f 80 73 74
f 78 73 80
f 77 19 78
f 77 78 80
f 79 87 72
f 80 74 89
f 79 80 92
f 81 83 82
f 83 85 82
f 87 81 75
f 88 83 81
f 87 88 81
f 81 82 76
f 89 76 82
f 90 82 85
f 89 82 90
f 83 84 85
f 101 84 83
f 84 86 85
f 102 85 86
f 88 101 83
f 101 88 102
f 90 85 102
f 88 90 102
f 88 87 90
f 87 89 90
f 79 95 87
f 87 95 89
f 80 89 96
f 91 79 92
f 79 91 95
f 80 96 92
f 91 93 95
f 91 92 94
f 92 96 94
f 93 91 94
f 93 115 97
f 93 94 116
f 94 98 116
f 95 96 89
f 95 97 96
f 93 97 95
f 94 96 98
f 97 98 96
f 84 99 86
f 101 99 84
f 99 103 100
f 99 100 86
f 102 86 100
f 101 105 99
f 102 100 106
f 101 102 106
f 105 103 99
f 103 107 104
f 105 107 103
f 103 104 100
f 106 100 104
f 107 108 104
f 106 104 108
f 105 101 106
f 107 111 108
f 105 109 107
f 109 111 107
f 106 108 110
f 111 113 108
f 110 108 113
f 109 105 110
f 105 106 110
f 109 112 111
f 111 112 113
f 109 779 112
f 110 113 114
f 112 114 113
f 110 114 780
f 779 109 780
f 109 110 780
f 115 93 116
f 117 115 118
f 115 116 118
f 115 119 97
f 97 119 98
f 116 98 120
f 119 120 98
f 115 117 119
f 116 120 118
f 117 121 119
f 118 120 122
f 117 123 121
f 123 117 124
f 117 118 124
f 118 122 124
f 119 121 120
f 121 122 120
f 123 125 127
f 123 124 126
f 124 128 126
f 125 123 126
f 125 126 130
f 123 127 121
f 121 127 122
f 124 122 128
f 127 128 122
f 125 129 127
f 127 133 128
f 126 128 130
f 129 125 130
f 129 133 127
f 129 134 133
f 133 137 128
f 130 128 137
f 130 137 138
f 131 129 132
f 129 131 134
f 129 130 132
f 130 138 132
f 133 134 137
f 134 136 138
f 147 135 136
f 136 135 140
f 134 138 137
f 136 140 138
f 135 139 140
f 150 140 139
f 131 141 134
f 491 141 131
f 147 136 134
f 141 147 134
f 141 491 142
f 132 138 142
f 494 132 142
f 150 138 140
f 142 138 150
f 135 143 139
f 143 144 145
f 148 143 135
f 159 153 144
f 144 153 146
f 149 144 143
f 148 149 143
f 149 159 144
f 143 145 139
f 151 139 145
f 144 146 145
f 153 156 146
f 165 146 156
f 152 145 146
f 151 145 152
f 152 146 165
f 147 148 135
f 148 147 151
f 147 141 150
f 149 148 152
f 159 149 165
f 147 150 151
f 150 139 151
f 141 142 150
f 148 151 152
f 149 152 165
f 160 154 153
f 153 154 156
f 159 160 153
f 161 155 154
f 160 161 154
f 154 155 157
f 155 171 158
f 161 171 155
f 161 162 171
f 162 172 171
f 154 157 156
f 166 156 157
f 165 156 166
f 167 157 158
f 166 157 167
f 155 158 157
f 171 174 158
f 167 158 174
f 167 174 168
f 168 174 175
f 160 159 166
f 161 160 167
f 162 161 168
f 162 163 173
f 163 162 169
f 164 163 170
f 159 165 166
f 160 166 167
f 161 167 168
f 162 168 169
f 168 176 169
f 163 169 170
f 164 170 518
f 171 172 174
f 162 173 172
f 172 173 175
f 173 177 176
f 172 175 174
f 173 176 175
f 168 175 176
f 177 180 176
f 163 177 173
f 163 178 177
f 163 164 178
f 164 515 179
f 177 178 180
f 164 179 178
f 178 179 181
f 179 531 182
f 169 176 180
f 169 180 181
f 169 181 170
f 170 182 518
f 178 181 180
f 179 182 181
f 531 534 182
f 170 181 182
f 395 389 390
f 390 389 392
f 397 395 390
f 389 391 392
f 396 392 391
f 398 392 396
f 397 390 393
f 393 390 394
f 403 397 393
f 390 392 394
f 398 394 392
f 404 394 398
f 395 397 396
f 397 398 396
f 397 403 398
f 403 404 398
f 399 393 400
f 403 393 399
f 403 399 401
f 393 394 400
f 399 400 402
f 404 400 394
f 404 402 400
f 401 399 402
f 407 401 409
f 405 401 407
f 401 402 409
f 406 409 402
f 405 403 401
f 403 405 404
f 405 406 404
f 406 402 404
f 411 405 407
f 405 411 406
f 412 409 406
f 411 412 406
f 408 407 410
f 407 409 410
f 413 408 414
f 408 410 414
f 411 407 408
f 421 411 408
f 411 421 412
f 412 410 409
f 421 422 412
f 422 410 412
f 421 408 413
f 421 413 415
f 423 421 415
f 422 414 410
f 413 414 416
f 422 416 414
f 424 416 422
f 415 413 416
f 423 415 417
f 417 415 419
f 415 416 419
f 424 419 416
f 418 417 420
f 417 419 420
f 421 423 422
f 423 424 422
f 425 423 417
f 423 425 424
f 426 419 424
f 425 426 424
f 425 417 418
f 425 418 429
f 427 425 429
f 426 420 419
f 418 420 430
f 426 430 420
f 428 430 426
f 425 427 426
f 427 428 426
f 429 418 430
f 427 429 431
f 431 429 432
f 428 432 430
f 429 430 432
f 431 432 434
f 437 427 431
f 427 437 428
f 438 432 428
f 437 438 428
f 437 431 433
f 433 431 434
f 439 437 433
f 439 433 435
f 438 434 432
f 433 434 436
f 440 434 438
f 440 436 434
f 435 433 436
f 435 436 442
f 437 439 438
f 439 445 440
f 439 440 438
f 439 435 441
f 441 435 442
f 445 439 441
f 445 441 443
f 440 442 436
f 446 442 440
f 446 444 442
f 443 441 444
f 441 442 444
f 449 445 443
f 445 449 446
f 445 446 440
f 451 444 446
f 449 451 446
f 449 443 447
f 447 443 448
f 449 447 453
f 443 444 448
f 451 448 444
f 451 455 448
f 449 450 451
f 450 449 453
f 452 455 451
f 450 452 451
f 450 457 452
f 453 447 455
f 447 448 455
f 454 453 456
f 450 453 454
f 453 455 456
f 452 456 455
f 454 456 461
f 457 450 454
f 457 454 459
f 561 457 459
f 457 458 452
f 458 456 452
f 458 461 456
f 562 461 458
f 459 454 461
f 561 459 460
f 460 459 462
f 459 461 462
f 562 462 461
f 463 464 474
f 465 131 466
f 131 132 466
f 131 465 467
f 465 469 467
f 467 469 468
f 132 468 466
f 466 468 470
f 463 465 464
f 465 463 471
f 465 466 464
f 466 472 464
f 463 483 471
f 483 484 472
f 464 472 484
f 465 471 469
f 469 471 470
f 466 470 472
f 471 472 470
f 469 470 468
f 471 483 472
f 475 473 477
f 473 463 474
f 473 474 477
f 476 475 478
f 473 475 485
f 475 476 485
f 475 477 478
f 474 486 477
f 477 486 478
f 479 476 480
f 476 479 487
f 479 489 487
f 476 478 480
f 479 480 482
f 478 488 480
f 480 488 490
f 481 479 482
f 479 481 489
f 480 490 482
f 463 473 483
f 473 485 483
f 483 485 484
f 464 484 474
f 474 484 486
f 476 487 485
f 485 487 486
f 487 488 486
f 478 486 488
f 485 486 484
f 487 489 488
f 489 557 490
f 489 490 488
f 491 131 492
f 131 467 492
f 491 492 494
f 492 493 495
f 467 493 492
f 493 499 496
f 494 495 132
f 132 495 468
f 491 494 142
f 492 495 494
f 493 496 495
f 468 495 496
f 467 497 499
f 497 467 498
f 467 499 493
f 497 500 499
f 497 507 500
f 468 503 498
f 467 468 498
f 468 496 503
f 498 503 504
f 498 504 509
f 499 503 496
f 499 500 503
f 500 501 504
f 507 501 500
f 501 502 505
f 502 521 506
f 500 504 503
f 501 505 504
f 509 504 505
f 502 506 505
f 521 526 506
f 507 497 509
f 508 507 510
f 497 498 509
f 507 509 510
f 507 508 501
f 508 502 501
f 508 511 502
f 511 508 512
f 513 521 502
f 511 513 502
f 513 545 521
f 513 511 514
f 509 505 510
f 510 505 506
f 510 506 512
f 508 510 512
f 511 512 514
f 514 506 526
f 512 506 514
f 514 526 547
f 545 513 547
f 513 514 547
f 515 164 518
f 516 515 519
f 517 516 520
f 515 518 519
f 516 519 520
f 517 520 529
f 521 522 526
f 522 525 527
f 523 524 528
f 524 517 529
f 538 523 525
f 525 523 530
f 522 527 526
f 525 530 527
f 524 529 528
f 523 528 530
f 541 530 528
f 515 516 531
f 533 516 517
f 515 531 179
f 516 532 531
f 531 532 534
f 533 532 516
f 532 533 535
f 518 534 519
f 536 520 519
f 532 535 534
f 518 182 534
f 519 534 535
f 533 536 535
f 536 519 535
f 537 517 524
f 539 524 523
f 538 539 523
f 537 533 517
f 539 537 524
f 533 537 536
f 537 539 540
f 539 538 542
f 540 529 520
f 542 528 529
f 541 528 542
f 537 540 536
f 540 520 536
f 542 529 540
f 539 542 540
f 538 541 542
f 546 522 521
f 545 546 521
f 543 525 522
f 543 550 525
f 546 543 522
f 543 546 544
f 548 526 527
f 547 526 548
f 544 527 530
f 544 530 552
f 546 548 544
f 548 527 544
f 546 545 548
f 545 547 548
f 549 538 525
f 550 549 525
f 550 543 552
f 549 550 551
f 538 549 541
f 551 530 541
f 552 530 551
f 543 544 552
f 550 552 551
f 549 551 541
f 553 481 554
f 481 557 489
f 481 553 557
f 481 482 554
f 482 490 558
f 482 558 554
f 555 553 556
f 553 555 559
f 553 554 556
f 554 560 556
f 557 558 490
f 553 559 557
f 557 559 558
f 554 558 560
f 559 560 558
f 555 569 559
f 559 569 560
f 556 560 570
f 569 570 560
f 457 561 458
f 561 562 458
f 561 460 565
f 561 563 562
f 563 561 565
f 460 462 566
f 562 566 462
f 564 566 562
f 555 563 569
f 563 555 564
f 555 556 564
f 556 570 564
f 563 567 571
f 563 564 562
f 564 572 568
f 565 460 566
f 565 566 568
f 563 565 567
f 567 565 568
f 573 567 574
f 564 568 566
f 567 568 574
f 569 571 570
f 563 571 569
f 564 570 572
f 571 572 570
f 567 573 571
f 573 575 571
f 568 572 574
f 573 574 576
f 574 572 576
f 575 573 576
f 575 579 571
f 571 579 572
f 575 577 579
f 576 572 580
f 576 580 578
f 579 580 572
f 577 575 578
f 577 581 579
f 575 576 578
f 577 578 582
f 578 580 582
f 579 583 580
f 581 583 579
f 583 584 580
f 582 580 584
f 581 577 582
f 581 585 583
f 585 581 587
f 582 584 587
f 581 582 587
f 583 589 584
f 585 586 583
f 586 589 583
f 586 585 588
f 587 584 588
f 585 587 588
f 588 584 590
f 589 590 584
f 586 591 589
f 591 586 592
f 591 593 589
f 586 588 592
f 588 590 592
f 591 592 594
f 592 590 594
f 589 1249 590
f 1249 1250 590
f 593 1249 589
f 593 591 594
f 593 1251 1249
f 1251 593 1253
f 594 590 1250
f 593 594 1253
f 594 1250 1253
f 779 777 112
f 112 777 114
f 777 781 778
f 779 783 777
f 777 778 114
f 780 114 778
f 780 778 784
f 779 780 784
f 783 781 777
f 783 785 781
f 781 785 782
f 781 782 778
f 784 778 782
f 785 787 782
f 784 782 787
f 783 779 784
f 785 786 787
f 783 789 785
f 789 786 785
f 784 787 790
f 786 788 787
f 790 787 788
f 789 783 790
f 783 784 790
f 786 791 788
f 789 791 786
f 791 793 792
f 791 792 788
f 790 788 792
f 789 795 791
f 795 789 796
f 789 790 796
f 790 792 796
f 795 793 791
f 793 797 794
f 793 794 792
f 796 792 794
f 797 798 794
f 795 797 793
f 796 794 798
f 795 796 802
f 797 799 798
f 795 801 797
f 801 799 797
f 796 798 802
f 799 800 798
f 802 798 800
f 801 795 802
f 801 802 812
f 801 811 807
f 811 801 812
f 802 808 812
f 799 803 800
f 801 803 799
f 803 805 804
f 803 804 800
f 802 800 804
f 805 891 806
f 805 806 804
f 801 807 803
f 807 805 803
f 802 804 808
f 808 804 806
f 811 817 807
f 807 817 808
f 812 808 818
f 807 809 805
f 809 891 805
f 807 808 810
f 808 806 810
f 891 893 806
f 810 806 893
f 809 807 810
f 809 810 896
f 811 812 814
f 813 811 814
f 811 813 817
f 812 818 814
f 813 814 816
f 815 813 816
f 813 815 819
f 814 820 816
f 817 818 808
f 817 819 818
f 813 819 817
f 814 818 820
f 819 820 818
f 815 875 819
f 819 875 820
f 816 820 876
f 828 821 831
f 823 822 826
f 822 833 825
f 823 821 839
f 821 823 824
f 821 824 831
f 822 825 826
f 823 826 824
f 826 844 824
f 827 828 830
f 829 1165 840
f 829 827 832
f 1165 829 1168
f 828 827 841
f 821 828 839
f 827 829 840
f 827 840 841
f 827 830 832
f 828 831 830
f 829 832 1168
f 832 845 1168
f 831 846 830
f 824 844 831
f 830 845 832
f 830 846 845
f 833 834 836
f 822 823 839
f 833 822 839
f 834 833 842
f 833 839 842
f 835 834 843
f 849 835 843
f 834 835 837
f 835 849 838
f 834 842 843
f 833 836 825
f 834 837 836
f 825 844 826
f 836 844 825
f 837 847 836
f 836 847 844
f 835 838 837
f 849 852 838
f 838 848 837
f 852 848 838
f 837 848 847
f 828 841 839
f 839 841 844
f 840 1177 845
f 841 840 846
f 842 839 847
f 843 842 848
f 841 846 844
f 831 844 846
f 840 845 846
f 839 844 847
f 842 847 848
f 843 848 859
f 849 850 852
f 850 849 855
f 849 843 855
f 850 855 856
f 850 851 853
f 851 863 854
f 851 850 856
f 863 851 857
f 850 853 852
f 853 859 852
f 852 859 848
f 853 860 859
f 851 854 853
f 854 860 853
f 866 861 854
f 855 843 859
f 856 855 860
f 857 856 861
f 851 856 857
f 864 857 858
f 858 857 862
f 869 858 870
f 855 859 860
f 856 860 861
f 857 861 862
f 854 861 860
f 867 862 861
f 858 862 870
f 864 863 857
f 863 864 866
f 864 865 867
f 865 881 868
f 863 866 854
f 864 867 866
f 867 861 866
f 865 868 867
f 865 858 869
f 865 864 858
f 865 869 1207
f 865 1207 887
f 868 870 862
f 868 862 867
f 869 870 1209
f 868 1209 870
f 868 888 1209
f 815 871 875
f 815 816 872
f 816 876 872
f 871 815 872
f 871 877 875
f 872 876 878
f 873 871 874
f 871 872 874
f 873 874 880
f 871 873 877
f 872 878 874
f 873 879 883
f 873 883 877
f 877 883 878
f 874 884 880
f 874 878 884
f 883 884 878
f 875 876 820
f 875 877 876
f 877 878 876
f 879 873 880
f 879 880 882
f 881 879 882
f 879 881 885
f 880 886 882
f 879 885 883
f 883 885 884
f 880 884 886
f 885 889 886
f 885 886 884
f 881 865 889
f 881 889 885
f 881 882 868
f 882 890 868
f 882 886 890
f 865 887 889
f 889 887 890
f 868 890 888
f 887 888 890
f 889 890 886
f 891 892 893
f 809 892 891
f 892 897 894
f 810 893 894
f 892 894 893
f 809 895 892
f 895 809 896
f 895 897 892
f 810 894 896
f 896 894 899
f 897 899 894
f 895 901 897
f 897 898 899
f 901 898 897
f 901 903 898
f 896 899 902
f 898 900 899
f 902 899 900
f 902 900 904
f 898 903 900
f 903 904 900
f 895 896 902
f 901 895 902
f 901 905 903
f 905 901 907
f 901 902 907
f 902 904 907
f 903 909 904
f 905 909 903
f 909 910 904
f 907 904 910
f 905 906 909
f 906 905 908
f 905 907 908
f 907 910 908
f 909 911 910
f 911 912 910
f 906 911 909
f 911 915 912
f 906 915 911
f 908 910 912
f 908 912 916
f 913 906 914
f 906 913 915
f 906 908 914
f 908 916 914
f 913 914 920
f 919 913 920
f 915 917 916
f 915 916 912
f 913 917 915
f 913 919 917
f 919 921 917
f 917 921 918
f 914 916 918
f 914 918 920
f 917 918 916
f 920 918 922
f 919 925 921
f 919 920 926
f 920 922 926
f 921 922 918
f 921 923 922
f 925 923 921
f 923 931 924
f 923 924 922
f 926 922 924
f 925 919 926
f 925 926 928
f 925 931 923
f 925 927 931
f 927 925 928
f 927 932 931
f 926 924 933
f 926 933 928
f 931 933 924
f 928 933 934
f 929 927 930
f 927 929 932
f 927 928 930
f 928 934 930
f 939 929 940
f 929 930 940
f 931 932 933
f 932 934 933
f 932 935 934
f 929 935 932
f 935 937 936
f 930 934 936
f 935 936 934
f 929 937 935
f 929 939 937
f 939 941 937
f 930 936 938
f 930 938 940
f 937 938 936
f 940 938 943
f 945 939 946
f 939 945 941
f 939 940 946
f 940 943 946
f 937 941 938
f 941 943 938
f 941 942 943
f 945 942 941
f 942 944 943
f 946 943 944
f 947 945 948
f 945 947 942
f 945 946 948
f 946 944 948
f 953 947 954
f 947 948 954
f 947 949 942
f 942 949 944
f 949 951 950
f 948 944 950
f 949 950 944
f 947 951 949
f 947 953 951
f 953 957 951
f 951 957 952
f 948 950 952
f 948 952 954
f 954 952 958
f 951 952 950
f 957 958 952
f 955 953 956
f 953 954 956
f 1295 955 1296
f 955 956 1296
f 953 955 957
f 957 959 958
f 955 959 957
f 954 958 956
f 959 961 958
f 956 958 961
f 955 1295 960
f 955 960 959
f 959 960 961
f 956 962 1296
f 956 961 962
f 960 962 961
f 1165 1166 1177
f 1166 1165 1169
f 1166 1167 1178
f 1167 1166 1170
f 1165 1177 840
f 1166 1178 1177
f 1165 1168 1169
f 1168 1179 1169
f 1166 1169 1170
f 1169 1180 1170
f 1168 845 1179
f 1169 1179 1180
f 1167 1171 1178
f 1171 1172 1181
f 1171 1167 1174
f 1172 1171 1175
f 1173 1172 1176
f 1171 1181 1178
f 1172 1182 1181
f 1172 1173 1182
f 1167 1170 1174
f 1171 1174 1175
f 1170 1180 1174
f 1174 1186 1175
f 1172 1175 1176
f 1174 1180 1186
f 1175 1186 1187
f 1175 1187 1176
f 1177 1178 1179
f 1177 1179 845
f 1178 1180 1179
f 1178 1181 1180
f 1181 1182 1186
f 1173 1183 1182
f 1182 1183 1187
f 1183 1184 1188
f 1184 1185 1189
f 1181 1186 1180
f 1182 1187 1186
f 1183 1188 1187
f 1176 1187 1188
f 1184 1189 1188
f 1185 1190 1189
f 1191 1173 1193
f 1173 1191 1183
f 1191 1192 1183
f 1192 1191 1194
f 1195 1192 1196
f 1173 1176 1193
f 1176 1188 1193
f 1193 1188 1194
f 1191 1193 1194
f 1192 1194 1196
f 1192 1195 1183
f 1195 1184 1183
f 1195 1197 1184
f 1197 1195 1199
f 1198 1185 1184
f 1197 1198 1184
f 1194 1188 1196
f 1196 1188 1189
f 1195 1196 1199
f 1196 1189 1199
f 1200 1189 1190
f 1199 1189 1200
f 1198 1197 1200
f 1197 1199 1200
f 1202 1208 1205
f 1185 1201 1190
f 1201 1203 1204
f 1203 1202 1206
f 1218 1203 1201
f 1201 1204 1190
f 1203 1206 1204
f 1202 1205 1206
f 1220 1204 1206
f 1207 869 1209
f 1208 1207 1210
f 1221 1207 1208
f 1221 887 1207
f 1207 1209 1210
f 1208 1210 1205
f 1222 1210 1209
f 1222 1209 888
f 1221 1208 1202
f 1211 1202 1203
f 1217 1211 1203
f 1211 1221 1202
f 1221 1211 1222
f 1222 1205 1210
f 1212 1206 1205
f 1219 1206 1212
f 1212 1205 1222
f 1211 1212 1222
f 1213 1201 1185
f 1198 1215 1185
f 1215 1213 1185
f 1213 1218 1201
f 1213 1215 1214
f 1218 1213 1220
f 1214 1190 1204
f 1215 1216 1214
f 1200 1190 1216
f 1216 1190 1214
f 1214 1204 1220
f 1213 1214 1220
f 1215 1198 1216
f 1198 1200 1216
f 1218 1217 1203
f 1217 1218 1219
f 1211 1217 1212
f 1220 1206 1219
f 1218 1220 1219
f 1217 1219 1212
f 887 1223 888
f 1221 1223 887
f 1221 1225 1223
f 1221 1222 1226
f 1222 888 1224
f 1222 1224 1226
f 1223 1224 888
f 1225 1221 1226
f 1225 1227 1223
f 1227 1225 1228
f 1226 1224 1228
f 1225 1226 1228
f 1227 1228 1232
f 1227 1229 1223
f 1223 1229 1224
f 1228 1224 1230
f 1229 1230 1224
f 1227 1231 1229
f 1231 1227 1232
f 1228 1230 1232
f 1229 1239 1230
f 1231 1239 1229
f 1231 1233 1239
f 1231 1232 1234
f 1232 1230 1240
f 1232 1240 1234
f 1233 1231 1234
f 1233 1235 1242
f 1235 1233 1236
f 1233 1234 1236
f 1234 1244 1236
f 1235 1236 1238
f 1237 1235 1238
f 1237 1238 1268
f 1239 1241 1240
f 1239 1240 1230
f 1241 1243 1240
f 1233 1241 1239
f 1233 1242 1241
f 1241 1242 1243
f 1234 1240 1243
f 1234 1243 1244
f 1242 1244 1243
f 1235 1245 1242
f 1235 1237 1245
f 1242 1245 1244
f 1245 1247 1246
f 1236 1244 1246
f 1236 1246 1238
f 1245 1246 1244
f 1237 1247 1245
f 1238 1246 1248
f 1247 1248 1246
f 1249 1255 1250
f 1255 1256 1250
f 1251 1252 1249
f 1252 1255 1249
f 1252 1251 1254
f 1251 1253 1254
f 1253 1250 1254
f 1254 1250 1256
f 1255 1259 1256
f 1252 1257 1255
f 1257 1259 1255
f 1257 1252 1258
f 1252 1254 1258
f 1254 1256 1258
f 1258 1256 1260
f 1259 1260 1256
f 1257 1261 1259
f 1261 1257 1262
f 1261 1265 1259
f 1258 1260 1262
f 1257 1258 1262
f 1262 1260 1266
f 1261 1262 1266
f 1265 1263 1259
f 1259 1263 1260
f 1263 1264 1260
f 1266 1260 1264
f 1265 1261 1266
f 1265 1279 1263
f 1279 1265 1281
f 1266 1264 1281
f 1265 1266 1281
f 1267 1237 1268
f 1271 1267 1269
f 1267 1268 1270
f 1272 1270 1268
f 1269 1267 1270
f 1275 1269 1276
f 1273 1269 1275
f 1269 1270 1276
f 1274 1276 1270
f 1247 1237 1267
f 1271 1247 1267
f 1247 1271 1248
f 1248 1268 1238
f 1272 1268 1248
f 1271 1272 1248
f 1273 1271 1269
f 1271 1273 1272
f 1274 1270 1272
f 1273 1274 1272
f 1275 1276 1278
f 1277 1275 1278
f 1285 1275 1277
f 1286 1278 1276
f 1263 1277 1264
f 1280 1277 1263
f 1277 1278 1264
f 1282 1264 1278
f 1279 1280 1263
f 1280 1279 1282
f 1279 1281 1282
f 1281 1264 1282
f 1280 1283 1277
f 1289 1285 1277
f 1283 1289 1277
f 1282 1278 1284
f 1290 1278 1286
f 1283 1284 1290
f 1284 1278 1290
f 1283 1280 1284
f 1280 1282 1284
f 1285 1273 1275
f 1273 1285 1274
f 1286 1276 1274
f 1285 1286 1274
f 1285 1287 1286
f 1291 1287 1285
f 1293 1286 1288
f 1349 1347 1287
f 1287 1347 1288
f 1347 1348 1288
f 1350 1288 1348
f 1291 1292 1287
f 1292 1349 1287
f 1287 1288 1286
f 1293 1288 1294
f 1292 1294 1350
f 1294 1288 1350
f 1289 1283 1290
f 1289 1291 1285
f 1291 1289 1293
f 1290 1286 1293
f 1289 1290 1293
f 1292 1291 1294
f 1291 1293 1294
f 1297 1295 1298
f 1295 1296 1298
f 1303 1297 1304
f 1297 1298 1304
f 1299 1295 1297
f 1299 960 1295
f 960 1299 962
f 1299 1301 1300
f 1300 1298 1296
f 1299 1300 962
f 1300 1296 962
f 1307 1297 1303
f 1301 1299 1297
f 1307 1301 1297
f 1301 1307 1302
f 1309 1304 1298
f 1301 1302 1300
f 1302 1298 1300
f 1307 1309 1302
f 1309 1298 1302
f 1308 1303 1305
f 1305 1303 1306
f 1303 1304 1306
f 1310 1306 1304
f 1319 1305 1320
f 1305 1306 1320
f 1308 1307 1303
f 1307 1308 1309
f 1310 1304 1309
f 1308 1310 1309
f 1311 1308 1305
f 1323 1311 1305
f 1308 1311 1310
f 1311 1323 1312
f 1312 1306 1310
f 1324 1306 1312
f 1311 1312 1310
f 1313 1319 1314
f 1315 1313 1316
f 1313 1314 1316
f 1357 1317 1358
f 1317 1318 1358
f 1317 1315 1318
f 1329 1315 1317
f 1315 1316 1318
f 1330 1318 1316
f 1364 1317 1357
f 1364 1329 1317
f 1366 1358 1318
f 1364 1366 1330
f 1366 1318 1330
f 1325 1319 1313
f 1323 1305 1319
f 1325 1323 1319
f 1319 1320 1314
f 1326 1314 1320
f 1324 1320 1306
f 1326 1320 1324
f 1321 1313 1315
f 1321 1325 1313
f 1322 1316 1314
f 1322 1314 1326
f 1321 1322 1326
f 1323 1325 1324
f 1323 1324 1312
f 1325 1326 1324
f 1325 1321 1326
f 1327 1321 1315
f 1329 1327 1315
f 1327 1329 1328
f 1321 1327 1322
f 1328 1316 1322
f 1330 1316 1328
f 1327 1328 1322
f 1329 1364 1330
f 1329 1330 1328
f 1331 1333 1332
f 1355 1333 1331
f 1333 1334 1332
f 1356 1332 1334
f 1359 1335 1337
f 1337 1335 1338
f 1337 1338 1340
f 1335 1336 1338
f 1361 1338 1336
f 1333 1339 1334
f 1339 1337 1340
f 1339 1340 1334
f 1341 1339 1333
f 1355 1341 1333
f 1341 1345 1339
f 1341 1355 1342
f 1342 1334 1340
f 1356 1334 1342
f 1342 1340 1346
f 1343 1337 1339
f 1345 1343 1339
f 1343 1359 1337
f 1343 1345 1344
f 1344 1340 1338
f 1346 1340 1344
f 1344 1338 1361
f 1345 1346 1344
f 1345 1341 1346
f 1341 1342 1346
f 1347 1331 1348
f 1353 1331 1347
f 1331 1332 1348
f 1354 1348 1332
f 1349 1292 1350
f 1349 1353 1347
f 1353 1349 1354
f 1349 1350 1354
f 1350 1348 1354
f 1353 1351 1331
f 1351 1353 1352
f 1351 1355 1331
f 1354 1332 1352
f 1352 1332 1356
f 1351 1352 1356
f 1353 1354 1352
f 1355 1351 1356
f 1355 1356 1342
f 1360 1357 1335
f 1335 1357 1336
f 1360 1363 1357
f 1357 1358 1336
f 1362 1336 1358
f 1362 1358 1365
f 1359 1360 1335
f 1360 1359 1362
f 1361 1336 1362
f 1359 1361 1362
f 1363 1364 1357
f 1363 1360 1365
f 1364 1363 1366
f 1365 1358 1366
f 1363 1365 1366
f 1360 1362 1365
f 1359 1343 1361
f 1343 1344 1361

